article_id,article_name,total_demand,demand_satisfied_from_stock,achieved_fill_rate,target_fill_rate,slow_mover,purchasing_cost,holding_cost,total_cost
1111,Puzzles,92,54,0.5869565217391305,0.5,true,20407.855999999985,42.5317585215603,20450.387758521545
1126,Table paper,3940,3940,1.0,0.5,false,130707.36,18267.986897741277,148975.34689774128
1127,Table paper,16478,16431,0.9971477121009831,0.874999999999925,false,77767.89300000001,338.85472361396336,78106.74772361397
1129,Kitchen tools,5969,5791,0.9701792595074552,0.9374999999999125,false,418743.01700000017,1526.4550344969223,420269.47203449707
1131,Bicycle accessories,5319,5319,1.0,0.74999999999995,false,90490.76400000001,3544.9471207392185,94035.71112073923
1134,Ironing boards,4323,4323,1.0,0.74999999999995,false,1387810.7179999994,78130.81233223806,1465941.5303322375
1135,"Cloths, mops, sponges and brush",9812,9812,1.0,0.874999999999925,false,116737.09599999999,1124.3135638603703,117861.40956386036
1136,Kitchen textile,9291,9291,1.0,0.5,false,195277.00499999995,25911.064570841903,221188.06957084185
1137,Table textiles,2134,2052,0.9615745079662605,0.74999999999995,false,71751.288,684.3461141683774,72435.63411416838
1138,Table textiles,1839,1645,0.8945078847199565,0.74999999999995,false,52750.59300000001,318.59601930184823,53069.189019301855
1139,Table textiles,1671,1613,0.9652902453620587,0.74999999999995,false,65768.61899999998,637.8462554414785,66406.46525544145
1141,Bath textiles and bath mats,40275,40275,1.0,0.5,false,268855.40499999997,43613.869907597524,312469.2749075975
1162,Light bulbs,3278,3278,1.0,0.74999999999995,false,31373.061999999994,274.2657494866529,31647.32774948665
1164,Batteries,72564,72457,0.9985254396119287,0.9999995231627419,false,1243282.5859999992,6865.852612320324,1250148.4386123195
1166,Batteries,23330,23330,1.0,0.874999999999925,false,348205.9069999999,1402.791056673509,349608.6980566734
1167,Batteries,59284,59200,0.998583091559274,0.874999999999925,false,1830355.1420000014,4638.645320739222,1834993.7873207405
1170,Tableware,2968,2968,1.0,0.5,false,62773.515,1736.2047018480496,64509.71970184805
1171,Stairs,9932,7784,0.78372935964559,0.9999999403952553,false,1658578.3620000007,33689.86520082135,1692268.227200822
1172,"Cloths, mops, sponges and brush",22256,21280,0.9561466570812365,0.9999999403952553,false,656674.858,8586.037059548264,665260.8950595483
1173,Racks and pockets,14647,14647,1.0,0.5,false,288623.244,52024.09761190967,340647.3416119097
1174,Store kitchen,3367,3367,1.0,0.874999999999925,false,826196.826,16829.641875153986,843026.467875154
1178,Baskets,7854,7747,0.9863763687293099,0.874999999999925,false,152658.87000000002,796.7755577002054,153455.64555770022
1182,Laundry baskets,15616,15616,1.0,0.5,false,2992965.766,632855.9605728954,3625821.7265728954
1183,Baskets,6644,6484,0.9759181216134859,0.874999999999925,false,85453.655,383.19618767967165,85836.85118767967
1184,Baskets,7237,7237,1.0,0.5,false,152832.064,12462.209734702257,165294.27373470226
1186,Cleaning products,612,415,0.6781045751633987,0.74999999999995,true,25442.339999999997,589.4199794661185,26031.759979466115
1187,Suitcases,691,691,1.0,0.5,false,128941.19700000001,3223.0316266940454,132164.22862669406
1188,Cleaning products,6544,6452,0.9859413202933985,0.9687499999999063,false,236914.37000000002,1362.400858316221,238276.77085831625
1189,Wash treatment and accessories,308,308,1.0,0.5,false,8215986.065,3046332.8824073914,11262318.94740739
1191,Cleaning products,39534,39534,1.0,0.874999999999925,false,513486.51199999976,27525.669558932226,541012.181558932
1201,Electric personal care,10934,10835,0.9909456740442656,0.874999999999925,false,410670.66599999944,737.6557396303897,411408.32173962984
1202,Kitchen appliances,308,308,1.0,0.5,false,192100.57999999996,13045.693553182751,205146.27355318272
1205,Kitchen tools,32617,32407,0.9935616396357727,0.9995117187499001,false,251313.25099999987,2131.2647942505173,253444.5157942504
1209,Cooking pans,13941,13941,1.0,0.5,false,982953.7199999999,144168.55670143734,1127122.2767014373
1218,Personal care,7639,7639,1.0,0.5,false,46271.147999999994,3383.5506332648865,49654.69863326488
1243,Photo frames & albums,17610,17510,0.9943214082907439,0.9374999999999125,false,126610.967,391.1838143737168,127002.15081437372
1245,Clocks,11810,11810,1.0,0.5,false,202201.02000000002,25829.368372895267,228030.38837289528
1248,Coffee makers and kettles,22220,22220,1.0,0.5,false,6553688.126999999,1399735.5328620123,7953423.659862012
1253,Frying pans,5926,5926,1.0,0.5,false,153099.576,5266.410161806979,158365.98616180697
1262,Construction,274,267,0.9744525547445255,0.5,true,4533.354,20.708035318275144,4554.062035318276
1272,Hobby and creative,16598,16566,0.9980720568743222,0.874999999999925,false,502624.7589999999,2106.281492402466,504731.0404924024
1282,Table paper,17848,17848,1.0,0.5,false,955347.5960000001,213232.5906657085,1168580.1866657087
1283,Measuring and weighing,17922,17922,1.0,0.5,false,1807727.383,553450.0680271045,2361177.4510271046
1284,Ironing boards,5848,5705,0.975547195622435,0.9374999999999125,false,1273251.4409999992,3357.01845708419,1276608.4594570834
1286,Ironing boards,16453,16453,1.0,0.5,false,451593.87,73829.31397946611,525423.1839794661
1288,Drying racks,4537,4537,1.0,0.5,false,5114149.424999999,1817131.405387268,6931280.830387266
1289,Bicycle accessories,5244,5080,0.9687261632341724,0.9687499999999063,false,259448.61599999995,1480.9675195071875,260929.58351950714
1290,Window and squeegees,50817,47362,0.9320109412204577,0.9999999403952553,false,1267370.8039999995,30091.43874414788,1297462.2427441473
1293,Table textiles,904,794,0.8783185840707964,0.74999999999995,false,41847.959999999985,789.5513593429149,42637.5113593429
1294,Bed textile,3886,3886,1.0,0.5,false,367547.15199999994,18234.08192772073,385781.2339277207
1296,Bath textiles and bath mats,26880,26880,1.0,0.5,false,1012248.3700000001,137180.97461806991,1149429.34461807
1304,Tableware,5563,5563,1.0,0.9374999999999125,true,178270.7850000001,1108.4812484599577,179379.26624846004
1307,Suitcases,491,380,0.7739307535641547,0.5,false,183165.77299999993,343.47543080082045,183509.24843080074
1314,Dishwashing articles,284,284,1.0,0.5,false,217844.28399999999,13104.590708008198,230948.8747080082
1316,Cutlery,2105,2068,0.9824228028503563,0.5,false,4512.564,40.98928911704308,4553.553289117043
1318,Foods,634,634,1.0,0.5,false,41938.617,1835.5330201232039,43774.150020123205
1321,Vases,434,434,1.0,0.5,false,49481.334,3957.063151540041,53438.39715154004
1322,"Glasses (drink, beer, wine etc)",417,417,1.0,0.5,false,13270.109999999997,286.80523613963044,13556.915236139628
1327,Tableware,4841,4841,1.0,0.5,false,32507.923000000003,379.07653963038996,32886.99953963039
1330,Cutlery,2487,2487,1.0,0.5,false,35891.18400000001,380.2405059548254,36271.424505954834
1333,Cutlery,418,384,0.9186602870813397,0.5,true,4105.674999999999,10.29572936344969,4115.970729363449
1334,Hobby and creative,1836,1770,0.9640522875816994,0.74999999999995,true,10659.417999999998,39.216811498973264,10698.63481149897
1337,Hobby and creative,6390,6326,0.9899843505477308,0.874999999999925,false,181229.4540000001,914.6387088295701,182144.09270882967
1340,Games,5073,5073,1.0,0.9980468749999003,true,136098.298,1119.215663655031,137217.51366365503
1347,Stuffed animals,3581,3486,0.9734710974588104,0.5,false,43035.174,646.6292574948658,43681.80325749487
1356,"Glasses (drink, beer, wine etc)",8720,8578,0.9837155963302753,0.9960937499999007,false,128967.01999999997,1974.7697700205322,130941.7897700205
1357,"Glasses (drink, beer, wine etc)",1325,1325,1.0,0.5,false,36588.804000000004,732.7795022587271,37321.583502258734
1361,Light bulbs,1538,1518,0.9869960988296489,0.74999999999995,false,16212.027999999998,143.37190143737163,16355.39990143737
1362,Batteries,114318,114318,1.0,0.9843749999999032,false,924899.2199999999,3939.5165174537938,928838.7365174537
1368,"Glasses (drink, beer, wine etc)",5144,5144,1.0,0.74999999999995,false,53355.266999999956,850.8395014373712,54206.10650143733
1369,"Glasses (drink, beer, wine etc)",1827,1660,0.9085933223864259,0.9687499999999063,true,17150.406,47.26101601642716,17197.667016016425
1373,Wash treatment and accessories,8522,8522,1.0,0.74999999999995,false,28017.024,969.1568131416836,28986.180813141684
1378,Drink & food To Go,7829,7829,1.0,0.5,false,371569.21199999994,17685.35798767968,389254.5699876796
1379,Window and squeegees,74989,74989,1.0,0.74999999999995,false,448366.6949999999,45653.073231622104,494019.768231622
1380,Window and squeegees,115118,114998,0.9989575913410588,0.9374999999999125,false,4303881.329999999,100763.83742505137,4404645.16742505
1382,Others,3977,3818,0.9600201156650742,0.874999999999925,false,117029.00299999998,1884.186938398356,118913.18993839834
1383,Table textiles,36285,36285,1.0,0.874999999999925,false,536376.484,24775.776749075947,561152.260749076
1384,Baskets,2516,2516,1.0,0.5,false,262639.027,16411.822618069804,279050.8496180698
1389,Tea and coffee,2698,2678,0.9925871015567087,0.74999999999995,true,54047.455000000016,112.8615088295688,54160.31650882959
1393,Kitchen helpers,9099,8943,0.9828552588196505,0.9980468749999003,false,191248.46999999997,1194.740537987679,192443.21053798764
1397,Tableware,8845,8845,1.0,0.5,false,80743.663,13337.503234496904,94081.16623449691
1399,Store kitchen,40,40,1.0,0.5,true,229798.74400000004,567.3640344969195,230366.10803449695
1403,Mugs and cups,25804,25804,1.0,0.5,false,12645070.123,4681357.541428339,17326427.66442834
1433,Puzzles,9388,9388,1.0,0.9990234374999001,true,557662.8749999999,8844.671898151943,566507.5468981519
1438,Measuring and weighing,45133,45133,1.0,0.5,false,2885470.56,1093411.3597207395,3978881.9197207396
1440,"TV, Audio & Video",13952,7483,0.536338876146789,0.9999999403952553,true,874839.3150000001,6694.7182279260805,881534.0332279261
1444,Planks,19061,19061,1.0,0.5,false,1607910.2199999997,303385.5202776179,1911295.7402776177
1445,Kitchen tools,8382,8358,0.9971367215461704,0.74999999999995,false,438478.99899999995,22253.66178028749,460732.66078028746
1446,Cutlery trays,45371,45328,0.9990522580502964,0.74999999999995,false,2440715.508000001,6084.168787268994,2446799.67678727
1448,Store kitchen,9369,9292,0.9917814067669976,0.74999999999995,false,288741.894,4427.501494866529,293169.3954948665
1449,Drying racks,2043,1530,0.748898678414097,0.9990234374999001,true,198293.55700000003,1452.4739921971245,199746.03099219716
1453,Bathroom accessories,35159,35159,1.0,0.5,false,2534056.385,824494.6454866524,3358551.030486652
1456,Baskets,2884,2884,1.0,0.5,false,166669.01999999996,13984.872008213553,180653.8920082135
1458,Baskets,8054,8054,1.0,0.5,false,290621.74400000006,28646.0329724846,319267.77697248466
1460,Baskets,10458,10405,0.9949321093899407,0.874999999999925,false,86523.49999999999,554.016178644765,87077.51617864476
1461,Baskets,12061,12021,0.9966835254124865,0.9374999999999125,false,153622.97999999998,338.2494291581109,153961.2294291581
1462,Storage boxes,6753,6678,0.9888938249666814,0.74999999999995,false,659206.1140000006,1897.9418320328534,661104.0558320335
1463,Bed textile,734,734,1.0,0.5,true,42453.71199999999,1405.9792361396303,43859.691236139624
1466,Cleaning products,6666,6475,0.9713471347134713,0.74999999999995,false,318097.8080000001,1739.3592640657087,319837.16726406576
1468,Cleaning products,5087,5087,1.0,0.5,false,499375.70900000003,57618.17336673507,556993.8823667351
1469,Cleaning products,84368,58554,0.6940309121941969,0.9999999403952553,true,1757824.9569999992,71023.44098809037,1828848.3979880896
1470,Cleaning products,7796,7687,0.9860184710107748,0.74999999999995,false,29397.2,125.30804928131415,29522.508049281314
1471,Window and squeegees,10616,10600,0.9984928409947249,0.874999999999925,false,3339545.999999998,217239.56378850059,3556785.5637884988
1474,Ironing,6607,6607,1.0,0.5,false,6357676.234,982814.5958767962,7340490.829876796
1477,Frying pans,1118,793,0.7093023255813954,0.9960937499999007,false,317460.70999999996,4605.927461601631,322066.6374616016
1490,Easter,22451,21473,0.9564384659926061,0.9999999403952553,false,329796.66299999994,5459.4941975359325,335256.15719753585
1508,Teletoys,946,946,1.0,0.5,false,34668.03899999999,273.74653921971236,34941.7855392197
1512,Hobby and creative,304,278,0.9144736842105263,0.5,true,5418.315,9.89472566735113,5428.2097256673505
1514,Tableware,2077,1887,0.908521906596052,0.5,false,17355.057999999997,161.61076221765907,17516.668762217658
1527,Wash treatment and accessories,8366,8366,1.0,0.5,false,252009.478,26717.307529363447,278726.78552936343
1531,Drink & food To Go,1940,1940,1.0,0.5,false,3624038.3340000003,430471.25431170425,4054509.5883117043
1533,"Cloths, mops, sponges and brush",12046,11995,0.9957662294537606,0.9374999999999125,false,425115.432,3219.303921149892,428334.73592114984
1537,Cutlery,3376,3371,0.9985189573459715,0.74999999999995,false,293352.85,5976.252572895278,299329.10257289524
1538,Drying racks,26,0,0.0,0.5,false,1880773.0200000003,46617.36685010263,1927390.3868501028
1540,Bicycle accessories,1653,1653,1.0,0.5,true,68045.544,2039.4827002053396,70085.02670020533
1548,Ironing board textiles,33710,33692,0.9994660338178583,0.9374999999999125,false,1378931.049999999,30223.579811088235,1409154.6298110874
1559,Tea and coffee,17942,17753,0.9894660572957307,0.9980468749999003,false,276730.02,2467.0598624229942,279197.079862423
1561,Tea and coffee,502,502,1.0,0.5,false,406390.8449999998,541.8972381930192,406932.7422381928
1564,Tableware,6517,6517,1.0,0.5,false,91069.48199999999,4967.726198767962,96037.20819876796
1570,Kitchen tools,523,523,1.0,0.5,false,13145.230000000001,370.1136160164272,13515.34361601643
1571,Tableware,3657,3657,1.0,0.5,false,13281.484999999997,147.68075359342916,13429.165753593426
1575,"Cloths, mops, sponges and brush",2108,2108,1.0,0.5,false,93863.74899999998,1004.1416804928134,94867.8906804928
1582,Light bulbs,7425,7221,0.9725252525252526,0.5,false,27811.125999999993,188.70569527720747,27999.8316952772
1584,Light bulbs,845,669,0.7917159763313609,0.5,false,14175.748999999998,97.7444496919917,14273.49344969199
1585,Boys toys,1697,1535,0.9045374189746611,0.5,false,47268.123,573.0452201232044,47841.1682201232
1589,Planks,346,346,1.0,0.5,false,67908.834,4665.275335934289,72574.10933593429
1593,Puzzles,510,510,1.0,0.5,false,35428.295,384.2644250513347,35812.55942505133
1597,Hobby and creative,3078,2973,0.9658869395711501,0.874999999999925,false,78578.17800000001,311.80464229979435,78889.98264229982
1605,Puzzles,4065,3999,0.9837638376383764,0.74999999999995,false,50983.128000000004,174.7424919917864,51157.87049199179
1606,Games,5212,5212,1.0,0.5,false,53806.718000000015,1967.1859154004087,55773.90391540043
1607,Hobby and creative,3304,3304,1.0,0.5,false,63790.944,6127.681296098563,69918.62529609856
1612,Foodprep,20935,20935,1.0,0.5,false,16708549.914,5984875.62087515,22693425.53487515
1617,"Glasses (drink, beer, wine etc)",1191,1191,1.0,0.5,false,22416.765,1103.80498973306,23520.56998973306
1618,"Glasses (drink, beer, wine etc)",13542,13542,1.0,0.9687499999999063,false,94703.70000000001,2251.6883039014374,96955.38830390145
1619,Residential odors,233,193,0.8283261802575107,0.5,false,41362.943999999974,175.18915811088306,41538.13315811086
1621,Waste bins,2342,1566,0.6686592655849701,0.9998779296874001,true,108151.10599999999,631.1771268993838,108782.28312689938
1623,Kitchen helpers,15885,15885,1.0,0.5,false,704241.825,200521.92725462024,904763.7522546202
1624,Cutlery,24225,24225,1.0,0.5,false,23471190.959999997,3463460.9483203297,26934651.908320326
1626,Drying racks,13613,13582,0.9977227650040402,0.874999999999925,false,2721113.5560000017,8658.726059958919,2729772.2820599605
1631,Tea and coffee,22966,22966,1.0,0.5,false,709343.901,249907.92789815183,959251.8288981518
1636,Tableware,195,187,0.958974358974359,0.5,true,57802.56299999996,415.6684546201219,58218.23145462008
1637,Tea and coffee,12599,12599,1.0,0.5,false,2249617.097,799901.6186891171,3049518.715689117
1643,Light bulbs,9442,9413,0.9969286168184707,0.74999999999995,false,43432.2,270.2919917864478,43702.491991786446
1646,Tea and coffee,63365,44672,0.7049948709855599,0.9999999403952553,false,525022.421,2865.5886143737157,527888.0096143737
1650,Hobby and creative,11074,11063,0.9990066823189453,0.874999999999925,false,561058.5750000003,1609.8138603696118,562668.3888603699
1661,Coffee makers and kettles,2701,2221,0.8222880414661237,0.9999995231627419,true,478611.25200000004,20422.722988090318,499033.97498809034
1662,Batteries,19629,19535,0.9952111671506445,0.9843749999999032,false,480545.03,1647.1979281314154,482192.22792813147
1663,Hobby and creative,389,368,0.9460154241645244,0.5,true,5006.624000000002,9.814281724846003,5016.438281724848
1665,Bakeware,25086,24321,0.9695049031332217,0.9999847412108376,false,532819.4059999998,7983.294981930178,540802.70098193
1666,Electric personal care,74624,74624,1.0,0.5,false,19866879.333,6641449.922319925,26508329.255319927
1668,"Cloths, mops, sponges and brush",132035,121170,0.9177112129359639,0.9999999403952553,false,2695970.7530000014,47164.634876385986,2743135.387876387
1669,Store kitchen,8023,7938,0.9894054593044995,0.74999999999995,false,419069.9590000001,9552.889906776181,428622.8489067763
1670,Bathroom accessories,3440,3300,0.9593023255813954,0.874999999999925,true,56948.25500000003,265.17048706365375,57213.42548706368
1672,Watering cans,78661,78661,1.0,0.5,false,1293560.366,366968.7806997945,1660529.1466997943
1675,Baskets,14826,14826,1.0,0.9374999999999125,false,113059.08599999997,571.6030160164271,113630.68901601639
1678,Wash treatment and accessories,3277,3117,0.9511748550503509,0.74999999999995,false,62974.590000000026,209.77679055441442,63184.36679055444
1679,Cleaning products,6798,6670,0.9811709326272433,0.874999999999925,false,334214.49599999987,1996.0788106776206,336210.5748106775
1680,Cleaning products,93767,93767,1.0,0.9980468749999003,false,879427.0450000003,19598.18575523617,899025.2307552365
1681,Cleaning products,9638,9442,0.9796638306702635,0.9843749999999032,false,143225.019,2654.928846406567,145879.94784640658
1688,Personal care,158518,158518,1.0,0.5,false,1103004.378,363248.9935872692,1466253.3715872692
1689,Personal care,174664,174664,1.0,0.5,false,1113485.7999999998,278633.0337330596,1392118.8337330595
1693,Coffee makers and kettles,11342,11156,0.9836007758772704,0.9843749999999032,false,2019470.935999998,25740.64349650922,2045211.579496507
1694,Electric personal care,71697,71697,1.0,0.9990234374999001,false,5647354.628999998,218769.4581572893,5866124.087157287
1711,Small garden,7132,7132,1.0,0.5,false,137525.696,14126.487576591378,151652.18357659137
1738,Partyfun,38737,38737,1.0,0.74999999999995,false,46998.042000000016,236.7229527720739,47234.76495277209
1739,Vases,5588,5441,0.9736936292054402,0.874999999999925,false,102446.37200000003,1027.8766825462014,103474.24868254624
1753,Others,1373,1373,1.0,0.5,false,63417.47999999999,2109.8978562628326,65527.37785626282
1760,Kitchen tools,172,120,0.6976744186046512,0.5,true,10347.189999999999,68.7273741273101,10415.917374127308
1762,Teletoys,337,186,0.5519287833827893,0.5,false,4764.227999999999,10.662503490759754,4774.890503490759
1763,Hobby and creative,16,16,1.0,0.5,true,1877.4209999999998,163.81098726899364,2041.2319872689934
1766,Puzzles,37,37,1.0,0.5,true,8825.901,31.59430595482563,8857.495305954826
1771,Cleaning products,7304,7167,0.9812431544359255,0.9921874999999016,false,289289.315,5965.642027515402,295254.9570275154
1772,Window and squeegees,22402,22235,0.9925453084546023,0.9960937499999007,false,1359955.288999999,16857.589825051335,1376812.8788250503
1773,Cleaning products,2604,2400,0.9216589861751152,0.874999999999925,false,33392.667,1910.3883264887056,35303.055326488706
1774,"Cloths, mops, sponges and brush",6943,6943,1.0,0.5,false,214608.24,23611.103295277175,238219.34329527715
1783,Personal care,261084,261084,1.0,0.874999999999925,false,1083631.703000001,9908.951961396286,1093540.6549613972
1784,Cutlery,4160,4071,0.9786057692307693,0.874999999999925,false,145231.22600000002,816.7783839835733,146048.00438398359
1786,Racks and pockets,26438,26438,1.0,0.9687499999999063,false,4506028.919000001,407629.74056919926,4913658.6595692
1787,Stairs,9565,9556,0.9990590695243073,0.874999999999925,false,1324805.369999997,6683.194597946606,1331488.5645979438
1795,"Cloths, mops, sponges and brush",2776,2733,0.9845100864553314,0.874999999999925,false,20855.085999999996,307.3584262833673,21162.444426283364
1797,Kitchen textile,4896,4726,0.9652777777777778,0.874999999999925,false,90156.36000000003,373.5216673511295,90529.88166735116
1799,Bath textiles and bath mats,69817,69817,1.0,0.5,false,1142219.4,171542.3221149898,1313761.7221149898
1806,Mugs and cups,54526,54526,1.0,0.5,false,21433971.685,8369121.054244359,29803092.739244357
1813,Tea and coffee,17580,17436,0.9918088737201365,0.9995117187499001,false,358542.0090000001,3636.4240866529785,362178.43308665307
1815,Light bulbs,1805,1663,0.9213296398891967,0.5,false,14092.931999999999,108.66154907597539,14201.593549075975
1821,"Glasses (drink, beer, wine etc)",24,24,1.0,0.5,true,5977.167,31.55839466119094,6008.725394661191
1823,Drinks,467,467,1.0,0.5,false,79678.77399999999,5763.56271868584,85442.33671868584
1826,"Cloths, mops, sponges and brush",691,691,1.0,0.5,false,47843.03999999999,1378.7283137576999,49221.7683137577
1828,Foods,79,79,1.0,0.5,false,22635.759999999995,571.128010677618,23206.888010677612
1829,"Glasses (drink, beer, wine etc)",1635,1579,0.9657492354740062,0.74999999999995,false,8580.767999999998,85.52058110882962,8666.288581108827
1831,Bakeware,417,372,0.8920863309352518,0.5,true,33183.149999999994,60.73212936344971,33243.88212936345
1832,Tableware,5985,5985,1.0,0.5,false,93608.59199999996,1465.2329252566738,95073.82492525663
1833,Special pans,482,389,0.8070539419087137,0.5,true,104699.22399999999,400.2864965092401,105099.51049650923
1850,Girls toys,833,712,0.8547418967587035,0.5,true,49174.78300000001,62.99683490759763,49237.77983490761
1862,Coffee makers and kettles,210,210,1.0,0.5,false,3502275.49,1162268.2115400408,4664543.701540041
1868,Small storage,26244,26211,0.998742569730224,0.9843749999999032,false,184996.75599999996,812.6571778234082,185809.4131778234
1872,Toilet accessories,11682,11682,1.0,0.9374999999999125,false,531870.8850000001,30883.637339630463,562754.5223396306
1874,Serve and present,619,619,1.0,0.5,false,24897.6,1364.23862422998,26261.83862422998
1876,Bathroom accessories,635,635,1.0,0.5,false,16975.189,283.5400882956879,17258.729088295688
1878,Bathroom accessories,1466,1436,0.9795361527967258,0.5,false,24582.18,366.74362053388097,24948.923620533882
1879,Travel accessories,565,419,0.7415929203539823,0.74999999999995,false,8796.48,82.3602751540041,8878.840275154003
1880,Laundry baskets,20385,20272,0.9944567083639931,0.999999761581321,false,1884281.0700000012,31031.578148254634,1915312.648148256
1882,Baskets,17633,17633,1.0,0.9374999999999125,false,214406.38799999998,1010.6189371663248,215417.0069371663
1883,Baskets,10058,9932,0.9874726585802346,0.874999999999925,false,76888.34999999998,168.2584394250515,77056.60843942502
1884,Storage boxes,28789,28789,1.0,0.5,false,2633383.9629999995,404326.6120246406,3037710.57502464
1886,Personal care,58240,58187,0.9990899725274726,0.9374999999999125,false,125951.46200000003,690.7863585215608,126642.2483585216
1887,Foods,976,976,1.0,0.74999999999995,false,21032.864999999998,69.37619507186862,21102.241195071867
1889,Tools,4587,4587,1.0,0.5,false,248010.112,21858.083653388097,269868.1956533881
1891,Toilet cleaners and odors,5007,4881,0.9748352306770521,0.874999999999925,false,82040.42,393.8727716632437,82434.29277166324
1892,Wash treatment and accessories,11153,11153,1.0,0.874999999999925,false,585758.2500000001,2766.526580698153,588524.7765806983
1893,Cleaning products,5100,4944,0.9694117647058823,0.874999999999925,false,132903.32300000003,799.2950201232023,133702.61802012325
1894,Cleaning products,3566,3520,0.9871003925967471,0.874999999999925,false,113098.566,982.4619733059546,114081.02797330596
1898,Cleaning products,24615,24615,1.0,0.74999999999995,false,253863.37199999994,20557.188480492834,274420.5604804928
1903,Residential odors,5082,5051,0.9939000393545848,0.874999999999925,false,99752.499,390.1168792607809,100142.61587926077
1904,Dishwashing articles,47415,45978,0.9696931350838343,0.9999999403952553,false,491369.69699999975,6304.688010677617,497674.3850106774
1905,Stationary,75818,75667,0.9980083885093249,0.9687499999999063,false,172391.49199999997,3095.2591030800827,175486.75110308005
1906,Drink & food To Go,15968,15968,1.0,0.5,false,116003.14599999998,31209.26417618065,147212.41017618062
1908,Drink & food To Go,9567,9567,1.0,0.5,false,438193.1120000001,127111.2508422998,565304.3628422999
1917,Frying pans,23580,22905,0.9713740458015268,0.9999999403952553,false,1999476.2550000006,27965.43714784393,2027441.6921478445
1944,Candles & Tealights,14263,14263,1.0,0.5,false,1540073.304,461192.41896345007,2001265.72296345
1947,Candles & Tealights,15118,8748,0.5786479693081096,0.9999999403952553,true,147615.03399999999,2263.7196969199144,149878.7536969199
1948,Candles & Tealights,16364,16180,0.9887558054265461,0.9999389648436501,false,194942.48199999996,946.8000694045169,195889.28206940446
1965,Residential odors,15343,15140,0.986769210714984,0.9374999999999125,false,106408.30200000014,2568.0229897330614,108976.3249897332
1970,Photo frames & albums,2322,2235,0.962532299741602,0.74999999999995,false,35365.099,205.16530841889121,35570.2643084189
1982,Drink & food To Go,17276,1023,0.05921509608705719,0.9999999403952553,true,407006.25,3476.172689938398,410482.4226899384
1997,"Glasses (drink, beer, wine etc)",2163,2116,0.9782709200184928,0.5,false,8407.595,54.690517043121154,8462.285517043121
2004,Knives,215,150,0.6976744186046512,0.5,true,27063.322999999997,159.5852209445585,27222.908220944555
2006,Fans and electric blankets,778,663,0.8521850899742931,0.5,false,69793.577,290.468906776181,70084.04590677618
2007,Table textiles,296,210,0.7094594594594594,0.5,true,6355.4749999999985,37.096119096509234,6392.571119096508
2009,Hobby and creative,414,364,0.8792270531400966,0.5,false,27667.282999999996,735.3654114989736,28402.64841149897
2011,Boys toys,9799,9590,0.9786712929890805,0.74999999999995,false,60250.46299999999,463.4536570841886,60713.91665708418
2014,"Glasses (drink, beer, wine etc)",2430,2430,1.0,0.5,false,37310.65799999999,1737.4455819301852,39048.103581930176
2019,Shoe maintenance,1403,1343,0.9572344975053457,0.74999999999995,false,374097.4790000001,2264.839510061595,376362.3185100617
2021,Baskets,4366,4366,1.0,0.5,false,60937.380000000005,3436.1876032854216,64373.567603285424
2023,Vacuuming,140,140,1.0,0.5,false,11807911.731,837130.6722960997,12645042.4032961
2024,Toilet accessories,15767,15660,0.993213674129511,0.9843749999999032,false,1784065.471999999,8281.448528952777,1792346.9205289516
2025,Knives,62750,62750,1.0,0.9921874999999016,false,659321.9150000002,40087.29208049284,699409.207080493
2030,Ironing board textiles,18520,18421,0.9946544276457884,0.874999999999925,false,646027.4730000003,8707.446522792605,654734.9195227929
2035,Bed textile,660,660,1.0,0.5,true,143764.25,1302.7266488706334,145066.97664887062
2045,Shopping bags and trolleys,6342,6342,1.0,0.5,false,24872.043,546.8564349075976,25418.8994349076
2049,Hobby and creative,10656,10511,0.9863926426426426,0.874999999999925,false,619927.7140000007,1613.9362825462024,621541.650282547
2050,Boys toys,2569,2569,1.0,0.74999999999995,false,42932.85500000001,377.02791991786427,43309.88291991787
2055,Hobby and creative,5984,5781,0.9660762032085561,0.9374999999999125,false,83201.5799999998,313.8492862422999,83515.4292862421
2062,Hobby and creative,2094,1892,0.9035339063992359,0.5,false,181431.964,2746.7283412730985,184178.6923412731
2069,Hobby and creative,2593,2484,0.9579637485537987,0.74999999999995,false,30300.144000000004,210.05671293634492,30510.20071293635
2072,Foodprep,3883,3883,1.0,0.5,false,367462.095,21360.45616016425,388822.55116016424
2077,Small storage,41641,41641,1.0,0.9843749999999032,false,313350.17000000004,1522.7941581108823,314872.9641581109
2078,Racks and pockets,23620,23487,0.9943691786621507,0.9687499999999063,false,579563.4809999998,1995.214381108829,581558.6953811087
2082,Waste bins,5133,4992,0.972530683810637,0.874999999999925,false,389865.52499999997,765.9178357289518,390631.4428357289
2085,"Cloths, mops, sponges and brush",13906,13746,0.988494175176183,0.9980468749999003,false,409186.65200000006,4892.549987679678,414079.20198767976
2086,Cutlery,2392,2287,0.9561036789297659,0.5,false,6692.5599999999995,64.35529774127308,6756.915297741272
2087,Cleaning products,11109,10921,0.9830767845890719,0.9843749999999032,false,270525.48599999986,880.8297379876816,271406.3157379875
2088,Cleaning products,3531,3411,0.9660152931180969,0.874999999999925,false,96313.45500000003,342.81785626283386,96656.27285626286
2092,Cleaning products,2657,2657,1.0,0.74999999999995,false,14822.744999999997,171.39137782340893,14994.136377823406
2093,Cleaning products,4446,4446,1.0,0.5,false,53721.961999999985,7200.515684188908,60922.477684188896
2094,Wash treatment and accessories,22885,22885,1.0,0.5,false,1415552.215,65290.839988090374,1480843.0549880904
2097,Shoe maintenance,6599,6599,1.0,0.74999999999995,false,4100251.616999999,13535.089724845986,4113786.7067248453
2101,Coffee makers and kettles,13360,13300,0.9955089820359282,0.9374999999999125,false,1452984.7499999988,16198.918491991797,1469183.6684919905
2102,Electric personal care,44172,43974,0.9955175224123879,0.9687499999999063,false,4497000.032000004,97561.52114989742,4594561.553149901
2103,Coffee makers and kettles,1880,1784,0.948936170212766,0.5,true,105369.26399999995,219.71306488706372,105588.97706488702
2109,Pan sets,3333,3315,0.9945994599459946,0.74999999999995,false,876146.5440000001,2606.2362628336778,878752.7802628338
2114,Construction,382,382,1.0,0.5,false,152595.261,10934.669797946617,163529.9307979466
2135,Watering cans,6662,6519,0.9785349744821374,0.74999999999995,false,145509.39899999995,479.7708209445591,145989.16982094452
2153,Teletoys,446,446,1.0,0.5,false,30499.146999999997,129.14756221765913,30628.294562217656
2159,Phones,35,18,0.5142857142857142,0.5,true,217.56000000000014,0.2693174537987677,217.82931745379892
2161,Boys toys,830,827,0.9963855421686747,0.5,false,22016.735999999986,71.81692977412727,22088.552929774112
2163,Boys toys,1938,1806,0.9318885448916409,0.874999999999925,true,7250.431999999999,222.9634825462017,7473.395482546201
2164,Foods,794,794,1.0,0.5,false,7861.189000000001,40.59567351129364,7901.784673511295
2165,Games,404,357,0.8836633663366337,0.5,false,70106.162,1147.744734291581,71253.90673429158
2167,Games,1476,1426,0.9661246612466124,0.5,true,117946.465,1009.6025285420926,118956.06752854209
2170,"Glasses (drink, beer, wine etc)",895,895,1.0,0.5,false,83499.43,2468.128413141684,85967.55841314168
2179,Window and squeegees,7822,7649,0.9778828944004091,0.9687499999999063,false,882167.9160000001,20896.39660780289,903064.3126078029
2182,Cleaning products,49145,48951,0.9960524977108556,0.9921874999999016,false,411700.21199999994,6135.173449281315,417835.38544928125
2183,"Cloths, mops, sponges and brush",8299,8162,0.9834919869863838,0.74999999999995,false,136001.86599999992,1349.9670989733052,137351.83309897323
2185,Special pans,23039,23039,1.0,0.5,false,957692.7359999999,271000.3123342914,1228693.0483342912
2188,Cutlery,4779,4745,0.9928855409081397,0.9374999999999125,false,112334.71199999996,1090.4008607802882,113425.11286078024
2189,Toilet accessories,12701,12529,0.9864577592315565,0.9960937499999007,false,1091224.3299999996,3496.8265219712507,1094721.1565219709
2190,Window and squeegees,56073,56073,1.0,0.9374999999999125,false,1656279.6249999993,3927.8763770020546,1660207.5013770014
2192,Clothes hangers,51913,51913,1.0,0.5,false,7246537.8719999995,2601189.499522794,9847727.371522794
2194,Wash treatment and accessories,24294,24294,1.0,0.5,false,1308523.734,341154.6843289529,1649678.418328953
2195,Table textiles,885,746,0.8429378531073446,0.5,false,50634.5,677.723326488706,51312.2233264887
2196,Table textiles,3060,2854,0.9326797385620915,0.74999999999995,false,74829.85999999999,353.122293223819,75182.9822932238
2200,Bath textiles and bath mats,14253,14253,1.0,0.5,false,146890.92599999998,18366.712037371657,165257.63803737162
2202,Bed textile,2926,2926,1.0,0.5,false,405970.796,37588.69450143738,443559.49050143734
2212,Thermos jugs,1159,1091,0.9413287316652287,0.74999999999995,false,54288.108,640.3290102669407,54928.43701026694
2218,Tableware,1039,1039,1.0,0.5,false,24871.61599999999,273.66103572895275,25145.277035728945
2219,Thermos jugs,1998,1773,0.8873873873873874,0.9687499999999063,false,92699.586,1726.25435852156,94425.84035852156
2221,Planks,2424,2424,1.0,0.5,false,29872.751999999997,494.5484878850101,30367.300487885008
2223,Cutlery,1504,1504,1.0,0.874999999999925,false,32659.172,673.463942915811,33332.63594291581
2224,Personal care,121,121,1.0,0.5,false,134027.586,5367.54828049281,139395.1342804928
2225,Personal care,167,167,1.0,0.5,false,1635.4029999999998,22.973488295687854,1658.3764882956877
2228,Tableware,7343,7343,1.0,0.5,false,180591.71899999998,13378.350011088294,193970.0690110883
2232,"Cloths, mops, sponges and brush",380,380,1.0,0.5,false,110538.93200000002,9944.286023819302,120483.21802381933
2246,Baby / Toddler,479,464,0.9686847599164927,0.5,false,11974.417,72.75284558521554,12047.169845585215
2256,Baby / Toddler,1235,1167,0.9449392712550607,0.5,true,44761.58399999999,212.9846447638601,44974.56864476385
2264,Personal care,6516,6318,0.9696132596685083,0.874999999999925,false,23656.835999999996,660.3147490759771,24317.150749075972
2265,Drink & food To Go,13824,13683,0.9898003472222222,0.9921874999999016,false,262783.98999999993,1455.8799507186854,264239.8699507186
2269,Baskets,4362,4362,1.0,0.5,false,639520.063,83775.45655852162,723295.5195585216
2270,Euro articles,1960,1960,1.0,0.5,false,29831.549999999996,1819.5301232032843,31651.08012320328
2271,"Cloths, mops, sponges and brush",69775,69775,1.0,0.9980468749999003,false,930565.4820000001,95264.28164969178,1025829.7636496918
2273,Tea and coffee,3785,3615,0.9550858652575958,0.74999999999995,true,121543.002,610.7815646817247,122153.78356468171
2282,"Cloths, mops, sponges and brush",1592,1592,1.0,0.874999999999925,false,157412.304,1398.7784180698159,158811.08241806983
2283,Ironing board textiles,50860,50833,0.9994691309476995,0.9687499999999063,false,1339377.2279999994,33122.40334743332,1372499.6313474327
2288,Bed textile,12367,12367,1.0,0.5,false,658685.279,97399.03003490763,756084.3090349076
2291,Mugs and cups,29430,29430,1.0,0.5,false,5088546.96,1967595.8665856256,7056142.826585625
2330,Store kitchen,3359,3255,0.9690384042869902,0.5,false,19976.880000000005,515.8487720739217,20492.728772073926
2336,Vacuuming,12394,12394,1.0,0.5,false,601550.2990000001,176222.3215843941,777772.6205843942
2337,Light bulbs,4048,3872,0.9565217391304348,0.5,false,42086.687999999995,514.4445921971253,42601.13259219712
2342,Drink & food To Go,19763,19704,0.9970146232859384,0.74999999999995,false,816739.2450000001,49040.304893223794,865779.5498932239
2344,"Cloths, mops, sponges and brush",46435,43368,0.9339506837514806,0.9999999403952553,false,1022927.9760000003,16208.260211909637,1039136.2362119099
2345,Kitchen tools,8390,8390,1.0,0.74999999999995,false,353437.62299999996,24583.61057577,378021.23357576993
2350,Baskets,11259,11259,1.0,0.74999999999995,false,133269.90600000002,1760.7211252566738,135030.6271252567
2353,Cleaning products,12814,12742,0.994381145621976,0.9374999999999125,false,581747.5440000001,1691.6436073921957,583439.1876073923
2354,Cleaning products,6489,6287,0.968870396054862,0.74999999999995,false,204711.57000000012,1163.1934496919894,205874.7634496921
2355,Suitcases,367,367,1.0,0.5,false,157792.21499999997,4121.102439425054,161913.317439425
2356,Cleaning products,4859,4771,0.9818892776291418,0.9687499999999063,false,53157.08999999996,163.5596225872688,53320.64962258723
2359,Foods,466,466,1.0,0.5,false,28125.328000000005,1760.6169043121147,29885.94490431212
2361,Cleaning products,34,34,1.0,0.5,false,19483.722999999994,546.9244513347023,20030.6474513347
2363,Residential odors,7433,7413,0.9973092963810036,0.9687499999999063,false,126216.46799999996,1364.2211026694044,127580.68910266936
2364,Personal care,67167,67167,1.0,0.74999999999995,false,332640.11199999996,10662.472052566742,343302.58405256673
2369,Window and squeegees,1748,1748,1.0,0.5,false,299822.0609999999,11589.335659137576,311411.3966591375
2370,Ironing,18545,15973,0.8613103262334861,0.9999999403952553,false,4135155.1499999994,34421.27255646819,4169576.422556468
2379,Pan sets,5909,5909,1.0,0.5,false,2391806.34,485668.8200919909,2877475.1600919906
2391,Foods,638,638,1.0,0.5,false,103706.05,9612.151708418889,113318.2017084189
2394,Residential odors,10216,10164,0.9949099451840251,0.9374999999999125,false,41142.15000000001,181.65034496919887,41323.800344969204
2402,Baby / Toddler,86,86,1.0,0.5,true,18748.687999999995,144.42338480492808,18893.111384804924
2406,Partyfun,2088,2088,1.0,0.74999999999995,false,7997.92,303.7469034907599,8301.66690349076
2408,Construction,324,229,0.7067901234567902,0.5,false,3826.3399999999997,10.233583162217682,3836.5735831622173
2410,Construction,446,370,0.8295964125560538,0.5,false,14328.433000000003,70.18453839835736,14398.617538398361
2412,Electric personal care,242,238,0.9834710743801653,0.5,true,81488.74999999999,220.92654291581073,81709.6765429158
2415,Batteries,1114,1114,1.0,0.5,false,34657.545999999995,1740.4495622176576,36397.99556221765
2421,Ironing,1645,1187,0.721580547112462,0.9980468749999003,false,214763.605,1222.4968603696095,215986.1018603696
2423,Store kitchen,13821,13821,1.0,0.5,false,67890.90000000001,1977.7446406570853,69868.64464065709
2430,Baskets,3902,3902,1.0,0.5,false,201988.99,17413.347592197122,219402.33759219712
2435,Vacuuming,258,258,1.0,0.5,false,3525666.7809999995,265812.2382813147,3791479.019281314
2436,Bakeware,53806,53668,0.9974352302717169,0.9374999999999125,false,584863.4400000001,3638.579209856261,588502.0192098563
2437,Knives,56854,56854,1.0,0.5,false,734140.638,89720.30057987676,823860.9385798768
2441,Window and squeegees,28572,28572,1.0,0.9960937499999007,false,554418.5920000001,8569.940658726893,562988.5326587269
2443,Drying racks,20986,20986,1.0,0.5,false,16795032.582999997,3991164.15420328,20786196.737203278
2445,Partyfun,45597,45597,1.0,0.874999999999925,false,480003.21599999984,5903.911195071864,485907.1271950717
2449,Tableware,42050,42050,1.0,0.5,false,1489030.571,452194.74684640625,1941225.3178464063
2451,Mugs and cups,14992,14992,1.0,0.5,false,349808.4799999999,102160.36535030795,451968.8453503079
2454,Tableware,11828,11828,1.0,0.5,false,3631815.495,1384865.3384353188,5016680.833435319
2463,Tableware,995,995,1.0,0.5,false,5093571.126,809455.7783556471,5903026.904355647
2465,Tableware,7123,6952,0.9759932612663204,0.9843749999999032,false,152589.84299999994,2080.984639425051,154670.827639425
2471,Vases,270,270,1.0,0.5,false,18120.10199999999,184.74819425051328,18304.850194250506
2474,Tableware,2818,2761,0.9797728885734563,0.5,false,588916.272,26637.8923137577,615554.1643137577
2478,Kitchen tools,935,809,0.8652406417112299,0.74999999999995,false,7976.9479999999985,85.43747515400409,8062.385475154003
2486,Dishwashing articles,169,169,1.0,0.5,false,388242.48400000005,38962.77637043124,427205.2603704313
2494,Oven dishes,1096,1096,1.0,0.5,false,6464.339,183.36166817248443,6647.700668172484
2495,Drinks,707,707,1.0,0.5,false,58451.21099999999,4609.5210258726875,63060.732025872676
2497,Table paper,1154,977,0.8466204506065858,0.5,false,20951.028,294.66613552361395,21245.694135523612
2498,Thermos jugs,1093,974,0.8911253430924062,0.874999999999925,false,16416.225,77.89037987679676,16494.115379876795
2505,Pan sets,102,67,0.6568627450980392,0.5,true,35023.94,290.1099145790552,35314.04991457906
2511,Games,3273,3236,0.9886953864955698,0.74999999999995,false,135003.08500000008,3190.8987577002117,138193.9837577003
2519,"Glasses (drink, beer, wine etc)",1498,1498,1.0,0.5,true,17651.27,109.57084188911712,17760.840841889116
2525,Table paper,7359,7325,0.9953798070389999,0.874999999999925,false,17566.107999999997,198.42136180698142,17764.529361806977
2526,Table paper,10145,10144,0.9999014292755052,0.9374999999999125,false,23673.951,177.05209527720748,23851.003095277207
2529,Store kitchen,5932,5772,0.9730276466621712,0.9687499999999063,false,719803.0420000006,1553.0478073921938,721356.0898073928
2531,Drying racks,7029,6979,0.9928866126049225,0.9374999999999125,false,1633369.192,5914.520147843939,1639283.712147844
2532,Ironing boards,209,209,1.0,0.5,false,4449252.192,682011.5879047229,5131263.779904723
2544,Mugs and cups,22605,22605,1.0,0.5,false,1131395.958,224579.7768714578,1355975.7348714578
2549,Serve and present,10114,9911,0.9799288115483489,0.9374999999999125,false,244112.26699999996,758.7211975359345,244870.9881975359
2579,Coffee makers and kettles,16662,16637,0.998499579882367,0.9374999999999125,false,2816500.595999999,6813.284725256668,2823313.8807252557
2580,Vacuuming,35919,35919,1.0,0.5,false,1397362.015,415935.74263449735,1813297.7576344972
2584,Store kitchen,59182,59182,1.0,0.874999999999925,false,1256624.7819999997,10057.052985215618,1266681.8349852152
2585,Store kitchen,35781,35781,1.0,0.74999999999995,false,546409.2059999998,15842.788832032857,562251.9948320326
2587,Bathroom accessories,27717,27644,0.997366237327272,0.9374999999999125,false,443938.94999999995,2019.3984295687867,445958.34842956875
2588,Watering cans,37586,37586,1.0,0.74999999999995,false,355576.9560000003,958.7273765913759,356535.68337659165
2589,Bathroom accessories,4163,4141,0.9947153495075667,0.874999999999925,false,134466.78,364.7604271047228,134831.54042710472
2591,Tea and coffee,15093,15093,1.0,0.5,false,4771249.308,1476309.0601071864,6247558.368107187
2592,Storage boxes,1447,1447,1.0,0.5,false,634974.662,105905.86644969202,740880.5284496921
2594,Cleaning products,4592,4458,0.9708188153310104,0.9374999999999125,false,55052.738999999994,307.23362217659167,55359.97262217659
2596,Cleaning products,7201,7181,0.9972226079711152,0.9687499999999063,false,226477.21600000001,2554.1374160164237,229031.35341601644
2597,Cleaning products,3028,2918,0.9636723910171731,0.874999999999925,false,41724.396,627.6128821355229,42352.008882135524
2599,Wash treatment and accessories,48483,48483,1.0,0.5,false,6529063.884,2489622.6449047225,9018686.528904721
2600,Cleaning products,2342,2342,1.0,0.74999999999995,false,12249.86,124.64749075975362,12374.507490759754
2601,Wash treatment and accessories,4662,4662,1.0,0.5,false,130460.04999999999,16638.640225872703,147098.69022587268
2602,Foils and bags,15789,15789,1.0,0.74999999999995,false,622656.0059999999,4736.773108829567,627392.7791088294
2604,Cleaning products,57483,57483,1.0,0.9990234374999001,false,214834.62000000002,5779.4153757700215,220614.03537577004
2605,Vacuuming,124528,124528,1.0,0.5,false,1220977.443,373278.6403909656,1594256.0833909656
2606,Personal care,134990,134990,1.0,0.5,false,8475970.943999998,3442790.097531005,11918761.041531004
2608,Coffee makers and kettles,9533,9533,1.0,0.74999999999995,false,2208311.132999999,53965.96542423004,2262277.098424229
2613,Cooking pans,1807,543,0.30049806308799115,0.9999694824217751,true,175451.5490000001,177.01716139630386,175628.5661613964
2634,Candles & Tealights,7570,288,0.038044914134742404,0.9999999403952553,true,66483.69000000002,803.7440821355232,67287.43408213554
2637,Vases,1740,1620,0.9310344827586207,0.74999999999995,false,32084.821999999996,139.74952936344965,32224.571529363446
2645,Partyfun,13099,13099,1.0,0.5,false,129489.05900000002,17737.32030143736,147226.37930143738
2646,Photo frames & albums,12645,12602,0.9965994464215104,0.9374999999999125,false,80812.15800000001,461.5028792607805,81273.66087926079
2652,Construction,345,345,1.0,0.5,false,156035.502,10730.122251745383,166765.62425174538
2654,Tableware,3460,214,0.061849710982658956,0.999999761581321,true,535043.2499999999,92.93039014373726,535136.1803901437
2658,Fans and electric blankets,536,451,0.8414179104477612,0.5,false,16397.423,34.07154702258723,16431.494547022587
2660,Electric personal care,1660,1660,1.0,0.5,false,54109.916000000005,717.201296919918,54827.117296919925
2661,Phones,48,40,0.8333333333333334,0.5,true,213.5,0.23429158110882958,213.73429158110883
2667,Store kitchen,688,579,0.8415697674418605,0.74999999999995,true,23748.703999999998,85.37720903490766,23834.081209034906
2671,Games,10032,9974,0.9942185007974481,0.74999999999995,false,378974.2249999999,1845.8256160164285,380820.0506160163
2672,Tea and coffee,13687,13564,0.9910133703514283,0.74999999999995,false,73287.18599999999,1353.918192197126,74641.10419219712
2674,Stuffed animals,2175,2103,0.9668965517241379,0.5,false,123936.11999999997,1401.9771679671444,125338.0971679671
2677,"Glasses (drink, beer, wine etc)",1833,1833,1.0,0.5,false,96369.0,6974.292320328544,103343.29232032855
2680,Drink & food To Go,16441,16315,0.9923362325892585,0.9843749999999032,false,253682.45699999997,2149.8918833675593,255832.34888336752
2686,Kitchen tools,4880,4676,0.9581967213114754,0.9374999999999125,false,238709.16300000003,1183.0030817248498,239892.1660817249
2688,Foils and bags,70520,70520,1.0,0.9374999999999125,false,373828.9450000002,1158.3816036960961,374987.3266036963
2689,Vacuuming,150,150,1.0,0.5,false,6418277.7749999985,739310.9212381926,7157588.696238191
2690,Gift,37683,37683,1.0,0.5,false,178196.123,28384.741336344978,206580.86433634497
2691,Toilet accessories,3832,3765,0.9825156576200418,0.9374999999999125,false,377041.2799999999,1164.9217741273112,378206.2017741272
2694,Bathroom accessories,8885,8874,0.998761958356781,0.874999999999925,false,647384.1569999994,2531.440929363439,649915.5979293629
2698,Kitchen helpers,5042,5042,1.0,0.74999999999995,false,151848.77399999992,3583.9979819301834,155432.7719819301
2699,Window and squeegees,26092,26081,0.9995784148397976,0.74999999999995,false,279758.752,2615.118311293626,282373.8703112936
2701,Ironing board textiles,23297,23297,1.0,0.874999999999925,false,344694.73500000016,10713.266740451736,355408.0017404519
2702,Table textiles,533,533,1.0,0.5,false,28866.949999999997,1666.4428685831604,30533.392868583156
2718,Bathroom accessories,1192,1007,0.8447986577181208,0.5,false,83794.984,1165.8107540041053,84960.7947540041
2719,Light bulbs,4294,4249,0.9895202608290639,0.74999999999995,false,64450.204,293.4997026694048,64743.7037026694
2720,Cleaning products,4467,4431,0.9919408999328408,0.74999999999995,false,21842.24,132.43039835728942,21974.67039835729
2730,Kitchen tools,1890,1890,1.0,0.74999999999995,false,37260.587,827.7232562628332,38088.310256262834
2732,Cutlery,2954,2954,1.0,0.5,false,4668.321,89.18967351129365,4757.510673511293
2736,Oven dishes,886,820,0.9255079006772009,0.5,true,11648.475999999999,81.28425297741265,11729.760252977412
2745,Stuffed animals,2455,2455,1.0,0.9995117187499001,true,72585.744,541.0213527720736,73126.76535277208
2748,Stuffed animals,79,68,0.8607594936708861,0.5,true,24439.23999999999,73.95487063655005,24513.19487063654
2758,Baby / Toddler,165,161,0.9757575757575757,0.5,true,4619.495999999999,48.24150759753587,4667.737507597535
2761,Kitchen helpers,1990,1816,0.9125628140703518,0.9921874999999016,true,89194.91,808.8766776180707,90003.78667761807
2763,Dishwashing articles,103294,103294,1.0,0.9999923706053688,false,377890.45000000007,30891.837743326512,408782.28774332657
2764,"Cloths, mops, sponges and brush",18354,18148,0.9887762885474556,0.9843749999999032,false,692984.9429999996,9236.688235318261,702221.6312353179
2773,Foils and bags,18944,18767,0.9906566722972973,0.9374999999999125,false,295905.1199999999,878.5641067761807,296783.6841067761
2777,Ironing board textiles,8787,8615,0.9804256287697736,0.9687499999999063,false,152178.93599999996,2801.2553544147822,154980.19135441474
2778,Kitchen tools,73547,73547,1.0,0.5,false,4775664.039999999,1446341.397363863,6222005.437363862
2781,Ironing boards,9738,9738,1.0,0.5,false,3188867.5909999995,245175.24515523613,3434042.836155236
2783,Drying racks,10981,10833,0.986522174665331,0.874999999999925,true,1705664.919,10285.725020944565,1715950.6440209446
2784,Table textiles,1154,1113,0.9644714038128249,0.74999999999995,false,51893.49899999999,1594.9963437371657,53488.49534373715
2786,Bed textile,12586,12586,1.0,0.5,false,713781.5160000001,105960.45330924023,819741.9693092403
2787,Bath textiles and bath mats,8616,8616,1.0,0.5,false,343470.31599999993,55595.2821843942,399065.5981843941
2791,Table textiles,7090,7090,1.0,0.5,false,3278964.136,1220578.8967063648,4499543.032706365
2793,Baskets,5909,5909,1.0,0.5,false,138031.43200000003,10578.218764681724,148609.65076468175
2794,Fans and electric blankets,1860,1860,1.0,0.5,false,470437.093,43413.94995934292,513851.04295934294
2796,Tableware,5092,4934,0.9689709347996858,0.74999999999995,false,87715.68400000002,1128.5523297741277,88844.23632977415
2805,Light bulbs,6226,6225,0.9998393832316094,0.874999999999925,false,16396.24,70.81495523613965,16467.05495523614
2817,Foodprep,10476,10476,1.0,0.5,false,9148477.8,3299935.880205337,12448413.680205338
2823,Batteries,120724,120724,1.0,0.5,false,5784722.307,1790037.7065498955,7574760.013549896
2826,Wash treatment and accessories,7714,7624,0.9883329012185637,0.74999999999995,false,106491.7,4343.505347022588,110835.20534702258
2828,Store kitchen,23882,23875,0.999706892220082,0.9843749999999032,false,1254471.7359999998,9564.869867761798,1264036.6058677617
2829,"Cloths, mops, sponges and brush",136452,127645,0.9354571570955355,0.9999999403952553,false,1564683.5399999989,58133.73413552354,1622817.2741355223
2832,Window and squeegees,16086,16035,0.9968295412159642,0.9687499999999063,false,593707.9399999997,2906.1832299794673,596614.1232299792
2833,Racks and pockets,34281,34203,0.9977246871444824,0.874999999999925,false,470920.8350000003,1585.0204928131413,472505.85549281345
2835,Clothes hangers,50901,50717,0.9963851397811437,0.9997558593749001,false,520621.6680000001,18491.30748665295,539112.975486653
2838,Thermos jugs,9835,9835,1.0,0.5,false,875729.3999999999,199632.4942349074,1075361.8942349073
2839,Thermos jugs,8942,8942,1.0,0.5,false,1240860.8099999998,144607.45645420937,1385468.266454209
2842,Baskets,9006,9006,1.0,0.9374999999999125,false,41799.393999999964,193.0956238193013,41992.48962381927
2844,Cleaning products,10724,10608,0.9891831406191719,0.9687499999999063,false,194711.74099999998,780.5735618069809,195492.31456180697
2845,Cleaning products,4523,4395,0.9717001989829759,0.874999999999925,false,47991.719999999994,216.5481765913754,48208.268176591366
2846,Cleaning products,5239,5172,0.9872112998663867,0.874999999999925,false,179813.9700000001,695.7908008213549,180509.76080082144
2847,Personal care,11466,11466,1.0,0.74999999999995,false,60039.18900000004,784.508599589322,60823.697599589366
2853,Cleaning products,71,0,0.0,0.5,false,73476.144,2188.8684813141704,75665.01248131417
2854,"Cloths, mops, sponges and brush",15206,15206,1.0,0.74999999999995,false,268100.06299999997,12040.052127720735,280140.1151277207
2855,Window and squeegees,52599,52599,1.0,0.874999999999925,false,504112.9800000001,9278.900796714572,513391.8807967147
2894,Residential odors,13450,13429,0.9984386617100371,0.74999999999995,false,91033.53000000003,926.7360082135534,91960.26600821358
2905,Pan sets,2757,2757,1.0,0.5,false,1146771.6749999998,133419.83607351116,1280191.511073511
2909,Kitchen tools,490,490,1.0,0.5,false,10124.387,176.89077043121154,10301.277770431212
2911,Teletoys,241,195,0.8091286307053942,0.5,true,6059.983999999999,69.22971252566744,6129.213712525666
2912,Construction,84,84,1.0,0.5,true,8087.758,157.6692620123202,8245.42726201232
2917,Construction,140,109,0.7785714285714286,0.5,false,1558.2,9.197752772073908,1567.397752772074
2922,Pan sets,1219,1219,1.0,0.5,false,327147.97500000003,12932.289295687888,340080.2642956879
2925,Kitchen helpers,765,765,1.0,0.5,false,515513.1869999999,56316.49001396305,571829.677013963
2929,Thermos jugs,4070,3874,0.9518427518427518,0.874999999999925,false,525359.3939999997,2559.680795071869,527919.0747950716
2938,Personal care,35090,35090,1.0,0.74999999999995,false,819445.3399999996,2940.58443531827,822385.9244353179
2940,Ironing boards,1521,220,0.14464168310322156,0.9999694824217751,true,182663.48100000006,722.6196390143747,183386.10063901445
2943,Knives,24107,24107,1.0,0.5,false,723443.8889999999,32730.075500205345,756173.9645002052
2947,Kitchen helpers,19958,19958,1.0,0.5,false,24057849.375,7039143.004620124,31096992.379620124
2949,Kitchen textile,6536,6536,1.0,0.5,false,359207.1,55792.71651745376,414999.81651745376
2950,Kitchen textile,3369,3369,1.0,0.5,false,260481.47999999998,28259.016248049295,288740.49624804925
2951,Racks and pockets,16599,16599,1.0,0.9687499999999063,false,230335.245,2426.0246119096514,232761.26961190964
2952,Table textiles,419,275,0.6563245823389021,0.5,true,29104.235999999997,218.53678028747453,29322.772780287472
2953,Bath textiles and bath mats,32620,32620,1.0,0.5,false,1674355.844,265029.5043930185,1939385.3483930186
2957,Mugs and cups,14904,14904,1.0,0.5,false,369960.39499999996,82848.80368213568,452809.19868213567
2968,Tea and coffee,72275,72091,0.9974541681079211,0.9999961853026345,false,1075915.0080000004,25265.60486242303,1101180.6128624235
2969,Tea and coffee,75168,75168,1.0,0.74999999999995,false,1545042.296000001,65144.657631211456,1610186.9536312125
2974,Foils and bags,542,542,1.0,0.5,false,17369.204999999998,151.21943326488704,17520.424433264885
2978,Tools,1633,1497,0.9167176974892836,0.74999999999995,false,67653.22200000002,408.8190882956879,68062.04108829571
2979,Tableware,1158,1158,1.0,0.5,false,19296.122999999992,209.66897905544144,19505.791979055433
2980,Light bulbs,6031,6031,1.0,0.74999999999995,false,123230.40100000001,600.212145379877,123830.61314537989
2985,Cutlery,3224,3101,0.961848635235732,0.74999999999995,false,8144.934,94.47290266940445,8239.406902669405
2987,Tableware,4401,4401,1.0,0.5,false,54529.86,4019.912408624228,58549.77240862423
2996,Baby / Toddler,4645,4645,1.0,0.5,false,733726.112,59525.8760016428,793251.9880016427
2997,Games,1296,1294,0.9984567901234568,0.74999999999995,false,169496.59999999986,796.164942094454,170292.7649420943
3014,Phones,9792,9792,1.0,0.874999999999925,false,2492661.7940000007,29476.394659548212,2522138.1886595488
3015,Batteries,34161,34120,0.9987998009425954,0.9374999999999125,false,740345.6200000003,4345.394628336765,744691.0146283371
3021,"Glasses (drink, beer, wine etc)",668,668,1.0,0.5,false,19660.459000000003,302.37405256673514,19962.833052566737
3027,Kitchen helpers,28049,27965,0.99700524082855,0.999999761581321,false,411954.71099999995,16844.699751950713,428799.4107519507
3030,Vacuuming,183,183,1.0,0.5,false,272179.21499999997,9451.556914989724,281630.7719149897
3031,Vacuuming,105,105,1.0,0.5,false,4004154.6999999993,612146.1436036966,4616300.843603696
3033,Kitchen helpers,17842,17842,1.0,0.9374999999999125,false,616933.4780000001,16886.692332238217,633820.1703322383
3034,Measuring and weighing,39713,39713,1.0,0.5,false,1424111.5,458977.98788500996,1883089.48788501
3036,Ironing boards,20693,20693,1.0,0.5,false,3820814.6549999993,180955.78483162235,4001770.4398316215
3037,Drying racks,8537,8537,1.0,0.5,false,3228458.6879999996,122548.43848213545,3351007.126482135
3042,Bed textile,3261,3261,1.0,0.5,false,372918.17500000005,31318.94777987678,404237.1227798768
3046,Others,548,548,1.0,0.5,false,28347.857999999997,426.44125626283403,28774.29925626283
3047,Bath textiles and bath mats,21094,21094,1.0,0.5,false,1563724.6239999998,254843.77800574925,1818568.402005749
3058,"Glasses (drink, beer, wine etc)",7658,7658,1.0,0.5,false,318112.01099999994,97559.29250513349,415671.30350513343
3059,Games,2181,2151,0.9862448418156808,0.74999999999995,false,250546.97500000056,467.0726139630389,251014.0476139636
3063,Games,94,94,1.0,0.5,true,46934.81099999991,80.07048172484582,47014.881481724755
3075,Boys toys,1226,1086,0.8858075040783034,0.5,true,25363.79999999999,105.69080082135515,25469.490800821342
3080,Batteries,50340,50340,1.0,0.9999389648436501,false,1162649.992000001,10241.037808624236,1172891.0298086253
3082,Batteries,13532,13390,0.9895063553059414,0.74999999999995,false,331262.5679999995,1080.79881560575,332343.36681560526
3083,"Cloths, mops, sponges and brush",57325,57295,0.9994766681203663,0.874999999999925,false,92152.71800000001,879.906709650924,93032.62470965093
3087,Coffee makers and kettles,9201,3645,0.39615259210955334,0.9999999403952553,true,350759.1499999999,9274.42877700206,360033.57877700194
3090,Personal care,27052,26863,0.993013455567056,0.9843749999999032,true,248542.29399999994,1934.373508829569,250476.6675088295
3091,"Cloths, mops, sponges and brush",27805,27777,0.9989929868728646,0.9843749999999032,false,1011433.878,7486.040075564686,1018919.9180755647
3092,Cutlery,2866,2866,1.0,0.74999999999995,false,5981.009999999998,59.838202053388095,6040.848202053387
3093,Bathroom accessories,8434,8403,0.9963244012331041,0.5,false,399175.92399999994,19338.683658316157,418514.6076583161
3097,Laundry baskets,14879,14631,0.9833322131863701,0.9999999403952553,false,463289.4629999998,7227.030899383989,470516.4938993838
3098,Baskets,13833,13661,0.9875659654449505,0.874999999999925,false,200807.87999999992,483.3912180698149,201291.27121806974
3104,Cleaning products,6600,6423,0.9731818181818181,0.874999999999925,false,323001.37799999997,1442.0353995893217,324443.4133995893
3106,Baskets,3698,3698,1.0,0.5,false,169430.56199999998,14411.387927310067,183841.94992731005
3108,Light bulbs,8382,8382,1.0,0.5,false,17145.177,299.4041581108831,17444.581158110883
3110,Ironing boards,2324,2324,1.0,0.5,false,949638.1439999999,40094.84357125254,989732.9875712524
3112,Dishwashing articles,11331,8108,0.7155590856941135,0.9999999403952553,false,170763.705,8174.638633675567,178938.34363367554
3114,"Cloths, mops, sponges and brush",21918,21918,1.0,0.5,false,8804131.391999999,2803846.1053897366,11607977.497389736
3120,Electric personal care,11613,11499,0.9901834151382072,0.874999999999925,false,1782639.012,27163.298348254695,1809802.3103482549
3121,Electric personal care,8571,8430,0.9835491774588729,0.9843749999999032,false,1019359.4530000003,3154.9589897330584,1022514.4119897333
3123,Alarm clocks,18502,18502,1.0,0.5,false,6755211.777999999,2329445.0435613967,9084656.821561396
3128,Stationary,32283,32283,1.0,0.9374999999999125,false,105161.69999999987,376.5859712525663,105538.28597125244
3159,Pan sets,3411,3216,0.9428320140721196,0.9921874999999016,true,1010685.0599999999,6783.594856262836,1017468.6548562627
3162,Kitchen tools,244,241,0.9877049180327869,0.5,true,4843.125,164.47693018480484,5007.601930184805
3163,Tea and coffee,1833,1694,0.9241680305510093,0.5,false,3156.048,55.666782751540026,3211.7147827515396
3165,Construction,448,368,0.8214285714285714,0.5,true,14772.989,107.8562845995894,14880.845284599589
3170,Stationary,4116,3956,0.9611273080660836,0.9374999999999125,false,4245.338999999999,11.940651745379881,4257.279651745379
3171,Batteries,1515,1515,1.0,0.74999999999995,false,33432.028,241.37766242299801,33673.405662423
3173,Construction,296,262,0.8851351351351351,0.5,true,6322.945999999999,32.887331006160196,6355.833331006159
3176,Girls toys,8,8,1.0,0.5,true,1511.6009999999999,113.84845133470219,1625.4494513347022
3179,Baby / Toddler,12321,12135,0.9849038227416606,0.74999999999995,false,639221.5619999999,1320.7795655030789,640542.341565503
3185,Kitchen appliances,8227,8227,1.0,0.5,false,491343832.0350001,189716027.77498016,681059859.8099803
3188,Personal care,12110,12110,1.0,0.5,false,290581.82999999996,26819.090987679676,317400.9209876796
3189,Wash treatment and accessories,13808,13808,1.0,0.5,false,391020.714,39815.66409486657,430836.3780948665
3196,"Cloths, mops, sponges and brush",8363,8274,0.9893578859261031,0.9374999999999125,false,440520.31099999987,3171.755936755667,443692.06693675555
3201,Oven dishes,2419,2419,1.0,0.5,false,27515.88,717.2568225872689,28233.13682258727
3205,Partyfun,28055,27943,0.9960078417394403,0.9960937499999007,false,398900.25000000006,2266.350314168385,401166.60031416843
3210,Knives,57,39,0.6842105263157895,0.5,true,20931.140999999996,298.9062209445591,21230.047220944554
3212,Table textiles,1724,1605,0.9309744779582366,0.74999999999995,false,44319.240000000005,676.4578817248457,44995.69788172485
3218,Mugs and cups,20254,20254,1.0,0.5,false,729044.2810000001,201316.15264476367,930360.4336447638
3228,Vases,9090,8940,0.9834983498349835,0.874999999999925,false,119638.15499999997,451.7494127310063,120089.90441273098
3229,Tea and coffee,9999,9999,1.0,0.5,false,42769.78999999999,1571.4668628336756,44341.25686283367
3230,Hobby and creative,195,160,0.8205128205128205,0.5,true,4241.118,13.89644599589321,4255.014445995894
3235,Cutlery,2192,2192,1.0,0.5,false,36709.59599999999,889.177153182751,37598.773153182745
3237,Oven dishes,855,727,0.8502923976608188,0.5,false,12083.189999999997,50.12223080082131,12133.312230800819
3244,Serve and present,709,709,1.0,0.5,false,11734.828000000001,234.64303572895295,11969.471035728955
3246,Kitchen helpers,779,683,0.8767650834403081,0.74999999999995,true,114951.81599999999,1355.1487260780286,116306.96472607802
3247,Cutlery,1348,1348,1.0,0.5,false,17423.377999999997,175.62096468172481,17598.998964681723
3249,Shopping bags and trolleys,6110,6110,1.0,0.5,false,112221.26999999999,8257.695893223812,120478.9658932238
3251,Laundry baskets,167,167,1.0,0.5,false,63101.07999999999,2665.5066427104653,65766.58664271045
3252,Thermos jugs,1068,1017,0.952247191011236,0.5,false,56207.07399999999,604.5597318275153,56811.63373182751
3259,Hobby and creative,5394,5212,0.9662588060808306,0.5,false,166936.11900000004,1600.6128073921973,168536.73180739224
3264,Hobby and creative,3170,3005,0.9479495268138801,0.874999999999925,false,164217.11599999995,687.3374340862422,164904.4534340862
3279,Table textiles,6665,6665,1.0,0.9999923706053688,true,30654.505,616.3334702258729,31270.838470225874
3281,Vacuuming,396,396,1.0,0.74999999999995,false,1166239.7390000003,108821.53848583148,1275061.2774858319
3285,Knives,13611,13611,1.0,0.5,false,196288.82,34535.50604517454,230824.32604517456
3286,Knives,24629,24629,1.0,0.5,false,419306.99999999994,96608.58858316207,515915.588583162
3287,Drying racks,10459,10459,1.0,0.5,false,13035495.319,3347798.802539632,16383294.121539632
3288,Bicycle accessories,1823,1622,0.8897421832144816,0.9374999999999125,true,82310.375,1704.1205338809048,84014.49553388091
3291,Kitchen textile,11083,11083,1.0,0.5,false,381329.55,55281.53503490762,436611.0850349076
3293,Bed textile,3772,3772,1.0,0.5,false,482363.4689999999,38676.496875975405,521039.9658759753
3295,Mugs and cups,21626,21626,1.0,0.5,false,13502838.887999998,5348467.307029154,18851306.195029154
3296,Mugs and cups,16197,16197,1.0,0.5,false,1221494.7219999998,408355.52294907597,1629850.2449490759
3297,Mugs and cups,23104,23104,1.0,0.5,false,5187116.024999999,1933419.41206078,7120535.437060779
3298,Mugs and cups,13180,13180,1.0,0.5,false,206800.67799999999,32283.705896509247,239084.38389650924
3321,Puzzles,1176,1141,0.9702380952380952,0.5,true,39671.44300000001,212.81174332648905,39884.2547433265
3322,Foodprep,7318,7318,1.0,0.5,false,6208113.618,2196877.2178607816,8404990.835860781
3329,Baby / Toddler,273,273,1.0,0.5,false,10489.752,240.17452484599596,10729.926524845996
3330,Moisture treatment and climate,14282,14170,0.9921579610698782,0.874999999999925,false,370925.0160000002,7293.665839835739,378218.6818398359
3332,Cleaning products,88246,88246,1.0,0.874999999999925,false,1035466.6209999999,20319.107303490742,1055785.7283034907
3333,Bathroom accessories,3072,3071,0.9996744791666666,0.874999999999925,false,164698.072,563.1382652977413,165261.21026529773
3335,Bathroom accessories,634,478,0.7539432176656151,0.74999999999995,false,341368.69200000004,1961.469778644764,343330.1617786448
3336,Thermos jugs,4674,4674,1.0,0.5,false,636286.5179999999,51052.71974045172,687339.2377404517
3337,Cleaning products,11582,11488,0.9918839578656536,0.9374999999999125,false,129694.18,456.30859466119125,130150.48859466119
3339,Baskets,7856,7678,0.9773421588594705,0.874999999999925,false,103147.48499999994,276.4082784394241,103423.89327843937
3341,Cleaning products,4412,4312,0.9773345421577516,0.74999999999995,false,186745.03399999996,1384.2277322381942,188129.26173223814
3342,Cleaning products,6561,6422,0.9788142051516537,0.9843749999999032,false,90286.812,716.027711704311,91002.83971170432
3343,Cleaning products,10488,9909,0.9447940503432495,0.9999923706053688,false,154399.24500000002,869.686471047229,155268.93147104725
3346,Window and squeegees,1143,1022,0.8941382327209099,0.74999999999995,false,27936.566,398.8138977412729,28335.379897741273
3348,Wash treatment and accessories,31574,31574,1.0,0.5,false,781968.9779999999,86617.12621601636,868586.1042160162
3349,Waste bins,2949,2949,1.0,0.5,false,138326.83899999998,12590.42173182752,150917.2607318275
3350,Cleaning products,1938,1938,1.0,0.5,false,29170.666,1280.8827880903489,30451.54878809035
3352,Cleaning products,4422,4301,0.972636815920398,0.9374999999999125,false,49159.74000000001,277.55471457905526,49437.29471457907
3353,Bathroom accessories,42047,42047,1.0,0.9687499999999063,false,235136.0899999999,2815.0166644763863,237951.1066644763
3354,Bathroom accessories,24788,24788,1.0,0.5,false,790110.72,183946.13775770014,974056.8577577001
3355,Toilet accessories,40666,40666,1.0,0.5,false,657674.7239999999,176667.24540205352,834341.9694020534
3356,Residential odors,12863,12863,1.0,0.74999999999995,false,342751.37400000007,2776.068799589327,345527.4427995894
3359,Electric personal care,6266,6104,0.974146185764443,0.74999999999995,false,2767785.2860000012,198606.47157494852,2966391.75757495
3363,Electric personal care,2970,2970,1.0,0.74999999999995,false,640422.6499999998,27181.336025872664,667603.9860258724
3368,Bathroom scales,13306,13163,0.9892529685856005,0.5,false,451519.026,20746.281610677626,472265.3076106776
3370,Special pans,7773,7773,1.0,0.74999999999995,true,1174405.162,21861.792359753577,1196266.9543597535
3410,Foods,950,950,1.0,0.74999999999995,false,8006.796,28.10442792607803,8034.900427926078
3411,Construction,393,372,0.9465648854961832,0.5,false,33036.388,637.4997281314164,33673.88772813141
3414,Electric personal care,1671,1671,1.0,0.5,true,94118.38799999999,354.7350788501028,94473.1230788501
3416,Construction,511,455,0.8904109589041096,0.5,true,13789.937,175.13368706365503,13965.070687063655
3428,Store kitchen,24307,24307,1.0,0.5,false,1700534.3039999998,167803.26859055442,1868337.5725905541
3429,Sockets and security,1249,1249,1.0,0.5,false,21886.403000000002,616.5802353182753,22502.98323531828
3436,Toilet cleaners and odors,3691,3691,1.0,0.5,false,43860.096,3017.532287474334,46877.628287474334
3438,Cooking books,9539,9539,1.0,0.5,false,267968.61,17407.022636550304,285375.6326365503
3441,"Glasses (drink, beer, wine etc)",4202,753,0.1792003807710614,0.9999998807906105,true,62414.35199999998,1162.746800821355,63577.09880082133
3442,Window and squeegees,29425,29375,0.9983007646559049,0.9921874999999016,false,2614688.215999994,12063.815776591366,2626752.031776585
3443,Window and squeegees,33103,32922,0.9945322176237803,0.9980468749999003,false,3773921.4449999994,91759.38261560576,3865680.827615605
3444,Kitchen tools,19156,19156,1.0,0.5,false,1596618.45,531503.3186078032,2128121.768607803
3445,Cutlery,7377,7377,1.0,0.874999999999925,false,224227.91999999993,5294.146139630374,229522.0661396303
3453,Ironing board textiles,51921,51857,0.9987673581017315,0.9843749999999032,false,2262643.515999998,29722.217261601614,2292365.7332615997
3457,Bath textiles and bath mats,35178,35178,1.0,0.5,false,803196.2119999998,93512.49140328536,896708.7034032852
3465,Tableware,37656,37608,0.9987253027405991,0.9995117187499001,false,540655.3599999995,18021.832147843947,558677.1921478434
3467,Cutlery,687,488,0.710334788937409,0.74999999999995,false,11319.650999999998,112.54060410677626,11432.191604106774
3468,Tableware,698,698,1.0,0.5,false,38637.872,1020.838934291581,39658.71093429159
3469,Baby / Toddler,850,661,0.7776470588235294,0.74999999999995,true,10096.548000000003,73.60061601642715,10170.14861601643
3471,Cutlery,3263,3091,0.9472877719889672,0.5,false,14424.227999999997,118.33650924024631,14542.564509240243
3473,Serve and present,2628,2460,0.9360730593607306,0.5,false,57384.18,2003.5672755646813,59387.74727556468
3474,Cutlery,3624,3624,1.0,0.74999999999995,false,13053.039999999999,145.76921889117045,13198.809218891169
3476,Light bulbs,5182,5156,0.9949826321883443,0.74999999999995,false,42019.445999999996,316.82273100616027,42336.26873100616
3477,Tableware,5323,5323,1.0,0.5,false,43931.159999999996,511.4313609856264,44442.59136098562
3478,Baskets,2631,2631,1.0,0.5,false,76189.12,5637.015209445585,81826.13520944558
3482,Drink & food To Go,4388,4388,1.0,0.5,false,106060.185,3531.3720308008233,109591.55703080082
3483,Light bulbs,4844,4688,0.967795210569777,0.74999999999995,false,18439.764000000006,48.66221765913754,18488.426217659144
3485,Frying pans,1675,1675,1.0,0.5,false,207836.53799999997,5251.025731416835,213087.5637314168
3490,Hobby and creative,5656,5506,0.9734794908062234,0.874999999999925,false,208779.571,762.9788303901446,209542.54983039014
3499,Hobby and creative,62,62,1.0,0.5,false,25776.345000000005,1148.3787043121154,26924.72370431212
3504,Games,2890,2736,0.946712802768166,0.9960937499999007,true,161547.11999999985,848.6579938398347,162395.77799383967
3514,Drink & food To Go,5723,5723,1.0,0.874999999999925,false,46787.579999999994,2091.9813806981506,48879.56138069814
3517,Measuring and weighing,22004,22004,1.0,0.74999999999995,false,94639.77600000003,845.6236016427098,95485.39960164274
3519,"Glasses (drink, beer, wine etc)",411,411,1.0,0.5,false,8820.146999999997,78.21977659137575,8898.366776591372
3526,Window and squeegees,2399,2399,1.0,0.74999999999995,false,458084.99099999975,6562.995010677615,464647.98601067736
3528,Toilet cleaners and odors,4347,4310,0.9914883827927307,0.74999999999995,false,40883.55599999999,1976.1193470225871,42859.675347022574
3529,Kitchen helpers,54710,54710,1.0,0.9990234374999001,false,889588.4549999997,35003.041719917834,924591.4967199175
3531,Vacuuming,141,141,1.0,0.5,false,1023486.9889999994,23260.82917987678,1046747.8181798762
3532,Kitchen tools,39401,39359,0.9989340372071774,0.9999980926512673,false,472613.08499999996,14790.977002053398,487404.06200205337
3533,Tea and coffee,8223,8223,1.0,0.5,false,1466078.075,322829.94673511264,1788908.0217351126
3541,"Cloths, mops, sponges and brush",123,123,1.0,0.5,false,59018.61000000003,336.1115975359332,59354.721597535965
3543,Bath textiles and bath mats,7761,7761,1.0,0.5,false,202030.19199999995,30935.513790554414,232965.70579055438
3546,Bed textile,1544,1544,1.0,0.5,false,1089899.566,137812.1039523613,1227711.6699523614
3549,Mugs and cups,35436,35436,1.0,0.5,false,5046728.294999999,1831839.081294046,6878567.376294045
3556,Tea and coffee,11594,11433,0.9861135069863722,0.9960937499999007,false,201315.55500000005,1250.1781404517446,202565.7331404518
3558,Kitchen helpers,1919,1919,1.0,0.5,false,20957.159999999996,859.2863827515404,21816.446382751536
3560,Oven dishes,81,81,1.0,0.5,true,23519.216,210.69805667351145,23729.91405667351
3561,Oven dishes,408,244,0.5980392156862745,0.5,true,3696.903,14.338308418891174,3711.241308418891
3576,Hobby and creative,1799,1690,0.9394107837687604,0.74999999999995,true,41142.82200000001,126.17763039014356,41268.99963039015
3579,Batteries,9980,9980,1.0,0.74999999999995,true,72722.15999999997,408.60421848049293,73130.76421848047
3583,Baby / Toddler,962,849,0.8825363825363826,0.5,false,30406.215000000004,246.87432977412735,30653.08932977413
3587,Bakeware,25737,25737,1.0,0.5,false,654636.1290000001,148844.5175330596,803480.6465330597
3588,Drink & food To Go,27154,27154,1.0,0.874999999999925,false,576575.6149999998,3639.0668008213547,580214.6818008211
3589,Dishwashing articles,98839,98839,1.0,0.9999961853026345,false,1175393.6880000005,83235.22522546187,1258628.9132254624
3591,Dishwashing articles,94783,94783,1.0,0.5,false,880818.435,206100.5395379873,1086918.9745379873
3592,"Glasses (drink, beer, wine etc)",1868,1868,1.0,0.5,false,8365.314999999999,145.82037782340853,8511.135377823408
3593,Cleaning products,17337,17132,0.988175578243064,0.9687499999999063,false,632327.276,8477.651830800805,640804.9278308008
3594,Clothes hangers,112663,112663,1.0,0.5,false,2309843.634,372140.8326209441,2681984.466620944
3597,Oven dishes,807,654,0.8104089219330854,0.74999999999995,false,12775.490000000002,63.11912936344963,12838.60912936345
3601,Personal care,74,74,1.0,0.5,false,64052.225999999995,2509.0866061601755,66561.31260616017
3602,Wash treatment and accessories,1980,1888,0.9535353535353536,0.5,false,176535.23999999993,2684.371527720742,179219.61152772067
3603,Cleaning products,54259,54259,1.0,0.74999999999995,false,1122276.4490000007,47775.23709733067,1170051.6860973313
3605,Baskets,2813,2813,1.0,0.5,false,110789.67899999999,9165.865193429148,119955.54419342914
3607,Cleaning products,1537,1532,0.9967469095640858,0.74999999999995,false,88961.01199999996,919.3401416837781,89880.35214168373
3611,Wash treatment and accessories,16452,16306,0.9911256990031607,0.874999999999925,false,428841.02800000005,994.12407392197,429835.15207392204
3612,Dishwashing articles,5264,5264,1.0,0.5,false,16317.146999999999,1405.9716496919916,17723.11864969199
3616,Cleaning products,7345,7345,1.0,0.74999999999995,false,198174.01100000003,3059.096114168379,201233.1071141684
3619,Ironing,11892,11889,0.9997477295660948,0.874999999999925,false,13159862.352000013,266962.7011572894,13426825.053157302
3622,Alarm clocks,20563,20563,1.0,0.5,false,2664768.96,374876.33467269014,3039645.2946726903
3623,Electric personal care,2232,1995,0.8938172043010753,0.9999694824217751,true,370214.95000000007,12557.256160164285,382772.2061601644
3646,Party lights,12601,12601,1.0,0.5,false,1639266.9439999997,332326.94602874777,1971593.8900287475
3647,Residential odors,9449,9449,1.0,0.874999999999925,false,19805.016,197.86501848049286,20002.881018480493
3651,Vases,16851,16644,0.9877158625600855,0.999999761581321,false,414101.70899999974,5657.467174127318,419759.17617412703
3661,Kitchen tools,8058,8050,0.9990071978158352,0.9374999999999125,false,42953.154999999984,298.5550825462014,43251.71008254618
3670,Construction,279,279,1.0,0.5,false,3437.2029999999995,63.730386036960944,3500.9333860369607
3671,Hobby and creative,327,327,1.0,0.5,false,5590.724999999999,73.15251540041068,5663.87751540041
3674,Puzzles,231,231,1.0,0.5,false,148041.558,2703.5041232032872,150745.06212320327
3675,Construction,549,549,1.0,0.5,true,34894.691999999995,587.3297248459958,35482.02172484599
3678,Boys toys,34,34,1.0,0.5,true,2803.437,214.86389322381945,3018.3008932238195
3687,"Glasses (drink, beer, wine etc)",2020,2020,1.0,0.5,false,31274.837999999996,397.2839507186863,31672.121950718683
3690,"Glasses (drink, beer, wine etc)",1354,1354,1.0,0.5,false,21657.32800000001,216.6999457905543,21874.027945790564
3691,"Glasses (drink, beer, wine etc)",1249,1113,0.8911128903122498,0.74999999999995,true,29287.740999999995,93.77981642710475,29381.5208164271
3692,Cleaning products,7893,7893,1.0,0.5,false,336223.79000000004,66284.71438193016,402508.5043819302
3696,Drink & food To Go,453,453,1.0,0.5,false,33692.19,500.68408706365466,34192.874087063654
3698,Cooking books,146,146,1.0,0.5,false,130827.37499999997,9458.214579055439,140285.5895790554
3700,Clocks,3076,2976,0.9674902470741222,0.5,false,36389.36699999999,1015.0365178644773,37404.40351786447
3719,Mugs and cups,9911,9911,1.0,0.5,false,781452.364,284526.3368032853,1065978.7008032852
3720,Mugs and cups,11289,11289,1.0,0.5,false,1353813.741,486455.57308418927,1840269.3140841892
3721,Mugs and cups,24620,24620,1.0,0.5,false,13399068.858,4931060.138979061,18330128.996979058
3722,Mugs and cups,23861,23861,1.0,0.5,false,2050557.327,745525.7758484602,2796083.10284846
3733,Oven dishes,163,163,1.0,0.5,false,72701.39800000002,3848.4445051334706,76549.84250513349
3735,Tableware,1036,1036,1.0,0.5,false,7590.911999999999,90.05407145790564,7680.966071457905
3736,"Cloths, mops, sponges and brush",11383,11383,1.0,0.5,false,81957.73599999999,2691.4682455852158,84649.2042455852
3738,Puzzles,3111,3109,0.9993571198971392,0.74999999999995,false,15868.887999999999,158.87667433264917,16027.764674332648
3741,Kitchen helpers,762,687,0.9015748031496063,0.5,false,71259.55200000003,602.458935523614,71862.01093552363
3746,Cutlery,2515,2515,1.0,0.5,false,7048.593999999999,135.46535400410696,7184.059354004106
3752,Cooking books,537,537,1.0,0.5,false,149197.062,11842.146293634494,161039.2082936345
3753,Light bulbs,2303,2255,0.9791576204950065,0.874999999999925,false,32963.672,201.05180944558504,33164.72380944558
3754,Special pans,607,607,1.0,0.5,false,21807.905000000002,758.4895420944562,22566.39454209446
3755,Personal care,462,462,1.0,0.5,false,11213.748,616.4307055441489,11830.17870554415
3756,Wash treatment and accessories,3081,3081,1.0,0.5,false,56677.292,1578.1226324435322,58255.414632443535
3757,Cutlery,1565,1565,1.0,0.5,false,12298.44,145.54043531827512,12443.980435318275
3758,Light bulbs,5072,4287,0.8452287066246057,0.9995117187499001,true,23040.989999999994,176.98419958932237,23217.974199589316
3759,Personal care,762,738,0.968503937007874,0.5,false,3851.315999999999,30.24274825462011,3881.558748254619
3772,"Glasses (drink, beer, wine etc)",773,773,1.0,0.5,false,47243.59499999999,4793.209552361394,52036.804552361384
3779,Vacuuming,368,368,1.0,0.5,false,1236819.507,132009.9997166323,1368829.5067166323
3782,Ironing boards,4727,4573,0.9674211973767718,0.5,false,1693249.5439999998,13165.672167556455,1706415.2161675561
3783,Clothes hangers,82972,82972,1.0,0.5,false,12300615.726,4576242.002234077,16876857.728234075
3788,Bath textiles and bath mats,47222,47222,1.0,0.5,false,233214.66,35171.70571663242,268386.36571663246
3797,Vehicles,4008,3893,0.971307385229541,0.74999999999995,false,295840.664,1269.1737429158106,297109.8377429158
3803,Hobby and creative,1932,1932,1.0,0.5,false,102013.00200000004,1203.958252977411,103216.96025297744
3815,Tea and coffee,3722,3504,0.9414293390650188,0.9990234374999001,false,8611.749999999998,93.40939425051333,8705.159394250511
3822,Batteries,93369,93369,1.0,0.9843749999999032,false,311316.9919999999,1140.0356501026681,312457.02765010257
3827,Personal care,482,482,1.0,0.5,false,1818.474,32.8364796714579,1851.3104796714579
3828,Drink & food To Go,17461,17461,1.0,0.874999999999925,false,586645.2479999998,26738.042138809007,613383.2901388088
3831,Baskets,12429,12403,0.9979081181108698,0.874999999999925,false,152524.43500000003,414.21489527720775,152938.64989527722
3832,Tools,7314,7314,1.0,0.74999999999995,false,298694.12999999995,1208.7721486652988,299902.9021486652
3835,Personal care,13812,13613,0.9855922386330727,0.9921874999999016,false,90727.39199999996,632.3126907597525,91359.70469075971
3836,Personal care,114,114,1.0,0.5,false,169133.16700000002,24377.112202874723,193510.27920287475
3837,Wash treatment and accessories,2881,2800,0.9718847622353349,0.874999999999925,false,62569.961999999985,894.1643556468176,63464.126355646804
3844,Wash treatment and accessories,29869,29869,1.0,0.5,false,625925.7479999999,70437.58949075977,696363.3374907597
3845,Personal care,19686,19686,1.0,0.5,false,236755.554,36544.717151950754,273300.27115195076
3886,Gift,3367,3367,1.0,0.9843749999999032,false,25965.345,3180.04737782341,29145.39237782341
3891,Residential odors,6970,6876,0.9865136298421808,0.9374999999999125,false,65468.08799999999,459.2975802874739,65927.38558028746
3909,Construction,226,226,1.0,0.5,true,19866.0,377.50410677618055,20243.50410677618
3910,Kitchen tools,1981,1831,0.9242806663301363,0.5,false,37725.198,214.80434866529748,37940.00234866529
3911,Teletoys,585,585,1.0,0.5,false,43386.54599999999,327.1261186858315,43713.67211868582
3912,Hobby and creative,505,500,0.9900990099009901,0.5,true,7069.180999999994,17.85413100616014,7087.035131006154
3915,Construction,305,305,1.0,0.5,false,13026.279,236.1158932238192,13262.39489322382
3918,Special pans,4185,4000,0.955794504181601,0.5,false,164166.72999999998,1358.090876386038,165524.82087638602
3921,Teletoys,355,180,0.5070422535211268,0.5,false,3537.2610000000004,8.473538809034904,3545.7345388090353
3922,Vehicles,4419,4369,0.9886852229011088,0.874999999999925,false,205619.71499999962,406.9634414784397,206026.67844147806
3923,Games,1944,1916,0.98559670781893,0.74999999999995,true,48744.171,83.62746488706368,48827.79846488706
3925,"Glasses (drink, beer, wine etc)",3405,3405,1.0,0.74999999999995,false,64346.57600000003,418.20845995893177,64764.78445995896
3947,Bath textiles and bath mats,13253,13253,1.0,0.874999999999925,false,496653.58400000003,2440.1330874743326,499093.71708747436
3948,Bath textiles and bath mats,14811,14811,1.0,0.74999999999995,false,1646455.5519999992,8642.820829568776,1655098.3728295679
3951,Window and squeegees,60373,60373,1.0,0.74999999999995,false,421004.22000000003,11260.376997946618,432264.5969979467
3965,Oven dishes,248,204,0.8225806451612904,0.5,true,4219.866,24.777645585215605,4244.643645585215
3967,Ironing boards,127,127,1.0,0.5,false,156415.455,2579.5531108829587,158995.00811088295
3970,Foods,124,124,1.0,0.5,false,15007.23,833.0597515400426,15840.289751540042
3973,Light bulbs,2433,2433,1.0,0.74999999999995,false,18132.575999999997,115.66962135523617,18248.245621355232
3975,Table paper,1674,1635,0.9767025089605734,0.5,false,7560.728000000001,132.49950718685835,7693.227507186859
3979,Special pans,680,680,1.0,0.5,false,30069.438,1679.7104357289525,31749.148435728952
3987,Travel accessories,1130,1130,1.0,0.5,false,10757.824,197.45383531827522,10955.277835318277
3989,Tea and coffee,13674,13674,1.0,0.5,false,2163182.0,645287.5227926079,2808469.522792608
4006,Hobby and creative,5386,5386,1.0,0.5,false,51458.13400000001,2401.7134825461967,53859.84748254621
4016,Hobby and creative,510,510,1.0,0.5,false,7640.569999999999,67.56415811088294,7708.134158110882
4028,Window and squeegees,68609,68609,1.0,0.9980468749999003,false,2142558.81,27907.65811293635,2170466.4681129362
4029,Shoe maintenance,3407,3407,1.0,0.9374999999999125,false,31270.568,810.2286291581104,32080.79662915811
4036,Vacuuming,164,16,0.0975609756097561,0.5,false,896093.625,68760.94034907591,964854.565349076
4040,Kitchen textile,12795,12795,1.0,0.5,false,142563.12,15213.635679671434,157776.75567967142
4042,Window and squeegees,14677,14478,0.9864413708523541,0.9980468749999003,false,984476.549,7255.499258316215,991732.0482583162
4043,Table textiles,2570,2453,0.9544747081712063,0.874999999999925,false,47101.600000000006,298.8321618069815,47400.43216180699
4046,Tableware,12066,12066,1.0,0.5,false,13823620.999999998,5454018.832176581,19277639.83217658
4047,Tableware,15264,15264,1.0,0.5,false,1742698.44,634354.8082053395,2377053.2482053395
4054,Light bulbs,7689,7689,1.0,0.74999999999995,false,30031.154999999995,227.89359548254606,30259.04859548254
4055,Thermos jugs,1959,1835,0.9367023991832568,0.874999999999925,false,16107.189,75.97568583162214,16183.164685831622
4059,Foods,300,300,1.0,0.5,false,20246.975,830.0540061601638,21077.029006160163
4073,Hobby and creative,6489,6383,0.9836646632763137,0.9374999999999125,false,25996.74000000001,79.67321232032852,26076.413212320338
4074,Puzzles,4263,4204,0.9861599812338728,0.874999999999925,false,38694.03999999997,93.1212386036961,38787.161238603665
4076,Vehicles,162,162,1.0,0.5,false,55846.168,2349.6098981519476,58195.777898151944
4077,Puzzles,4444,4424,0.9954995499549955,0.874999999999925,false,59775.40800000002,265.55703080082105,60040.96503080084
4079,Foodprep,7093,7093,1.0,0.5,false,7054232.660999999,2327054.500483366,9381287.161483366
4085,Vacuuming,5287,5287,1.0,0.5,false,2032073.7710000002,238132.58654866554,2270206.3575486657
4086,Fans and electric blankets,13284,8701,0.6549984944293887,0.9999999403952553,true,2484542.557,97044.2764427104,2581586.8334427103
4094,Bathroom accessories,2958,2914,0.9851250845165652,0.874999999999925,false,103311.93600000003,369.45686078028666,103681.39286078032
4097,Cleaning products,26319,26319,1.0,0.9374999999999125,false,707755.16,12517.389837782312,720272.5498377824
4098,Cooking pans,79,79,1.0,0.5,true,51229.696,407.5898480492812,51637.28584804929
4103,Wash treatment and accessories,2154,2100,0.9749303621169917,0.74999999999995,false,32399.815000000006,276.7656981519505,32676.580698151956
4104,Cleaning products,5399,5315,0.9844415632524541,0.9374999999999125,false,137498.256,492.369656673511,137990.6256566735
4105,(Steam) cleaners,156,91,0.5833333333333334,0.5,true,9109.996,35.50852484599586,9145.504524845996
4108,Wash treatment and accessories,39177,39177,1.0,0.5,false,821435.5799999997,106856.20992197123,928291.7899219709
4113,Residential odors,5318,5123,0.9633320797292215,0.9374999999999125,false,99673.203,1242.3827852156048,100915.5857852156
4114,Window and squeegees,78016,74281,0.9521252050861362,0.9999999403952553,false,2202740.6100000003,25399.738362217646,2228140.348362218
4117,Coffee makers and kettles,37998,37844,0.995947155113427,0.9843749999999032,false,6284969.571999997,25137.58642464061,6310107.158424637
4122,Electric personal care,18647,18462,0.9900788330562557,0.9990234374999001,false,1732723.1459999993,9323.882788090345,1742047.0287880895
4123,Electric personal care,21869,21869,1.0,0.5,false,4192342.6089999992,573454.8702279264,4765797.479227926
4133,Special pans,22939,22939,1.0,0.874999999999925,false,3791177.2499999995,97121.04406570854,3888298.2940657083
4134,Frying pans,8230,8230,1.0,0.5,false,6065265.611999999,573851.7124484599,6639117.324448459
4153,Stationary,37286,37137,0.9960038620393713,0.74999999999995,false,248100.69899999994,407.3102993839842,248508.0092993839
4160,Hobby and creative,7105,5304,0.7465165376495426,0.9999961853026345,true,114079.035,5251.86473100616,119330.89973100617
4164,Kitchen tools,821,821,1.0,0.5,false,16138.702999999998,301.1667351129361,16439.869735112934
4166,Girls toys,161,47,0.2919254658385093,0.5,true,1196.1180000000002,30.138015605749413,1226.2560156057496
4168,Vehicles,16241,11738,0.7227387476140632,0.9999999403952553,false,550446.5399999998,5273.3111901437305,555719.8511901435
4171,"Glasses (drink, beer, wine etc)",2323,2178,0.9375807145931985,0.74999999999995,false,20032.599999999995,149.7484673511293,20182.348467351123
4172,Tea and coffee,21777,21691,0.9960508793681407,0.9687499999999063,false,130625.376,1053.3044829568782,131678.68048295687
4176,Window and squeegees,68404,67097,0.9808929302379977,0.9999999403952553,false,1435326.9840000002,8638.749589322382,1443965.7335893225
4187,Knives,32835,32835,1.0,0.5,false,210395.388,46244.58571663247,256639.97371663246
4191,Cutlery,22975,22975,1.0,0.5,false,4274981.48,662791.0349240246,4937772.514924025
4192,Window and squeegees,48815,48627,0.9961487247772202,0.9687499999999063,false,933556.9249999992,3364.4876180698134,936921.4126180691
4194,Stairs,3218,3187,0.990366687383468,0.74999999999995,false,724897.4460000002,1559.0898394250496,726456.5358394253
4203,Bed textile,842,842,1.0,0.5,false,111472.977,9468.530839835727,120941.50783983573
4206,Mugs and cups,12408,12408,1.0,0.5,false,2653862.624,967392.4495872688,3621255.0735872686
4215,Tea and coffee,15330,15330,1.0,0.5,false,12387769.694999997,3886280.1584907626,16274049.853490759
4217,Tableware,4585,4585,1.0,0.5,false,43987.3,2068.7824004106783,46056.08240041068
4221,Large garden,57,57,1.0,0.5,true,6504.33,76.88061190965058,6581.210611909651
4223,"Glasses (drink, beer, wine etc)",559,559,1.0,0.5,false,74417.18900000001,3669.4460447638576,78086.63504476387
4224,Cutlery,628,585,0.9315286624203821,0.74999999999995,false,5798.799999999999,112.7970944558521,5911.597094455851
4227,Special pans,2738,2738,1.0,0.5,false,19683.215999999997,375.53658357289515,20058.752583572892
4233,Bakeware,548,538,0.9817518248175182,0.5,true,41831.55900000001,86.7326045174537,41918.291604517464
4239,Baby / Toddler,4329,4187,0.9671979671979672,0.74999999999995,false,166303.36799999993,771.810749075975,167075.17874907592
4255,Boys toys,7956,7915,0.9948466566113625,0.874999999999925,false,103877.13000000002,1119.045878439425,104996.17587843945
4261,Foodprep,9502,9502,1.0,0.5,false,105025267.24199998,38546802.92934698,143572070.17134696
4262,Batteries,37008,35193,0.9509565499351491,0.9999999403952553,false,1047479.1389999987,5372.883203285414,1052852.022203284
4264,Cooking pans,1274,1235,0.9693877551020408,0.74999999999995,false,241763.949,3704.4351006160196,245468.384100616
4265,Window and squeegees,53684,53545,0.9974107741598986,0.999999761581321,false,2555101.1500000013,19701.08080492812,2574802.2308049295
4266,Kitchen helpers,38994,38994,1.0,0.5,false,1020734.8480000001,320231.8558160165,1340966.7038160167
4267,Hobby and creative,531,511,0.9623352165725048,0.5,false,19309.22,54.189877618069765,19363.409877618073
4279,"Cloths, mops, sponges and brush",34302,34144,0.9953938545857385,0.9999694824217751,false,770510.0339999998,14112.651163860375,784622.6851638601
4281,Wash treatment and accessories,3710,3710,1.0,0.74999999999995,false,109317.77500000002,1173.4385232032866,110491.2135232033
4282,Bakeware,17999,17876,0.9931662870159453,0.9374999999999125,false,806537.9139999998,4875.595757700193,811413.5097576999
4283,Tea and coffee,8061,8061,1.0,0.5,false,2234756.377,401985.4822139629,2636741.8592139627
4284,Cutlery,11933,11933,1.0,0.5,false,122411.79999999997,13298.72959342916,135710.52959342912
4286,Bathroom accessories,11458,11374,0.9926688776400768,0.9374999999999125,false,456411.648,806.4811252566731,457218.1291252567
4287,Kitchen textile,5286,5286,1.0,0.5,false,231901.31999999998,38053.87128542092,269955.1912854209
4303,"Cloths, mops, sponges and brush",24399,24399,1.0,0.74999999999995,false,85723.60299999997,1814.0568907597512,87537.65989075972
4309,Vehicles,10016,9791,0.9775359424920128,0.9999389648436501,false,346092.0399999999,2377.587443531824,348469.62744353176
4312,Hobby and creative,9797,9678,0.9878534245177095,0.874999999999925,false,266668.30399999995,689.1499942505134,267357.45399425045
4317,Puzzles,2221,2086,0.9392165691130122,0.74999999999995,false,40952.97499999999,102.13435236139634,41055.10935236139
4323,Vacuuming,162,162,1.0,0.5,false,4918090.016000001,529850.6015145811,5447940.617514582
4326,Foodprep,19024,18926,0.9948486122792263,0.9374999999999125,false,2854636.8060000017,5762.287632032862,2860399.0936320345
4329,Small storage,47997,47997,1.0,0.9687499999999063,false,664973.0640000002,2142.1137622176616,667115.1777622179
4331,Window and squeegees,32145,31948,0.993871519676466,0.9990234374999001,false,2670606.176000001,26434.497433264893,2697040.6734332656
4332,Tableware,4676,4314,0.9225834046193327,0.9843749999999032,true,59689.63,344.773176180698,60034.4031761807
4336,Racks and pockets,25511,25511,1.0,0.5,false,442768.256,112801.68178726902,555569.937787269
4337,Racks and pockets,135898,135898,1.0,0.5,false,2097241.6499999994,654908.5061149899,2752150.1561149894
4341,Baskets,8912,8866,0.99483842010772,0.9374999999999125,false,104058.90599999994,321.89733141683786,104380.80333141678
4343,Baskets,10270,10199,0.9930866601752678,0.874999999999925,false,263269.32800000004,1199.624732648872,264468.95273264893
4345,Wash treatment and accessories,3589,1906,0.5310671496238507,0.9999980926512673,true,117194.07699999999,453.0300275154005,117647.10702751539
4346,Wash treatment and accessories,2549,2494,0.9784229109454688,0.9374999999999125,false,42517.43999999999,329.3621889117044,42846.80218891169
4347,Wash treatment and accessories,12445,12372,0.9941341904379268,0.74999999999995,false,371305.7039999999,1420.7407556468168,372726.44475564675
4348,Cleaning products,5424,5346,0.9856194690265486,0.874999999999925,false,65919.55999999998,169.2150361396304,66088.77503613962
4355,Drink & food To Go,11928,8321,0.6976022803487593,0.9999999403952553,true,184565.88500000004,3271.0628698151936,187836.94786981522
4356,Personal care,1187,1187,1.0,0.5,false,1292054.281,443539.34606529865,1735593.6270652986
4362,Measuring and weighing,4226,4226,1.0,0.74999999999995,false,537310.7249999999,3563.010622176586,540873.7356221764
4363,Pan sets,47,47,1.0,0.5,false,5149618.137999999,1471925.4179991805,6621543.55599918
4389,Vases,5005,4833,0.9656343656343657,0.74999999999995,false,64547.525,440.60946611909657,64988.134466119096
4402,Photo frames & albums,3255,3080,0.946236559139785,0.74999999999995,false,111511.69400000003,402.78994373716614,111914.4839437372
4404,Photo frames & albums,24984,24984,1.0,0.74999999999995,false,89912.865,965.5130328542091,90878.37803285422
4411,Construction,204,124,0.6078431372549019,0.5,true,3154.9559999999997,43.83834948665299,3198.7943494866527
4418,Hobby and creative,1189,1189,1.0,0.5,false,15922.2,608.2775655030799,16530.47756550308
4422,Construction,348,348,1.0,0.5,true,7629.027,44.25854209445586,7673.285542094456
4425,Boys toys,7473,7473,1.0,0.874999999999925,false,243942.7759999998,944.031067761807,244886.8070677616
4429,Store kitchen,5989,5989,1.0,0.74999999999995,false,59203.094999999994,2847.7120287474313,62050.807028747426
4433,Drink & food To Go,12802,12654,0.9884393063583815,0.9960937499999007,false,697120.0739999999,5406.901521560563,702526.9755215605
4437,Wash treatment and accessories,31796,31700,0.9969807522958862,0.9374999999999125,false,178977.26699999993,632.1087938398351,179609.37579383978
4438,Racks and pockets,1609,1518,0.9434431323803605,0.5,false,67055.44299999998,2091.895816837779,69147.33881683776
4440,"Cloths, mops, sponges and brush",75021,70041,0.9336185867956972,0.9999999403952553,false,408179.60399999976,7178.159897741261,415357.76389774104
4441,Kitchen helpers,8390,8199,0.9772348033373063,0.9990234374999001,false,199227.48299999998,3023.5271248459653,202251.01012484595
4442,"Cloths, mops, sponges and brush",17238,17085,0.9911242603550295,0.9374999999999125,false,418884.2839999999,4296.944399999998,423181.2283999999
4445,Vacuuming,13968,13734,0.9832474226804123,0.9687499999999063,false,247463.92300000007,9254.262676796703,256718.18567679677
4447,Store kitchen,8777,8596,0.9793779195624929,0.9687499999999063,false,369209.6099999999,1081.6272073921975,370291.2372073921
4448,Bakeware,23702,23615,0.9963294236773268,0.9921874999999016,false,1079510.2499999998,7081.715297741268,1086591.9652977411
4452,Waste bins,22533,22526,0.9996893445169307,0.874999999999925,false,6072343.2,143816.96661190953,6216160.16661191
4453,Window and squeegees,11698,11523,0.9850401778081723,0.874999999999925,false,1595104.3500000013,9175.561478439431,1604279.9114784407
4456,"Cloths, mops, sponges and brush",7448,7319,0.9826799140708915,0.9374999999999125,false,251802.22900000002,1170.9972767967142,252973.22627679675
4474,Tableware,5096,5096,1.0,0.5,false,57554.160999999986,872.1396993839833,58426.300699383966
4477,Tableware,6219,6219,1.0,0.5,false,113733.45899999997,9351.95668336755,123085.41568336752
4479,Bicycle accessories,21,21,1.0,0.5,false,135137.64599999998,12284.392172895288,147422.03817289526
4481,"Glasses (drink, beer, wine etc)",414,414,1.0,0.5,false,10932.648999999998,395.64218480492787,11328.291184804926
4482,Bed textile,2211,2211,1.0,0.5,false,174663.67099999997,17872.08678809035,192535.75778809033
4485,Table textiles,72505,72505,1.0,0.874999999999925,false,173344.71,8129.013326488705,181473.7233264887
4489,Vehicles,3311,3311,1.0,0.74999999999995,false,93103.19199999994,3916.1010891170417,97019.29308911698
4490,Construction,1460,1460,1.0,0.5,false,46096.848,8992.206787268995,55089.05478726899
4492,Foods,491,491,1.0,0.5,false,41580.378,1901.5369429158131,43481.91494291581
4496,Hobby and creative,3126,3057,0.9779270633397313,0.9374999999999125,false,198948.33000000007,919.6474546201226,199867.9774546202
4499,Cleaning products,4420,4420,1.0,0.5,false,48782.57999999999,2293.912533880903,51076.49253388089
4503,Games,3000,3000,1.0,0.74999999999995,true,84573.853,244.25719219712528,84818.11019219713
4513,Measuring and weighing,37116,37116,1.0,0.5,false,3072703.7739999993,913917.8496459959,3986621.6236459953
4516,Vacuuming,30461,30461,1.0,0.5,false,1918805.1539999999,557934.6081264885,2476739.7621264886
4517,Knives,6337,6337,1.0,0.5,false,816991.14,231454.3777905542,1048445.5177905542
4518,Foodprep,4625,4625,1.0,0.74999999999995,false,507416.83300000004,3940.3053470225877,511357.13834702264
4520,Vacuuming,3260,3111,0.9542944785276074,0.74999999999995,false,1885206.9600000002,24305.821310882948,1909512.7813108831
4526,Insecticides,124,124,1.0,0.5,false,1268361.8639999998,123861.41422915805,1392223.278229158
4527,Tea and coffee,11301,11301,1.0,0.9374999999999125,false,107820.15999999997,3634.975221765906,111455.13522176589
4531,Store kitchen,21322,21322,1.0,0.5,false,494281.66199999995,73646.54519260787,567928.2071926078
4535,Laundry baskets,10558,10558,1.0,0.74999999999995,false,1218923.5589999992,2058.5715794661196,1220982.1305794653
4536,Drying racks,14843,14675,0.9886815333827393,0.9998779296874001,false,660745.5959999994,4229.634510061605,664975.230510061
4537,Small storage,18639,18639,1.0,0.74999999999995,false,82514.124,3084.3947696098608,85598.51876960986
4539,Bathroom accessories,4938,4938,1.0,0.5,false,1298146.024,285579.23485503095,1583725.2588550309
4544,Bakeware,503,503,1.0,0.5,false,59813.376,4291.68618973306,64105.06218973306
4546,Wash treatment and accessories,1144,1144,1.0,0.5,false,270371.81499999994,21968.504462012308,292340.31946201227
4547,Cleaning products,17454,17454,1.0,0.5,false,507465.035,143782.2188850105,651247.2538850105
4548,Wash treatment and accessories,2291,2290,0.9995635093845482,0.74999999999995,false,28380.071999999967,117.16285503079956,28497.234855030765
4552,Cleaning products,10344,8925,0.8628190255220418,0.999999761581321,false,323977.7100000001,2788.7750529774157,326766.4850529775
4556,Euro articles,5133,5133,1.0,0.5,false,153987.4,7774.243811088291,161761.6438110883
4558,Cleaning products,6892,6840,0.9924550203134068,0.874999999999925,false,65160.816000000006,585.7888624229971,65746.604862423
4559,Cleaning products,2921,2852,0.9763779527559056,0.74999999999995,false,11755.127999999999,77.0585642710472,11832.186564271045
4560,Waste bins,11524,11326,0.9828184658104825,0.874999999999925,false,1625334.515,40768.64974948665,1666103.1647494866
4562,Window and squeegees,540,540,1.0,0.5,false,7302771.209999998,114382.47992032842,7417153.689920327
4563,Stationary,81457,81457,1.0,0.9843749999999032,false,193631.56399999998,2983.0736246406605,196614.63762464066
4564,Residential odors,11759,11557,0.9828216685092269,0.9374999999999125,false,369276.81000000006,1914.6140870636561,371191.4240870637
4566,Personal care,29339,29339,1.0,0.5,false,770948.073,47343.00492936351,818291.0779293635
4567,Window and squeegees,36509,36509,1.0,0.874999999999925,false,1436886.822,24104.38734455853,1460991.2093445584
4576,Electric personal care,10559,10559,1.0,0.874999999999925,false,2284298.4149999996,30908.661020123214,2315207.076020123
4581,Measuring and weighing,5752,5486,0.9537552155771906,0.9999961853026345,false,627526.0319999998,15727.637164681726,643253.6691646815
4589,Other Holidays,15412,15412,1.0,0.5,false,284928.966,37800.639914989726,322729.6059149897
4596,Personal care,714,714,1.0,0.5,false,31460.8,945.1673100616024,32405.967310061602
4620,Candles & Tealights,39765,39765,1.0,0.5,false,486829.5949999999,126891.36526406575,613720.9602640657
4628,Drinks,1331,1331,1.0,0.5,false,391478.19200000004,36582.30138809038,428060.4933880904
4638,Residential odors,12006,12006,1.0,0.74999999999995,false,91206.47899999998,1459.0719507186852,92665.55095071867
4652,Photo frames & albums,29513,29427,0.9970860298851354,0.874999999999925,false,79224.747,616.5681154004109,79841.31511540042
4654,Photo frames & albums,9297,9204,0.9899967731526299,0.74999999999995,false,127453.48,528.9922135523616,127982.47221355236
4683,Personal care,1978,1978,1.0,0.5,false,59894.282,4362.30843367556,64256.59043367556
4685,Boys toys,17,17,1.0,0.5,true,4269.026999999999,118.34317002053395,4387.370170020533
4690,Hobby and creative,13822,13637,0.9866155404427724,0.9980468749999003,false,4856.88,21.902456673511285,4878.782456673512
4701,Residential odors,13673,13673,1.0,0.5,false,77791.34999999999,4220.990082135524,82012.34008213552
4706,Foils and bags,4367,4367,1.0,0.5,false,40480.734,1095.9941568788504,41576.728156878846
4707,Boys toys,1379,1379,1.0,0.5,false,431922.505,4926.387596714577,436848.8925967146
4711,"Glasses (drink, beer, wine etc)",5346,5346,1.0,0.74999999999995,false,53403.94500000003,807.112145790554,54211.05714579058
4715,Drink & food To Go,6125,6125,1.0,0.5,false,367887.54099999997,45295.120811909605,413182.6618119096
4716,Wash treatment and accessories,5160,5072,0.9829457364341085,0.9374999999999125,false,37812.775,168.77229979466105,37981.54729979466
4718,Window and squeegees,21050,21050,1.0,0.5,false,1084951.7489999998,118760.78340000001,1203712.5324
4720,Wash treatment and accessories,17964,17773,0.9893676241371632,0.9374999999999125,false,52805.36799999998,176.13738932238167,52981.50538932236
4726,Drying racks,22840,22654,0.9918563922942206,0.9997558593749001,false,2772576.898000001,39725.31754414779,2812302.215544149
4729,Knives,2520,2520,1.0,0.74999999999995,false,573357.0149999997,20355.911630390165,593712.9266303899
4730,Ironing board textiles,2861,2861,1.0,0.74999999999995,false,195463.01600000003,796.8631195071881,196259.8791195072
4731,Mugs and cups,27558,27558,1.0,0.5,false,887249.8319999999,254256.8585297741,1141506.690529774
4742,Light bulbs,2813,2813,1.0,0.5,false,33746.888,434.3786611909652,34181.266661190966
4746,Hobby and creative,135,135,1.0,0.5,false,18562.67,710.4865203285426,19273.156520328543
4757,Games,1912,1708,0.893305439330544,0.74999999999995,true,70406.76999999996,55.408938398357336,70462.17893839831
4764,Construction,1014,1014,1.0,0.5,false,37225.615000000005,2582.059225872692,39807.674225872695
4770,Vacuuming,9202,9202,1.0,0.5,false,859833.387,296288.6368394248,1156122.0238394248
4773,Tableware,16644,16644,1.0,0.5,false,570141.1309999999,158353.12280657075,728494.2538065707
4776,Store kitchen,19440,19440,1.0,0.74999999999995,false,1004499.0340000003,17393.865258316226,1021892.8992583166
4782,Thermos jugs,13465,13465,1.0,0.5,false,1530331.684,455137.6546349079,1985469.3386349077
4783,Baskets,12952,12952,1.0,0.874999999999925,false,85345.49099999995,300.9276800821357,85646.41868008209
4784,Tools,20852,20792,0.9971225781699598,0.9374999999999125,false,869597.3369999995,3774.4750940451772,873371.8120940446
4785,Cleaning products,5066,4951,0.9772996446900908,0.9374999999999125,false,104445.05400000003,436.6089905544146,104881.66299055445
4786,Personal care,10404,10404,1.0,0.5,false,150683.81999999998,1592.3418316221757,152276.16183162216
4787,Cleaning products,4255,4194,0.9856639247943596,0.9374999999999125,false,76103.33500000002,351.7804924024642,76455.11549240249
4788,Cleaning products,3152,3131,0.9933375634517766,0.874999999999925,false,77611.1,905.4676796714575,78516.56767967147
4793,Personal care,13829,13829,1.0,0.5,false,409892.224,94639.34244271052,504531.5664427105
4794,Wash treatment and accessories,7814,7617,0.9747888405426158,0.5,false,64213.316999999995,3311.376444763864,67524.69344476386
4797,Cleaning products,5054,4930,0.9754649782350613,0.874999999999925,false,265433.30100000004,3776.759911293628,269210.06091129367
4798,Wash treatment and accessories,3232,3232,1.0,0.5,false,118059.26299999999,5766.535165913757,123825.79816591374
4806,Electric personal care,9313,8893,0.9549017502415977,0.9997558593749001,false,492927.1829999998,1876.7300381930174,494803.9130381928
4812,Cooking pans,2493,2183,0.8756518251103088,0.9990234374999001,false,477149.7010000002,7867.307750308007,485017.0087503082
4818,Other Holidays,8297,8297,1.0,0.9995117187499001,true,50195.376,5665.3122825462,55860.688282546194
4841,Stationary,10586,10460,0.9880974872473077,0.9687499999999063,false,317269.1759999999,2889.0025133470294,320158.17851334694
4849,Kitchen tools,1784,1784,1.0,0.5,false,17712.66,125.43143901437371,17838.091439014373
4850,Kitchen tools,1093,1093,1.0,0.5,false,19825.322999999997,135.1972583162218,19960.520258316217
4851,Kitchen tools,803,688,0.8567870485678705,0.5,false,55467.80400000001,337.7465359342917,55805.5505359343
4852,Hobby and creative,519,519,1.0,0.5,false,393862.35,19802.786101848047,413665.13610184804
4857,Hobby and creative,2225,2225,1.0,0.5,false,4014.2689999999993,84.77860698151952,4099.047606981519
4858,Tableware,2241,2214,0.9879518072289156,0.5,false,44927.82,841.1589585215598,45768.97895852156
4859,Tableware,2130,2040,0.9577464788732394,0.74999999999995,false,12839.945999999998,90.3012447638603,12930.24724476386
4864,"Glasses (drink, beer, wine etc)",490,478,0.9755102040816327,0.5,true,29082.129999999986,43.589991786447676,29125.719991786435
4866,Serve and present,985,843,0.8558375634517766,0.74999999999995,false,18537.434999999998,281.4594209445584,18818.894420944554
4873,Toilet cleaners and odors,28709,28604,0.996342610331255,0.9921874999999016,false,130565.60999999997,1088.2335745379876,131653.84357453795
4875,Table paper,4997,4842,0.9689813888333,0.874999999999925,false,30144.211999999992,287.8330661190963,30432.045066119088
4876,Moisture treatment and climate,27466,27466,1.0,0.9374999999999125,false,342345.9339999999,13921.5587301848,356267.4927301847
4880,Window and squeegees,51536,51504,0.999379074821484,0.9687499999999063,false,811198.8990000002,2366.7090209445596,813565.6080209448
4881,Window and squeegees,31522,31332,0.9939724636761627,0.9960937499999007,false,1851972.4159999979,7531.072101848046,1859503.4881018458
4882,Stairs,5598,5598,1.0,0.74999999999995,false,1864764.7200000004,4984.696435318286,1869749.4164353188
4886,Kitchen textile,10402,10402,1.0,0.5,false,563389.26,78869.62600410673,642258.8860041067
4887,Kitchen textile,15698,15698,1.0,0.5,false,339608.49999999994,51465.05572073928,391073.55572073924
4892,Ironing board textiles,10387,10250,0.9868104361220756,0.9921874999999016,false,262288.5929999999,4406.777188501017,266695.3701885009
4894,Bed textile,4659,4659,1.0,0.5,false,346138.40799999994,31546.876093634484,377685.2840936344
4901,Serve and present,3669,3520,0.9593894794221859,0.74999999999995,false,75319.73399999998,569.309031211499,75889.04303121148
4902,Tea and coffee,4644,4539,0.977390180878553,0.9374999999999125,false,62792.149000000005,1159.3066213552365,63951.45562135524
4903,Tea and coffee,259,207,0.7992277992277992,0.5,false,755930.7840000007,1559.5763581108797,757490.3603581116
4904,Light bulbs,4044,3892,0.9624134520276953,0.74999999999995,false,55583.29,206.2964394250513,55789.58643942505
4906,Cleaning products,643,560,0.8709175738724728,0.5,true,23248.700999999986,46.748923613963,23295.44992361395
4907,Tools,26,26,1.0,0.5,true,2693.600000000001,38.07310061601651,2731.673100616017
4915,Light bulbs,6610,6610,1.0,0.74999999999995,false,22239.986999999997,205.3607420944559,22445.347742094455
4917,Personal care,227,227,1.0,0.5,false,210773.74499999997,28277.26054209441,239051.00554209438
4918,Tools,72,5,0.06944444444444445,0.5,true,12170.942000000001,174.02998110882928,12344.97198110883
4921,Baskets,2689,2689,1.0,0.5,false,75747.924,4995.125501026691,80743.04950102669
4922,Light bulbs,1322,1176,0.8895612708018155,0.74999999999995,false,13869.449999999997,77.84740533880905,13947.297405338806
4930,Kitchen tools,1419,1419,1.0,0.5,false,31098.570999999993,570.466402874743,31669.037402874736
4951,Games,2569,2488,0.9684702218762165,0.874999999999925,true,44723.035,642.3304123203278,45365.36541232033
4953,Puzzles,3889,3889,1.0,0.5,false,55979.924000000006,4003.154802464064,59983.07880246407
4962,"Glasses (drink, beer, wine etc)",672,596,0.8869047619047619,0.5,true,26616.135,49.05411991786451,26665.189119917864
4965,"Glasses (drink, beer, wine etc)",658,645,0.9802431610942249,0.5,false,16195.725,103.53539014373713,16299.260390143738
4966,Store kitchen,7858,7858,1.0,0.74999999999995,false,22396.583999999995,1235.6865104722824,23632.270510472277
4970,"Cloths, mops, sponges and brush",24494,24345,0.9939168776026782,0.9960937499999007,false,263055.52,5894.052895277207,268949.57289527723
4974,Kitchen tools,31833,31833,1.0,0.5,false,461067.138,103653.04894373709,564720.1869437371
4978,Window and squeegees,38501,38339,0.9957923170826731,0.874999999999925,false,1106734.5519999997,3022.2481889117066,1109756.8001889114
4982,Ironing board textiles,37696,37518,0.9952780135823429,0.9843749999999032,false,913169.1939999997,7327.401108008208,920496.5951080079
4985,Personal care,14144,14144,1.0,0.5,false,431468.982,69690.76633839835,501159.74833839835
5001,Shopping bags and trolleys,5129,5129,1.0,0.5,false,16158.24,523.5663080082137,16681.806308008214
5008,Measuring and weighing,954,954,1.0,0.5,false,14249.515,814.6452468172484,15064.160246817248
5015,Construction,841,736,0.8751486325802615,0.5,true,67204.62,295.42726694045143,67500.04726694044
5025,Tea and coffee,12603,12478,0.9900817265730382,0.74999999999995,false,270141.634,14122.085674743319,284263.71967474336
5027,Small storage,33261,33175,0.9974143892246174,0.9687499999999063,false,323073.89099999995,1103.0107125256661,324176.90171252564
5033,Bathroom accessories,5936,5730,0.9652964959568733,0.74999999999995,false,728162.9600000002,9716.747950718678,737879.7079507188
5038,Storage boxes,2197,2197,1.0,0.74999999999995,false,1584495.0659999982,6527.817268172474,1591022.8832681708
5039,Baskets,13201,13131,0.9946973714112567,0.874999999999925,false,177072.00000000006,795.8922813141695,177867.89228131424
5040,Wash treatment and accessories,4593,4388,0.9553668626170259,0.9998779296874001,false,29515.835999999996,394.6649445585214,29910.500944558516
5042,Personal care,82981,82981,1.0,0.5,false,609659.8269999999,208691.58648788484,818351.4134878848
5045,Cleaning products,22896,22896,1.0,0.5,false,294035.23099999997,34433.754243531825,328468.9852435318
5047,Cleaning products,7653,7509,0.9811838494707957,0.874999999999925,false,44499.84000000002,277.06012648870643,44776.90012648873
5051,Cleaning products,5931,5931,1.0,0.74999999999995,false,219504.70499999987,1006.4929589322381,220511.1979589321
5052,Commercial non-trade goods,72275,72275,1.0,0.9843749999999032,false,171048.024,2208.1094316221747,173256.13343162218
5057,Foodprep,7670,7473,0.9743155149934811,0.74999999999995,false,1517010.011999999,4849.8883942505,1521859.9003942495
5062,Electric personal care,2404,2163,0.8997504159733777,0.9960937499999007,true,408282.021,1621.1290915811069,409903.1500915811
5063,Pan sets,3446,320,0.09286128845037725,0.999999761581321,true,2711896.949999999,7600.54854209445,2719497.498542093
5066,Bakeware,13569,13569,1.0,0.5,false,3187788.6599999997,937149.2833305958,4124937.9433305953
5067,"BBQ, beach and camping",72603,42326,0.5829786647934658,0.9999999403952553,false,1009485.4000000001,38307.492885010244,1047792.8928850103
5068,Other Holidays,8607,8607,1.0,0.9995117187499001,true,155065.93899999998,11468.70950882955,166534.64850882953
5088,Residential odors,15277,15277,1.0,0.874999999999925,false,194152.22399999987,1628.9571154004084,195781.18111540028
5096,Vases,3339,3240,0.9703504043126685,0.74999999999995,false,126726.59999999998,1038.404291581108,127765.00429158109
5108,Games,2450,2450,1.0,0.5,false,30264.17799999999,584.1779741273099,30848.3559741273
5114,"Glasses (drink, beer, wine etc)",902,902,1.0,0.5,false,21032.220999999998,368.201233264887,21400.422233264886
5117,Store kitchen,11318,11318,1.0,0.5,false,65128.88199999998,1563.344945379878,66692.22694537987
5119,Personal care,6790,6790,1.0,0.9374999999999125,false,34263.964,823.9268960985636,35087.890896098565
5121,Wash treatment and accessories,11114,11114,1.0,0.74999999999995,false,102891.32700000003,4655.808268583168,107547.1352685832
5124,Bakeware,47314,47148,0.9964915247072748,0.9960937499999007,false,1091259.0289999987,11727.835376591369,1102986.8643765901
5125,Foils and bags,40126,40057,0.9982804166874346,0.9687499999999063,false,356785.31000000006,3380.1753913757752,360165.48539137584
5126,Gift,107362,107362,1.0,0.874999999999925,false,961593.1920000007,5562.417652566741,967155.6096525674
5128,Cutlery,14997,14997,1.0,0.9374999999999125,false,307776.5600000002,1313.1133264887064,309089.6733264889
5129,Cutlery,2581,2487,0.9635800077489345,0.74999999999995,false,103869.934,837.0651946611904,104706.99919466118
5134,Kitchen helpers,15008,15008,1.0,0.5,false,562227.666,84146.03262587273,646373.6986258727
5139,Bed textile,1500,1500,1.0,0.5,false,548534.4199999999,90569.34620123197,639103.7662012319
5142,Bath textiles and bath mats,47167,47167,1.0,0.5,false,346189.2629999999,16147.410097330576,362336.6730973305
5144,Bed textile,2056,2056,1.0,0.5,false,490343.48299999995,54216.07640739225,544559.5594073922
5153,Planks,929,929,1.0,0.5,false,39873.581999999995,1928.1477030800813,41801.72970308008
5155,Cutlery,4430,4430,1.0,0.5,false,15756.412,342.06814620123197,16098.480146201233
5156,Clocks,133,133,1.0,0.5,false,116084.605,5762.551194250511,121847.1561942505
5157,Tableware,4676,4676,1.0,0.5,false,12631.807999999999,244.88954086242302,12876.697540862422
5159,Home decoration,370,370,1.0,0.5,false,86960.18100000003,3009.411537166323,89969.59253716635
5160,Waste bins,720,720,1.0,0.5,false,86526.13199999998,7710.794419712527,94236.92641971252
5161,Light bulbs,480,337,0.7020833333333333,0.5,true,6449.296,59.96879589322377,6509.264795893224
5162,Baby / Toddler,583,526,0.902229845626072,0.5,false,17574.339999999993,151.0137310061602,17725.353731006155
5165,Personal care,1247,799,0.640737770649559,0.9990234374999001,false,6126.847999999997,75.18157535934279,6202.02957535934
5175,Toilet cleaners and odors,4229,4136,0.9780089855757862,0.74999999999995,false,33152.168,852.7318788501029,34004.8998788501
5179,Hobby and creative,641,638,0.9953198127925117,0.5,false,5100.291,87.50124763860364,5187.792247638604
5181,Shopping bags and trolleys,6174,6174,1.0,0.5,false,29017.673999999995,1392.2283326488712,30409.902332648868
5186,Hobby and creative,3799,3799,1.0,0.9374999999999125,true,62620.72600000001,145.86449363449685,62766.5904936345
5190,Wash treatment and accessories,4126,4092,0.9917595734367426,0.874999999999925,false,21607.887,148.7083392197126,21756.59533921971
5198,Hobby and creative,190,190,1.0,0.5,false,29293.074999999997,1469.7115482546194,30762.786548254615
5200,Outdoor toys,745,745,1.0,0.5,false,95667.159,4752.56427227926,100419.72327227925
5204,Oven dishes,314,292,0.9299363057324841,0.5,true,6248.374999999999,52.92757494866536,6301.302574948664
5205,Coffee makers and kettles,3772,3772,1.0,0.5,true,785916.684,52037.71881560574,837954.4028156057
5206,"Glasses (drink, beer, wine etc)",6865,6691,0.9746540422432629,0.9687499999999063,false,47535.39700000002,767.8634562628339,48303.260456262855
5210,Vacuuming,4550,4550,1.0,0.5,false,9299294.311999999,884577.4711901436,10183871.783190142
5212,Batteries,81361,81361,1.0,0.5,false,754132.1129999999,185255.5532673509,939387.6662673508
5219,Drink & food To Go,43097,43097,1.0,0.874999999999925,false,1027963.748,34800.57595071874,1062764.3239507189
5221,Toilet accessories,14478,14478,1.0,0.9687499999999063,false,587569.087,10229.19870143736,597798.2857014374
5222,Toilet accessories,34827,34827,1.0,0.5,false,3349288.3200000003,727715.6184312124,4077003.9384312127
5223,"Glasses (drink, beer, wine etc)",765,765,1.0,0.5,false,112833.10500000001,11420.532082135514,124253.63708213552
5227,Wash treatment and accessories,1921,1892,0.984903695991671,0.74999999999995,false,32488.469999999998,218.3143786447637,32706.784378644763
5228,Toilet cleaners and odors,57774,42966,0.7436909336379687,0.9999999403952553,false,955199.6020000002,8167.295725667353,963366.8977256676
5236,Wash treatment and accessories,274,128,0.46715328467153283,0.5,false,20039.375999999997,136.99344394250517,20176.3694439425
5239,Residential odors,6530,6394,0.9791730474732007,0.9687499999999063,false,138528.99199999997,1499.937278028744,140028.92927802872
5241,Phones,12802,12802,1.0,0.74999999999995,false,2006734.1909999996,30994.09190636549,2037728.282906365
5243,Electrical tools,14697,14614,0.9943525889637341,0.9374999999999125,false,5730642.679999996,306494.0140579054,6037136.694057901
5255,Cooking pans,5253,5108,0.9723967256805635,0.9374999999999125,false,193560.19199999995,2786.582262012318,196346.77426201227
5271,Candles & Tealights,36006,35867,0.9961395323001722,0.9921874999999016,false,1298152.8839999998,11543.357181108828,1309696.2411811086
5273,Candles & Tealights,36715,36715,1.0,0.9374999999999125,false,202665.45599999995,1368.075296919918,204033.53129691986
5275,Candles & Tealights,50,0,0.0,0.5,false,30769.536000000004,92.80499383983573,30862.34099383984
5276,Candles & Tealights,16017,4029,0.25154523318973593,0.9999999403952553,true,204094.80000000002,3730.7841067761783,207825.5841067762
5283,Other Holidays,12263,12248,0.9987768082850852,0.9921874999999016,true,61499.86499999999,3438.8771067761786,64938.74210677617
5293,Photo frames & albums,17860,17740,0.9932810750279956,0.874999999999925,false,125670.90900000004,638.835592607802,126309.74459260785
5294,Photo frames & albums,24384,24200,0.9924540682414699,0.9374999999999125,false,100152.45800000001,581.8361650924014,100734.29416509242
5311,Drying racks,6568,6478,0.9862971985383678,0.74999999999995,false,373481.18499999994,3826.0483026694037,377307.23330266937
5315,Hobby and creative,401,230,0.57356608478803,0.5,false,30997.89,147.661047227926,31145.551047227924
5318,Teletoys,360,355,0.9861111111111112,0.5,false,14199.885,40.07322340862423,14239.958223408625
5320,"Cloths, mops, sponges and brush",18502,18502,1.0,0.5,false,89016.928,2623.439014373717,91640.36701437371
5323,Construction,2,2,1.0,0.5,true,19986.54,500.37426735113087,20486.91426735113
5330,"Glasses (drink, beer, wine etc)",887,887,1.0,0.5,false,72490.40400000002,1649.593954825462,74139.99795482549
5335,Commercial non-trade goods,124,124,1.0,0.5,false,116299.00099999997,716.0784739219703,117015.07947392194
5336,Table paper,7275,7275,1.0,0.874999999999925,false,28518.140000000007,414.54325420944565,28932.683254209453
5337,Cutlery,7965,7962,0.9996233521657251,0.74999999999995,false,146351.96099999995,2552.3736948665282,148904.33469486647
5341,Drying racks,9953,9953,1.0,0.9374999999999125,false,1093152.536,5047.159594250516,1098199.6955942507
5343,Kitchen tools,20206,20034,0.9914876769276453,0.9921874999999016,false,585921.5039999998,12864.144640657054,598785.6486406568
5346,Kitchen helpers,243,243,1.0,0.5,false,323852.599,16863.428756468165,340716.02775646816
5347,Kitchen helpers,21447,21447,1.0,0.74999999999995,false,3864381.156999999,130024.3819416837,3994405.538941683
5349,Cutlery,1834,1834,1.0,0.5,false,135657.382,8153.857617248455,143811.23961724847
5353,Bed textile,3577,3577,1.0,0.5,false,537428.276,63332.34280616012,600760.61880616
5360,Mugs and cups,15648,15648,1.0,0.5,false,404498.52799999993,131001.48697166321,535500.0149716631
5375,Tea and coffee,2481,2389,0.9629181781539702,0.874999999999925,false,322090.88799999974,898.0642554414768,322988.9522554412
5376,Vehicles,88368,88368,1.0,0.874999999999925,false,848601.6000000007,3467.9126180698154,852069.5126180705
5377,Boys toys,1711,1711,1.0,0.5,false,417097.107,40585.86714086248,457682.97414086247
5394,Foodprep,6430,6430,1.0,0.5,false,8031352.266000001,2535297.872983986,10566650.138983987
5397,Batteries,60496,60496,1.0,0.9374999999999125,false,341641.0900000001,1204.0864147843963,342845.17641478445
5400,Coffee makers and kettles,32824,31086,0.9470509383378016,0.9999999403952553,false,6534029.893999996,60069.41253921972,6594099.306539215
5401,Bakeware,4209,2598,0.617248752672844,0.999999761581321,true,66903.928,966.6239745379878,67870.55197453799
5404,Store kitchen,6919,6785,0.9806330394565689,0.9687499999999063,false,500024.51099999977,3497.1841774127342,503521.6951774125
5405,"Cloths, mops, sponges and brush",53557,47559,0.8880071699311014,0.9999999403952553,false,482643.58800000034,6574.848758932244,489218.4367589326
5411,Cleaning products,6120,5920,0.9673202614379085,0.874999999999925,false,328460.83199999976,735.1076993839845,329195.93969938374
5414,Cleaning products,1356,1214,0.8952802359882006,0.74999999999995,false,18772.018999999993,254.74891006160158,19026.767910061593
5415,"Cloths, mops, sponges and brush",10826,10826,1.0,0.5,false,160474.16,31920.27702751538,192394.43702751538
5423,Measuring and weighing,1351,1232,0.9119170984455959,0.74999999999995,false,279579.2999999999,2039.4697494866539,281618.7697494865
5424,Special pans,21921,21509,0.9812052369873637,0.9999999403952553,false,3143553.1679999987,44940.532494455845,3188493.7004944547
5441,Candles & Tealights,15284,7574,0.4955509029049987,0.9999999403952553,true,158594.968,3175.3821897330577,161770.35018973306
5451,Party lights,10105,10105,1.0,0.5,false,1202485.5149999997,374178.01567884994,1576663.5306788497
5457,Photo frames & albums,1960,1902,0.9704081632653061,0.74999999999995,false,38422.65,284.9964476386037,38707.6464476386
5458,Stationary,20388,20207,0.9911222287620168,0.9921874999999016,false,674618.9589999999,3675.82026776181,678294.7792677617
5462,Ironing boards,6969,6432,0.9229444683598794,0.9999999403952553,true,861275.9820000001,42380.86526817249,903656.8472681725
5467,Teletoys,442,439,0.9932126696832579,0.5,false,33557.880999999994,226.68610554414798,33784.56710554414
5468,Tea and coffee,2119,1988,0.9381783860311468,0.874999999999925,false,20228.768,118.81328829568791,20347.58128829569
5469,Cooking books,214,178,0.8317757009345794,0.5,true,5198.269999999999,14.315485831622166,5212.585485831621
5472,Bath textiles and bath mats,3683,2088,0.5669291338582677,0.9999990463255837,true,27422.793999999998,307.7724123203286,27730.566412320328
5474,Hobby and creative,2211,2039,0.9222071460877431,0.74999999999995,false,10916.079999999994,79.05856919917862,10995.138569199173
5484,Wash treatment and accessories,8770,8770,1.0,0.5,false,177777.488,13493.978756468174,191271.46675646817
5488,Bakeware,31413,31413,1.0,0.5,false,588046.5499999999,131235.8508008214,719282.4008008214
5491,Vacuuming,251,251,1.0,0.5,false,691582.094,80237.84031498981,771819.9343149898
5492,Bakeware,31111,30975,0.9956285558162707,0.9921874999999016,false,1178957.7239999997,6592.47741232033,1185550.2014123201
5494,Kitchen tools,34433,34433,1.0,0.74999999999995,false,505896.71999999986,78869.19136591369,584765.9113659136
5495,Kitchen tools,95779,95779,1.0,0.9843749999999032,false,774175.1639999998,2356.4594599589363,776531.6234599587
5497,Racks and pockets,15302,15302,1.0,0.5,false,1073052.113,283492.39235400426,1356544.5053540042
5498,Cutlery,16818,16818,1.0,0.5,false,3100115.382,1040828.1594369612,4140943.5414369614
5499,Stairs,4067,4067,1.0,0.74999999999995,false,1482811.3299999996,3831.11644353183,1486642.4464435314
5508,Bath textiles and bath mats,18024,18024,1.0,0.5,false,74104.03,11116.421351129364,85220.45135112936
5516,Mugs and cups,30443,30443,1.0,0.5,false,2806119.96,967602.5856459974,3773722.5456459974
5523,Oven dishes,314,276,0.8789808917197452,0.5,true,2983.386,26.067844763860357,3009.45384476386
5524,Planks,2666,2497,0.9366091522880721,0.874999999999925,false,18356.232999999997,196.61880862423,18552.851808624226
5527,Tableware,5551,5551,1.0,0.5,false,126346.53499999997,3750.4988521560567,130097.03385215603
5530,Foods,460,460,1.0,0.5,false,39331.64199999999,2250.881547433265,41582.52354743326
5536,"Glasses (drink, beer, wine etc)",308,308,1.0,0.5,false,21974.799,1063.5174254620106,23038.31642546201
5540,Wash treatment and accessories,1461,1461,1.0,0.5,false,372896.16,29101.745287885,401997.905287885
5554,Baby / Toddler,36,36,1.0,0.5,true,6057.925999999999,76.54492238193123,6134.47092238193
5563,Electrical tools,5912,5912,1.0,0.5,false,782320.756,118129.96145338796,900450.717453388
5566,"Cloths, mops, sponges and brush",26005,25893,0.995693135935397,0.9999694824217751,false,736448.971999999,18411.750097741267,754860.7220977403
5568,"Cloths, mops, sponges and brush",12087,12034,0.9956151236866054,0.9843749999999032,false,568077.4399999998,4455.169209034909,572532.6092090347
5569,Small storage,13872,13804,0.9950980392156863,0.9687499999999063,false,160132.896,3122.9666956878837,163255.8626956879
5573,Home decoration,19584,19584,1.0,0.5,false,995403.6399999999,326038.2805983564,1321441.9205983563
5581,Puzzles,1034,1034,1.0,0.5,true,39393.375,241.705503901438,39635.08050390144
5582,Puzzles,3290,3290,1.0,0.74999999999995,false,23375.967999999975,491.6482858316216,23867.6162858316
5583,Hobby and creative,2981,2784,0.9339147936933915,0.874999999999925,false,45645.90100000002,261.0427494866532,45906.94374948667
5588,Batteries,78336,78281,0.9992978962418301,0.9999389648436501,false,450855.86,2591.3276714579056,453447.1876714579
5593,Foodprep,32042,31979,0.998033830597341,0.9997558593749001,false,22673127.204000004,145874.2664882957,22819001.4704883
5596,Kitchen tools,8926,8224,0.9213533497647323,0.9999990463255837,false,981875.1670000007,15765.117783572892,997640.2847835736
5597,Buckets,164,86,0.524390243902439,0.5,false,466295.564,857.9833190965078,467153.5473190965
5598,Window and squeegees,17484,17305,0.9897620681766186,0.9687499999999063,false,399777.6649999998,1313.1715687885005,401090.8365687883
5599,Window and squeegees,15144,15015,0.9914817749603804,0.9980468749999003,false,359063.9219999999,1914.6954394250488,360978.61743942497
5602,Cleaning products,14925,14925,1.0,0.74999999999995,false,311805.1789999998,4605.509174948657,316410.6881749485
5603,Bathroom accessories,10899,10733,0.9847692448848518,0.9374999999999125,false,390634.475,1088.7442956878845,391723.21929568786
5604,Table textiles,1746,1546,0.8854524627720504,0.5,false,100086.40599999999,1204.4421125256674,101290.84811252565
5606,Bathroom accessories,5908,5742,0.9719025050778606,0.9687499999999063,false,234348.51299999998,1227.4691774127296,235575.98217741272
5608,Laundry baskets,20500,20500,1.0,0.9374999999999125,false,1335396.0970000003,105394.70906899389,1440790.806068994
5609,Storage boxes,16324,16324,1.0,0.74999999999995,false,619738.5249999999,44987.26769117044,664725.7926911704
5610,Baskets,13421,13256,0.987705834140526,0.74999999999995,false,149329.355,1453.4577351129371,150782.81273511294
5611,Baskets,8788,8741,0.9946517979062358,0.9374999999999125,false,117304.92200000006,502.1375716632447,117807.05957166331
5613,Baskets,10314,10299,0.9985456660849331,0.874999999999925,false,110926.20000000004,439.62260698151977,111365.82260698156
5614,Baskets,8319,8215,0.9874984974155547,0.9374999999999125,false,95035.31099999997,257.95699137577014,95293.26799137575
5615,Drink & food To Go,11290,11290,1.0,0.874999999999925,false,335240.76600000006,29599.925691991815,364840.6916919919
5616,Personal care,68357,68334,0.9996635311672543,0.9990234374999001,false,143552.5,1378.4433778234095,144930.94337782342
5617,Cleaning products,11644,11467,0.9847990381312264,0.9997558593749001,false,358734.83799999993,4109.105560574953,362843.9435605749
5618,Others,4868,4868,1.0,0.74999999999995,false,126410.03899999998,4536.992536755651,130947.03153675563
5620,Oven dishes,184,184,1.0,0.5,false,13002.632999999998,280.7483618069815,13283.38136180698
5621,Personal care,2795,2795,1.0,0.5,false,24184.44,2044.8620205338818,26229.30202053388
5622,Wash treatment and accessories,4894,4829,0.986718430731508,0.9374999999999125,false,81141.80200000001,353.6250024640655,81495.42700246407
5625,Wash treatment and accessories,8941,8941,1.0,0.5,false,453285.315,81522.51622915811,534807.8312291581
5629,Cleaning products,2749,2749,1.0,0.74999999999995,false,25254.459999999992,194.30964229979503,25448.769642299787
5634,Stationary,10037,10021,0.9984058981767461,0.9687499999999063,false,149322.943,1877.297055441477,151200.24005544148
5635,Window and squeegees,69857,69668,0.9972944729948323,0.9999923706053688,false,1199027.48,7243.736699794661,1206271.2166997946
5638,Electric personal care,35727,35567,0.9955215943124248,0.9843749999999032,false,3015237.0780000007,6322.717386036954,3021559.795386038
5640,Electric personal care,3106,3046,0.9806825499034127,0.874999999999925,false,448602.8399999997,11962.397568788509,460565.2375687882
5642,Electric personal care,16096,15997,0.9938494035785288,0.874999999999925,false,1198960.5179999995,8465.659307186846,1207426.1773071864
5644,Electric personal care,17241,17053,0.9890957601067224,0.9374999999999125,false,1378745.732000001,3765.745797946609,1382511.4777979476
5650,Pan sets,1792,1051,0.5864955357142857,0.9999847412108376,true,318769.1079999998,9025.58544640655,327794.69344640634
5652,Partyfun,23400,23400,1.0,0.874999999999925,false,156736.07599999986,534.3938447638603,157270.46984476372
5653,Pan sets,1992,1992,1.0,0.5,false,5140373.385,966686.2735749482,6107059.658574948
5660,Personal care,1930,1930,1.0,0.5,false,58763.432,3403.982287885011,62167.41428788501
5677,Foods,125,125,1.0,0.5,false,25029.332999999995,952.3099749486644,25981.64297494866
5709,"TV, Audio & Video",5730,4199,0.7328097731239093,0.9999998807906105,true,296251.38200000004,1587.4220188911713,297838.8040188912
5710,Drink & food To Go,7956,0,0.0,0.9999999403952553,true,178733.78600000002,2207.8350862423017,180941.62108624232
5713,Electric personal care,20758,20758,1.0,0.5,false,2714255.221999999,543971.5797778225,3258226.8017778215
5725,"Cloths, mops, sponges and brush",16396,16281,0.9929860941693096,0.9687499999999063,false,60051.87999999999,824.5303737166321,60876.41037371662
5726,Kitchen helpers,276,252,0.9130434782608695,0.5,true,6184.562999999998,120.52479548254624,6305.087795482545
5727,Hobby and creative,806,738,0.9156327543424317,0.5,false,37702.259,299.0516110882957,38001.310611088295
5736,Planks,16247,16247,1.0,0.5,false,2474628.9749999996,714918.3041560579,3189547.2791560576
5742,Storage boxes,3139,3139,1.0,0.74999999999995,false,1065943.382,6325.089184394251,1072268.4711843943
5746,Planks,1069,1018,0.9522918615528532,0.5,true,75157.27100000001,211.47135112936343,75368.74235112937
5747,Wash treatment and accessories,1501,1470,0.9793471019320453,0.874999999999925,false,24300.087000000007,114.56714291581079,24414.654142915817
5748,Personal care,91,91,1.0,0.5,false,133985.43899999998,10704.168942505126,144689.6079425051
5749,Cleaning products,20223,18320,0.905899223656233,0.9999999403952553,false,195639.56999999995,6689.16251334704,202328.732513347
5751,Cleaning products,2492,2436,0.9775280898876404,0.874999999999925,false,150663.408,668.7267252566713,151332.13472525668
5753,Wash treatment and accessories,15747,15589,0.9899663427954531,0.74999999999995,false,621872.3209999998,2637.816528542096,624510.1375285418
5757,Cleaning products,46232,38361,0.8297499567399204,0.9999999403952553,false,108333.86200000001,2347.1005433264886,110680.9625433265
5761,Bathroom accessories,34955,34955,1.0,0.9960937499999007,false,263497.18499999994,3674.982932648867,267172.1679326488
5772,Foodprep,5605,5460,0.9741302408563782,0.874999999999925,false,1045189.5999999997,3248.871599178645,1048438.4715991784
5773,Electric personal care,10193,10143,0.9950946728146768,0.5,false,812393.0289999999,58158.15223983568,870551.1812398356
5804,Others,783,783,1.0,0.74999999999995,false,54308.856,833.4855326488706,55142.34153264887
5805,Candles & Tealights,9363,9363,1.0,0.5,false,188669.31999999998,30454.4303589322,219123.7503589322
5807,Drink & food To Go,4519,4519,1.0,0.5,false,34843.312000000005,3756.1774850102674,38599.48948501027
5815,Residential odors,20367,20312,0.997299553198802,0.9687499999999063,false,262831.856,3159.0202086242334,265990.8762086243
5820,Photo frames & albums,13267,13267,1.0,0.874999999999925,false,60029.97000000001,757.773854620123,60787.74385462013
5821,Photo frames & albums,2988,2831,0.9474564926372155,0.874999999999925,false,59046.75,214.5085318275153,59261.258531827516
5827,Foodprep,2734,2568,0.9392831016825165,0.9374999999999125,true,553877.2750000001,2200.9457351129377,556078.220735113
5837,Drying racks,2915,2619,0.8984562607204116,0.9960937499999007,true,97461.73499999996,436.835905544148,97898.57090554411
5838,Hobby and creative,10,10,1.0,0.5,true,5317.871999999999,387.03745708419,5704.90945708419
5839,"Cloths, mops, sponges and brush",20371,20371,1.0,0.5,false,173368.076,12854.81516714578,186222.89116714578
5840,Construction,406,406,1.0,0.5,true,19093.843999999997,366.5595794661192,19460.403579466118
5843,Kitchen tools,1089,973,0.8934802571166207,0.5,false,21616.727999999996,189.29059630390137,21806.018596303897
5845,Kitchen tools,1017,968,0.951819075712881,0.5,false,52599.45599999999,359.39028008213535,52958.84628008213
5848,Bath textiles and bath mats,3905,2269,0.5810499359795135,0.9999995231627419,true,44222.01,668.6445305954824,44890.654530595486
5850,Tableware,1482,0,0.0,0.9999847412108376,true,48177.465,16.10751457905544,48193.57251457905
5851,Hobby and creative,930,818,0.8795698924731182,0.74999999999995,true,954.1,10.265547433264882,964.3655474332649
5857,Bathroom accessories,7208,7013,0.9729467258601554,0.874999999999925,false,577177.0479999998,1519.5095827515395,578696.5575827514
5858,Racks and pockets,19847,19714,0.993298735325238,0.874999999999925,false,583779.5879999998,673.4392804928127,584453.0272804926
5859,Waste bags,32709,32573,0.9958421229630988,0.9999694824217751,false,793740.864,5083.320266119094,798824.184266119
5861,Construction,694,694,1.0,0.5,false,76098.323,2395.920242299796,78494.2432422998
5863,Baskets,7560,7386,0.976984126984127,0.874999999999925,false,111878.73199999999,857.4491917864475,112736.18119178644
5864,Storage boxes,3305,3207,0.9703479576399395,0.9843749999999032,true,96030.01099999995,3477.9136747433245,99507.92467474328
5866,Storage boxes,140,140,1.0,0.5,false,292739.69899999996,27905.822612320306,320645.52161232027
5867,Storage boxes,6104,6104,1.0,0.74999999999995,false,160942.46,1944.6282874743329,162887.08828747433
5868,Cleaning products,13087,12923,0.9874684801711622,0.9960937499999007,false,484216.95000000024,2096.0689322381904,486313.01893223845
5869,Cleaning products,3231,3027,0.9368616527390901,0.9687499999999063,true,47931.086,307.996317453799,48239.0823174538
5870,Cleaning products,23645,23467,0.9924719813914147,0.9843749999999032,false,299455.758,1708.5966357289467,301164.35463572893
5871,Cleaning products,16862,13117,0.7779029771082908,0.9999999403952553,false,143337.12399999992,1165.740179055442,144502.86417905535
5872,Baskets,3880,3880,1.0,0.5,false,140567.0,11008.94350349076,151575.94350349077
5874,Cleaning products,4646,4499,0.9683598794662075,0.74999999999995,false,272587.854,3914.1815396303828,276502.0355396304
5878,Dishwashing articles,88,0,0.0,0.5,false,186824.75699999998,176.1301823408625,187000.88718234084
5880,Residential odors,8291,8252,0.9952961042093836,0.9374999999999125,false,182647.66799999998,1363.0471293634473,184010.7151293634
5895,Electric personal care,8199,8199,1.0,0.74999999999995,false,431382.952,5020.251870225869,436403.2038702259
5896,Electric personal care,4295,4252,0.9899883585564611,0.74999999999995,false,637261.5060000002,2280.7760119096506,639542.2820119099
5897,"TV, Audio & Video",235,235,1.0,0.5,false,288640.8,21406.748836139624,310047.5488361396
5899,Frying pans,16590,14174,0.8543701024713682,0.9999999403952553,false,2585837.7930000015,25246.584655030772,2611084.377655032
5915,Candles & Tealights,18492,7539,0.40768981181051267,0.9999999403952553,true,203948.27599999995,3435.917831622176,207384.19383162213
5918,Candles & Tealights,22346,22336,0.9995524926161282,0.9374999999999125,false,278505.4299999999,1323.2204209445588,279828.65042094444
5919,Residential odors,2090,2064,0.9875598086124402,0.74999999999995,false,28038.77999999999,1063.005839014374,29101.785839014367
5922,Drinks,1618,1618,1.0,0.5,false,439282.55000000005,42930.02365954827,482212.5736595483
5924,Cooking books,103,103,1.0,0.5,false,55450.43,4974.124983572891,60424.55498357289
5931,Residential odors,8151,7964,0.9770580296896086,0.9374999999999125,false,158149.264,2107.8239445585195,160257.0879445585
5941,Kitchen helpers,7753,7729,0.9969044240938991,0.9374999999999125,false,54345.63400000001,168.75080821355246,54514.38480821357
5943,Stationary,40808,40808,1.0,0.9374999999999125,false,836694.53,2520.608065708415,839215.1380657085
5946,Clocks,5990,5790,0.9666110183639399,0.874999999999925,false,308022.155,978.2236098562624,309000.3786098563
5948,Stationary,11671,11671,1.0,0.5,true,85147.804,2699.1144131416827,87846.91841314168
5951,Stationary,31596,31570,0.9991771110267123,0.9374999999999125,false,71633.44999999998,169.51613963039014,71802.96613963037
5955,Racks and pockets,2665,2665,1.0,0.9997558593749001,true,208102.34900000002,13634.27754004106,221736.62654004106
5959,Construction,972,972,1.0,0.5,true,7464.408,49.5616098562628,7513.969609856264
5971,Construction,340,340,1.0,0.5,false,22003.848999999995,273.2220020533882,22277.071002053384
5974,Girls toys,657,646,0.9832572298325722,0.5,true,15103.536000000004,38.00915482546203,15141.545154825466
5977,Cleaning products,26230,24992,0.9528021349599695,0.9999999403952553,false,626408.692,4652.37380410677,631061.0658041068
5981,Window and squeegees,9923,9819,0.989519298599214,0.9843749999999032,false,1125622.6239999996,3798.3761125256724,1129421.0001125252
5982,"Glasses (drink, beer, wine etc)",503,503,1.0,0.5,false,61775.280000000006,2308.5042135523604,64083.78421355237
5983,"Glasses (drink, beer, wine etc)",940,940,1.0,0.5,false,54582.311,3406.3373581108845,57988.648358110884
5987,Baskets,8440,8440,1.0,0.5,false,261030.588,31440.369337166325,292470.9573371663
5989,Baskets,13532,13505,0.998004729530003,0.874999999999925,false,102976.61500000003,406.44383162217605,103383.05883162221
5991,Cleaning products,47876,47876,1.0,0.874999999999925,false,379856.86199999996,2504.068839425051,382360.930839425
5992,Cleaning products,28447,28299,0.9947973424262664,0.874999999999925,false,308779.24699999986,1309.8560956878862,310089.10309568775
5993,Wash treatment and accessories,589,589,1.0,0.5,false,353935.7639999998,1268.0625511293636,355203.82655112917
5994,Wash treatment and accessories,3293,3138,0.952930458548436,0.874999999999925,false,108019.61099999998,340.77251088295634,108360.38351088294
5995,Toilet cleaners and odors,22789,22612,0.992233094914213,0.874999999999925,false,208897.89200000002,6378.209122792599,215276.10112279264
5997,Cleaning products,6986,6986,1.0,0.74999999999995,false,168773.22000000012,2342.7863039014364,171116.00630390155
5999,Cleaning products,7591,7444,0.9806349624555395,0.9687499999999063,false,416951.2620000001,1453.0725080082143,418404.3345080083
6000,Cleaning products,26946,26946,1.0,0.5,false,331678.256,44796.85679014375,376475.11279014376
6001,Wash treatment and accessories,18385,18385,1.0,0.74999999999995,false,437044.13200000004,44934.591906365415,481978.72390636546
6003,Waste bins,2949,456,0.15462868769074262,0.9999990463255837,true,330609.37,1091.9577815195064,331701.3277815195
6006,Residential odors,3854,3854,1.0,0.9374999999999125,false,160644.01499999998,1235.8653511293628,161879.88035112934
6009,Cleaning products,7102,7008,0.9867642917488032,0.9687499999999063,false,208603.20599999992,1744.449612320327,210347.65561232023
6010,Personal care,15172,15172,1.0,0.5,false,394699.61999999994,95307.49039014362,490007.1103901436
6015,Coffee makers and kettles,4407,4407,1.0,0.74999999999995,false,164385.64800000002,10106.179436550297,174491.82743655032
6018,Coffee makers and kettles,10818,10754,0.9940839341837678,0.874999999999925,false,3746220.870000001,9000.870188501036,3755221.7401885022
6024,Measuring and weighing,41584,41584,1.0,0.5,false,3030867.966,1047767.7593088284,4078635.7253088285
6029,Partyfun,24657,24657,1.0,0.874999999999925,false,153183.40800000005,489.3053470225869,153672.71334702265
6040,Personal care,1830,1830,1.0,0.5,false,159665.75099999993,19038.577082546217,178704.32808254616
6052,Candles & Tealights,55909,55813,0.9982829240372748,0.9843749999999032,false,2166428.572,7036.019872689948,2173464.5918726902
6053,Candles & Tealights,74177,74018,0.9978564784232309,0.874999999999925,false,461966.9669999998,866.1426628336744,462833.10966283345
6069,Clocks,16793,16793,1.0,0.5,false,912390.6960000001,103104.40339219711,1015495.0993921972
6071,Photo frames & albums,21370,21302,0.9968179691155826,0.74999999999995,false,88312.79800000001,1194.1254521560568,89506.92345215607
6075,Stationary,27641,27641,1.0,0.9374999999999125,false,426709.1780000003,1580.6715063655017,428289.84950636583
6078,Drink & food To Go,9077,8178,0.9009584664536742,0.9999980926512673,true,445594.84899999993,7480.593575359333,453075.44257535925
6080,Drink & food To Go,11945,939,0.07861029719547928,0.9999999403952553,true,187886.076,2704.4766287474363,190590.55262874745
6082,Electric personal care,5430,5406,0.9955801104972376,0.74999999999995,true,489918.072,323.67371581108796,490241.7457158111
6095,Construction,597,597,1.0,0.5,false,15743.699999999997,335.8081281314167,16079.508128131414
6098,Batteries,309,242,0.7831715210355987,0.5,true,5518.436,19.10536016427104,5537.54136016427
6107,Ironing,982,636,0.6476578411405295,0.9687499999999063,true,126677.93599999999,692.1867006160164,127370.122700616
6108,Ironing,3357,2782,0.8287161155793864,0.9999389648436501,false,159013.428,321.51858110882944,159334.94658110884
6109,Hobby and creative,1146,1146,1.0,0.5,false,3552.4719999999998,61.937362628336736,3614.4093626283366
6139,Foods,795,795,1.0,0.5,false,21739.871999999996,922.0555926078025,22661.927592607797
6140,Store kitchen,6400,6207,0.96984375,0.9374999999999125,false,190554.50400000004,1436.590009034909,191991.09400903495
6143,Drink & food To Go,12860,12860,1.0,0.874999999999925,false,946090.8799999998,47622.7027248461,993713.5827248459
6144,Bathroom accessories,79927,79927,1.0,0.5,false,1633484.0339999998,554310.4957117048,2187794.5297117047
6145,Cooking pans,943,736,0.7804878048780488,0.74999999999995,false,14576.786000000002,228.88781396303918,14805.673813963042
6152,Storage boxes,14736,14736,1.0,0.74999999999995,false,1197299.2079999999,56895.6637010266,1254194.8717010266
6154,Thermos jugs,2099,1959,0.9333015721772272,0.74999999999995,false,39337.606,222.4773174537988,39560.0833174538
6155,Storage boxes,6880,6880,1.0,0.74999999999995,false,240584.23199999993,3250.030500205339,243834.26250020528
6157,Wash treatment and accessories,14196,13977,0.9845731191885038,0.9980468749999003,false,443743.5869999998,1881.5871585215577,445625.1741585214
6158,Personal care,74272,74238,0.9995422231796639,0.74999999999995,false,1494917.4239999996,17388.07460533876,1512305.4986053384
6159,Cleaning products,7450,7306,0.9806711409395973,0.9921874999999016,false,148042.43999999994,1003.5793921971241,149046.01939219708
6162,Wash treatment and accessories,22734,22734,1.0,0.9843749999999032,false,472393.51599999995,31215.603701026677,503609.11970102665
6168,"Cloths, mops, sponges and brush",10657,10496,0.9848925588814863,0.9374999999999125,false,585345.2429999999,2255.532105954824,587600.7751059547
6174,Coffee makers and kettles,25984,25834,0.9942272167487685,0.9374999999999125,false,1623905.1779999994,10846.75498398357,1634751.9329839828
6184,Special pans,13360,13236,0.9907185628742515,0.9999995231627419,false,4785342.806999999,76532.58208336751,4861875.389083367
6190,Bags and backpacks,18716,18681,0.9981299422953622,0.9374999999999125,false,760941.601,2230.0867667351154,763171.6877667351
6215,Vases,2031,2004,0.9867060561299852,0.74999999999995,false,62488.503000000004,250.45126940451752,62738.95426940452
6216,Candles & Tealights,10442,10442,1.0,0.5,false,784988.2459999999,233247.91611745377,1018236.1621174538
6227,Clocks,10540,10540,1.0,0.74999999999995,false,207907.32899999994,3776.2460595482526,211683.5750595482
6233,"Glasses (drink, beer, wine etc)",205,205,1.0,0.5,false,56501.39599999999,727.8498981519506,57229.245898151945
6238,Batteries,234,168,0.717948717948718,0.5,true,2058.42,5.795712525667363,2064.2157125256676
6245,Storage boxes,410,410,1.0,0.5,false,690009.894,54568.79175770016,744578.6857577001
6246,"Glasses (drink, beer, wine etc)",548,548,1.0,0.5,false,7633.184999999999,150.55286940451742,7783.7378694045165
6248,Storage boxes,8281,8206,0.9909431228112546,0.874999999999925,false,318503.9199999996,920.4755646817233,319424.3955646813
6250,Cleaning products,5549,5370,0.967741935483871,0.9374999999999125,false,130549.41899999995,486.93147022587254,131036.35047022582
6251,Storage boxes,884,884,1.0,0.5,false,105759.35999999999,2000.6256427104738,107759.98564271045
6256,Light bulbs,777,763,0.9819819819819819,0.5,false,22635.347,130.86525297741272,22766.212252977413
6257,Wash treatment and accessories,29816,29816,1.0,0.9374999999999125,false,510815.00399999996,39160.010204517486,549975.0142045175
6258,Cleaning products,5109,4957,0.9702485809356038,0.874999999999925,false,155120.735,1520.3228792607815,156641.05787926077
6259,Wash treatment and accessories,47852,47852,1.0,0.9374999999999125,false,1981257.3759999995,87180.01149240248,2068437.387492402
6261,Cleaning products,3273,3200,0.977696303085854,0.9374999999999125,false,38786.999999999985,299.26164271047196,39086.26164271046
6264,Waste bins,6155,6155,1.0,0.74999999999995,false,535140.2,62031.172258726816,597171.3722587267
6266,Shoe maintenance,2141,2001,0.9346099953292853,0.9374999999999125,false,49370.23,615.9450090349068,49986.17500903491
6267,Residential odors,4928,4779,0.9697646103896104,0.9687499999999063,false,68448.394,925.7266283367549,69374.12062833675
6268,Residential odors,5989,5893,0.9839706127901152,0.9374999999999125,false,90406.316,770.5675778234088,91176.88357782342
6269,Window and squeegees,74367,74367,1.0,0.874999999999925,false,478112.1519999999,4830.713752772071,482942.86575277196
6272,Foodprep,58678,58669,0.999846620539214,0.9998779296874001,false,8449816.612999996,77837.35521026707,8527653.968210263
6273,Sockets and security,7321,7321,1.0,0.5,false,511300.33499999996,38452.97128624232,549753.3062862423
6274,Coffee makers and kettles,162,162,1.0,0.5,false,22565816.336,4763091.815465301,27328908.1514653
6297,Candles & Tealights,6563,6563,1.0,0.5,false,99361.07999999999,16977.283983572903,116338.3639835729
6301,Candles & Tealights,784,784,1.0,0.5,false,198398.36800000002,37472.063068583186,235870.43106858322
6307,Foods,4556,4556,1.0,0.5,false,28826.027999999988,1564.1675963039004,30390.19559630389
6308,Others,18875,18875,1.0,0.5,false,71570.38,4530.123127720734,76100.50312772075
6309,Other Holidays,30035,30035,1.0,0.9980468749999003,true,30965.452,3035.364745790548,34000.81674579055
6332,Photo frames & albums,1483,1368,0.9224544841537424,0.74999999999995,false,57061.977000000006,280.4837675564683,57342.46076755648
6334,Photo frames & albums,16563,16563,1.0,0.874999999999925,false,92461.77500000002,781.1389835728947,93242.91398357291
6347,Window and squeegees,2949,2834,0.9610037300779926,0.9999990463255837,true,69657.30799999999,555.1596193018482,70212.46761930184
6349,Store kitchen,868,717,0.826036866359447,0.74999999999995,true,57211.98,403.2735474332652,57615.25354743327
6351,Tableware,6217,4859,0.7815666720283094,0.9999999403952553,true,1421043.9319999996,25232.127090759786,1446276.0590907594
6367,Store kitchen,927,739,0.7971952535059331,0.874999999999925,true,32513.753999999997,123.29514825462019,32637.049148254617
6369,Drink & food To Go,450,450,1.0,0.5,false,24563.56,607.1606702258721,25170.720670225874
6371,Thermos jugs,2081,2057,0.988467083133109,0.874999999999925,false,179990.356,1556.7233593429169,181547.07935934293
6375,Bathroom scales,1323,1323,1.0,0.5,false,261150.38599999994,11704.724947022574,272855.1109470225
6380,Hobby and creative,4532,4466,0.9854368932038835,0.74999999999995,false,119148.37199999994,1016.8345979466117,120165.20659794656
6387,Baby / Toddler,2500,2314,0.9256,0.5,false,143196.326,5701.194995482541,148897.52099548254
6403,Small storage,32297,32297,1.0,0.9374999999999125,false,463190.8749999998,1724.5847622176625,464915.4597622175
6406,Foils and bags,45165,45165,1.0,0.9990234374999001,false,260587.87999999992,3013.43963039015,263601.3196303901
6407,Shoe maintenance,16182,16182,1.0,0.5,false,319034.71599999996,96275.91677700206,415310.632777002
6408,Cleaning products,9609,9405,0.9787699032157352,0.9374999999999125,false,252494.99800000002,1879.2885108829578,254374.286510883
6411,Buckets,30120,30058,0.9979415670650731,0.9960937499999007,false,1117696.9440000004,5024.89688049281,1122721.8408804932
6414,Baskets,4342,4342,1.0,0.74999999999995,false,129215.75799999999,3552.0871236139637,132767.84512361395
6417,Wash treatment and accessories,4960,4852,0.978225806451613,0.9374999999999125,false,44021.502,115.86709034907591,44137.36909034908
6418,Cleaning products,33663,33452,0.993731990612839,0.9843749999999032,false,781962.5169999994,2872.7657043121167,784835.2827043115
6419,Personal care,10361,10361,1.0,0.9374999999999125,false,54572.33599999999,409.704796714578,54982.040796714566
6420,Cleaning products,22293,22148,0.993495716144081,0.9843749999999032,false,192380.19500000004,757.2483285420944,193137.44332854214
6421,Cleaning products,7599,7578,0.9972364784840111,0.874999999999925,false,267807.785,666.7429568788513,268474.5279568788
6423,Personal care,8314,8252,0.9925426990618235,0.74999999999995,false,157359.79000000004,974.913041067763,158334.7030410678
6428,Cleaning products,5201,5201,1.0,0.9980468749999003,true,146053.152,1899.6987400410665,147952.85074004106
6429,Wash treatment and accessories,16387,16387,1.0,0.5,false,1294462.5329999998,94753.81639507176,1389216.3493950716
6430,Waste bins,4577,4577,1.0,0.74999999999995,false,500309.27099999995,74909.56889938394,575218.839899384
6433,Shoe maintenance,1581,1401,0.8861480075901328,0.874999999999925,false,378231.96599999996,7480.506263655025,385712.472263655
6434,Phones,9897,9897,1.0,0.5,false,110916.358,35346.4048517453,146262.7628517453
6437,Electric personal care,26464,26464,1.0,0.874999999999925,false,5723047.330000001,187592.59578234056,5910639.9257823415
6440,Electric personal care,3671,3575,0.9738490874421138,0.874999999999925,false,744259.1940000003,10584.458832032853,754843.6528320331
6442,Electric personal care,17955,17798,0.9912559175717071,0.9998779296874001,false,1170940.05,23638.475635318242,1194578.5256353184
6513,Reading glasses,2979,2197,0.7374958039610607,0.9999961853026345,true,25519.178999999996,370.95339466119066,25890.13239466119
6515,Construction,393,393,1.0,0.5,false,28439.376,728.3061112936348,29167.682111293634
6517,Ironing,6282,5835,0.9288443170964661,0.9999980926512673,true,286166.202,1237.4973227926082,287403.6993227926
6520,Insecticides,46,46,1.0,0.5,true,18278.16899999999,56.18104558521569,18334.350045585208
6522,Kitchen tools,801,747,0.9325842696629213,0.5,false,28660.303000000007,224.191932238193,28884.4949322382
6523,Bathroom accessories,13412,13201,0.9842678198628094,0.9998779296874001,false,72629.50799999999,308.2977831622176,72937.8057831622
6524,Foodprep,13168,13168,1.0,0.5,false,5256293.182,1720691.2032932201,6976984.38529322
6526,Batteries,8920,8795,0.9859865470852018,0.9687499999999063,false,98207.36799999996,409.43574948665326,98616.80374948661
6527,Batteries,32806,32732,0.9977443150643175,0.9843749999999032,false,648479.9999999999,3092.6648139630383,651572.6648139629
6528,Sockets and security,25950,25783,0.9935645472061657,0.9687499999999063,false,219933.82600000006,693.633403696097,220627.45940369615
6533,Bath textiles and bath mats,27411,27382,0.9989420305716683,0.874999999999925,false,2826501.762,17600.26356714579,2844102.025567146
6534,Hobby and creative,613,613,1.0,0.5,false,24410.231999999996,842.3590201232026,25252.5910201232
6538,Home decoration,1097,857,0.7812215132178669,0.9374999999999125,false,36480.59799999999,352.61219876796713,36833.210198767956
6540,Cleaning products,17557,17369,0.9892920202768126,0.9687499999999063,false,203698.69799999997,1054.820887063655,204753.51888706363
6541,Personal care,314,314,1.0,0.5,false,41128.983,3385.6739963039104,44514.65699630391
6544,Wash treatment and accessories,10465,10389,0.9927376970855232,0.874999999999925,false,454977.93599999975,1937.8364648870659,456915.77246488683
6545,Foods,849,849,1.0,0.5,false,28332.779999999995,950.7935852156056,29283.5735852156
6546,Cleaning products,7365,7359,0.9991853360488798,0.874999999999925,false,209238.62399999998,836.8560887063653,210075.48008870636
6547,Cleaning products,79621,79621,1.0,0.5,false,811031.5849999998,199055.65349117038,1010087.2384911702
6548,Cleaning products,3068,3025,0.9859843546284224,0.874999999999925,false,104309.506,1308.988075564682,105618.49407556468
6549,Cleaning products,18329,18329,1.0,0.9687499999999063,false,116868.871,574.0451363449702,117442.91613634497
6552,Cleaning products,3488,3479,0.9974197247706422,0.74999999999995,false,24119.424,238.21089117043087,24357.63489117043
6553,Cleaning products,8772,8772,1.0,0.874999999999925,false,40039.804000000004,1477.8616640657067,41517.66566406571
6558,Cleaning products,2632,2550,0.9688449848024316,0.874999999999925,false,17498.138,106.1134599589322,17604.25145995893
6559,Personal care,27167,27167,1.0,0.5,false,399834.925,96175.7002751541,496010.6252751541
6562,Shoe maintenance,4917,4917,1.0,0.74999999999995,false,3368575.217000002,18808.02320821351,3387383.2402082155
6563,Residential odors,22580,22565,0.9993356953055802,0.874999999999925,false,519453.466,2081.0866123203286,521534.55261232035
6564,Sockets and security,8203,8203,1.0,0.5,false,1899041.802,586097.7528086244,2485139.554808624
6565,Coffee makers and kettles,151,151,1.0,0.5,false,3645444.411,363717.2680681727,4009161.6790681724
6566,Electric personal care,8990,8906,0.9906562847608453,0.74999999999995,false,1172602.375,27834.06649199175,1200436.4414919917
6567,(Steam) cleaners,369,369,1.0,0.5,false,651418.95,30057.47938398355,681476.4293839835
6568,Electric personal care,9237,9152,0.9907978780989499,0.74999999999995,false,993154.0079999997,5584.320362217661,998738.3283622173
6578,Frying pans,6815,6815,1.0,0.5,false,3494716.5400000005,313651.2448583162,3808367.7848583166
6583,Partyfun,8893,8893,1.0,0.9980468749999003,true,54965.06399999999,2865.061392197127,57830.12539219712
6587,Personal care,93,93,1.0,0.5,false,68191.256,6647.951601642701,74839.2076016427
6619,Candles & Tealights,39432,39432,1.0,0.74999999999995,false,80899.28000000006,433.709800410678,81332.98980041074
6625,Photo frames & albums,10658,10658,1.0,0.874999999999925,false,156389.87,803.6585585215599,157193.52855852156
6628,Photo frames & albums,1548,1438,0.9289405684754521,0.74999999999995,false,87306.84899999999,373.5073281314168,87680.3563281314
6632,Stationary,11831,11734,0.9918012002366664,0.874999999999925,false,37059.91800000001,59.12999753593425,37119.04799753595
6633,Clocks,2577,2577,1.0,0.5,false,3642719.0939999996,340771.8686710473,3983490.962671047
6654,Hobby and creative,395,337,0.8531645569620253,0.5,false,26075.406,829.8228997946612,26905.22889979466
6661,Fans and electric blankets,102,102,1.0,0.5,true,53077.695999999996,526.6994102669398,53604.39541026694
6663,Others,2163,2163,1.0,0.5,true,99167.45999999998,663.5597535934293,99831.01975359341
6665,Tea and coffee,12809,12809,1.0,0.74999999999995,false,214767.39199999993,1313.8311556468168,216081.22315564676
6668,Waste bags,54218,54218,1.0,0.9374999999999125,false,504127.38600000006,2170.2003264887067,506297.58632648876
6673,Baskets,8938,8849,0.9900425151040502,0.9374999999999125,false,107369.864,299.0267416837778,107668.89074168378
6674,Baskets,6857,6810,0.9931456905352195,0.874999999999925,false,36477.448000000004,272.91476960985665,36750.36276960986
6675,Baskets,6918,6840,0.9887250650477016,0.9374999999999125,false,84237.664,308.71819137576995,84546.38219137577
6678,Baby / Toddler,167,89,0.5329341317365269,0.5,true,3052.5879999999997,16.568692402464066,3069.1566924024637
6682,Cleaning products,15077,15077,1.0,0.9687499999999063,false,287558.2360000001,1543.8716468172474,289102.10764681734
6683,Cleaning products,3182,3018,0.9484600879949717,0.874999999999925,false,22248.113999999998,147.2627975359344,22395.376797535933
6684,Waste bins,7964,7920,0.994475138121547,0.9687499999999063,false,977646.2849999999,24474.394503080068,1002120.67950308
6686,Waste bins,2923,2923,1.0,0.5,false,1692112.4079999998,232566.52665954846,1924678.9346595483
6688,Drink & food To Go,7695,7513,0.9763482781026641,0.874999999999925,false,127785.819,853.4501593429161,128639.26915934292
6690,Cleaning products,21236,21236,1.0,0.9687499999999063,false,147517.832,1847.2824928131386,149365.11449281313
6692,Electric personal care,39721,39721,1.0,0.874999999999925,false,5837048.846999997,238612.42777494853,6075661.274774946
6711,Personal care,1354,1354,1.0,0.5,false,67425.421,2375.41968583162,69800.84068583162
6735,Vases,51074,51074,1.0,0.5,false,1822301.2919999997,253394.30857453792,2075695.6005745376
6743,Wash treatment and accessories,4955,4955,1.0,0.5,false,607022.864,103546.14641560554,710569.0104156055
6751,Cleaning products,39370,39370,1.0,0.74999999999995,false,244885.004,10345.882032032854,255230.88603203284
6753,Hobby and creative,1029,1029,1.0,0.5,false,2635.528,90.87521314168373,2726.4032131416834
6762,"Cloths, mops, sponges and brush",21892,21892,1.0,0.74999999999995,false,53816.994,846.0136755646802,54663.00767556468
6763,Planks,1315,1167,0.8874524714828897,0.74999999999995,false,45345.83899999999,379.33147186858315,45725.17047186857
6765,Tableware,2417,2417,1.0,0.5,false,21112.559999999998,278.0842566735113,21390.64425667351
6768,Store kitchen,27003,26966,0.9986297818760879,0.74999999999995,false,909595.4279999998,12150.431094455827,921745.8590944557
6770,Cleaning products,19013,19013,1.0,0.74999999999995,false,528974.1730000002,6850.876700205337,535825.0497002056
6771,Cleaning products,16897,16833,0.9962123453867551,0.74999999999995,false,191353.6379999999,1550.9770694045212,192904.61506940442
6772,Thermometers,12532,12532,1.0,0.5,false,157065.80399999997,37927.58656509238,194993.39056509236
6773,Measuring and weighing,23497,23372,0.994680171936843,0.9990234374999001,false,546700.1819999998,3630.429203285419,550330.6112032852
6775,Bathroom accessories,1432,1355,0.9462290502793296,0.5,false,101937.185,1609.3327864476391,103546.51778644764
6776,"Cloths, mops, sponges and brush",155,155,1.0,0.5,false,88798.09399999998,5788.222939630381,94586.31693963037
6779,Waste bags,86173,85989,0.9978647604237987,0.9921874999999016,false,700060.3049999999,8220.999208213552,708281.3042082135
6782,Storage boxes,8082,8082,1.0,0.74999999999995,false,699383.9999999985,2109.9305133470207,701493.9305133455
6784,Cleaning products,11148,10941,0.9814316469321851,0.9960937499999007,false,144010.01999999996,746.9995466119109,144757.01954661187
6786,Cleaning products,5631,5521,0.9804652814775351,0.874999999999925,false,268760.3799999999,1058.3458944558524,269818.72589445574
6787,Personal care,74762,74762,1.0,0.5,false,1600256.7000000002,624900.1654804943,2225156.8654804947
6791,Cleaning products,21107,21107,1.0,0.9687499999999063,false,59008.110000000015,731.8394180698155,59739.94941806983
6792,Window and squeegees,6671,6467,0.9694198770798981,0.874999999999925,false,128234.08499999999,349.07579876796706,128583.16079876796
6794,Cleaning products,8492,8492,1.0,0.9374999999999125,false,219400.069,6809.992235728939,226210.06123572894
6796,"Cloths, mops, sponges and brush",1716,1716,1.0,0.5,false,471592.6319999999,51013.46976016427,522606.1017601642
6798,Cleaning products,2066,2023,0.9791868344627299,0.74999999999995,false,18314.072,189.47015277207404,18503.542152772075
6801,Partyfun,40498,40445,0.9986912933972047,0.9374999999999125,false,210942.5219999999,386.5761067761804,211329.0981067761
6803,Residential odors,13898,13898,1.0,0.74999999999995,false,284111.4219999999,1153.122867351128,285264.544867351
6815,Partyfun,84619,84619,1.0,0.874999999999925,false,1002785.2800000006,5734.611213141686,1008519.8912131423
6833,Residential odors,10611,10505,0.9900103666006974,0.9374999999999125,false,61020.68000000005,257.04936878850083,61277.729368788554
6838,Greeting cards,3512,3382,0.9629840546697038,0.874999999999925,false,35987.867999999995,802.2707531827504,36790.13875318274
6846,Photo frames & albums,16384,16191,0.98822021484375,0.874999999999925,false,130605.78999999992,406.0802513347025,131011.87025133462
6848,Photo frames & albums,12640,12511,0.9897943037974684,0.9374999999999125,false,105233.84199999999,314.4959770020536,105548.33797700204
6850,Photo frames & albums,2128,1981,0.930921052631579,0.74999999999995,false,38290.87500000001,192.91031211498975,38483.785312115
6872,Drink & food To Go,892,892,1.0,0.5,false,85217.958,5582.910082135526,90800.86808213552
6873,Reading glasses,1216,1216,1.0,0.5,true,8587.005000000001,292.6135112936345,8879.618511293636
6875,Racks and pockets,2126,2126,1.0,0.5,false,187491.68899999995,8314.44705790554,195806.1360579055
6882,Teletoys,969,969,1.0,0.5,false,150054.60399999996,4514.2344529774155,154568.8384529774
6883,Electric personal care,6298,6298,1.0,0.5,false,938650.0620000002,82773.94896221768,1021424.0109622178
6884,Batteries,36242,36242,1.0,0.5,false,1580511.863,471935.8051544143,2052447.6681544143
6887,Batteries,29964,29964,1.0,0.874999999999925,false,454523.99999999977,2437.954250513349,456961.9542505131
6893,Serve and present,2737,2393,0.8743149433686518,0.9998779296874001,true,31178.406000000003,432.08231334702293,31610.488313347025
6896,Store kitchen,31045,30876,0.9945562892575294,0.9980468749999003,false,1020065.2700000001,7962.595930184804,1028027.865930185
6897,Store kitchen,36435,36435,1.0,0.874999999999925,false,724894.4220000001,5823.219719917853,730717.641719918
6898,Shoe maintenance,18709,18709,1.0,0.5,false,834440.11,256734.9450020534,1091175.0550020533
6899,Cleaning products,18825,18825,1.0,0.9374999999999125,false,351849.869,4498.885468172488,356348.7544681725
6900,Dishwashing articles,23249,23110,0.9940212482257301,0.9843749999999032,false,381589.656,4494.314836139634,386083.97083613963
6902,Shoe maintenance,16731,16731,1.0,0.5,false,389889.2759999999,70026.53456509236,459915.81056509225
6905,Racks and pockets,36135,36135,1.0,0.5,false,14191108.007999998,5114809.981690348,19305917.989690345
6908,Vacuuming,561,427,0.7611408199643493,0.5,false,430946.56499999994,5873.215806981528,436819.7808069815
6910,Baskets,9335,9335,1.0,0.874999999999925,false,31595.69,208.6451190965093,31804.335119096508
6911,Baskets,11083,11066,0.9984661192817829,0.874999999999925,false,109632.10999999996,426.8458275154004,110058.95582751535
6912,Storage boxes,93,93,1.0,0.5,false,326602.0309999999,36133.11697659142,362735.1479765913
6913,Personal care,20866,10993,0.5268379181443497,0.9999999403952553,false,44732.625,220.35266940451768,44952.97766940452
6915,Hobby and creative,360,360,1.0,0.5,false,29578.941,1435.4219347022583,31014.362934702258
6916,Cleaning products,2785,2724,0.978096947935368,0.5,true,56027.999999999985,409.579239425051,56437.57923942504
6921,Wash treatment and accessories,23831,23831,1.0,0.874999999999925,false,400687.4059999999,3818.792482135524,404506.1984821354
6922,Wash treatment and accessories,30316,30316,1.0,0.5,false,1474134.0320000001,198733.07318110878,1672867.105181109
6924,Residential odors,5146,5118,0.9945588806840264,0.9687499999999063,false,102147.21999999999,944.9331852156058,103092.15318521559
6932,Others,1571,1496,0.9522597071928708,0.874999999999925,false,51084.85200000009,184.11837535934268,51268.97037535944
6934,Cooking pans,1497,1244,0.8309953239812959,0.9997558593749001,true,310800.504,3663.593087474327,314464.09708747437
6954,Candles & Tealights,7157,7157,1.0,0.5,false,80799.32,13798.95077207391,94598.27077207391
6964,Residential odors,34997,33915,0.9690830642626511,0.9999999403952553,false,973541.7999999997,16762.07074579056,990303.8707457903
6969,Gift,22531,22531,1.0,0.5,false,136906.60199999996,4624.604545379876,141531.20654537983
6973,Gift,56661,56661,1.0,0.5,false,2448849.13,437766.15503490757,2886615.2850349075
6977,Photo frames & albums,4362,4275,0.9800550206327373,0.74999999999995,false,104205.738,672.4965400410679,104878.23454004107
6978,Vases,17077,17077,1.0,0.5,false,908603.99,80986.03706283361,989590.0270628335
6985,Storage boxes,35698,35698,1.0,0.9999980926512673,true,825074.6559999995,11336.261568788505,836410.917568788
6987,Store kitchen,3523,3341,0.948339483394834,0.9374999999999125,true,760503.6669999999,14140.649505133473,774644.3165051334
7000,Hobby and creative,357,349,0.9775910364145658,0.5,true,4267.053,86.31988336755654,4353.372883367557
7005,Kitchen tools,1041,1041,1.0,0.5,false,19349.834,119.76118028747429,19469.595180287473
7006,Drinks,3869,3869,1.0,0.5,false,307851.87999999995,11151.477581108831,319003.35758110875
7011,Others,3066,3066,1.0,0.5,true,134870.568,33303.514381930196,168174.0823819302
7020,Bathroom accessories,7966,7925,0.9948531257845845,0.874999999999925,false,488414.42999999993,1448.3097166324442,489862.7397166324
7027,Toilet cleaners and odors,5782,5782,1.0,0.5,false,4883783.254000001,447429.05693305813,5331212.310933059
7028,Light bulbs,1793,1793,1.0,0.5,false,31427.9,746.6925872689936,32174.592587268995
7029,Cleaning products,4738,4676,0.9869143098353735,0.874999999999925,false,212921.0369999999,584.2136611909638,213505.25066119086
7030,Cleaning products,5480,5393,0.9841240875912409,0.9374999999999125,false,156870.58800000005,701.4782850102656,157572.0662850103
7036,"Cloths, mops, sponges and brush",2667,2667,1.0,0.5,false,287136.591,75763.75121273106,362900.3422127311
7050,Phones,8354,8354,1.0,0.5,false,1392748.511,190685.426949076,1583433.9379490758
7055,Electric personal care,9820,5217,0.5312627291242362,0.9999999403952553,true,530278.3709999999,6612.805883778235,536891.1768837782
7080,Others,29051,29051,1.0,0.74999999999995,false,75624.97600000001,3443.6349995893224,79068.61099958933
7091,Gift,17523,17523,1.0,0.5,false,62040.174,1895.0216821355207,63935.19568213552
7093,Partyfun,5855,5855,1.0,0.5,false,52822.595,5566.599955646822,58389.194955646824
7096,Others,8249,8249,1.0,0.5,true,8687.559999999998,420.5683396303909,9108.128339630388
7103,Vases,15130,14929,0.9867151354923992,0.74999999999995,false,154480.99099999998,2147.704701026692,156628.69570102668
7115,Window and squeegees,1697,1603,0.9446081319976429,0.74999999999995,true,38328.114999999976,104.1729909650924,38432.287990965066
7133,Games,138,120,0.8695652173913043,0.5,true,4852.882999999998,9.650861190965086,4862.533861190963
7134,Tableware,3004,3004,1.0,0.9999990463255837,true,48901.12499999999,1829.1411088295697,50730.266108829564
7135,"Cloths, mops, sponges and brush",21985,21985,1.0,0.874999999999925,false,70893.82299999999,1430.5149174537985,72324.33791745378
7136,"Cloths, mops, sponges and brush",12591,12591,1.0,0.5,false,20350.064,411.63557782340894,20761.69957782341
7141,Laundry baskets,26948,26894,0.997996140715452,0.9999847412108376,false,1846170.900000001,36974.08638603694,1883144.986386038
7142,Baskets,8946,8844,0.98859825620389,0.9374999999999125,false,57708.742,299.1918841889115,58007.93388418891
7143,Baskets,12453,12256,0.9841805187505019,0.74999999999995,false,251609.736,1099.6143872689938,252709.350387269
7144,Personal care,89392,83884,0.938383747986397,0.9999999403952553,false,111242.376,2011.2673675564688,113253.64336755648
7145,Storage boxes,6963,6963,1.0,0.74999999999995,false,305525.2970000001,7677.2448082135525,313202.54180821363
7146,Storage boxes,6513,6513,1.0,0.74999999999995,false,121789.82900000006,1618.814989322382,123408.64398932245
7148,Wash treatment and accessories,3033,2846,0.938344873062974,0.74999999999995,false,77418.46000000002,171.81443942505123,77590.27443942508
7149,Wash treatment and accessories,1917,1830,0.9546165884194053,0.74999999999995,false,75362.44800000005,230.93971663244403,75593.3877166325
7158,Cleaning products,18242,18242,1.0,0.74999999999995,false,136462.95600000003,7694.655251334701,144157.61125133475
7161,Bathroom accessories,24507,24507,1.0,0.5,false,581568.4349999998,179481.5306168377,761049.9656168375
7162,Measuring and weighing,12537,12420,0.990667623833453,0.9960937499999007,false,160385.2459999999,1669.0338316221753,162054.2798316221
7163,Shoe maintenance,16679,16679,1.0,0.9687499999999063,false,328059.7599999999,2420.310306365504,330480.0703063654
7168,Electric personal care,6733,6733,1.0,0.74999999999995,false,359833.292,5031.648065708407,364864.9400657084
7177,Moisture treatment and climate,38435,38435,1.0,0.874999999999925,false,2389697.169999998,5143.659694045173,2394840.8296940434
7216,Photo frames & albums,13263,13260,0.9997738068310337,0.874999999999925,false,157525.06,856.4569281314162,158381.5169281314
7225,Storage boxes,27545,27545,1.0,0.74999999999995,true,645282.6449999999,1893.5536427104712,647176.1986427103
7228,Kitchen helpers,2376,2168,0.9124579124579124,0.874999999999925,true,109886.59499999997,178.59196303901425,110065.18696303898
7230,Construction,1465,1423,0.9713310580204778,0.74999999999995,false,115197.95,1670.2615195071917,116868.21151950718
7236,Boys toys,18,18,1.0,0.5,true,4347.965999999999,392.2358094455848,4740.201809445584
7239,"Cloths, mops, sponges and brush",13469,13469,1.0,0.5,false,161948.55599999998,13491.688287474333,175440.2442874743
7240,Hobby and creative,226,226,1.0,0.5,true,7481.2919999999995,135.96756591375762,7617.259565913757
7242,Batteries,6646,6646,1.0,0.74999999999995,false,25811.799999999996,228.74428377823418,26040.54428377823
7244,Cleaning products,2,2,1.0,0.5,true,4066.111,290.4156636550316,4356.526663655031
0,total,20350013,19951150,0.9803998651008233,0.7098748693896355,false,1797335330.105,417366749.47494686,2214702079.579947
