article_id,article_name,total_demand,demand_satisfied_from_stock,achieved_fill_rate,target_fill_rate,slow_mover,holding_cost
1111,Puzzles,92,92,1.0,0.9681786095326581,true,45.280128131416824
1126,Table paper,3940,3940,1.0,0.9946992587985883,false,899.8683006160163
1127,Table paper,16478,16478,1.0,0.9987698625058254,false,83.04574620123202
1129,Kitchen tools,5969,5964,0.9991623387502094,0.9877919260976733,false,241.30679712525674
1131,Bicycle accessories,5319,5319,1.0,0.9961071345183011,false,160.91429815195067
1134,Ironing boards,4323,3751,0.8676844783715013,0.838930862509129,false,443.58926981519534
1135,"Cloths, mops, sponges and brush",9812,9762,0.9949041989400734,0.9987936634377592,false,94.25581930184802
1136,Kitchen textile,9291,9291,1.0,0.9976238382569463,false,1150.7827084188907
1137,Table textiles,2134,2115,0.9910965323336457,0.9862168588504252,false,120.9389626283368
1138,Table textiles,1839,1839,1.0,0.989434077417085,false,104.20559630390137
1139,Table textiles,1671,1671,1.0,0.9883549583171573,false,112.01762217659137
1141,Bath textiles and bath mats,40275,40275,1.0,0.9994593999796068,false,1003.4084168377825
1151,Outdoor toys,1211,1211,1.0,0.9885703404099864,true,142.43175975359324
1162,Light bulbs,3278,3278,1.0,0.9967710618472541,false,55.47743203285422
1164,Batteries,72564,67251,0.9267818753100711,0.9976225988830999,false,361.81915934291584
1166,Batteries,23330,23330,1.0,0.9979013925870044,false,125.71967227926076
1167,Batteries,59284,59284,1.0,0.9952234772686442,false,455.49133388090377
1170,Tableware,2968,2667,0.8985849056603774,0.9911111710107922,false,86.03684476386034
1171,Stairs,9932,6131,0.6172976238421265,0.9507838052673202,false,391.0303835728951
1172,"Cloths, mops, sponges and brush",22256,19791,0.8892433501078361,0.9947836063440609,false,409.0550932238193
1173,Racks and pockets,14647,12989,0.886802758244009,0.9973313579339458,false,745.4114377823407
1174,Store kitchen,3367,3367,1.0,0.9657549198836387,false,685.3669297741272
1178,Baskets,7854,7750,0.9867583396995162,0.9923643680523133,false,108.60990431211502
1180,Construction,744,744,1.0,0.962027589231654,true,209.0716303901436
1182,Laundry baskets,15616,9523,0.6098232581967213,0.9718436862432414,false,366.2923893223817
1183,Baskets,6644,6611,0.9950331125827815,0.9948217934029941,false,69.08047885010268
1184,Baskets,7237,7237,1.0,0.9972145123380581,false,286.9836484599586
1186,Cleaning products,612,612,1.0,0.995107720584966,true,68.55529774127311
1187,Suitcases,691,603,0.8726483357452967,0.9358586672764645,false,109.75545215605753
1188,Cleaning products,6544,6544,1.0,0.9917523537520598,false,169.30602464065697
1189,Wash treatment and accessories,308,308,1.0,0.9914209239377655,false,729.453039014374
1191,Cleaning products,39534,30333,0.7672636211868266,0.9946218346784241,false,190.44906611909653
1201,Electric personal care,10934,10916,0.9983537589171392,0.9936799117267073,false,79.76395071868582
1202,Kitchen appliances,308,308,1.0,0.90879267338438,false,1147.1307494866528
1205,Kitchen tools,32617,32617,1.0,0.9991093396933692,false,243.88654579055435
1209,Cooking pans,13941,9553,0.6852449609066782,0.9623501892712889,false,373.2014439425053
1218,Personal care,7639,7639,1.0,0.9975185408726946,false,47.35130020533881
1243,Photo frames & albums,17610,17610,1.0,0.9982365094778446,false,100.73108952772078
1245,Clocks,11810,10608,0.8982218458933108,0.9955258513975587,false,648.5124299794657
1248,Coffee makers and kettles,22220,22096,0.9944194419441944,0.9217162534450223,false,10840.341721971256
1253,Frying pans,5926,5926,1.0,0.9862861980068394,false,215.7860476386037
1262,Construction,274,274,1.0,0.9880049778429415,true,131.8754809034907
1272,Hobby and creative,16598,15707,0.9463188335944089,0.989254221372073,false,301.4233634496915
1282,Table paper,17848,17642,0.9884580905423577,0.9956875181284874,false,1464.539502669406
1283,Measuring and weighing,17922,5106,0.28490123870103784,0.9956815309708235,false,108.29948377823408
1284,Ironing boards,5848,5378,0.9196306429548564,0.8668609240088303,false,207.09154743326485
1286,Ironing boards,16453,16453,1.0,0.9959425928188859,false,1061.3999096509235
1288,Drying racks,4537,4537,1.0,0.9543305151294952,false,11133.659967967138
1289,Bicycle accessories,5244,5171,0.9860793287566743,0.9876989179615916,false,312.7744312114989
1290,Window and squeegees,50817,30248,0.5952338784265108,0.994228688207985,false,2614.173429158111
1293,Table textiles,904,904,1.0,0.9852950084111726,false,118.89052977412732
1294,Bed textile,3886,2644,0.6803911477097272,0.972646043560937,false,2333.60279835729
1296,Bath textiles and bath mats,26880,26880,1.0,0.9935748703954773,false,4562.35307392197
1304,Tableware,5563,5563,1.0,0.990486982381893,true,232.56482340862428
1307,Suitcases,491,481,0.9796334012219959,0.8827105475298691,false,168.61882012320314
1314,Dishwashing articles,284,284,1.0,0.9899074779947794,false,5262.295748665294
1316,Cutlery,2105,2105,1.0,0.9986585243386319,false,16.887349075975358
1318,Foods,634,634,1.0,0.9973038824921424,false,68.89016796714581
1321,Vases,434,434,1.0,0.9940917272797775,false,61.676646406570846
1322,"Glasses (drink, beer, wine etc)",417,417,1.0,0.9974921932363789,false,57.17430390143735
1327,Tableware,4841,4841,1.0,0.9956702403581819,false,63.68453388090346
1330,Cutlery,2487,2487,1.0,0.990808715633179,false,71.52867351129365
1333,Cutlery,418,418,1.0,0.9888022977013696,true,24.154381108829565
1334,Hobby and creative,1836,1836,1.0,0.9961292043349563,true,29.456468583162216
1337,Hobby and creative,6390,6390,1.0,0.9918739200590936,false,81.41471457905544
1340,Games,5073,5073,1.0,0.9759000742700921,true,226.4928049281313
1347,Stuffed animals,3581,3559,0.9938564646746719,0.9918528994037932,false,43.28176755646814
1352,Hobby and creative,252,252,1.0,0.965851266133366,true,1053.7802731006163
1356,"Glasses (drink, beer, wine etc)",8720,8426,0.9662844036697248,0.9920733842997176,false,179.35831211498962
1357,"Glasses (drink, beer, wine etc)",1325,1325,1.0,0.9965304813635344,false,78.8199252566735
1361,Light bulbs,1538,1538,1.0,0.9958104854146831,false,63.246391375770024
1362,Batteries,114318,111705,0.9771427071852202,0.9978934147774386,false,369.324369609856
1368,"Glasses (drink, beer, wine etc)",5144,5144,1.0,0.9973675105558054,false,37.43247843942504
1369,"Glasses (drink, beer, wine etc)",1827,1827,1.0,0.9939509288255056,true,60.763780287474354
1373,Wash treatment and accessories,8522,8256,0.9687866697958226,0.9975646060334242,false,34.796560164271064
1378,Drink & food To Go,7829,7478,0.955166687955039,0.9911368282278908,false,117.899680492813
1379,Window and squeegees,74989,63219,0.8430436464014722,0.9988014541396609,false,125.65256427104715
1380,Window and squeegees,115118,84249,0.7318490592261853,0.9908233936185494,false,1370.3716303901442
1382,Others,3977,3977,1.0,0.9951563479898318,false,401.0620821355236
1383,Table textiles,36285,34900,0.9618299572826237,0.9980400670537473,false,861.8083433264889
1384,Baskets,2516,2510,0.9976152623211447,0.9704414679198843,false,151.44429568788496
1389,Tea and coffee,2698,2698,1.0,0.9815374817077945,true,74.47240780287473
1393,Kitchen helpers,9099,8625,0.9479063633366304,0.9941266689911556,false,157.30388501026687
1397,Tableware,8845,8845,1.0,0.9986031106908037,false,497.31406570841915
1399,Store kitchen,40,40,1.0,0.9188210023916463,true,234.72381026694023
1403,Mugs and cups,25804,3066,0.11881878778483956,0.9965443422739679,false,4087.0351297741267
1433,Puzzles,9388,4289,0.4568598210481466,0.9282320376327616,true,2657.579839835728
1438,Measuring and weighing,45133,10676,0.236545321605034,0.9979818070424107,false,1351.5814570841885
1440,"TV, Audio & Video",13952,13952,1.0,0.9525057980832523,true,510.15013963038996
1444,Planks,19061,19061,1.0,0.9924380578666537,false,7710.943986858314
1445,Kitchen tools,8382,8289,0.9889047959914101,0.993585095844098,false,328.777609856263
1446,Cutlery trays,45371,45371,1.0,0.9916601312467256,false,389.23775112936363
1448,Store kitchen,9369,9369,1.0,0.9945156894412525,false,167.4724041067762
1449,Drying racks,2043,2043,1.0,0.9749573144222903,true,153.89771375770016
1451,Foils and bags,165,165,1.0,0.9900258718917369,true,677.6220780287475
1453,Bathroom accessories,35159,34977,0.9948235160271908,0.9979552730401768,false,2326.340659137576
1456,Baskets,2884,2884,1.0,0.9952075725795667,false,224.2416509240245
1458,Baskets,8054,8054,1.0,0.9987739632590952,false,167.2675613963038
1460,Baskets,10458,10458,1.0,0.9974532605254369,false,60.572767967145765
1461,Baskets,12061,12061,1.0,0.9967924144062028,false,85.41000410677613
1462,Storage boxes,6753,6627,0.9813416259440249,0.9852381829917993,false,165.90150349075975
1463,Bed textile,734,734,1.0,0.9792813987841247,true,1310.8963876796709
1466,Cleaning products,6666,6532,0.9798979897989799,0.9908410169448265,false,112.33457412730999
1468,Cleaning products,5087,5087,1.0,0.9872085966965082,false,138.81573223819305
1469,Cleaning products,84368,33199,0.39350227574435803,0.9577579862139373,true,15436.234802874751
1470,Cleaning products,7796,7796,1.0,0.9992284279630684,false,40.95215605749486
1471,Window and squeegees,10616,8434,0.7944611906556142,0.8959466894556944,false,1232.9832340862422
1474,Ironing,6607,2565,0.3882246102618435,0.5114668747211528,false,2335.1156837782355
1477,Frying pans,1118,395,0.35330948121645794,0.892049182724555,false,154.23268747433266
1490,Easter,22451,13100,0.5834929401808383,0.9809664629249093,false,1128.7280427104722
1508,Teletoys,946,946,1.0,0.9836714725512061,false,205.03258151950712
1512,Hobby and creative,304,304,1.0,0.9802044539053901,true,48.274429158110905
1514,Tableware,2077,2077,1.0,0.9959083365826622,false,82.43614537987682
1527,Wash treatment and accessories,8366,5188,0.6201290939517093,0.975922897760981,false,250.5415162217659
1531,Drink & food To Go,1940,1940,1.0,0.9828896751108961,false,374.3624291581109
1533,"Cloths, mops, sponges and brush",12046,12046,1.0,0.995328280113474,false,297.1583540041067
1537,Cutlery,3376,3375,0.9997037914691943,0.9343375508462892,false,198.2586427104722
1538,Drying racks,26,26,1.0,0.9783965707978187,false,1458.136336755651
1540,Bicycle accessories,1653,1653,1.0,0.9197844736258259,true,515.4014131416832
1545,Table textiles,759,738,0.9723320158102767,0.9755165703682194,true,209.42225708418894
1548,Ironing board textiles,33710,32409,0.9614061109463067,0.9934771794102284,false,764.045285420945
1559,Tea and coffee,17942,17458,0.9730241890536172,0.9966592080004311,false,155.3633470225873
1561,Tea and coffee,502,502,1.0,0.9980502162852167,false,135.3666899383982
1564,Tableware,6517,6517,1.0,0.9973262595344267,false,219.556716221766
1570,Kitchen tools,523,523,1.0,0.9752932158584904,false,167.57977002053394
1571,Tableware,3657,3657,1.0,0.9982171929573194,false,28.774556468172477
1575,"Cloths, mops, sponges and brush",2108,2108,1.0,0.9957463799411038,false,147.00939753593428
1582,Light bulbs,7425,7425,1.0,0.9987247950354816,false,59.786956878850106
1584,Light bulbs,845,845,1.0,0.9935871220128589,false,80.49732361396305
1585,Boys toys,1697,1697,1.0,0.9761859252823604,false,346.5590874743326
1589,Planks,346,346,1.0,0.994935262723869,false,96.07156755646817
1593,Puzzles,510,510,1.0,0.9692983119370251,false,235.1718993839835
1597,Hobby and creative,3078,3078,1.0,0.9956238111961297,false,43.69079753593432
1605,Puzzles,4065,4061,0.9990159901599016,0.9929139917727299,false,27.702406570841895
1606,Games,5212,4951,0.9499232540291634,0.9911910698472923,false,45.555683778234105
1607,Hobby and creative,3304,3304,1.0,0.990302011027551,false,40.1478862422998
1612,Foodprep,20935,20935,1.0,0.9643912267990923,false,20065.005115811065
1617,"Glasses (drink, beer, wine etc)",1191,1191,1.0,0.9977162955087719,false,92.70789938398354
1618,"Glasses (drink, beer, wine etc)",13542,12275,0.9064392261113573,0.9954286872179282,false,145.7599507186858
1619,Residential odors,233,233,1.0,0.9965775041941045,false,31.92114989733059
1621,Waste bins,2342,911,0.3889837745516652,0.9550856562246892,true,102.5575950718686
1623,Kitchen helpers,15885,15885,1.0,0.9964195202041514,false,1848.7496899383975
1624,Cutlery,24225,18233,0.7526522187822497,0.9968107016992932,false,1207.8792361396302
1626,Drying racks,13613,13410,0.9850877837361346,0.9657187310520097,false,622.7048098562632
1631,Tea and coffee,22966,3969,0.17282069145693635,0.9977384143120483,false,792.9677733059548
1636,Tableware,195,195,1.0,0.9375329623768791,true,74.48370554414782
1637,Tea and coffee,12599,12599,1.0,0.993653164149891,false,2222.0982028747426
1643,Light bulbs,9442,9442,1.0,0.9985668307214481,false,70.83137577002057
1646,Tea and coffee,63365,40976,0.6466661406139036,0.9978049585465465,false,444.13976303901416
1650,Hobby and creative,11074,11074,1.0,0.9907579558259072,false,186.4245893223819
1661,Coffee makers and kettles,2701,172,0.06368011847463902,0.8033247781443952,true,715.2346965092396
1662,Batteries,19629,19450,0.9908808395740996,0.9959825572337888,false,140.51733880903487
1663,Hobby and creative,389,389,1.0,0.9915506391943988,true,19.083880082135515
1665,Bakeware,25086,23638,0.9422785617475883,0.9914613005999836,false,477.4544562628335
1666,Electric personal care,74624,71912,0.9636578044596913,0.9669415264805837,false,2674.4028147843924
1668,"Cloths, mops, sponges and brush",132035,94288,0.7141136819782633,0.996399465705854,false,3097.090326078027
1669,Store kitchen,8023,8005,0.9977564502056587,0.9916096517382406,false,188.07530718685825
1670,Bathroom accessories,3440,3440,1.0,0.9862121679053045,true,197.22854168377813
1672,Watering cans,78661,73958,0.9402117949174305,0.9975496943542984,false,1213.5613848049272
1675,Baskets,14826,14826,1.0,0.997978550451867,false,91.16194579055438
1678,Wash treatment and accessories,3277,3277,1.0,0.9935490162357158,false,37.37607597535935
1679,Cleaning products,6798,6623,0.9742571344513092,0.9866256036829396,false,139.26963121149893
1680,Cleaning products,93767,71915,0.7669542589610417,0.9958942644417359,false,303.88510677618063
1681,Cleaning products,9638,9091,0.9432454866154804,0.99641765874688,false,126.47312525667353
1688,Personal care,158518,87481,0.5518679266707882,0.9983888858403936,false,322.71847022587275
1689,Personal care,174664,120038,0.6872509503961892,0.9972876530313416,false,464.44675154004125
1693,Coffee makers and kettles,11342,10192,0.8986069476282843,0.966941981934796,false,562.701103080082
1694,Electric personal care,71697,43149,0.6018243441148166,0.9772576344131046,false,10218.167080903488
1711,Small garden,7132,7132,1.0,0.997410730904063,false,418.5334841889118
1724,Candles & Tealights,366,366,1.0,0.9989477133441016,true,481.8908550308
1738,Partyfun,38737,38737,1.0,0.9996699409054234,false,25.606839425051323
1739,Vases,5588,4959,0.8874373657838225,0.9929549210284144,false,93.78985790554418
1753,Others,1373,1373,1.0,0.9940298106934771,false,133.9695646817249
1760,Kitchen tools,172,172,1.0,0.965427241952738,true,120.37713429158107
1762,Teletoys,337,337,1.0,0.9869388428733609,false,49.72548747433263
1763,Hobby and creative,16,16,1.0,0.9858545808763907,true,113.78779137576979
1764,Hobby and creative,235,235,1.0,0.9924437257914339,true,1442.0701552361422
1766,Puzzles,37,37,1.0,0.9856680531687216,true,29.684010266940348
1771,Cleaning products,7304,5899,0.8076396495071194,0.9716059965817033,false,208.47367515400404
1772,Window and squeegees,22402,20070,0.8959021515936078,0.984388509562964,false,468.2815240246406
1773,Cleaning products,2604,2604,1.0,0.9967939356389784,false,155.45733388090343
1774,"Cloths, mops, sponges and brush",6943,6897,0.9933746219213596,0.9891306373375615,false,161.99266324435314
1783,Personal care,261084,244631,0.9369819674893903,0.9990395840262245,false,286.49487885010257
1784,Cutlery,4160,3962,0.9524038461538461,0.9850818996450612,false,98.17797535934292
1786,Racks and pockets,26438,24590,0.9301006127543687,0.9726003015089022,false,5178.297154414783
1787,Stairs,9565,8431,0.8814427600627287,0.9459292548382999,false,529.7294874743327
1795,"Cloths, mops, sponges and brush",2776,2776,1.0,0.9987209870791603,false,59.27349897330599
1797,Kitchen textile,4896,4896,1.0,0.9956926644009884,false,103.68923203285425
1799,Bath textiles and bath mats,69817,69817,1.0,0.9963001288660921,false,6391.34367556468
1806,Mugs and cups,54526,54526,1.0,0.9957605718056036,false,13453.012172073915
1813,Tea and coffee,17580,15033,0.8551194539249147,0.9974943276725633,false,194.74202956878835
1815,Light bulbs,1805,1805,1.0,0.9974976811424713,false,40.253938398357256
1821,"Glasses (drink, beer, wine etc)",24,24,1.0,0.9716130586295022,true,34.24224640657096
1823,Drinks,467,467,1.0,0.9922510128225274,false,111.36135277207404
1826,"Cloths, mops, sponges and brush",691,691,1.0,0.9990427686092488,false,243.39391540041066
1828,Foods,79,79,1.0,0.9984404016868342,false,53.7943963039014
1829,"Glasses (drink, beer, wine etc)",1635,1635,1.0,0.9964199395975518,false,36.41751006160166
1831,Bakeware,417,417,1.0,0.9645882072559886,true,66.95395071868579
1832,Tableware,5985,5628,0.9403508771929825,0.9911457593134592,false,184.11946488706363
1833,Special pans,482,457,0.9481327800829875,0.8205592877205613,true,152.35598603696107
1850,Girls toys,833,833,1.0,0.9784620860797621,true,46.37400246406568
1862,Coffee makers and kettles,210,210,1.0,0.9842378689504524,false,119670.40184394256
1868,Small storage,26244,26244,1.0,0.9990192536336211,false,115.02771416837781
1872,Toilet accessories,11682,10362,0.8870056497175142,0.9931790418291621,false,304.4073843942506
1874,Serve and present,619,599,0.9676898222940227,0.9927214313488852,false,24.032854209445574
1876,Bathroom accessories,635,635,1.0,0.9948982351935495,false,20.84657207392196
1878,Bathroom accessories,1466,1466,1.0,0.9945881549823292,false,29.861568788501017
1879,Travel accessories,565,565,1.0,0.9959036302419063,false,40.82675975359344
1880,Laundry baskets,20385,13115,0.6433652195241599,0.9623808040867078,false,722.3192973305955
1882,Baskets,17633,17633,1.0,0.9967256249219152,false,153.46507638603688
1883,Baskets,10058,10058,1.0,0.9979747503564717,false,47.171591375770014
1884,Storage boxes,28789,28789,1.0,0.9651102368230345,false,848.7612201232027
1886,Personal care,58240,55631,0.9552026098901099,0.9990096493922742,false,98.1531347022587
1887,Foods,976,976,1.0,0.9983519388503826,false,37.05370225872688
1889,Tools,4587,3008,0.6557662960540659,0.98692031858592,false,107.27769363449696
1891,Toilet cleaners and odors,5007,4975,0.993608947473537,0.9973648762998659,false,43.68885133470223
1892,Wash treatment and accessories,11153,11153,1.0,0.9892014440454687,false,234.44289609856253
1893,Cleaning products,5100,5100,1.0,0.9889112273717077,false,129.57845462012313
1894,Cleaning products,3566,3566,1.0,0.9757179249740483,false,157.52640739219697
1898,Cleaning products,24615,21396,0.8692260816575259,0.9958768379504396,false,136.22368542094455
1903,Residential odors,5082,5082,1.0,0.9949142741925955,false,56.1799589322382
1904,Dishwashing articles,47415,42376,0.8937256142570916,0.9983814319757812,false,363.228125667351
1905,Stationary,75818,75304,0.9932206072436625,0.999493290557238,false,269.3638061601642
1906,Drink & food To Go,15968,15968,1.0,0.9982288600019009,false,145.88995811088301
1908,Drink & food To Go,9567,7416,0.7751646284101599,0.9920529139898157,false,436.4200078028747
1917,Frying pans,23580,15554,0.659626802374894,0.9794191037264861,false,989.1165297741262
1944,Candles & Tealights,14263,14263,1.0,0.991019539010817,false,1206.7769330595477
1945,Candles & Tealights,217,217,1.0,0.9983517035063114,true,173.79160164271053
1947,Candles & Tealights,15118,15118,1.0,0.9945183307116571,true,201.7263392197126
1948,Candles & Tealights,16364,15007,0.9170740650207773,0.9956144429250876,false,145.4096459958932
1965,Residential odors,15343,11459,0.7468552434334876,0.996782100306183,false,40.15218973305957
1970,Photo frames & albums,2322,2322,1.0,0.996290233218106,false,50.96030184804923
1981,Foodprep,1007,1007,1.0,0.8177970973331712,true,431.38301478439416
1982,Drink & food To Go,17276,7731,0.44749942116230607,0.9826087626702426,true,726.7343942505136
1997,"Glasses (drink, beer, wine etc)",2163,1505,0.6957928802588996,0.9964653222101922,false,6.668217248459961
2004,Knives,215,215,1.0,0.9178100472067081,true,196.76180123203292
2006,Fans and electric blankets,778,778,1.0,0.9813554685698112,false,258.0234180698151
2007,Table textiles,296,296,1.0,0.9917324952182421,true,55.68880903490754
2009,Hobby and creative,414,414,1.0,0.9754701177948337,false,44.96035030800817
2011,Boys toys,9799,9799,1.0,0.9965937793460654,false,54.86645995893227
2014,"Glasses (drink, beer, wine etc)",2430,2430,1.0,0.9985177476649003,false,58.942472279260805
2019,Shoe maintenance,1403,1361,0.970064148253742,0.9137705349692713,false,182.67400082135518
2021,Baskets,4366,4366,1.0,0.9935347820433981,false,52.37625954825462
2023,Vacuuming,140,140,1.0,0.9862392615649004,false,31580.300311704297
2024,Toilet accessories,15767,14945,0.9478657956491406,0.9769610638336194,false,430.34677618069816
2025,Knives,62750,56218,0.8959043824701195,0.9985589580896316,false,1252.1595860369603
2030,Ironing board textiles,18520,18132,0.979049676025918,0.9944905371803059,false,433.92379055441467
2035,Bed textile,660,660,1.0,0.9527112668602872,true,453.90406160164304
2045,Shopping bags and trolleys,6342,6342,1.0,0.9979577795602891,false,58.17253839835726
2049,Hobby and creative,10656,10656,1.0,0.9855636657444814,false,211.4608180698152
2050,Boys toys,2569,2569,1.0,0.9970727926843147,false,29.056712525667344
2055,Hobby and creative,5984,5939,0.9924799465240641,0.9952537412505795,false,49.8578119096509
2062,Hobby and creative,2094,2094,1.0,0.9729416752871676,false,171.65207967145804
2069,Hobby and creative,2593,2509,0.9676050906286155,0.9897750744674858,false,41.22625708418888
2072,Foodprep,3883,3883,1.0,0.9372192841369885,false,310.9369096509242
2077,Small storage,41641,41641,1.0,0.999129248025953,false,192.8385872689937
2078,Racks and pockets,23620,23620,1.0,0.9947043932030565,false,287.23171293634505
2082,Waste bins,5133,5081,0.9898694720436392,0.9830190449249788,false,93.45984599589319
2085,"Cloths, mops, sponges and brush",13906,13662,0.982453617143679,0.9957142746113391,false,223.55421930184806
2086,Cutlery,2392,2392,1.0,0.9980378987671855,false,62.355511293634486
2087,Cleaning products,11109,10929,0.9837969214150689,0.9968313171319615,false,94.60794086242302
2088,Cleaning products,3531,3493,0.989238176154064,0.9949461276578393,false,48.734163860369556
2092,Cleaning products,2657,2653,0.9984945427173504,0.9976983660350995,false,10.800151950718687
2093,Cleaning products,4446,4286,0.964012595591543,0.9875408701531907,false,63.32974743326493
2094,Wash treatment and accessories,22885,22885,1.0,0.9829190743433118,false,2528.3104316221766
2097,Shoe maintenance,6599,6553,0.9930292468555841,0.9167776611011675,false,761.9701490759753
2099,Store kitchen,2182,1721,0.7887259395050412,0.975286178366808,true,652.1694455852155
2101,Coffee makers and kettles,13360,11883,0.8894461077844311,0.9751925716403735,false,437.69371745379874
2102,Electric personal care,44172,33692,0.7627456307162909,0.9751000189739069,false,1901.5405995893223
2103,Coffee makers and kettles,1880,1880,1.0,0.9832492476237141,true,102.44247597535934
2109,Pan sets,3333,3311,0.9933993399339934,0.9210644471454364,false,405.2082381930184
2114,Construction,382,382,1.0,0.988633251204402,false,107.23653018480489
2135,Watering cans,6662,6662,1.0,0.996225039752972,false,103.54478193018477
2152,Tableware,1109,603,0.5437330928764653,0.9819688597305242,true,1816.9818874743332
2153,Teletoys,446,446,1.0,0.9770746854534446,false,335.7721593429157
2159,Phones,35,35,1.0,0.981763898440456,true,2.2540977412731005
2161,Boys toys,830,830,1.0,0.981231364068229,false,65.68411334702255
2163,Boys toys,1938,1938,1.0,0.9820503233693338,true,90.9506004106776
2164,Foods,794,794,1.0,0.9985703276512793,false,19.75872320328543
2165,Games,404,370,0.9158415841584159,0.9058132173579905,false,2161.727408624229
2167,Games,1476,1476,1.0,0.9382398422617867,true,415.13742053388097
2170,"Glasses (drink, beer, wine etc)",895,895,1.0,0.9918268886772067,false,125.29152238193024
2179,Window and squeegees,7822,6108,0.7808744566607005,0.946135445737176,false,406.25466776180673
2182,Cleaning products,49145,43752,0.8902635059517754,0.9899630847006048,false,229.0287511293634
2183,"Cloths, mops, sponges and brush",8299,8299,1.0,0.9972901739303959,false,63.83954579055446
2185,Special pans,23039,23039,1.0,0.9965799459205149,false,2172.462694866529
2188,Cutlery,4779,4779,1.0,0.9922517984312772,false,199.37013059548252
2189,Toilet accessories,12701,12127,0.9548067081332179,0.9830181338888253,false,273.3550969199179
2190,Window and squeegees,56073,56073,1.0,0.9957864936288523,false,382.956922792608
2192,Clothes hangers,51913,51913,1.0,0.9975654973612245,false,7123.620724435321
2194,Wash treatment and accessories,24294,24294,1.0,0.9965920474643951,false,3080.491673100614
2195,Table textiles,885,885,1.0,0.9819853794303648,false,140.88427104722794
2196,Table textiles,3060,3060,1.0,0.990097996451716,false,103.10332484599587
2200,Bath textiles and bath mats,14253,13222,0.927664351364625,0.9979564997287896,false,684.9769564681727
2202,Bed textile,2926,2926,1.0,0.981090216566799,false,2835.4856303901456
2212,Thermos jugs,1159,1153,0.994823123382226,0.9794752530971832,false,241.89607063655032
2218,Tableware,1039,1006,0.9682386910490857,0.9847941006068601,false,41.57272689938398
2219,Thermos jugs,1998,1747,0.8743743743743744,0.951272365736345,false,182.94524722792602
2221,Planks,2424,2096,0.8646864686468647,0.99288051476845,false,61.1373503080082
2223,Cutlery,1504,1504,1.0,0.9880852126701862,false,243.01428542094456
2224,Personal care,121,121,1.0,0.9887046707437098,false,204.86790184804968
2225,Personal care,167,167,1.0,0.9992549620836426,false,3.0158529774127314
2228,Tableware,7343,7343,1.0,0.9966988643740287,false,198.61747104722798
2230,"Cloths, mops, sponges and brush",775,775,1.0,0.9988376890551454,true,303.8861675564682
2232,"Cloths, mops, sponges and brush",380,380,1.0,0.9989640635061829,false,282.18163121149917
2246,Baby / Toddler,479,479,1.0,0.9874774825988618,false,51.144972484599585
2256,Baby / Toddler,1235,1235,1.0,0.9762467066851954,true,190.6396472279262
2264,Personal care,6516,5837,0.8957949662369552,0.9986041638584657,false,54.57007392197124
2265,Drink & food To Go,13824,13106,0.9480613425925926,0.9971020373157645,false,171.57393839835726
2269,Baskets,4362,4362,1.0,0.9837514878387625,false,117.29638398357281
2270,Euro articles,1960,1960,1.0,0.9978624140538439,false,33.140759753593414
2271,"Cloths, mops, sponges and brush",69775,59770,0.856610533858832,0.9977676010105785,false,738.7021318275152
2273,Tea and coffee,3785,3785,1.0,0.9849656458277726,true,177.85492772073914
2282,"Cloths, mops, sponges and brush",1592,1592,1.0,0.9995257874075226,false,118.79559425051335
2283,Ironing board textiles,50860,49532,0.9738891073535194,0.9956168990807837,false,895.013316221766
2288,Bed textile,12367,12367,1.0,0.9921272874752423,false,4929.969748254618
2291,Mugs and cups,29430,2546,0.08651036357458376,0.9961163454014482,false,6516.388438603696
2330,Store kitchen,3359,3274,0.9746948496576362,0.9983601467246485,false,12.273452156057495
2336,Vacuuming,12394,12394,1.0,0.9923442160586786,false,1417.9216271047221
2337,Light bulbs,4048,4048,1.0,0.9966934675149487,false,76.80984722792604
2341,Store kitchen,338,338,1.0,0.9906398281062484,true,71.80929445585214
2342,Drink & food To Go,19763,18155,0.9186358346404898,0.9920282999385985,false,345.55474127310055
2344,"Cloths, mops, sponges and brush",46435,33232,0.7156670614837946,0.996033845843321,false,851.9946020533881
2345,Kitchen tools,8390,7828,0.933015494636472,0.9864561748628008,false,185.6662579055442
2350,Baskets,11259,11259,1.0,0.9966025495677769,false,132.89705544147847
2353,Cleaning products,12814,12803,0.9991415639144685,0.991223162609635,false,180.719589322382
2354,Cleaning products,6489,6401,0.9864385883803359,0.9892508323724559,false,106.81315811088292
2355,Suitcases,367,346,0.9427792915531336,0.889256046249475,false,119.29591170431215
2356,Cleaning products,4859,4859,1.0,0.9979457148903969,false,25.173428747433242
2359,Foods,466,466,1.0,0.9983848335625756,false,46.38961232032854
2361,Cleaning products,34,34,1.0,0.9980246442206689,false,45.5674759753593
2363,Residential odors,7433,7433,1.0,0.9976244774697284,false,215.57983367556463
2364,Personal care,67167,66986,0.9973052242916909,0.9982482159151129,false,109.47400328542096
2369,Window and squeegees,1748,1036,0.5926773455377574,0.9535942296311484,false,777.611590143737
2370,Ironing,18545,13548,0.7305473173362093,0.9670634720607784,false,1493.3184804928121
2379,Pan sets,5909,5274,0.8925368082585886,0.8985630951255661,false,858.3415466119097
2391,Foods,638,638,1.0,0.9962657632946753,false,66.9455708418891
2394,Residential odors,10216,10216,1.0,0.9987258690059609,false,29.637942505133463
2402,Baby / Toddler,86,86,1.0,0.9530283765674923,true,288.60300287474314
2406,Partyfun,2088,2088,1.0,0.9992730235608169,false,58.783108008213574
2408,Construction,324,324,1.0,0.9906316208166995,false,27.657804928131416
2410,Construction,446,446,1.0,0.9821214584111704,false,107.37333347022583
2412,Electric personal care,242,242,1.0,0.7165127592539696,true,170.8619967145789
2415,Batteries,1114,1114,1.0,0.9902516149804184,false,29.591526899384
2416,Construction,379,379,1.0,0.9644376418406365,true,288.83332731006163
2421,Ironing,1645,795,0.48328267477203646,0.9214403863779924,false,246.7347696098563
2423,Store kitchen,13821,13821,1.0,0.9985702292803142,false,39.97459958932237
2430,Baskets,3902,3902,1.0,0.9812775049979815,false,111.74248336755637
2435,Vacuuming,258,258,1.0,0.9944667805140015,false,5129.438505544147
2436,Bakeware,53806,53240,0.9894807270564621,0.9980675236882044,false,371.10328377823413
2437,Knives,56854,30286,0.5326977873148767,0.9989410970540794,false,708.5385683778237
2441,Window and squeegees,28572,27684,0.9689206215875682,0.9972396713537034,false,357.6426316221765
2443,Drying racks,20986,12742,0.6071666825502716,0.9223707157843646,false,13957.881014373714
2445,Partyfun,45597,45597,1.0,0.9962124875353835,false,230.10866858316223
2449,Tableware,42050,40790,0.9700356718192628,0.9972318976062652,false,1984.193302258727
2451,Mugs and cups,14992,4950,0.3301760939167556,0.997503248841749,false,1065.7353675564677
2454,Tableware,11828,4084,0.3452823807913426,0.9953208910950693,false,867.5748110882954
2463,Tableware,995,359,0.3608040201005025,0.8151286857679154,false,359.5460969199178
2465,Tableware,7123,5404,0.7586691000982732,0.9919325062545671,false,103.74516016427103
2471,Vases,270,270,1.0,0.9948682240978683,false,42.72121560574948
2474,Tableware,2818,2818,1.0,0.9972729104296439,false,1486.9023351129365
2478,Kitchen tools,935,935,1.0,0.9960514511628193,false,90.07386694045175
2486,Dishwashing articles,169,169,1.0,0.998512699178773,false,434.9067544147845
2494,Oven dishes,1096,1096,1.0,0.9941601164295996,false,204.75131088295706
2495,Drinks,707,707,1.0,0.9968072969427667,false,81.59762587268996
2497,Table paper,1154,1154,1.0,0.9933857272309227,false,132.55177577002053
2498,Thermos jugs,1093,1091,0.9981701738334858,0.9776780860317739,false,74.21387063655034
2499,Foils and bags,133,133,1.0,0.9864769308999723,true,894.952983983572
2505,Pan sets,102,69,0.6764705882352942,0.5,true,93.30545215605743
2511,Games,3273,3273,1.0,0.9732891319021246,false,77.86088501026694
2518,Games,1849,1849,1.0,0.8554040458399355,true,567.8866139630384
2519,"Glasses (drink, beer, wine etc)",1498,1498,1.0,0.9975809476096611,true,1230.8771827515393
2525,Table paper,7359,7314,0.9938850387280881,0.9994152996628556,false,26.19493716632444
2526,Table paper,10145,10145,1.0,0.9994346096011888,false,32.88460287474332
2529,Store kitchen,5932,5585,0.9415037086985839,0.9624815378279585,false,182.72656837782344
2531,Drying racks,7029,6603,0.9393939393939394,0.9645999126609051,false,382.6992854209445
2532,Ironing boards,209,209,1.0,0.829498502374423,false,436.8495605749491
2544,Mugs and cups,22605,8932,0.39513381995133817,0.994782850376408,false,4977.967845585216
2549,Serve and present,10114,10062,0.9948586118251928,0.993335141298811,false,130.62357330595478
2579,Coffee makers and kettles,16662,16384,0.9833153282919217,0.9632521069515098,false,629.8082316221768
2580,Vacuuming,35919,35388,0.9852167376597344,0.9929829836895128,false,1753.3943675564672
2584,Store kitchen,59182,58234,0.9839816160319016,0.9951782626309927,false,337.25079794661156
2585,Store kitchen,35781,35651,0.9963667868421788,0.9962225847534135,false,215.4420960985627
2587,Bathroom accessories,27717,27717,1.0,0.9976597657177999,false,258.7745051334702
2588,Watering cans,37586,37557,0.9992284361198318,0.9982529662170372,false,99.81785544147851
2589,Bathroom accessories,4163,4163,1.0,0.9958897257757837,false,43.912854209445584
2591,Tea and coffee,15093,15093,1.0,0.984310050128884,false,14378.829182340865
2592,Storage boxes,1447,1447,1.0,0.9778659674956152,false,135.1437967145791
2594,Cleaning products,4592,4592,1.0,0.9950354039808683,false,57.254141273100586
2596,Cleaning products,7201,7201,1.0,0.991344242876083,false,265.86495605749485
2597,Cleaning products,3028,2911,0.9613606340819022,0.9973840949076749,false,49.007428336755645
2599,Wash treatment and accessories,48483,41013,0.8459253759049564,0.995484820525345,false,713.1710792607798
2600,Cleaning products,2342,2342,1.0,0.9992750494577773,false,25.14061930184804
2601,Wash treatment and accessories,4662,3384,0.7258687258687259,0.9909391371036166,false,144.33367556468176
2602,Foils and bags,15789,15789,1.0,0.9925613260822149,false,313.52829815195076
2604,Cleaning products,57483,43822,0.7623471287163162,0.9948434535267483,false,138.73419301848045
2605,Vacuuming,124528,115709,0.9291805858923294,0.9985237386149131,false,494.3544197125255
2606,Personal care,134990,80090,0.5933032076450108,0.9975498071150004,false,354.1371006160166
2608,Coffee makers and kettles,9533,9501,0.9966432392741005,0.9285441290486852,false,549.8277408624225
2613,Cooking pans,1807,955,0.5285002767017155,0.9549422105847873,true,111.01488008213546
2634,Candles & Tealights,7570,7570,1.0,0.9923102127532278,true,146.08208008213563
2637,Vases,1740,1740,1.0,0.994343308114901,false,58.13120533880897
2645,Partyfun,13099,11189,0.8541873425452324,0.9974896317714765,false,63.23929075975361
2646,Photo frames & albums,12645,12645,1.0,0.998586600830879,false,87.36573798767962
2652,Construction,345,345,1.0,0.9676127854961041,false,206.27097782340863
2654,Tableware,3460,779,0.22514450867052024,0.7793122789093577,true,893.0541067761801
2658,Fans and electric blankets,536,536,1.0,0.9894831193738413,false,67.73334250513345
2660,Electric personal care,1660,1660,1.0,0.9701559230513725,false,123.01094537987689
2661,Phones,48,48,1.0,0.9915614664276894,true,2.513244353182761
2665,Others,1759,1759,1.0,0.9972572312702036,true,302.9044139630388
2667,Store kitchen,688,688,1.0,0.989197308777454,true,46.07719096509239
2671,Games,10032,10032,1.0,0.9669895653020901,false,335.40090349075945
2672,Tea and coffee,13687,13238,0.9671951486812304,0.9971052791192435,false,117.40091252566734
2674,Stuffed animals,2175,2175,1.0,0.9786156362329863,false,81.7633117043121
2677,"Glasses (drink, beer, wine etc)",1833,1136,0.6197490452809602,0.9685114282337577,false,91.82217659137568
2680,Drink & food To Go,16441,16441,1.0,0.9973459232424623,false,326.17806858316226
2686,Kitchen tools,4880,4574,0.9372950819672131,0.9876464300284509,false,125.16879671457902
2688,Foils and bags,70520,70520,1.0,0.999310726047325,false,122.47681806981514
2689,Vacuuming,150,150,1.0,0.9862763342094666,false,8576.038256673517
2690,Gift,37683,31927,0.8472520765331847,0.9993530156880623,false,251.2248973305955
2691,Toilet accessories,3832,3816,0.9958246346555324,0.984246732017208,false,160.5755154004106
2694,Bathroom accessories,8885,8838,0.9947101857062465,0.985601651637335,false,177.15374620123202
2698,Kitchen helpers,5042,5042,1.0,0.9910030011480356,false,179.42758193018486
2699,Window and squeegees,26092,25458,0.9757013644028821,0.9988561207153916,false,227.69627597535927
2701,Ironing board textiles,23297,22441,0.9632570717259733,0.9978158514301171,false,221.30087761806985
2702,Table textiles,533,533,1.0,0.9843189605975246,false,110.14189240246404
2718,Bathroom accessories,1192,1192,1.0,0.9800283146170842,false,140.73316303901439
2719,Light bulbs,4294,4294,1.0,0.9955376900362335,false,154.9226603696098
2720,Cleaning products,4467,4467,1.0,0.9987299143630022,false,34.60708008213553
2730,Kitchen tools,1890,1890,1.0,0.9904491440485971,false,210.80544271047225
2732,Cutlery,2954,2954,1.0,0.9990545927915372,false,15.33285462012321
2736,Oven dishes,886,886,1.0,0.9621139660026646,true,124.81588172484602
2745,Stuffed animals,2455,1586,0.6460285132382892,0.9816760869929397,true,81.50199753593427
2748,Stuffed animals,79,79,1.0,0.9944584407115743,true,79.41035728952771
2758,Baby / Toddler,165,165,1.0,0.9860266550853206,true,117.2060308008214
2761,Kitchen helpers,1990,1270,0.6381909547738693,0.9459898630685077,true,143.23678850102667
2763,Dishwashing articles,103294,60318,0.5839448564292214,0.9993839178321492,false,423.3692566735114
2764,"Cloths, mops, sponges and brush",18354,18115,0.9869783153536014,0.9941215648997891,false,479.16754743326476
2773,Foils and bags,18944,18944,1.0,0.9980888285180971,false,125.18883942505133
2777,Ironing board textiles,8787,8787,1.0,0.9978236591002151,false,211.1490061601642
2778,Kitchen tools,73547,71057,0.966144098331679,0.9964948724217869,false,3335.564224640656
2781,Ironing boards,9738,8010,0.822550831792976,0.8282323970921894,false,1198.011935523613
2783,Drying racks,10981,10981,1.0,0.9363563886040994,true,2743.2478349075955
2784,Table textiles,1154,1154,1.0,0.9852533557301014,false,126.52093798767962
2786,Bed textile,12586,12552,0.9972985857301764,0.9912768651097489,false,1562.4264361396301
2787,Bath textiles and bath mats,8616,8521,0.9889740018570102,0.995821534887292,false,1107.5781133470223
2791,Table textiles,7090,7090,1.0,0.988783738810834,false,1591.381667351128
2793,Baskets,5909,5909,1.0,0.9976223707647272,false,293.620257905544
2794,Fans and electric blankets,1860,1685,0.9059139784946236,0.9602666678313889,false,233.72316673511278
2796,Tableware,5092,5092,1.0,0.9928767719435798,false,92.80278316221765
2805,Light bulbs,6226,6226,1.0,0.9989608599304242,false,40.49733141683778
2817,Foodprep,10476,10476,1.0,0.9865254637293448,false,18511.453860369613
2823,Batteries,120724,24276,0.20108677644875916,0.9967650616579212,false,2744.2980418891166
2826,Wash treatment and accessories,7714,7700,0.9981851179673321,0.9896653816448189,false,126.27271252566734
2828,Store kitchen,23882,22205,0.9297797504396617,0.9928668677314284,false,603.4201289527721
2829,"Cloths, mops, sponges and brush",136452,98598,0.7225837657198135,0.9978980998819544,false,1428.9554065708412
2832,Window and squeegees,16086,16044,0.9973890339425587,0.9931701892836808,false,305.8629733059547
2833,Racks and pockets,34281,34211,0.9979580525655611,0.9961948138473189,false,192.21436550308007
2835,Clothes hangers,50901,42936,0.8435197736783168,0.99873777011235,false,353.72945051334693
2838,Thermos jugs,9835,9258,0.94133197763091,0.9900791844577507,false,1218.7054275154003
2839,Thermos jugs,8942,8942,1.0,0.9817398613844569,false,3255.574850924026
2842,Baskets,9006,9006,1.0,0.998554595507744,false,33.991959753593434
2844,Cleaning products,10724,10516,0.9806042521447221,0.9962743029552694,false,82.08302915811089
2845,Cleaning products,4523,4523,1.0,0.997039753438434,false,37.51827515400408
2846,Cleaning products,5239,5091,0.9717503340332124,0.992740826885593,false,75.76575770020531
2847,Personal care,11466,11437,0.9974707831850689,0.9988107620612782,false,49.241955646817274
2853,Cleaning products,71,71,1.0,0.9947880279030912,false,69.03951375770022
2854,"Cloths, mops, sponges and brush",15206,14718,0.9679074049717217,0.997566428932972,false,213.93828624229982
2855,Window and squeegees,52599,52388,0.9959885168919561,0.9989420975048825,false,304.12760574948675
2894,Residential odors,13450,12647,0.9402973977695167,0.997285201324958,false,30.572009856262817
2905,Pan sets,2757,2101,0.7620602103735945,0.9005110889396233,false,522.1704562628336
2909,Kitchen tools,490,490,1.0,0.9893437002559979,false,165.40425338809024
2911,Teletoys,241,241,1.0,0.9597861646355299,true,70.21907268993839
2912,Construction,84,84,1.0,0.9313090362401846,true,228.66340862422987
2917,Construction,140,140,1.0,0.9946346655890302,false,52.77920657084187
2922,Pan sets,1219,1219,1.0,0.954330173498308,false,369.52078644763856
2925,Kitchen helpers,765,765,1.0,0.995102661539995,false,1930.0783059548253
2929,Thermos jugs,4070,3833,0.9417690417690417,0.9442137190529964,false,317.187972895277
2934,"Glasses (drink, beer, wine etc)",1255,1255,1.0,0.9644810425788193,true,106.49617741273099
2938,Personal care,35090,35090,1.0,0.994252852687145,false,202.14411991786443
2940,Ironing boards,1521,593,0.3898750821827745,0.9631643310278489,true,120.8899683778236
2943,Knives,24107,23925,0.9924503256315593,0.9951240613095675,false,1177.4946739219718
2947,Kitchen helpers,19958,19958,1.0,0.9850707130645652,false,6071.425564681725
2949,Kitchen textile,6536,6536,1.0,0.9976489662232912,false,581.710521560575
2950,Kitchen textile,3369,3369,1.0,0.9900804849399945,false,1574.509183572895
2951,Racks and pockets,16599,16599,1.0,0.9972989781995536,false,276.0602993839836
2952,Table textiles,419,419,1.0,0.9754676799522134,true,119.15439671457901
2953,Bath textiles and bath mats,32620,32620,1.0,0.9938147849259902,false,4084.7198402464073
2957,Mugs and cups,14904,7427,0.4983225979602791,0.9967337846118092,false,643.0406435318275
2968,Tea and coffee,72275,57872,0.8007194742303702,0.9972414586247451,false,889.6087786447639
2969,Tea and coffee,75168,74977,0.9974590251170711,0.9946537183214117,false,561.8050398357287
2974,Foils and bags,542,542,1.0,0.9981599948334482,false,33.029032854209426
2977,Drink & food To Go,377,377,1.0,0.9900920679185738,true,414.0501868583164
2978,Tools,1633,1633,1.0,0.9904811756734349,false,95.7216854209446
2979,Tableware,1158,1158,1.0,0.9904286830858098,false,32.686464065708414
2980,Light bulbs,6031,6031,1.0,0.9910725233503631,false,234.25245872689936
2985,Cutlery,3224,3224,1.0,0.998434981162599,false,62.40250472279259
2987,Tableware,4401,4401,1.0,0.9976461512636626,false,26.46320533880902
2996,Baby / Toddler,4645,3890,0.83745963401507,0.9444822551425099,false,766.1907581108836
2997,Games,1296,1296,1.0,0.9689008474679249,false,63.1514960985626
3014,Phones,9792,9509,0.9710988562091504,0.9146840367162341,false,705.465864476386
3015,Batteries,34161,34043,0.9965457685664939,0.9971552075121846,false,282.75038193018474
3021,"Glasses (drink, beer, wine etc)",668,668,1.0,0.9977507304092746,false,41.10759630390144
3027,Kitchen helpers,28049,24571,0.8760027095440123,0.9983227137547336,false,944.0404451745376
3030,Vacuuming,183,183,1.0,0.9951974465365706,false,213.82242258726896
3031,Vacuuming,105,105,1.0,0.9891428993447152,false,4206.166252566734
3033,Kitchen helpers,17842,17805,0.9979262414527519,0.9945473554486949,false,994.7475568788503
3034,Measuring and weighing,39713,2902,0.07307430816105558,0.9975213409006323,false,2090.4026694045174
3036,Ironing boards,20693,19863,0.9598898178127869,0.9735858571143878,false,5855.976804928132
3037,Drying racks,8537,6250,0.7321072976455429,0.8702265834261024,false,1042.0765404517447
3042,Bed textile,3261,3261,1.0,0.9810821953881877,false,2238.2629507186857
3046,Others,548,484,0.8832116788321168,0.9826683538157474,false,40.027198767967164
3047,Bath textiles and bath mats,21094,21094,1.0,0.9936589232583105,false,2635.546766324435
3055,Tea and coffee,342,342,1.0,0.996166121173739,true,87.39351375770018
3058,"Glasses (drink, beer, wine etc)",7658,6634,0.8662836249673544,0.9950530934889966,false,77.90536878850101
3059,Games,2181,2181,1.0,0.9785560152184626,false,60.87405544147847
3063,Games,94,94,1.0,0.9675069975739234,true,47.551816427104676
3075,Boys toys,1226,1226,1.0,0.9870379493417388,true,104.50734086242294
3080,Batteries,50340,45461,0.9030790623758442,0.9942348790234917,false,541.2812008213551
3082,Batteries,13532,13532,1.0,0.9967089410721203,false,94.61518521560573
3083,"Cloths, mops, sponges and brush",57325,56328,0.9826079372001745,0.9994820601784292,false,112.6838266940452
3087,Coffee makers and kettles,9201,9201,1.0,0.9880218170749365,true,16129.660382751545
3090,Personal care,27052,27052,1.0,0.9937750249730587,true,1245.4363893223824
3091,"Cloths, mops, sponges and brush",27805,26931,0.9685668045315591,0.9946682939461265,false,575.3357149897331
3092,Cutlery,2866,2866,1.0,0.9987386794780647,false,41.21579876796717
3093,Bathroom accessories,8434,8287,0.982570547782784,0.9841274432952637,false,233.859751540041
3097,Laundry baskets,14879,9270,0.6230257409772162,0.9854088501882361,false,215.7901872689938
3098,Baskets,13833,13833,1.0,0.9956330910554947,false,101.42674004106773
3104,Cleaning products,6600,6418,0.9724242424242424,0.9915301714781397,false,145.63995893223824
3106,Baskets,3698,3698,1.0,0.9964044810046474,false,276.96564517453794
3108,Light bulbs,8382,8382,1.0,0.999364297860387,false,30.5492907597536
3110,Ironing boards,2324,1224,0.5266781411359724,0.9713141431916924,false,503.25321067761814
3112,Dishwashing articles,11331,3334,0.29423704880416557,0.9933450398827878,false,104.47278357289531
3114,"Cloths, mops, sponges and brush",21918,21918,1.0,0.9665937012058947,false,21742.190285010267
3120,Electric personal care,11613,10017,0.8625678119349005,0.944394211661157,false,699.4657232032855
3121,Electric personal care,8571,7684,0.8965114922412787,0.9727256508236614,false,240.43297002053401
3123,Alarm clocks,18502,6719,0.3631499297373257,0.990177537716569,false,1627.8413470225871
3128,Stationary,32283,32283,1.0,0.9996546793303578,false,32.38795071868584
3159,Pan sets,3411,1667,0.4887129873937262,0.5919329424880104,true,891.7088562628337
3162,Kitchen tools,244,244,1.0,0.9863621644957261,true,65.71239219712525
3163,Tea and coffee,1833,1833,1.0,0.9987866298818505,false,60.350774537987675
3165,Construction,448,448,1.0,0.9816445096369496,true,131.35251047227928
3170,Stationary,4116,4116,1.0,0.9992603013512364,false,8.54775893223819
3171,Batteries,1515,1515,1.0,0.9942610203583594,false,36.56292320328541
3172,Toilet cleaners and odors,78,78,1.0,0.9963629299603782,true,1268.8386858316237
3173,Construction,296,296,1.0,0.9825030634998949,true,166.17845913757694
3176,Girls toys,8,8,1.0,0.9773788538198115,true,80.66510800821356
3179,Baby / Toddler,12321,12321,1.0,0.9816667698268776,false,227.93733470225857
3185,Kitchen appliances,8227,8227,1.0,0.8966322304539263,false,60791.189340862424
3188,Personal care,12110,12110,1.0,0.9954069314247539,false,206.74167967145786
3189,Wash treatment and accessories,13808,9474,0.6861239860950173,0.9754690845913467,false,341.24618809034905
3196,"Cloths, mops, sponges and brush",8363,8346,0.9979672366375703,0.991295639046292,false,246.80336098562634
3201,Oven dishes,2419,2419,1.0,0.9986092360745381,false,311.3326784394252
3205,Partyfun,28055,27706,0.9875601497059348,0.9959421769635041,false,173.49290143737164
3210,Knives,57,49,0.8596491228070176,0.5,true,235.1044004106777
3212,Table textiles,1724,1724,1.0,0.9928357158782819,false,82.11996960985624
3218,Mugs and cups,20254,2724,0.13449195220697147,0.9945207018252271,false,1676.045945790554
3228,Vases,9090,9090,1.0,0.9966073015891721,false,107.51958316221756
3229,Tea and coffee,9999,8422,0.8422842284228422,0.9976138251297247,false,92.89703162217658
3230,Hobby and creative,195,195,1.0,0.9921824243250139,true,23.47389486652977
3235,Cutlery,2192,2192,1.0,0.9897869410679294,false,61.9705486652977
3237,Oven dishes,855,855,1.0,0.9877295859214942,false,99.37377659137609
3238,Large garden,242,242,1.0,0.9894893659046222,true,57.00008008213549
3244,Serve and present,709,709,1.0,0.9947909461591833,false,20.215390554414768
3246,Kitchen helpers,779,779,1.0,0.9520694158389481,true,580.4709207392197
3247,Cutlery,1348,1348,1.0,0.9899865700057497,false,35.75488747433265
3249,Shopping bags and trolleys,6110,6110,1.0,0.9988864885340719,false,812.7558850102669
3251,Laundry baskets,167,167,1.0,0.9816866399623522,false,101.26915811088288
3252,Thermos jugs,1068,1066,0.99812734082397,0.9816600470506455,false,153.19882053388088
3259,Hobby and creative,5394,5394,1.0,0.9898204015084084,false,119.59647474332654
3264,Hobby and creative,3170,3065,0.9668769716088328,0.9860454147539021,false,75.41426858316214
3279,Table textiles,6665,6665,1.0,0.9959303028718673,true,83.00316837782341
3281,Vacuuming,396,396,1.0,0.989000606998938,false,763.1293002053391
3285,Knives,13611,13611,1.0,0.9984494260361894,false,752.9881889117044
3286,Knives,24629,17847,0.7246335620609851,0.9985173195098763,false,654.675071868583
3287,Drying racks,10459,9938,0.9501864422984989,0.8695635605600294,false,19363.23518809036
3288,Bicycle accessories,1823,1823,1.0,0.9167407883146563,true,217.62022587269007
3291,Kitchen textile,11083,11083,1.0,0.998245468889317,false,801.3655482546203
3293,Bed textile,3772,3772,1.0,0.9854289273571202,false,6262.4092036961
3295,Mugs and cups,21626,3705,0.17132155738462962,0.9974519720510212,false,2032.6034365503074
3296,Mugs and cups,16197,9196,0.5677594616286967,0.9941837632126627,false,2740.2470340862415
3297,Mugs and cups,23104,3275,0.14175034626038782,0.9948072610206258,false,3843.8983745379896
3298,Mugs and cups,13180,7203,0.5465098634294385,0.9977181846721639,false,403.8473059548254
3321,Puzzles,1176,1176,1.0,0.9782275389695028,true,175.48573388090352
3322,Foodprep,7318,7059,0.9646078163432632,0.9675178322144375,false,8853.711304312115
3329,Baby / Toddler,273,273,1.0,0.986843021238294,false,161.2626135523615
3330,Moisture treatment and climate,14282,14282,1.0,0.9898250168212566,false,4611.508491170433
3332,Cleaning products,88246,88246,1.0,0.9985126121769197,false,678.2170895277205
3333,Bathroom accessories,3072,3066,0.998046875,0.9932894416941161,false,58.27044928131415
3335,Bathroom accessories,634,634,1.0,0.9836621030994208,false,440.59304845995894
3336,Thermos jugs,4674,4134,0.8844672657252889,0.9457069339107815,false,342.47581355236133
3337,Cleaning products,11582,11227,0.9693489898117769,0.9964996180197108,false,84.91720410677624
3339,Baskets,7856,7836,0.9974541751527495,0.9957583155161375,false,64.08731704312113
3341,Cleaning products,4412,4411,0.9997733454215775,0.983464508249325,false,119.20612484599579
3342,Cleaning products,6561,6536,0.9961896052431032,0.9953526980336544,false,83.64638069815192
3343,Cleaning products,10488,9514,0.9071319603356217,0.9970186516922945,false,56.53684681724847
3346,Window and squeegees,1143,1143,1.0,0.9937537439238973,false,95.21845010266944
3348,Wash treatment and accessories,31574,9264,0.2934059669348198,0.9898857814953246,false,3538.0773609856246
3349,Waste bins,2949,2838,0.9623601220752798,0.9924673091449456,false,68.40766529774127
3350,Cleaning products,1938,1938,1.0,0.9968481373464219,false,59.904737987679695
3352,Cleaning products,4422,4389,0.9925373134328358,0.9979333281680255,false,44.185121149897356
3353,Bathroom accessories,42047,42047,1.0,0.9993866062310512,false,233.0379745379876
3354,Bathroom accessories,24788,24788,1.0,0.9971918286787216,false,1985.989059548254
3355,Toilet accessories,40666,20327,0.49985245659764915,0.9982605899422554,false,709.9173872689936
3356,Residential odors,12863,12863,1.0,0.9959528669847514,false,101.46217700205338
3359,Electric personal care,6266,4075,0.6503351420363869,0.866676913861063,false,1044.3729975359338
3363,Electric personal care,2970,2779,0.9356902356902357,0.9297458663258754,false,149.71316262833668
3366,"TV, Audio & Video",245,245,1.0,0.8492196990154002,true,6615.063520328554
3368,Bathroom scales,13306,8334,0.6263339846685706,0.9798549659893022,false,479.2656595482546
3370,Special pans,7773,7773,1.0,0.764833652552729,true,3320.179687885008
3387,Candles & Tealights,845,845,1.0,0.9986631438028453,true,576.2888016427096
3388,Candles & Tealights,804,804,1.0,0.9983762105737154,true,275.8703507186858
3410,Foods,950,950,1.0,0.998801275495685,false,17.09685462012321
3411,Construction,393,393,1.0,0.9645997824517583,false,208.53753470225877
3413,Boys toys,1082,1082,1.0,0.9937424925388179,true,73.78499630390147
3414,Electric personal care,1671,1671,1.0,0.9328329180026468,true,397.1339408624231
3416,Construction,511,511,1.0,0.9718163619831732,true,709.9582776180698
3428,Store kitchen,24307,6676,0.27465339202698813,0.9670277465988519,false,6258.4467926078
3429,Sockets and security,1249,1249,1.0,0.9964707441655033,false,20.603682135523595
3436,Toilet cleaners and odors,3691,2357,0.6385803305337306,0.9940756225801632,false,65.80867022587267
3438,Cooking books,9539,9511,0.9970646818324772,0.9698141314898645,false,318.12852566735137
3441,"Glasses (drink, beer, wine etc)",4202,4028,0.9585911470728224,0.9916279062627787,true,150.9639548254619
3442,Window and squeegees,29425,27383,0.9306032285471538,0.9850756852886099,false,591.2332755646812
3443,Window and squeegees,33103,25804,0.7795063891490197,0.9738171209316401,false,1350.8620410677618
3444,Kitchen tools,19156,19156,1.0,0.9956651018244617,false,2603.9351745379877
3445,Cutlery,7377,6929,0.9392707062491528,0.9946402264466204,false,111.57161149897335
3453,Ironing board textiles,51921,50912,0.9805666300726104,0.9930662929378701,false,1238.1661979466114
3457,Bath textiles and bath mats,35178,35178,1.0,0.9950482881191355,false,5198.693418069814
3465,Tableware,37656,35142,0.9332377310388783,0.9970878889646502,false,336.73409445585213
3467,Cutlery,687,679,0.9883551673944687,0.9878480677889024,false,227.35534004106785
3468,Tableware,698,698,1.0,0.9800239938308771,false,57.44484312114988
3469,Baby / Toddler,850,692,0.8141176470588235,0.9741715962531967,true,62.906059137576975
3471,Cutlery,3263,3263,1.0,0.9974924840261923,false,35.11555318275153
3473,Serve and present,2628,2581,0.9821156773211568,0.9861956090938385,false,63.3200710472279
3474,Cutlery,3624,3624,1.0,0.9979521246087524,false,76.48215523613966
3476,Light bulbs,5182,5182,1.0,0.9969649518715462,false,81.16035154004103
3477,Tableware,5323,5323,1.0,0.9954442368575375,false,90.02710349075974
3478,Baskets,2631,2631,1.0,0.9955914113722414,false,167.39476591375762
3482,Drink & food To Go,4388,4388,1.0,0.9964934617545063,false,152.87926694045174
3483,Light bulbs,4844,4844,1.0,0.9989556441516698,false,41.5463655030801
3485,Frying pans,1675,1237,0.7385074626865672,0.9288258816810733,false,482.83676919917866
3490,Hobby and creative,5656,5656,1.0,0.9870396944333595,false,109.5582073921971
3499,Hobby and creative,62,62,1.0,0.9933788098744113,false,34.93744558521564
3504,Games,2890,2855,0.9878892733564014,0.9723004723070306,true,159.71767761806993
3514,Drink & food To Go,5723,5723,1.0,0.9979734452790684,false,80.13436139630389
3517,Measuring and weighing,22004,22004,1.0,0.9991900870230066,false,50.879860780287466
3519,"Glasses (drink, beer, wine etc)",411,411,1.0,0.9966396320340798,false,21.53617412731006
3526,Window and squeegees,2399,2324,0.968736973739058,0.9830114946296418,false,505.30545256673463
3528,Toilet cleaners and odors,4347,2890,0.6648263170002301,0.9949744589037346,false,65.53225790554414
3529,Kitchen helpers,54710,54710,1.0,0.9983283126204165,false,1341.7681355236143
3531,Vacuuming,141,141,1.0,0.99128739000535,false,899.9468587268982
3532,Kitchen tools,39401,36137,0.9171594629577929,0.997654172016198,false,651.4819650924028
3533,Tea and coffee,8223,8223,1.0,0.9914348335872615,false,2822.9085420944543
3541,"Cloths, mops, sponges and brush",123,123,1.0,0.9997581931777659,false,54.06296919917863
3543,Bath textiles and bath mats,7761,7761,1.0,0.9962179049154882,false,726.9990833675564
3546,Bed textile,1544,1544,1.0,0.9591130923158032,false,3786.2233794661174
3549,Mugs and cups,35436,11816,0.3334462128908455,0.9935862813139417,false,2107.268282546201
3556,Tea and coffee,11594,10090,0.8702777298602725,0.9977193176721066,false,79.99910759753598
3558,Kitchen helpers,1919,1919,1.0,0.9972996775579281,false,264.86029650924024
3560,Oven dishes,81,81,1.0,0.9627657240188774,true,501.7738907597538
3561,Oven dishes,408,408,1.0,0.9892444350049142,true,46.39894373716629
3576,Hobby and creative,1799,1799,1.0,0.9830014591775666,true,82.0161683778235
3579,Batteries,9980,9980,1.0,0.9757367184196131,true,409.0209067761807
3583,Baby / Toddler,962,962,1.0,0.9865769723763446,false,54.06168131416841
3587,Bakeware,25737,24803,0.9637098340909974,0.9973874668344785,false,1875.946518275155
3588,Drink & food To Go,27154,27154,1.0,0.9966428936534424,false,271.9017589322381
3589,Dishwashing articles,98839,78357,0.7927741073867602,0.9978322349292434,false,600.3825716632447
3591,Dishwashing articles,94783,80417,0.8484327358281548,0.99924916915046,false,1095.6031170431218
3592,"Glasses (drink, beer, wine etc)",1868,1864,0.9978586723768736,0.9963019828748436,false,26.102956878850105
3593,Cleaning products,17337,17337,1.0,0.9950840706771567,false,793.1048813141683
3594,Clothes hangers,112663,107136,0.9509421904263157,0.9969477452643934,false,1398.2881679671457
3597,Oven dishes,807,807,1.0,0.9848207680024178,false,95.22613141683779
3601,Personal care,74,74,1.0,0.9847600850667724,false,98.32527720739235
3602,Wash treatment and accessories,1980,1980,1.0,0.9937663725102479,false,101.66097412731
3603,Cleaning products,54259,51023,0.940360124587626,0.996722446075556,false,316.1430381930186
3605,Baskets,2813,2813,1.0,0.9964659334270719,false,165.114706365503
3607,Cleaning products,1537,1537,1.0,0.984385979012587,false,84.63578973305954
3611,Wash treatment and accessories,16452,16452,1.0,0.9902175060415409,false,156.54039917864475
3612,Dishwashing articles,5264,5264,1.0,0.9980127286565963,false,39.27240328542096
3616,Cleaning products,7345,7345,1.0,0.9936786902186308,false,200.3835236139631
3619,Ironing,11892,6689,0.5624789774638412,0.5,false,2903.8496139630397
3622,Alarm clocks,20563,20563,1.0,0.9907730931584189,false,11693.836356468177
3623,Electric personal care,2232,1352,0.6057347670250897,0.7913903527334147,true,170.2795133470226
3641,Candles & Tealights,1049,1049,1.0,0.9969123195171765,true,606.6938809034907
3646,Party lights,12601,12601,1.0,0.9959799976639214,false,12978.849322792617
3647,Residential odors,9449,9449,1.0,0.9981420441829258,false,25.182636550307997
3651,Vases,16851,13714,0.8138389413091212,0.9866213554586606,false,363.47099260780294
3661,Kitchen tools,8058,8058,1.0,0.9966267411367927,false,67.3250915811089
3670,Construction,279,279,1.0,0.991726782348804,false,55.33681683778233
3671,Hobby and creative,327,327,1.0,0.9921778452415027,false,13.77756673511293
3674,Puzzles,231,231,1.0,0.9627220260270116,false,246.26247227926078
3675,Construction,549,549,1.0,0.9537472668619282,true,1835.5778574948663
3678,Boys toys,34,34,1.0,0.9751622886560349,true,155.81517043121164
3687,"Glasses (drink, beer, wine etc)",2020,2020,1.0,0.9983574422468809,false,51.68538110882961
3690,"Glasses (drink, beer, wine etc)",1354,1354,1.0,0.9984142201494894,false,36.440384394250515
3691,"Glasses (drink, beer, wine etc)",1249,1249,1.0,0.9875673370813244,true,56.545289938398376
3692,Cleaning products,7893,7893,1.0,0.9932731236624739,false,1157.404751540041
3696,Drink & food To Go,453,453,1.0,0.9946455121699636,false,146.48930759753603
3698,Cooking books,146,146,1.0,0.9637806756101327,false,153.4703285420944
3700,Clocks,3076,3076,1.0,0.9920749678310414,false,34.11668624229981
3705,Ironing,156,156,1.0,0.9268545389999384,true,4110.896048459959
3719,Mugs and cups,9911,4041,0.4077287861971547,0.9955542319095241,false,670.4149355236142
3720,Mugs and cups,11289,3570,0.31623704491097526,0.9931355548823583,false,802.5773963039015
3721,Mugs and cups,24620,19198,0.7797725426482535,0.9968086644284346,false,2777.090020533881
3722,Mugs and cups,23861,1122,0.04702233770587989,0.9958583045598108,false,3861.8807478439435
3733,Oven dishes,163,163,1.0,0.9753094756685746,false,127.9154357289528
3735,Tableware,1036,1036,1.0,0.9950453257525991,false,14.772409034907602
3736,"Cloths, mops, sponges and brush",11383,11383,1.0,0.9980247344062263,false,221.83440985626274
3738,Puzzles,3111,3100,0.9964641594342655,0.9964689054556819,false,11.826918275154007
3741,Kitchen helpers,762,399,0.5236220472440944,0.9624696450024249,false,107.0303363449692
3746,Cutlery,2515,2515,1.0,0.9985716766675439,false,21.16497577002052
3752,Cooking books,537,537,1.0,0.9885922832631528,false,125.3517540041068
3753,Light bulbs,2303,2303,1.0,0.994934101321682,false,111.78785544147838
3754,Special pans,607,438,0.7215815485996705,0.9900460338307047,false,127.6498008213553
3755,Personal care,462,462,1.0,0.9982265528927907,false,14.561149897330592
3756,Wash treatment and accessories,3081,2544,0.8257059396299903,0.9920942706960164,false,129.34469774127308
3757,Cutlery,1565,1565,1.0,0.9957729740850785,false,105.52952772073921
3758,Light bulbs,5072,5072,1.0,0.9974718274980765,true,127.81226694045176
3759,Personal care,762,762,1.0,0.9987607455548281,false,6.332266119096506
3772,"Glasses (drink, beer, wine etc)",773,773,1.0,0.9974657447659061,false,63.14574948665297
3779,Vacuuming,368,368,1.0,0.992575315191169,false,952.3553211498971
3782,Ironing boards,4727,4683,0.9906917706790777,0.8053433395437899,false,706.622413963039
3783,Clothes hangers,82972,51195,0.617015378681965,0.9983175565378449,false,1343.1830151950708
3788,Bath textiles and bath mats,47222,46204,0.9784422514929482,0.9991280921065663,false,721.6172648870635
3797,Vehicles,4008,3922,0.9785429141716567,0.9806868636117382,false,82.34382587268995
3803,Hobby and creative,1932,1932,1.0,0.9722526480057269,false,148.79430554414787
3815,Tea and coffee,3722,3087,0.8293927995701236,0.9981414959035172,false,47.782546201232044
3819,Coffee makers and kettles,391,391,1.0,0.7219694752855654,true,942.7940484599585
3822,Batteries,93369,93298,0.9992395763047692,0.9995230247841547,false,105.34110554414782
3827,Personal care,482,482,1.0,0.9988798775661193,false,3.700268993839838
3828,Drink & food To Go,17461,16018,0.9173586850695836,0.9932772050741324,false,221.09765913757693
3831,Baskets,12429,12429,1.0,0.9961300885983576,false,67.38255770020535
3832,Tools,7314,7314,1.0,0.9889093381534202,false,118.56911622176591
3835,Personal care,13812,13493,0.9769041413263828,0.9975087022415408,false,65.60419548254617
3836,Personal care,114,114,1.0,0.9982027104598878,false,78.86329363449683
3837,Wash treatment and accessories,2881,2875,0.9979173897952099,0.994851679174609,false,75.32135112936346
3844,Wash treatment and accessories,29869,17834,0.5970738893166828,0.9917496713870224,false,825.4888045174536
3845,Personal care,19686,19686,1.0,0.996135689851107,false,143.64614907597544
3886,Gift,3367,3367,1.0,0.9985835313602129,false,608.9554989733061
3891,Residential odors,6970,6970,1.0,0.9977755118750157,false,68.44430390143728
3909,Construction,226,226,1.0,0.9632837359391012,true,368.4443531827513
3910,Kitchen tools,1981,1981,1.0,0.9906061174143752,false,67.00304271047233
3911,Teletoys,585,585,1.0,0.977245853913782,false,368.4456813141686
3912,Hobby and creative,505,505,1.0,0.9891908515559003,true,35.21753757700205
3915,Construction,305,305,1.0,0.9846497860728074,false,300.17600082135556
3918,Special pans,4185,4185,1.0,0.9788466719960284,false,262.5472952772076
3920,Games,1919,1919,1.0,0.9628040749785997,true,187.6279626283366
3921,Teletoys,355,355,1.0,0.9922553302624956,false,33.93888911704312
3922,Vehicles,4419,4419,1.0,0.9931962809846328,false,59.17904353182753
3923,Games,1944,1872,0.9629629629629629,0.9840561872368957,true,70.04303490759754
3925,"Glasses (drink, beer, wine etc)",3405,3405,1.0,0.9943853530560647,false,47.140777002053376
3947,Bath textiles and bath mats,13253,13253,1.0,0.9950137729721795,false,171.93757618069827
3948,Bath textiles and bath mats,14811,14811,1.0,0.9849905963590693,false,466.2717765913757
3951,Window and squeegees,60373,60373,1.0,0.9990347764287079,false,524.4537412731001
3965,Oven dishes,248,248,1.0,0.9862759081344296,true,79.32409774127312
3967,Ironing boards,127,127,1.0,0.8730805475139432,false,213.25323203285404
3970,Foods,124,124,1.0,0.9982601000768379,false,27.098698973305957
3971,Cleaning products,656,656,1.0,0.9812420298051634,true,112.80942710472284
3973,Light bulbs,2433,2433,1.0,0.9973366039199827,false,46.10133880903489
3975,Table paper,1674,1674,1.0,0.9987828025644823,false,39.99640739219711
3979,Special pans,680,493,0.725,0.991694418832377,false,74.88670431211503
3987,Travel accessories,1130,1129,0.9991150442477876,0.9962312285194446,false,55.8755006160164
3989,Tea and coffee,13674,9298,0.6799765979230656,0.9867158076136681,false,4348.466119096509
4006,Hobby and creative,5386,5386,1.0,0.9943972630372745,false,76.91200410677617
4016,Hobby and creative,510,510,1.0,0.9893490067096647,false,64.89340369609857
4028,Window and squeegees,68609,56667,0.8259412030491626,0.9926157474805086,false,583.1849199178644
4029,Shoe maintenance,3407,3407,1.0,0.9978497291768398,false,239.1159983572895
4036,Vacuuming,164,164,1.0,0.9878150843313034,false,689.8938398357293
4040,Kitchen textile,12795,11004,0.8600234466588511,0.9977463589430194,false,761.1200328542097
4042,Window and squeegees,14677,12169,0.8291203924507733,0.9904616061653821,false,538.4447921971253
4043,Table textiles,2570,2570,1.0,0.9939810164264841,false,76.61728829568791
4046,Tableware,12066,3478,0.2882479695010774,0.9945689601146311,false,494.35099589322385
4047,Tableware,15264,14915,0.9771357442348009,0.9963560297766246,false,2504.3714291581095
4054,Light bulbs,7689,7689,1.0,0.9987390422748303,false,56.80512936344968
4055,Thermos jugs,1959,1914,0.9770290964777948,0.993090183769308,false,55.33982956878848
4059,Foods,300,300,1.0,0.9970431964509381,false,43.83007310061603
4068,Baby / Toddler,744,682,0.9166666666666666,0.9811748889332876,true,40.5696542094456
4073,Hobby and creative,6489,6456,0.994914470642626,0.9978281782782653,false,16.675101026694048
4074,Puzzles,4263,4261,0.9995308468214872,0.9946360211868008,false,21.984749075975387
4076,Vehicles,162,162,1.0,0.9537006621903347,false,144.62622094455844
4077,Puzzles,4444,4436,0.9981998199819982,0.9910795058178993,false,49.716702258726905
4079,Foodprep,7093,7093,1.0,0.9596872158192896,false,14866.405813963036
4080,Coffee makers and kettles,2875,2875,1.0,0.9621026009859396,true,44233.283662423
4085,Vacuuming,5287,4452,0.8420654435407604,0.8219935413192634,false,842.0004073921962
4086,Fans and electric blankets,13284,13284,1.0,0.9212088179716122,true,10560.929170020529
4091,Store kitchen,725,725,1.0,0.9941371237733583,true,56.85809075975361
4094,Bathroom accessories,2958,2958,1.0,0.9899980849179605,false,48.48629486652978
4097,Cleaning products,26319,26319,1.0,0.9966987020754041,false,388.53855030800815
4098,Cooking pans,79,79,1.0,0.8166986452523779,true,241.3805601642709
4103,Wash treatment and accessories,2154,2154,1.0,0.9977648630714889,false,19.24623408624229
4104,Cleaning products,5399,5188,0.9609186886460456,0.9895604282302626,false,82.88300698151953
4105,(Steam) cleaners,156,156,1.0,0.9791132763248936,true,54.06808336755637
4108,Wash treatment and accessories,39177,10126,0.258467978660949,0.9922754818182524,false,3475.7437638603706
4113,Residential odors,5318,5318,1.0,0.9973505914752978,false,213.2531457905544
4114,Window and squeegees,78016,53679,0.6880511689909762,0.9953258277089161,false,589.9717921971254
4116,Shoe maintenance,2629,2339,0.8896918980600989,0.9953226144627799,true,84.55214332648865
4117,Coffee makers and kettles,37998,34470,0.9071530080530554,0.9704764126064418,false,1092.6806299794655
4122,Electric personal care,18647,14605,0.7832359092615434,0.9496138835402346,false,616.7582681724848
4123,Electric personal care,21869,20830,0.9524898257807856,0.9559147128998197,false,1515.3928784394252
4133,Special pans,22939,20712,0.9029164305331532,0.9525634925374002,false,1266.0447227926072
4134,Frying pans,8230,6165,0.7490886998784934,0.7904813110454212,false,1142.4174209445596
4153,Stationary,37286,37286,1.0,0.9991805887083072,false,70.69093305954824
4160,Hobby and creative,7105,4937,0.694862772695285,0.9908167092370174,true,2606.0650546201246
4164,Kitchen tools,821,821,1.0,0.9931226853273332,false,92.70382012320341
4166,Girls toys,161,145,0.9006211180124224,0.98112816046823,true,22.56133634496919
4168,Vehicles,16241,10428,0.6420786897358537,0.9843759955060478,false,179.39798932238187
4171,"Glasses (drink, beer, wine etc)",2323,2323,1.0,0.9988797664990597,false,46.923969609856215
4172,Tea and coffee,21777,21140,0.9707489553198329,0.9976924181904588,false,127.12455359342918
4176,Window and squeegees,68404,56633,0.8279194199169639,0.9955715694250228,false,409.088463244353
4187,Knives,32835,32835,1.0,0.9992919029577285,false,470.5593757700206
4191,Cutlery,22975,22975,1.0,0.9956161562717666,false,5456.109322381927
4192,Window and squeegees,48815,47571,0.9745160299088395,0.9938055026503868,false,339.8737166324436
4194,Stairs,3218,3218,1.0,0.9703177343123317,false,157.56072320328533
4203,Bed textile,842,755,0.8966745843230404,0.9726474675411265,false,1095.0970903490756
4206,Mugs and cups,12408,12408,1.0,0.9935218121359745,false,3832.961482546203
4215,Tea and coffee,15330,11335,0.7393998695368559,0.9714282963791389,false,2064.665882956878
4217,Tableware,4585,4585,1.0,0.9969889079331042,false,51.157811088295716
4221,Large garden,57,57,1.0,0.9888201424894149,true,55.07203285420943
4223,"Glasses (drink, beer, wine etc)",559,559,1.0,0.9855327636766869,false,96.11402464065709
4224,Cutlery,628,628,1.0,0.9938969873228601,false,110.41409034907599
4227,Special pans,2738,1958,0.7151205259313368,0.9927104231862427,false,39.94948870636551
4233,Bakeware,548,548,1.0,0.9759414048789118,true,86.04684887063651
4239,Baby / Toddler,4329,4273,0.987063987063987,0.9811453408029974,false,72.96478891170432
4242,Stuffed animals,2371,2371,1.0,0.9928068201911567,true,70.58433470225872
4255,Boys toys,7956,7956,1.0,0.997993463146014,false,61.79786858316219
4261,Foodprep,9502,9502,1.0,0.961569124778999,false,148092.26313388097
4262,Batteries,37008,33002,0.8917531344574147,0.9928173568223709,false,322.3911806981518
4264,Cooking pans,1274,1244,0.9764521193092621,0.9520792301271596,false,173.2645145790556
4265,Window and squeegees,53684,46644,0.8688622308322778,0.9921863832999178,false,785.3334209445585
4266,Kitchen helpers,38994,38806,0.9951787454480177,0.9987747490071345,false,703.7859449691989
4267,Hobby and creative,531,531,1.0,0.9798601966463448,false,28.873600000000014
4279,"Cloths, mops, sponges and brush",34302,26321,0.7673313509416361,0.9954169329881991,false,657.9406422997945
4281,Wash treatment and accessories,3710,3710,1.0,0.9971447394574022,false,158.729455852156
4282,Bakeware,17999,17903,0.9946663703539086,0.9910647673891261,false,443.948974948665
4283,Tea and coffee,8061,8061,1.0,0.9971077133464336,false,684.5491917864474
4284,Cutlery,11933,8599,0.7206067208581245,0.9970798017597926,false,63.01379876796717
4286,Bathroom accessories,11458,11429,0.9974690172805027,0.9941252798369288,false,112.45291006160164
4287,Kitchen textile,5286,5286,1.0,0.9960972206453139,false,82.64720328542094
4303,"Cloths, mops, sponges and brush",24399,24115,0.9883601786958481,0.9991420932808662,false,119.73899014373717
4309,Vehicles,10016,9174,0.9159345047923323,0.9900022486466645,false,134.05817002053388
4312,Hobby and creative,9797,9797,1.0,0.993267976545317,false,90.27271581108833
4317,Puzzles,2221,2070,0.9320126069338136,0.9876849122098645,false,31.46425831622176
4323,Vacuuming,162,162,1.0,0.777999291796505,false,1058.6604747433269
4326,Foodprep,19024,18947,0.9959524810765349,0.9762983054427922,false,503.310734291581
4329,Small storage,47997,47997,1.0,0.9984137849404012,false,249.77305995893218
4331,Window and squeegees,32145,28535,0.8876963757971691,0.9855067820405847,false,771.9185002053388
4332,Tableware,4676,3966,0.8481608212147135,0.9941804060035879,true,153.02104065708423
4336,Racks and pockets,25511,13844,0.5426678687624946,0.9981805164489486,false,166.6250447638604
4337,Racks and pockets,135898,113646,0.8362595476018779,0.9991668358896774,false,2186.448298151951
4341,Baskets,8912,8912,1.0,0.9963868327078632,false,66.27750061601643
4343,Baskets,10270,10247,0.9977604673807206,0.9917562505080987,false,145.57410431211486
4345,Wash treatment and accessories,3589,3589,1.0,0.9896599176681501,true,106.85298480492811
4346,Wash treatment and accessories,2549,2549,1.0,0.9956341229607752,false,54.44364271047226
4347,Wash treatment and accessories,12445,12445,1.0,0.994289050533247,false,144.04805831622173
4348,Cleaning products,5424,5338,0.9841445427728613,0.9972739653448989,false,34.963424640657045
4355,Drink & food To Go,11928,11928,1.0,0.9886996104815361,true,416.95209075975305
4356,Personal care,1187,1187,1.0,0.9954450292317936,false,179.26739835728947
4362,Measuring and weighing,4226,3869,0.9155229531471841,0.9694827024574445,false,215.99220123203276
4363,Pan sets,47,47,1.0,0.8840458647671487,false,955.8700484599603
4384,Candles & Tealights,1002,1002,1.0,0.9987505430524196,true,545.3421609856258
4389,Vases,5005,5005,1.0,0.9942491901878183,false,85.1253757700205
4402,Photo frames & albums,3255,3255,1.0,0.9927566359222474,false,91.12723901437369
4404,Photo frames & albums,24984,24984,1.0,0.9992287481589184,false,77.0594928131416
4411,Construction,204,204,1.0,0.9887139798045305,true,34.54663285420944
4418,Hobby and creative,1189,1189,1.0,0.9968932673506558,false,19.8389371663244
4422,Construction,348,348,1.0,0.9851888896632072,true,273.3103659137577
4425,Boys toys,7473,7473,1.0,0.9929148165416806,false,115.03290882956884
4429,Store kitchen,5989,5989,1.0,0.9973171997061602,false,31.122776180698143
4433,Drink & food To Go,12802,11941,0.9327448836119356,0.9899139830901043,false,480.0139724845992
4437,Wash treatment and accessories,31796,31495,0.9905334004277268,0.9977679778089473,false,159.08063449691986
4438,Racks and pockets,1609,1534,0.9533871970167807,0.9689047995474921,false,88.26488008213555
4440,"Cloths, mops, sponges and brush",75021,52743,0.7030431479185828,0.9990072447325629,false,392.72640739219696
4441,Kitchen helpers,8390,7201,0.8582836710369488,0.9872736065060846,false,78.61807515400409
4442,"Cloths, mops, sponges and brush",17238,16808,0.9750551108017171,0.9965734509593904,false,246.2151999999999
4445,Vacuuming,13968,13237,0.9476660939289805,0.9952098302274229,false,246.92222874743322
4447,Store kitchen,8777,8777,1.0,0.9930289710213318,false,159.3196262833676
4448,Bakeware,23702,23209,0.9792000675048519,0.9909998184336917,false,619.3428234086242
4452,Waste bins,22533,11945,0.5301113921803577,0.866813092543136,false,3186.6616016427106
4453,Window and squeegees,11698,11052,0.9447768849375962,0.9719455557687058,false,463.82359342915817
4456,"Cloths, mops, sponges and brush",7448,7448,1.0,0.9953253253578076,false,169.97061642710477
4474,Tableware,5096,5084,0.9976452119309263,0.9931711369871401,false,118.0590965092403
4477,Tableware,6219,6219,1.0,0.9983578543731221,false,113.25149938398354
4479,Bicycle accessories,21,21,1.0,0.9910483305660167,false,135.89068952772098
4480,Others,1513,1513,1.0,0.9939104215522171,true,132.03040657084193
4481,"Glasses (drink, beer, wine etc)",414,414,1.0,0.9977148372176287,false,27.94631991786448
4482,Bed textile,2211,2211,1.0,0.9860209469278771,false,1321.03156550308
4485,Table textiles,72505,72505,1.0,0.9996222794919574,false,1797.9624591375766
4489,Vehicles,3311,3311,1.0,0.9942424691390785,false,130.15929363449692
4490,Construction,1460,1460,1.0,0.9928187365488031,false,38.946709240246435
4492,Foods,491,491,1.0,0.9976310348204538,false,139.2620131416837
4496,Hobby and creative,3126,3099,0.991362763915547,0.9798844579085894,false,106.8648546201232
4499,Cleaning products,4420,4420,1.0,0.9966657072147143,false,66.32640862422998
4503,Games,3000,2718,0.906,0.9736515783103786,true,259.20720287474336
4513,Measuring and weighing,37116,37116,1.0,0.9920110410257228,false,2085.248961806981
4516,Vacuuming,30461,28827,0.9463576376350087,0.9916416513610051,false,1025.2342299794661
4517,Knives,6337,5947,0.9384566829730157,0.9871243375553629,false,905.9161971252569
4518,Foodprep,4625,4596,0.9937297297297297,0.9453147001288561,false,281.4464156057496
4520,Vacuuming,3260,2917,0.8947852760736197,0.6769691505439699,false,538.6687835728954
4526,Insecticides,124,124,1.0,0.9875206657737944,false,619.3022291581111
4527,Tea and coffee,11301,11301,1.0,0.9984589416155841,false,193.85465092402453
4531,Store kitchen,21322,21322,1.0,0.9971615072032143,false,125.0673326488706
4535,Laundry baskets,10558,10558,1.0,0.9815973228418275,false,222.69359014373705
4536,Drying racks,14843,13472,0.9076332277841407,0.9936421467185993,false,198.83020780287478
4537,Small storage,18639,18639,1.0,0.9979040378701817,false,112.67734702258726
4539,Bathroom accessories,4938,4938,1.0,0.9847792581484242,false,3458.0615655030815
4544,Bakeware,503,503,1.0,0.9806498848860686,false,43.793977823408596
4546,Wash treatment and accessories,1144,1144,1.0,0.9926773661335074,false,558.9027392197122
4547,Cleaning products,17454,15516,0.8889652801650052,0.9966826063375687,false,178.45305544147834
4548,Wash treatment and accessories,2291,2291,1.0,0.996116396544838,false,21.61470061601642
4552,Cleaning products,10344,8214,0.7940835266821346,0.9881997889982921,false,157.14406652977408
4556,Euro articles,5133,5133,1.0,0.9979880332865602,false,425.3419745379876
4558,Cleaning products,6892,6892,1.0,0.995458390211165,false,80.91580287474332
4559,Cleaning products,2921,2921,1.0,0.9990129973314893,false,26.11049445585217
4560,Waste bins,11524,11037,0.9577403679278028,0.9686130239299912,false,802.4371778234087
4562,Window and squeegees,540,540,1.0,0.8174641075074554,false,2807.18636386037
4563,Stationary,81457,79243,0.9728200154682839,0.9994761436926654,false,267.53174373716627
4564,Residential odors,11759,11759,1.0,0.993734240357631,false,275.50982340862424
4566,Personal care,29339,29339,1.0,0.9956505638967015,false,336.2964320328544
4567,Window and squeegees,36509,24999,0.6847352707551563,0.9892695685161159,false,466.1759039014375
4576,Electric personal care,10559,8491,0.8041481200871294,0.911723034138382,false,906.4329696098561
4581,Measuring and weighing,5752,3762,0.6540333796940194,0.9675053478938676,false,778.8311655030801
4589,Other Holidays,15412,9370,0.6079678172852323,0.986134975084198,false,546.3241359342916
4596,Personal care,714,714,1.0,0.982816641437156,false,66.32147843942495
4620,Candles & Tealights,39765,39481,0.9928580409908211,0.9985020518088521,false,489.14847515400425
4621,Candles & Tealights,136,136,1.0,0.9980951968716529,true,320.33425872689935
4628,Drinks,1331,1331,1.0,0.9946179478594488,false,266.5621388090349
4638,Residential odors,12006,11410,0.9503581542562052,0.99677055162253,false,30.635682546201206
4652,Photo frames & albums,29513,29513,1.0,0.9993194146004474,false,72.35991991786445
4654,Photo frames & albums,9297,9297,1.0,0.9960652660825319,false,94.90194661190958
4665,Window and squeegees,2433,2433,1.0,0.989988543741862,true,137.7748911704313
4683,Personal care,1978,1295,0.6547017189079879,0.981628847397492,false,44.81928952772071
4685,Boys toys,17,17,1.0,0.9658957277383975,true,61.52210595482542
4687,Construction,250,250,1.0,0.9235339820778257,true,2090.7087232032845
4690,Hobby and creative,13822,13156,0.9518159455939806,0.9995849215033542,false,6.110853388090347
4701,Residential odors,13673,13180,0.963943538360272,0.9975094392393025,false,26.99987679671457
4706,Foils and bags,4367,4190,0.9594687428440577,0.9980237924776331,false,251.66468993839834
4707,Boys toys,1379,1379,1.0,0.9221909002767786,false,467.9880932238191
4711,"Glasses (drink, beer, wine etc)",5346,5346,1.0,0.9971317085102026,false,43.82476919917866
4715,Drink & food To Go,6125,6013,0.9817142857142858,0.9869137081058665,false,307.7785815195072
4716,Wash treatment and accessories,5160,5144,0.9968992248062015,0.9976401657450544,false,41.15231006160161
4718,Window and squeegees,21050,14973,0.7113064133016627,0.9782760661144655,false,787.8906000000003
4720,Wash treatment and accessories,17964,17964,1.0,0.9991300964237805,false,36.12289774127312
4726,Drying racks,22840,16055,0.7029334500875657,0.978212811915188,false,2061.64799466119
4729,Knives,2520,2311,0.917063492063492,0.8317251500327789,false,367.59452156057495
4730,Ironing board textiles,2861,2861,1.0,0.9895887727351815,false,125.2557519507187
4731,Mugs and cups,27558,12381,0.4492706292183758,0.9967240910224711,false,682.0101092402465
4742,Light bulbs,2813,2813,1.0,0.993484575218005,false,99.3666874743327
4746,Hobby and creative,135,135,1.0,0.9878258868621436,false,31.212364681724857
4757,Games,1912,1912,1.0,0.9835019124334854,true,203.58644763860354
4764,Construction,1014,1014,1.0,0.9854071247803702,false,106.39271252566739
4770,Vacuuming,9202,9202,1.0,0.9911641992072624,false,1302.7828472279268
4773,Tableware,16644,16644,1.0,0.9977323208378432,false,599.8363589322381
4776,Store kitchen,19440,19440,1.0,0.9877002511381712,false,240.50230595482535
4782,Thermos jugs,13465,13465,1.0,0.9931892017826096,false,1703.3531613963032
4783,Baskets,12952,12952,1.0,0.9981441316076791,false,38.46690308008214
4784,Tools,20852,20373,0.9770285823901784,0.9928803769686847,false,253.77145133470205
4785,Cleaning products,5066,4933,0.973746545598105,0.995954627721468,false,61.92674907597536
4786,Personal care,10404,9340,0.8977316416762784,0.9975683328762995,false,69.40653798767963
4787,Cleaning products,4255,4188,0.9842538190364277,0.9952359284680885,false,45.663245174538
4788,Cleaning products,3152,3152,1.0,0.9810656535055331,false,101.0708008213553
4793,Personal care,13829,13829,1.0,0.996961816879697,false,153.22998275154
4794,Wash treatment and accessories,7814,7814,1.0,0.9934214130481914,false,78.547951540041
4797,Cleaning products,5054,4988,0.9869410368025326,0.981429129481939,false,390.8412110882956
4798,Wash treatment and accessories,3232,2448,0.7574257425742574,0.9792639254477933,false,170.06841519507185
4806,Electric personal care,9313,8692,0.9333190164286481,0.9886192073321333,false,112.28292361396302
4812,Cooking pans,2493,1660,0.6658644203770557,0.9210494820060127,false,271.63261683778245
4818,Other Holidays,8297,3207,0.3865252500903941,0.9912761001392889,true,333.96964928131416
4841,Stationary,10586,10586,1.0,0.9964411223337111,false,422.36138316221775
4849,Kitchen tools,1784,1784,1.0,0.9955236417736016,false,29.326236960985625
4850,Kitchen tools,1093,1093,1.0,0.9864164033502765,false,46.59911211498974
4851,Kitchen tools,803,803,1.0,0.967203833932254,false,240.89092238193004
4852,Hobby and creative,519,243,0.4682080924855491,0.9801976637891022,false,4792.374105954825
4857,Hobby and creative,2225,2225,1.0,0.9990988229011801,false,8.98171868583162
4858,Tableware,2241,2241,1.0,0.9959365108463152,false,85.84484353182752
4859,Tableware,2130,2130,1.0,0.9977970784617021,false,54.96142710472278
4864,"Glasses (drink, beer, wine etc)",490,490,1.0,0.9884498201382317,true,81.25203285420939
4866,Serve and present,985,985,1.0,0.9968854234387234,false,64.57797535934293
4873,Toilet cleaners and odors,28709,27431,0.9554843428889895,0.9986291638889327,false,140.88868090349075
4875,Table paper,4997,4997,1.0,0.9981977802231897,false,65.45218767967141
4876,Moisture treatment and climate,27466,26965,0.981759266001602,0.9958334345750607,false,487.8714882956878
4880,Window and squeegees,51536,51371,0.9967983545482769,0.9977653670915397,false,208.55364763860382
4881,Window and squeegees,31522,30098,0.9548252014466088,0.9884008921793354,false,386.07418809034914
4882,Stairs,5598,5598,1.0,0.9639335665933172,false,344.4077618069816
4886,Kitchen textile,10402,10402,1.0,0.9939362260288716,false,1810.7148952772081
4887,Kitchen textile,15698,15698,1.0,0.9982032777379907,false,1134.8288459958937
4892,Ironing board textiles,10387,10077,0.9701550014441128,0.996392787179057,false,188.66897043121148
4894,Bed textile,4659,3241,0.6956428418115476,0.9888123822319513,false,2097.812412320329
4901,Serve and present,3669,3669,1.0,0.9945596874696914,false,59.808770431211464
4902,Tea and coffee,4644,4644,1.0,0.9950530530806342,false,97.67831622176584
4903,Tea and coffee,259,259,1.0,0.9843334683533266,false,211.43044928131408
4904,Light bulbs,4044,4044,1.0,0.9950307365997025,false,123.57423408624241
4906,Cleaning products,643,643,1.0,0.9820050611115162,true,48.474088706365464
4907,Tools,26,26,1.0,0.9815389440532276,true,17.42209445585212
4915,Light bulbs,6610,6610,1.0,0.9989889527538135,false,46.81915934291582
4917,Personal care,227,227,1.0,0.9979485915616272,false,55.577613963039006
4918,Tools,72,72,1.0,0.9637387582693433,true,93.63450102669402
4921,Baskets,2689,2689,1.0,0.9962750397818696,false,182.10052114989728
4922,Light bulbs,1322,1322,1.0,0.9968760456668435,false,54.280127310061616
4930,Kitchen tools,1419,1419,1.0,0.9786624471807267,false,139.96216550308003
4933,Puzzles,174,168,0.9655172413793104,0.9236800856690787,true,61.85986529774121
4951,Games,2569,2569,1.0,0.9824900968907616,true,232.94229158110852
4953,Puzzles,3889,3889,1.0,0.9907672487137458,false,28.251632032854207
4962,"Glasses (drink, beer, wine etc)",672,672,1.0,0.9815767082570428,true,51.19854332648869
4965,"Glasses (drink, beer, wine etc)",658,658,1.0,0.997239200274754,false,23.105441889117053
4966,Store kitchen,7858,7858,1.0,0.9993378265381734,false,12.15649034907597
4970,"Cloths, mops, sponges and brush",24494,23410,0.9557442639013636,0.9981901388100934,false,250.1643613963039
4974,Kitchen tools,31833,28601,0.8984701410485973,0.9987829782597669,false,782.6799178644764
4978,Window and squeegees,38501,38391,0.9971429313524324,0.9963494227888064,false,322.61262505133465
4982,Ironing board textiles,37696,36346,0.964187181663837,0.9967140492823842,false,467.81755195071855
4985,Personal care,14144,9427,0.6665016968325792,0.9950969863383571,false,241.4715285420947
5001,Shopping bags and trolleys,5129,5129,1.0,0.9988105219201179,false,22.90354004106777
5008,Measuring and weighing,954,954,1.0,0.9958612558692508,false,73.03110061601642
5015,Construction,841,841,1.0,0.9557829299396767,true,299.9871733059548
5025,Tea and coffee,12603,12603,1.0,0.9967925936297718,false,836.0621018480493
5027,Small storage,33261,32912,0.9895072306905986,0.9985503032293587,false,122.9566242299795
5033,Bathroom accessories,5936,5560,0.9366576819407008,0.9764308953938418,false,237.0011416837782
5038,Storage boxes,2197,2184,0.9940828402366864,0.8973212514626615,false,276.02820862423005
5039,Baskets,13201,13201,1.0,0.9961153188520318,false,86.83965708418891
5040,Wash treatment and accessories,4593,3576,0.7785760940561725,0.9973878890549561,false,69.85350308008216
5042,Personal care,82981,71656,0.8635229751388872,0.9985889168869773,false,216.20301478439416
5045,Cleaning products,22896,22896,1.0,0.993268631421244,false,188.24783778234084
5047,Cleaning products,7653,7653,1.0,0.997252878168927,false,50.103234496919946
5051,Cleaning products,5931,5931,1.0,0.9860784923486072,false,172.740885831622
5052,Commercial non-trade goods,72275,71369,0.98746454514009,0.9996046519735942,false,225.20603531827516
5057,Foodprep,7670,7303,0.9521512385919165,0.9477468383466471,false,506.3641084188912
5062,Electric personal care,2404,2059,0.8564891846921797,0.9044092393127702,true,376.76273921971267
5063,Pan sets,3446,2768,0.8032501450957632,0.5931230681709143,true,1768.961950718685
5066,Bakeware,13569,13146,0.9688260004421844,0.9928804286219557,false,3058.4417248459968
5067,"BBQ, beach and camping",72603,30168,0.41552001983389114,0.9950041964288665,false,4245.556273100613
5068,Other Holidays,8607,7513,0.8728941559196003,0.9801074661650255,true,952.185949897331
5082,Candles & Tealights,932,932,1.0,0.9975537024240242,true,454.16459383983573
5088,Residential odors,15277,14773,0.9670092295607776,0.9950557427354971,false,62.69502422997946
5096,Vases,3339,3080,0.9224318658280922,0.9832568179019752,false,106.49242299794649
5101,Small garden,1125,1125,1.0,0.9947099255005145,true,176.03522094455846
5108,Games,2450,2450,1.0,0.991819751222287,false,90.11652238193024
5114,"Glasses (drink, beer, wine etc)",902,902,1.0,0.9981614467797449,false,34.42029650924024
5117,Store kitchen,11318,11318,1.0,0.9983903054447243,false,30.962535112936315
5119,Personal care,6790,6504,0.957879234167894,0.9979814661443193,false,68.52713100616018
5121,Wash treatment and accessories,11114,10805,0.9721972287205327,0.9966817777860518,false,70.52583080082135
5124,Bakeware,47314,41652,0.8803314029674092,0.9961196483485949,false,494.52491211498983
5125,Foils and bags,40126,40126,1.0,0.997765308643274,false,204.54312197125253
5126,Gift,107362,107362,1.0,0.9983874653302354,false,515.2556550308005
5128,Cutlery,14997,14997,1.0,0.9961358225886774,false,137.90140862422993
5129,Cutlery,2581,2558,0.9910887253002713,0.9811025764696645,false,74.21736344969199
5134,Kitchen helpers,15008,14482,0.964952025586354,0.9958828608850476,false,2134.1518069815197
5139,Bed textile,1500,1433,0.9553333333333334,0.9880249507310574,false,725.67756386037
5142,Bath textiles and bath mats,47167,47167,1.0,0.997863144058865,false,1704.4274501026696
5144,Bed textile,2056,2056,1.0,0.9711714935139448,false,4917.017859548254
5153,Planks,929,929,1.0,0.9966855187873229,false,57.16676919917864
5155,Cutlery,4430,4430,1.0,0.9982746883053596,false,36.19977700205336
5156,Clocks,133,133,1.0,0.9805438037807628,false,121.87594496919918
5157,Tableware,4676,3080,0.6586826347305389,0.9979569815629937,false,47.57325338809035
5159,Home decoration,370,370,1.0,0.9708814100647188,false,105.03117659137597
5160,Waste bins,720,720,1.0,0.9939197871993767,false,133.10735441478437
5161,Light bulbs,480,480,1.0,0.9920448141532846,true,67.52580903490758
5162,Baby / Toddler,583,583,1.0,0.9811461954578431,false,49.800630390143745
5165,Personal care,1247,414,0.3319967923015237,0.9974326976755749,false,11.56079178644763
5175,Toilet cleaners and odors,4229,3902,0.9226767557342161,0.9974534404781014,false,36.0653453798768
5179,Hobby and creative,641,641,1.0,0.9974085440499492,false,9.68276796714579
5181,Shopping bags and trolleys,6174,6174,1.0,0.9979320131382146,false,58.21062874743325
5186,Hobby and creative,3799,769,0.20242168991839957,0.9873066437678744,true,43.760656673511306
5190,Wash treatment and accessories,4126,4126,1.0,0.9983746852323632,false,53.55958151950719
5198,Hobby and creative,190,190,1.0,0.984215182443211,false,454.4657720739217
5200,Outdoor toys,745,745,1.0,0.9711559908645433,false,119.92833511293634
5204,Oven dishes,314,314,1.0,0.9858371791647639,true,170.64766735112937
5205,Coffee makers and kettles,3772,3772,1.0,0.9687557946658775,true,33971.21455934291
5206,"Glasses (drink, beer, wine etc)",6865,6332,0.9223597960670066,0.9954674853079442,false,86.98254620123203
5210,Vacuuming,4550,4474,0.9832967032967033,0.7177749178448386,false,555.5485174537986
5212,Batteries,81361,81361,1.0,0.9990768470059243,false,146.3945100616017
5219,Drink & food To Go,43097,41670,0.9668886465415226,0.9947742264953066,false,447.15057659137585
5221,Toilet accessories,14478,13650,0.9428097803564028,0.9946590266519693,false,320.99639260780293
5222,Toilet accessories,34827,34827,1.0,0.9903290649995088,false,9902.93310554415
5223,"Glasses (drink, beer, wine etc)",765,765,1.0,0.9961418110312781,false,80.68741889117042
5226,Wash treatment and accessories,3171,3171,1.0,0.9871343917170796,true,122.93756468172478
5227,Wash treatment and accessories,1921,1921,1.0,0.9891565344650214,false,37.33006570841889
5228,Toilet cleaners and odors,57774,37639,0.6514868279849068,0.9928869679170615,false,1164.03999835729
5236,Wash treatment and accessories,274,274,1.0,0.9987406332801393,false,36.836837371663265
5239,Residential odors,6530,6523,0.9989280245022971,0.9968476506487638,false,218.50467515400416
5241,Phones,12802,12743,0.9953913451023277,0.9741106352263837,false,615.3948234086242
5243,Electrical tools,14697,8865,0.6031843233312921,0.7212691342580855,false,1909.104750718686
5255,Cooking pans,5253,5144,0.9792499524081477,0.9954737654452908,false,260.8347991786449
5271,Candles & Tealights,36006,36006,1.0,0.9892279257033333,false,554.3018332648871
5273,Candles & Tealights,36715,36715,1.0,0.9985662541902615,false,130.0872640657084
5275,Candles & Tealights,50,50,1.0,0.9978427039892611,false,31.69816180698154
5276,Candles & Tealights,16017,16017,1.0,0.9927337932769214,true,308.7051745379875
5283,Other Holidays,12263,6967,0.5681317785207535,0.9926778290066679,true,600.2522422997945
5293,Photo frames & albums,17860,17860,1.0,0.9982063247647363,false,112.60828706365506
5294,Photo frames & albums,24384,24384,1.0,0.9990064016193764,false,90.75036303901435
5303,Window and squeegees,1436,1376,0.958217270194986,0.9680997734638357,true,120.22617289527713
5311,Drying racks,6568,6489,0.9879719853836785,0.9858027798042368,false,87.40516796714577
5315,Hobby and creative,401,401,1.0,0.9548616589907064,false,347.09990143737156
5318,Teletoys,360,360,1.0,0.988327117836386,false,231.97134127310068
5320,"Cloths, mops, sponges and brush",18502,16697,0.9024429791373906,0.9987633428092371,false,165.3789240246406
5323,Construction,2,2,1.0,0.9199156885951864,true,728.973701437369
5330,"Glasses (drink, beer, wine etc)",887,887,1.0,0.9912418678970522,false,90.73176057494867
5335,Commercial non-trade goods,124,124,1.0,0.99603548987929,false,71.38615811088299
5336,Table paper,7275,7275,1.0,0.9988694056574446,false,46.70731170431213
5337,Cutlery,7965,7965,1.0,0.9961426811706838,false,85.4411433264887
5341,Drying racks,9953,9907,0.995378277906159,0.9805419472910851,false,522.1646636550308
5343,Kitchen tools,20206,20206,1.0,0.9959767667485224,false,560.0530792607802
5346,Kitchen helpers,243,243,1.0,0.9632090945978788,false,233.8225696098563
5347,Kitchen helpers,21447,13464,0.6277801091061687,0.8835546374761468,false,2549.2203112936345
5349,Cutlery,1834,1834,1.0,0.9587615011529137,false,161.1260488706365
5353,Bed textile,3577,3577,1.0,0.9787554625158886,false,2084.330645174536
5360,Mugs and cups,15648,13552,0.8660531697341514,0.9976882733997102,false,852.4027811088292
5375,Tea and coffee,2481,2460,0.9915356711003628,0.9687653814552889,false,102.9832841889117
5376,Vehicles,88368,88368,1.0,0.998076888043192,false,227.23523613963022
5377,Boys toys,1711,1711,1.0,0.926567449271612,false,471.2001301848049
5394,Foodprep,6430,6430,1.0,0.8952990409559716,false,19151.14539917865
5397,Batteries,60496,60496,1.0,0.9991496054186012,false,138.55732443531824
5400,Coffee makers and kettles,32824,25859,0.7878077016816963,0.9484036369137469,false,1950.5683034907597
5401,Bakeware,4209,4050,0.962223806129722,0.992643186020872,true,157.92491293634495
5403,Store kitchen,370,370,1.0,0.994322147374082,true,54.76525749486661
5404,Store kitchen,6919,6229,0.9002746061569591,0.9900779322467032,false,211.43948747433254
5405,"Cloths, mops, sponges and brush",53557,41971,0.7836697350486398,0.998434465382577,false,512.2631248459959
5408,Others,121,121,1.0,0.9813213531631617,true,1213.8841954825466
5411,Cleaning products,6120,6120,1.0,0.9875368267362316,false,149.39553511293636
5414,Cleaning products,1356,1185,0.8738938053097345,0.9929675499937006,false,17.926160574948668
5415,"Cloths, mops, sponges and brush",10826,10826,1.0,0.9965463712531707,false,90.56543655030806
5423,Measuring and weighing,1351,1344,0.9948186528497409,0.9772531086072926,false,139.03322381930195
5424,Special pans,21921,15354,0.7004242507184891,0.9596761411236293,false,1233.0849856262844
5440,Candles & Tealights,240,240,1.0,0.9943920500517915,true,249.7000386036963
5441,Candles & Tealights,15284,15284,1.0,0.99391502263199,true,243.88011498973276
5451,Party lights,10105,10105,1.0,0.9971852385684911,false,739.9352328542088
5457,Photo frames & albums,1960,1960,1.0,0.9950442720901144,false,41.934383983572914
5458,Stationary,20388,20388,1.0,0.9962420515926099,false,535.6763367556466
5460,Coffee makers and kettles,1066,882,0.8273921200750469,0.8874462184515148,true,145.07940985626286
5462,Ironing boards,6969,1419,0.20361601377529057,0.6711688189297758,true,14433.669186036966
5467,Teletoys,442,442,1.0,0.980700687441506,false,407.35786776180726
5468,Tea and coffee,2119,2119,1.0,0.9932790065094237,false,124.08745913757699
5469,Cooking books,214,214,1.0,0.9839864358120881,true,30.121261601642708
5472,Bath textiles and bath mats,3683,1504,0.4083627477599783,0.9910776273528934,true,693.4744648870637
5474,Hobby and creative,2211,2211,1.0,0.9978913543116537,false,15.029629568788485
5484,Wash treatment and accessories,8770,5876,0.6700114025085518,0.9838918568894861,false,177.93362956878858
5488,Bakeware,31413,31094,0.9898449686435552,0.9965522420856282,false,1241.9306570841889
5491,Vacuuming,251,251,1.0,0.994949868818064,false,492.27814209445563
5492,Bakeware,31111,30612,0.9839606570023465,0.9926274269015478,false,637.3030985626282
5494,Kitchen tools,34433,34433,1.0,0.9980204874536222,false,427.79331416837783
5495,Kitchen tools,95779,95779,1.0,0.9983215950389751,false,237.76809733059554
5497,Racks and pockets,15302,15302,1.0,0.9965294830809036,false,2345.5470349075968
5498,Cutlery,16818,16818,1.0,0.9951346821006818,false,2771.527055852156
5499,Stairs,4067,4067,1.0,0.9597344021033455,false,276.0940000000001
5508,Bath textiles and bath mats,18024,17085,0.9479027962716379,0.9993060197568712,false,408.6937063655029
5515,Tableware,1032,1032,1.0,0.9819294421551039,true,2326.832349486653
5516,Mugs and cups,30443,2563,0.08419012580888874,0.9945215645456301,false,5339.1826763860345
5523,Oven dishes,314,314,1.0,0.9908797829185088,true,44.978055852156054
5524,Planks,2666,2318,0.8694673668417104,0.9965474637688876,false,28.314111704312108
5527,Tableware,5551,5181,0.9333453431814087,0.9874666037990123,false,221.66852566735108
5530,Foods,460,460,1.0,0.9970818583142893,false,61.20235975359344
5534,Kitchen tools,469,469,1.0,0.98615795884703,true,303.1442537987683
5536,"Glasses (drink, beer, wine etc)",308,308,1.0,0.9949156322853119,false,50.96701724845996
5540,Wash treatment and accessories,1461,1461,1.0,0.9843719208223513,false,380.70842217659145
5554,Baby / Toddler,36,36,1.0,0.9884199157022026,true,46.835309650924
5562,"Glasses (drink, beer, wine etc)",221,221,1.0,0.9940375012779409,true,81.77908829568781
5563,Electrical tools,5912,4738,0.8014208389715832,0.9641380359883083,false,187.20378275154016
5566,"Cloths, mops, sponges and brush",26005,22583,0.868409921169006,0.9938656708906319,false,558.1720110882956
5568,"Cloths, mops, sponges and brush",12087,11955,0.9890791759741872,0.993102929121308,false,226.10605995893218
5569,Small storage,13872,13872,1.0,0.9949427785369988,false,177.54005420944551
5573,Home decoration,19584,13012,0.6644199346405228,0.9977358739425107,false,612.4467741273103
5581,Puzzles,1034,1034,1.0,0.9840329424528846,true,218.45235770020528
5582,Puzzles,3290,3278,0.9963525835866262,0.9968259042408151,false,12.616133059548247
5583,Hobby and creative,2981,2472,0.8292519288829252,0.9923128512901079,false,41.23811827515396
5588,Batteries,78336,76764,0.9799325980392157,0.9987801037520628,false,190.56834496919905
5593,Foodprep,32042,21251,0.6632232694588353,0.7119847133766741,false,3828.861661601642
5596,Kitchen tools,8926,6939,0.7773918888639928,0.9740432092175282,false,406.5961096509239
5597,Buckets,164,164,1.0,0.9937731881160634,false,116.95181149897336
5598,Window and squeegees,17484,17398,0.9950812171127889,0.9962935463216857,false,131.06209240246406
5599,Window and squeegees,15144,14862,0.981378763866878,0.9961331987033104,false,168.77858685831617
5602,Cleaning products,14925,14925,1.0,0.9945751202491566,false,149.54681273100618
5603,Bathroom accessories,10899,10800,0.990916597853014,0.9886610454604591,false,312.49637166324436
5604,Table textiles,1746,1729,0.9902634593356243,0.9621625372516737,false,276.929501026694
5605,Foils and bags,208,208,1.0,0.9880348720234138,true,772.1158369609858
5606,Bathroom accessories,5908,5616,0.950575490859851,0.9928650921667092,false,94.95161930184805
5608,Laundry baskets,20500,11504,0.5611707317073171,0.9742097914752293,false,554.6066106776179
5609,Storage boxes,16324,15156,0.928448909580985,0.9879700437437389,false,364.2199782340861
5610,Baskets,13421,13404,0.9987333283659936,0.9967340817863022,false,129.67111909650924
5611,Baskets,8788,8734,0.9938552571688667,0.9957705604981634,false,74.18771047227925
5613,Baskets,10314,10314,1.0,0.9962672499693405,false,56.83967802874743
5614,Baskets,8319,8302,0.9979564851544657,0.9959324453938634,false,73.32211375770021
5615,Drink & food To Go,11290,8510,0.7537643932683791,0.9850225905444676,false,659.9297605749489
5616,Personal care,68357,54508,0.7974018754480156,0.998562474285007,false,122.56324435318278
5617,Cleaning products,11644,10245,0.8798522844383373,0.9953814270627389,false,245.58188254620146
5618,Others,4868,4868,1.0,0.9876721725347397,false,108.88574455852157
5620,Oven dishes,184,184,1.0,0.9959872561766895,false,133.94627926078033
5621,Personal care,2795,1495,0.5348837209302325,0.9962873748054328,false,19.339835728952764
5622,Wash treatment and accessories,4894,4894,1.0,0.9969837177299055,false,43.15531909650925
5625,Wash treatment and accessories,8941,6537,0.7311262722290571,0.9816797570587331,false,342.51837125256657
5629,Cleaning products,2749,2749,1.0,0.9961147313666793,false,19.583202874743318
5634,Stationary,10037,10037,1.0,0.9975903679998535,false,276.2783400410677
5635,Window and squeegees,69857,58913,0.8433371029388608,0.9973911817127424,false,267.82003449691985
5638,Electric personal care,35727,35365,0.9898676071318611,0.9870882044077435,false,614.3246599589323
5640,Electric personal care,3106,2340,0.7533805537669027,0.9224359118642564,false,149.08878850102667
5642,Electric personal care,16096,15204,0.9445825049701789,0.9729288385516321,false,388.6602123203286
5644,Electric personal care,17241,17241,1.0,0.9819562545351984,false,385.2317043121151
5650,Pan sets,1792,505,0.2818080357142857,0.8615389542635115,true,282.1458234086244
5652,Partyfun,23400,23400,1.0,0.99881614777169,false,50.75063819301848
5653,Pan sets,1992,1744,0.8755020080321285,0.7284583836512861,false,368.39907597535904
5660,Personal care,1930,1684,0.8725388601036269,0.9849709488881367,false,87.4339585215606
5677,Foods,125,125,1.0,0.9977072011475903,false,45.97260492813147
5709,"TV, Audio & Video",5730,5180,0.9040139616055847,0.9628068726212714,true,183.9410755646817
5710,Drink & food To Go,7956,2130,0.26772247360482654,0.9808397853642717,true,213.8999745379877
5713,Electric personal care,20758,17088,0.8232006937084497,0.9537625780907417,false,464.81648377823404
5725,"Cloths, mops, sponges and brush",16396,15761,0.9612710417174921,0.9989452342004524,false,133.89687392197126
5726,Kitchen helpers,276,276,1.0,0.9790536298614531,true,157.19915236139647
5727,Hobby and creative,806,806,1.0,0.97054381104675,false,68.32366817248452
5736,Planks,16247,16247,1.0,0.9939235774014074,false,6038.692731006159
5742,Storage boxes,3139,3139,1.0,0.9420482340027674,false,190.60346858316223
5746,Planks,1069,1069,1.0,0.9288817669092174,true,222.9643593429158
5747,Wash treatment and accessories,1501,1501,1.0,0.996718242317627,false,19.60833963039013
5748,Personal care,91,91,1.0,0.9814314202090169,false,133.9820353182752
5749,Cleaning products,20223,12760,0.6309647431142759,0.9960889129210877,false,139.99238193018476
5751,Cleaning products,2492,2492,1.0,0.981098783715264,false,114.34631950718686
5753,Wash treatment and accessories,15747,15747,1.0,0.9844723536364682,false,216.0203449691992
5757,Cleaning products,46232,23031,0.4981614466170618,0.9982039450092565,false,183.11096755646815
5761,Bathroom accessories,34955,34952,0.9999141753683307,0.9990554209974839,false,243.57970718685831
5772,Foodprep,5605,5602,0.9994647636039251,0.9694093636492805,false,309.77091088295685
5773,Electric personal care,10193,4119,0.40410085352693026,0.9489890190367084,false,1093.5449388090349
5798,Candles & Tealights,202,202,1.0,0.9894616830778823,true,164.40244558521547
5799,Candles & Tealights,340,340,1.0,0.9969603725198266,true,312.59044188911696
5800,Candles & Tealights,902,902,1.0,0.9985052144738132,true,356.1967967145789
5804,Others,783,783,1.0,0.9971238343141379,false,61.63978644763857
5805,Candles & Tealights,9363,9302,0.9934849941258144,0.9961585332456169,false,71.45117618069821
5807,Drink & food To Go,4519,4519,1.0,0.998866976068677,false,23.679053798767967
5815,Residential odors,20367,17695,0.8688073844945254,0.994757545210918,false,118.13525420944558
5820,Photo frames & albums,13267,13267,1.0,0.9989239660992668,false,62.92199671457902
5821,Photo frames & albums,2988,2988,1.0,0.9955409524504105,false,67.23981519507186
5827,Foodprep,2734,2734,1.0,0.6763831184384204,true,3427.407122381928
5837,Drying racks,2915,2044,0.7012006861063464,0.987213688942199,true,76.53699383983572
5838,Hobby and creative,10,10,1.0,0.9587957272796188,true,230.0297856262837
5839,"Cloths, mops, sponges and brush",20371,20359,0.9994109272986108,0.9989346407467402,false,174.7509609856262
5840,Construction,406,406,1.0,0.9794351226521034,true,596.32287926078
5843,Kitchen tools,1089,1089,1.0,0.9894368336497286,false,143.28746447638602
5845,Kitchen tools,1017,1017,1.0,0.9702911451614249,false,257.5919248459959
5848,Bath textiles and bath mats,3905,2135,0.5467349551856594,0.9862731160481032,true,950.5503330595482
5849,Tableware,1811,1534,0.8470458310325787,0.9942053162238652,true,1235.0412657084185
5850,Tableware,1482,1482,1.0,0.9772912429704583,true,4037.2456850102667
5851,Hobby and creative,930,930,1.0,0.9981614667609254,true,11.444364681724846
5857,Bathroom accessories,7208,7169,0.9945893451720311,0.9898096504336316,false,200.8720747433265
5858,Racks and pockets,19847,19847,1.0,0.9956918966379399,false,102.23619301848049
5859,Waste bags,32709,31438,0.961142193280137,0.9966087212145203,false,287.3504197125255
5861,Construction,694,694,1.0,0.9794462112102594,false,231.15945338809038
5863,Baskets,7560,7560,1.0,0.9960205414282217,false,152.81209856262825
5864,Storage boxes,3305,2136,0.6462934947049924,0.9661141281581181,true,635.8415876796734
5866,Storage boxes,140,140,1.0,0.9365744528605509,false,164.37306570841892
5867,Storage boxes,6104,6037,0.9890235910878112,0.9860457550502026,false,96.29073511293633
5868,Cleaning products,13087,12428,0.9496446855658287,0.9937984506929687,false,160.23215605749488
5869,Cleaning products,3231,3231,1.0,0.9883523220894496,true,122.1814324435319
5870,Cleaning products,23645,14458,0.6114611968703743,0.9964341182759684,false,532.0481174537977
5871,Cleaning products,16862,12164,0.7213853635393191,0.9977581705984032,false,66.99077043121149
5872,Baskets,3880,3880,1.0,0.9968163179888649,false,262.68126694045174
5874,Cleaning products,4646,4632,0.9969866551872578,0.9821289517053113,false,435.20893305954826
5878,Dishwashing articles,88,88,1.0,0.9960176887531058,false,40.56630800821364
5880,Residential odors,8291,8291,1.0,0.9963499577821291,false,174.77917084188906
5895,Electric personal care,8199,8199,1.0,0.9752884053753056,false,144.35315482546207
5896,Electric personal care,4295,4286,0.9979045401629802,0.9555115690463634,false,173.97174455852152
5897,"TV, Audio & Video",235,235,1.0,0.9289593412371113,false,241.56823490759763
5899,Frying pans,16590,10755,0.6482820976491862,0.9619505127561194,false,1041.7407474332647
5915,Candles & Tealights,18492,18492,1.0,0.9938205002045499,true,290.80957535934266
5918,Candles & Tealights,22346,22341,0.999776246308064,0.9936700739265515,false,184.6350184804928
5919,Residential odors,2090,1613,0.7717703349282297,0.9961216986325703,false,13.706063244353183
5922,Drinks,1618,1618,1.0,0.9935286312575452,false,294.2065043121147
5924,Cooking books,103,103,1.0,0.9884803023083756,false,333.29070390143744
5931,Residential odors,8151,7841,0.9619678567046989,0.9890566265606171,false,119.99846447638603
5941,Kitchen helpers,7753,7753,1.0,0.9952671222745064,false,85.41995071868585
5943,Stationary,40808,40808,1.0,0.9978267994851944,false,294.2050841889117
5946,Clocks,5990,5757,0.9611018363939899,0.9828187107736975,false,170.63037577002038
5948,Stationary,11671,11671,1.0,0.9975258853124452,true,7562.520045995898
5951,Stationary,31596,31596,1.0,0.9995923526600383,false,19.96997946611909
5954,Foodprep,140,140,1.0,0.7884194284400214,true,654.4262455852156
5955,Racks and pockets,2665,1261,0.47317073170731705,0.8994356480208142,true,711.5756168377823
5959,Construction,972,972,1.0,0.9943717960392507,true,40.19111375770025
5971,Construction,340,340,1.0,0.9665573153353041,false,84.37654250513341
5974,Girls toys,657,657,1.0,0.9777019929472003,true,59.282508418891155
5977,Cleaning products,26230,23048,0.8786885245901639,0.996736196146037,false,267.67812566735097
5981,Window and squeegees,9923,9231,0.9302630252947697,0.9797527749674894,false,257.99225297741265
5982,"Glasses (drink, beer, wine etc)",503,503,1.0,0.9897375354892811,false,95.57992607802868
5983,"Glasses (drink, beer, wine etc)",940,940,1.0,0.9914868146667587,false,76.20898850102668
5987,Baskets,8440,8395,0.9946682464454977,0.992526670187546,false,125.82979794661186
5989,Baskets,13532,13532,1.0,0.9976392617861917,false,46.996634496919896
5991,Cleaning products,47876,47876,1.0,0.9973651117824316,false,138.78214373716625
5992,Cleaning products,28447,28447,1.0,0.9986346095180827,false,142.09575400410668
5993,Wash treatment and accessories,589,589,1.0,0.9992601826504277,false,144.25706365503086
5994,Wash treatment and accessories,3293,3238,0.9832979046462192,0.9934574130460035,false,55.403441889117005
5995,Toilet cleaners and odors,22789,21675,0.9511167668612049,0.9875265584440387,false,157.92075318275144
5997,Cleaning products,6986,6857,0.9815344975665617,0.9941288104886915,false,75.16158726899383
5998,Thermos jugs,1755,1755,1.0,0.9800729174194895,true,427.33549979466136
5999,Cleaning products,7591,7293,0.9607429851139507,0.9852710892402559,false,201.4975872689938
6000,Cleaning products,26946,26946,1.0,0.9950035751239842,false,181.80947926078036
6001,Wash treatment and accessories,18385,18385,1.0,0.9865130077511389,false,323.2119342915811
6003,Waste bins,2949,2897,0.9823669040352662,0.9731980559805831,true,382.38751375770005
6006,Residential odors,3854,3854,1.0,0.9871056671355648,false,178.51569609856278
6009,Cleaning products,7102,7102,1.0,0.9962546839221231,false,278.2382193018481
6010,Personal care,15172,15063,0.9928157131558133,0.9950074526232056,false,175.18527145790566
6015,Coffee makers and kettles,4407,4151,0.9419105967778534,0.9916707383584135,false,55.06274168377824
6018,Coffee makers and kettles,10818,10635,0.983083749306711,0.9152838161704132,false,764.2134665297743
6024,Measuring and weighing,41584,4745,0.11410638707195075,0.995574637085958,false,8586.15620328542
6029,Partyfun,24657,24657,1.0,0.9989809836814205,false,45.99367392197126
6040,Personal care,1830,1637,0.8945355191256831,0.9843735152658623,false,88.24355811088297
6052,Candles & Tealights,55909,55909,1.0,0.9879652978532254,false,615.5798763860366
6053,Candles & Tealights,74177,74177,1.0,0.9988922303962539,false,116.11371745379874
6069,Clocks,16793,13045,0.7768117668075984,0.9944607969103393,false,1515.618554414785
6071,Photo frames & albums,21370,21370,1.0,0.9987714552353685,false,92.22749815195073
6075,Stationary,27641,27641,1.0,0.9982339771440736,false,168.43982422997942
6077,Foodprep,174,174,1.0,0.5927612021037403,true,387.24180246406536
6078,Drink & food To Go,9077,9077,1.0,0.9777271486540761,true,782.1633178644761
6080,Drink & food To Go,11945,5476,0.4584344914190038,0.9886417248447708,true,329.1021223819302
6082,Electric personal care,5430,5105,0.9401473296500921,0.9416123333924745,true,318.4917092402462
6095,Construction,597,597,1.0,0.9927457515960172,false,115.33919835728958
6098,Batteries,309,309,1.0,0.9830955105483311,true,28.06942505133472
6107,Ironing,982,610,0.6211812627291242,0.7253557305793614,true,506.6408024640657
6108,Ironing,3357,2612,0.7780756627941614,0.9580175373131767,false,164.32114209445578
6109,Hobby and creative,1146,1146,1.0,0.9977159074317923,false,43.66224558521559
6139,Foods,795,795,1.0,0.9985492841661342,false,30.058178234086228
6140,Store kitchen,6400,6333,0.98953125,0.9950303985748032,false,119.1856164271047
6143,Drink & food To Go,12860,11122,0.8648522550544323,0.9876091053427455,false,317.8093429158112
6144,Bathroom accessories,79927,79927,1.0,0.9994758087054829,false,845.6248147843937
6145,Cooking pans,943,691,0.7327677624602333,0.9924646285855931,false,86.34636550308005
6152,Storage boxes,14736,12452,0.8450054288816504,0.9744865526229567,false,563.9740566735112
6154,Thermos jugs,2099,2038,0.9709385421629347,0.9821610543051266,false,111.75002094455851
6155,Storage boxes,6880,6670,0.9694767441860465,0.9805134752019096,false,125.23274250513346
6157,Wash treatment and accessories,14196,13763,0.969498450267681,0.9935695107781412,false,147.10833757700198
6158,Personal care,74272,74272,1.0,0.996868677661719,false,766.1699219712523
6159,Cleaning products,7450,7250,0.9731543624161074,0.9959139285642851,false,88.20175934291584
6162,Wash treatment and accessories,22734,12892,0.5670801442772939,0.9888642405266892,false,697.137911293634
6168,"Cloths, mops, sponges and brush",10657,10604,0.9950267429858309,0.9913306923554468,false,208.4656546201231
6174,Coffee makers and kettles,25984,24940,0.9598214285714286,0.9845380080389164,false,445.3593901437371
6184,Special pans,13360,9033,0.676122754491018,0.8789263002140556,false,2387.1899975359333
6190,Bags and backpacks,18716,18716,1.0,0.9953981085269442,false,261.34083737166327
6215,Vases,2031,2031,1.0,0.9935791636731335,false,74.80161190965096
6216,Candles & Tealights,10442,10442,1.0,0.9947765526844214,false,738.4301609856254
6227,Clocks,10540,10462,0.9925996204933586,0.9953666887096623,false,124.62154620123204
6233,"Glasses (drink, beer, wine etc)",205,205,1.0,0.987007901718714,false,173.35500287474318
6238,Batteries,234,227,0.9700854700854701,0.9873583134093081,true,11.479712525667345
6245,Storage boxes,410,410,1.0,0.9534817003463565,false,210.31632813141692
6246,"Glasses (drink, beer, wine etc)",548,548,1.0,0.9984800887606615,false,15.207170841889106
6248,Storage boxes,8281,8218,0.9923922231614539,0.9929199893226099,false,88.57107186858319
6250,Cleaning products,5549,5455,0.9830600108127591,0.9934557628786354,false,73.6093954825462
6251,Storage boxes,884,819,0.9264705882352942,0.9610529899073167,false,128.92418891170416
6256,Light bulbs,777,777,1.0,0.9876742300107161,false,57.10763572895275
6257,Wash treatment and accessories,29816,17379,0.5828749664609606,0.9910142708693006,false,686.8852312114991
6258,Cleaning products,5109,5109,1.0,0.9891808371637958,false,260.2831158110883
6259,Wash treatment and accessories,47852,37259,0.77862994232216,0.9765830951894866,false,1074.4267630390143
6261,Cleaning products,3273,3273,1.0,0.9975616188443274,false,96.02390143737165
6264,Waste bins,6155,5870,0.9536961819658814,0.9767788992088999,false,105.05260780287469
6266,Shoe maintenance,2141,2141,1.0,0.994214631745477,false,95.53482710472277
6267,Residential odors,4928,4928,1.0,0.9981984763145146,false,142.4969445585215
6268,Residential odors,5989,5989,1.0,0.9977532570224461,false,117.31047885010267
6269,Window and squeegees,74367,74367,1.0,0.9993967024848047,false,258.35893223819295
6272,Foodprep,58678,41992,0.7156344797027847,0.9501811096333632,false,2380.68027063655
6273,Sockets and security,7321,7321,1.0,0.989344490799948,false,379.1109704312118
6274,Coffee makers and kettles,162,162,1.0,0.8430094410597927,false,2422.3123063655007
6284,Construction,440,440,1.0,0.8969203367024772,true,277.9151671457907
6297,Candles & Tealights,6563,6504,0.9910102087460003,0.9934193990569732,false,94.1348069815195
6299,Candles & Tealights,226,226,1.0,0.9974819627481152,true,279.3038636550308
6300,Candles & Tealights,447,447,1.0,0.9982758677862149,true,642.9969905544145
6301,Candles & Tealights,784,784,1.0,0.9965220284220035,false,291.90028747433297
6307,Foods,4556,4556,1.0,0.9980205503043657,false,41.38761067761807
6308,Others,18875,18781,0.9950198675496689,0.9969728277171721,false,82.06644763860358
6309,Other Holidays,30035,30035,1.0,0.9982232200741795,true,485.1268845995896
6332,Photo frames & albums,1483,1483,1.0,0.9896264741357291,false,64.2689490759754
6334,Photo frames & albums,16563,16563,1.0,0.9986948419715898,false,92.59641683778236
6347,Window and squeegees,2949,2949,1.0,0.986364813062338,true,80.89275030800826
6348,Vacuuming,541,541,1.0,0.6428700743072725,true,1597.6917030800819
6349,Store kitchen,868,858,0.988479262672811,0.966371844023022,true,300.016055852156
6351,Tableware,6217,3649,0.5869390381212803,0.7218467654366472,true,2524.602699794659
6367,Store kitchen,927,915,0.9870550161812298,0.986835563176338,true,46.2037601642711
6369,Drink & food To Go,450,450,1.0,0.9924968649948218,false,69.41242546201235
6371,Thermos jugs,2081,1986,0.9543488707352235,0.9663930612850176,false,168.9856919917865
6375,Bathroom scales,1323,1186,0.8964474678760394,0.9275782610216615,false,473.87836180698156
6380,Hobby and creative,4532,4382,0.9669020300088261,0.9911573237516833,false,53.103172895277204
6387,Baby / Toddler,2500,1551,0.6204,0.968679089282586,false,255.02916303901438
6395,"Glasses (drink, beer, wine etc)",1085,1085,1.0,0.9787881323415705,true,62.204207802874784
6403,Small storage,32297,32297,1.0,0.9980635833457433,false,164.51364640657084
6406,Foils and bags,45165,44389,0.9828185541901915,0.998933855177508,false,217.007819301848
6407,Shoe maintenance,16182,16182,1.0,0.9985110764692551,false,704.3118850102669
6408,Cleaning products,9609,9599,0.9989593089811635,0.996289793671776,false,271.47280410677615
6411,Buckets,30120,28561,0.9482403718459496,0.9912509253962585,false,337.03513757700205
6414,Baskets,4342,4252,0.9792722247812068,0.9828184889800979,false,70.57227515400409
6417,Wash treatment and accessories,4960,4960,1.0,0.9985711303966287,false,19.344052977412716
6418,Cleaning products,33663,32237,0.9576389507768173,0.996322255482968,false,235.9356554414783
6419,Personal care,10361,10060,0.9709487501206447,0.9990570191882384,false,27.024197125256663
6420,Cleaning products,22293,22065,0.989772574350693,0.9983493734854766,false,101.03617453798759
6421,Cleaning products,7599,7375,0.9705224371627845,0.992492498065469,false,103.63809034907595
6423,Personal care,8314,8314,1.0,0.9930499186335556,false,111.99734086242299
6428,Cleaning products,5201,5201,1.0,0.9732636194603116,true,341.4758340862419
6429,Wash treatment and accessories,16387,16387,1.0,0.9877875538543789,false,1601.5566632443536
6430,Waste bins,4577,4485,0.9798994974874372,0.9757428631536931,false,94.09573921971253
6433,Shoe maintenance,1581,1428,0.9032258064516129,0.952944471593652,false,537.0427540041068
6434,Phones,9897,9897,1.0,0.9993905137325129,false,67.4271794661191
6437,Electric personal care,26464,21097,0.7971961910519951,0.9563186321929905,false,2136.7308254620125
6440,Electric personal care,3671,3628,0.9882865704167801,0.9318665309513979,false,349.5527043121153
6442,Electric personal care,17955,13455,0.7493734335839599,0.9823579754464646,false,387.89563121149894
6503,"Glasses (drink, beer, wine etc)",555,555,1.0,0.9717693377514138,true,203.70512854209449
6512,Construction,1784,1784,1.0,0.9738940796332204,true,1060.7104570841882
6513,Reading glasses,2979,2564,0.860691507217187,0.995164897976711,true,1635.3406554414778
6515,Construction,393,393,1.0,0.9643239518680652,false,241.2689885010268
6517,Ironing,6282,4979,0.7925819802610633,0.8985595985115084,true,703.5502361396301
6520,Insecticides,46,46,1.0,0.9532632209351382,true,58.03352156057496
6522,Kitchen tools,801,801,1.0,0.9811982190085549,false,55.6984969199179
6523,Bathroom accessories,13412,12090,0.9014315538323889,0.9950853300810206,false,192.25411170431204
6524,Foodprep,13168,13168,1.0,0.9679442586631384,false,16815.347679671457
6526,Batteries,8920,8852,0.9923766816143498,0.996731873968018,false,50.244096919917865
6527,Batteries,32806,32636,0.9948180210937023,0.9972071270913265,false,278.582303080082
6528,Sockets and security,25950,23993,0.9245857418111754,0.9982500564500967,false,107.93900246406567
6533,Bath textiles and bath mats,27411,24924,0.9092700010944511,0.9820799283049556,false,585.5763843942505
6534,Hobby and creative,613,613,1.0,0.9906624452350017,false,37.633811088295666
6538,Home decoration,1097,774,0.7055606198723792,0.983144974103507,false,54.21217987679675
6540,Cleaning products,17557,17281,0.9842797744489378,0.9979250921617171,false,101.28534291581109
6541,Personal care,314,314,1.0,0.9988895304610781,false,39.07640328542089
6544,Wash treatment and accessories,10465,10465,1.0,0.9927713516326209,false,219.7867934291581
6545,Foods,849,849,1.0,0.9977968694550239,false,46.65423819301848
6546,Cleaning products,7365,7365,1.0,0.9925983919954499,false,87.45769527720739
6547,Cleaning products,79621,68469,0.8599364489267907,0.9970901980103065,false,378.1866599589325
6548,Cleaning products,3068,3068,1.0,0.9857867788349062,false,94.29913018480491
6549,Cleaning products,18329,18286,0.9976539909433139,0.9987341600549778,false,73.40300903490761
6552,Cleaning products,3488,3488,1.0,0.9971100355350991,false,17.21092731006161
6553,Cleaning products,8772,8772,1.0,0.9926687377256688,false,70.60366160164271
6558,Cleaning products,2632,2632,1.0,0.9986551054443942,false,37.66316509240249
6559,Personal care,27167,22231,0.8183089778039533,0.9976856148884776,false,130.5004078028748
6562,Shoe maintenance,4917,4917,1.0,0.9087384061173913,false,685.3028661190963
6563,Residential odors,22580,22580,1.0,0.9942309803437703,false,199.4656324435318
6564,Sockets and security,8203,8203,1.0,0.9888451639485524,false,5010.466160574952
6565,Coffee makers and kettles,151,151,1.0,0.9124360876350311,false,1214.1834418891149
6566,Electric personal care,8990,8569,0.9531701890989989,0.9678175510238141,false,416.0188858316222
6567,(Steam) cleaners,369,337,0.9132791327913279,0.6752259530282203,false,188.89133470225872
6568,Electric personal care,9237,8513,0.9216195734545848,0.9458443607138883,false,381.0570308008215
6578,Frying pans,6815,5740,0.8422597212032281,0.9507677388953033,false,1546.1980328542095
6583,Partyfun,8893,7413,0.8335769706510738,0.9945880480104264,true,223.31539712525665
6587,Personal care,93,93,1.0,0.997491929398115,false,58.707737987679664
6603,Candles & Tealights,605,605,1.0,0.9988315559686606,true,262.81024229979477
6604,Candles & Tealights,1157,1157,1.0,0.9984742333528958,true,310.11990184804915
6619,Candles & Tealights,39432,39432,1.0,0.9994954509655322,false,29.214061601642722
6625,Photo frames & albums,10658,10658,1.0,0.9959386332970945,false,159.80851950718696
6628,Photo frames & albums,1548,1513,0.977390180878553,0.9856373269013161,false,96.14471827515398
6632,Stationary,11831,11831,1.0,0.9995723989310651,false,12.365067351129374
6633,Clocks,2577,2577,1.0,0.9837805706882748,false,7815.6001071868595
6654,Hobby and creative,395,395,1.0,0.9836399503330213,false,125.82753264887066
6661,Fans and electric blankets,102,102,1.0,0.877904557627738,true,487.89589486653165
6662,Mugs and cups,2036,1384,0.6797642436149313,0.9943247895289027,true,911.9467474332645
6663,Others,2163,2163,1.0,0.9832417971507253,true,1827.1701273100616
6665,Tea and coffee,12809,12809,1.0,0.9981184814509273,false,77.9099597535934
6668,Waste bags,54218,54218,1.0,0.998786788538328,false,229.39901519507183
6673,Baskets,8938,8847,0.9898187513985232,0.9962096126642714,false,76.40799835728954
6674,Baskets,6857,6857,1.0,0.9983499972619605,false,34.523160574948676
6675,Baskets,6918,6904,0.9979762937265105,0.9958386322604189,false,61.61463244353181
6677,Wash treatment and accessories,915,915,1.0,0.9694963624897761,true,507.2744361396307
6678,Baby / Toddler,167,167,1.0,0.9919983143707813,true,57.52282628336754
6682,Cleaning products,15077,15077,1.0,0.9971788710578847,false,228.3383326488706
6683,Cleaning products,3182,3174,0.9974858579509742,0.9973579302742659,false,42.443595893223836
6684,Waste bins,7964,7101,0.8916373681567051,0.9757932573576392,false,470.3691252566734
6686,Waste bins,2923,2613,0.8939445774888812,0.953413051058067,false,255.8892517453798
6688,Drink & food To Go,7695,7694,0.9998700454840805,0.9948383673733646,false,123.65659835728948
6690,Cleaning products,21236,21236,1.0,0.998529358281231,false,218.11548090349075
6692,Electric personal care,39721,31681,0.7975881775383299,0.9516447497831665,false,2196.148625051335
6700,Electric personal care,91,91,1.0,0.9504902413759362,true,1077.5200127310072
6703,Special pans,152,152,1.0,0.8116856756368931,true,4457.29664558522
6711,Personal care,1354,1348,0.9955686853766618,0.982996517232345,false,221.2880648870636
6720,Candles & Tealights,130,130,1.0,0.9989672657888611,true,230.78568788501008
6721,Candles & Tealights,128,128,1.0,0.9971072417495557,true,318.5639170431211
6735,Vases,51074,51074,1.0,0.9910755728433861,false,31092.005710061614
6743,Wash treatment and accessories,4955,4247,0.8571140262361251,0.9744340930673003,false,113.36235236139628
6751,Cleaning products,39370,35713,0.9071120142240284,0.996527089561054,false,295.1851301848048
6753,Hobby and creative,1029,1029,1.0,0.9987534795452556,false,19.841305954825444
6762,"Cloths, mops, sponges and brush",21892,21829,0.9971222364334004,0.9992130536385777,false,113.20931827515395
6763,Planks,1315,1315,1.0,0.9844421262975811,false,235.94153429158112
6765,Tableware,2417,2288,0.9466280513032685,0.9944720994081732,false,47.44870225872691
6768,Store kitchen,27003,26992,0.9995926378550531,0.9911338486432885,false,341.43065174537975
6770,Cleaning products,19013,19013,1.0,0.9922743568608589,false,220.22915605749483
6771,Cleaning products,16897,16897,1.0,0.9973480545999507,false,85.1381741273101
6772,Thermometers,12532,12494,0.9969677625279285,0.9987630478819309,false,910.8949305954825
6773,Measuring and weighing,23497,22623,0.9628037621824063,0.9947871872709751,false,341.80833264887065
6775,Bathroom accessories,1432,1432,1.0,0.9796074440147663,false,317.34817371663263
6776,"Cloths, mops, sponges and brush",155,155,1.0,0.9986492378255631,false,361.163203285421
6777,Baby / Toddler,215,215,1.0,0.961566377902107,true,582.9997490759753
6779,Waste bags,86173,85613,0.9935014447680828,0.9992050929957835,false,797.0903765913765
6782,Storage boxes,8082,8082,1.0,0.9912435176648761,false,160.85453798767963
6784,Cleaning products,11148,10920,0.9795479009687836,0.997596205735104,false,79.61085338809036
6786,Cleaning products,5631,5612,0.9966258213461197,0.9871931518406808,false,166.35502587269005
6787,Personal care,74762,66309,0.8869345389368931,0.9979536829395992,false,477.93835318275137
6791,Cleaning products,21107,16503,0.7818733121713176,0.9987741941323335,false,79.11123449691986
6792,Window and squeegees,6671,6671,1.0,0.997316936024481,false,125.52903080082132
6794,Cleaning products,8492,8492,1.0,0.9898806842874772,false,153.90032114989728
6796,"Cloths, mops, sponges and brush",1716,1716,1.0,0.9975640908484397,false,127.74943655030809
6798,Cleaning products,2066,2066,1.0,0.9979083091489866,false,42.58394661190966
6801,Partyfun,40498,40475,0.9994320707195417,0.9991856880417336,false,48.93067268993841
6803,Residential odors,13898,13898,1.0,0.9970091920722642,false,105.48369856262835
6815,Partyfun,84619,84139,0.9943275150970822,0.9966914813469044,false,272.50984476386026
6830,Candles & Tealights,214,214,1.0,0.9944869374570658,true,71.29032854209461
6833,Residential odors,10611,10171,0.958533597210442,0.99706737077289,false,36.643134291581134
6838,Greeting cards,3512,3512,1.0,0.9967889512412066,false,167.9112969199176
6846,Photo frames & albums,16384,16384,1.0,0.9980147890522557,false,106.85258234086243
6848,Photo frames & albums,12640,12640,1.0,0.9982575432446474,false,82.28822833675561
6850,Photo frames & albums,2128,2128,1.0,0.9955715017173153,false,39.67957330595481
6864,"Glasses (drink, beer, wine etc)",378,378,1.0,0.985601477496256,true,249.85072689938394
6872,Drink & food To Go,892,892,1.0,0.9920657760161287,false,91.24482176591371
6873,Reading glasses,1216,1216,1.0,0.9960343898678985,true,349.66349691991786
6875,Racks and pockets,2126,2126,1.0,0.9752982919594393,false,4137.337417248459
6879,"Glasses (drink, beer, wine etc)",88,88,1.0,0.997070551708042,true,713.6397515400387
6882,Teletoys,969,969,1.0,0.9678102780391252,false,562.202861190965
6883,Electric personal care,6298,2582,0.4099714194982534,0.9524602166932513,false,566.2891248459961
6884,Batteries,36242,29180,0.8051432040174383,0.9963730293035542,false,4395.023400821354
6887,Batteries,29964,29964,1.0,0.9980975618009965,false,167.5852320328542
6893,Serve and present,2737,2737,1.0,0.9925058938698306,true,88.43930513347021
6896,Store kitchen,31045,28204,0.9084876791753905,0.9951821455120721,false,542.6441396303896
6897,Store kitchen,36435,36125,0.9914916975435707,0.9957003278290716,false,186.9274451745379
6898,Shoe maintenance,18709,18415,0.9842856379282698,0.9983528516984024,false,1463.3711149897335
6899,Cleaning products,18825,18447,0.9799203187250995,0.994601607983512,false,154.51006570841895
6900,Dishwashing articles,23249,23249,1.0,0.997387751182807,false,358.1681577002051
6902,Shoe maintenance,16731,16731,1.0,0.9982409816389727,false,2318.0965880903473
6905,Racks and pockets,36135,36135,1.0,0.9933822174905002,false,13927.001826694037
6908,Vacuuming,561,561,1.0,0.9931041872392349,false,372.5091540041067
6909,Storage boxes,250,250,1.0,0.91146633826478,true,131.2958809034906
6910,Baskets,9335,9335,1.0,0.9989410704568634,false,25.17541519507188
6911,Baskets,11083,11041,0.9962104123432284,0.9972022213962561,false,64.48089527720738
6912,Storage boxes,93,93,1.0,0.9378177057565458,false,192.06897823408613
6913,Personal care,20866,9960,0.47733154413879036,0.9981172444021411,false,35.796303901437376
6915,Hobby and creative,360,360,1.0,0.990506024507857,false,63.13469609856257
6916,Cleaning products,2785,2785,1.0,0.9504906159646507,true,1797.0694373716624
6921,Wash treatment and accessories,23831,23831,1.0,0.9875823763560878,false,464.06261971252576
6922,Wash treatment and accessories,30316,15070,0.49709724238026126,0.9909956892448709,false,694.8707104722795
6924,Residential odors,5146,5146,1.0,0.997047203072101,false,153.83271868583162
6932,Others,1571,1571,1.0,0.9943085723947684,false,29.92382710472278
6934,Cooking pans,1497,1057,0.7060788243152972,0.9072884014120298,true,254.14063737166333
6954,Candles & Tealights,7157,7157,1.0,0.9949888953721376,false,80.17797125256678
6955,Candles & Tealights,78,78,1.0,0.9959252823498705,true,101.90356796714575
6956,Candles & Tealights,194,194,1.0,0.9919952224597336,true,103.08772073921963
6957,Candles & Tealights,189,189,1.0,0.9971293167712776,true,472.58569034907623
6964,Residential odors,34997,21852,0.6243963768322999,0.985709117559835,false,625.7951963039011
6969,Gift,22531,22531,1.0,0.9974103181616899,false,219.97223162217648
6973,Gift,56661,56661,1.0,0.9981198685874942,false,355.0453757700206
6977,Photo frames & albums,4362,4362,1.0,0.9940153971433902,false,106.69624804928128
6978,Vases,17077,17077,1.0,0.9882460443588388,false,4127.044574127312
6985,Storage boxes,35698,29086,0.8147795394699984,0.9888906630912214,true,1297.293608213552
6987,Store kitchen,3523,3523,1.0,0.7511982352773974,true,21549.880302669404
6994,Hobby and creative,529,529,1.0,0.9933820295104772,true,330.21429158110874
7000,Hobby and creative,357,357,1.0,0.9888672841102368,true,70.3155117043121
7001,Hobby and creative,454,454,1.0,0.978197669051748,true,268.31163285420934
7005,Kitchen tools,1041,1041,1.0,0.9920237982861495,false,42.03173429158106
7006,Drinks,3869,3869,1.0,0.9674688694009744,false,1706.5236180698125
7011,Others,3066,3066,1.0,0.9935503140352341,true,13952.245614784397
7020,Bathroom accessories,7966,7932,0.9957318604067286,0.9858940203661472,false,266.36606981519515
7027,Toilet cleaners and odors,5782,5782,1.0,0.9919253766045284,false,807.5282706365501
7028,Light bulbs,1793,1793,1.0,0.9956764538796231,false,79.21693018480488
7029,Cleaning products,4738,4738,1.0,0.9914516608268381,false,81.33871786447634
7030,Cleaning products,5480,5319,0.9706204379562043,0.9900231625454732,false,100.64548829568787
7036,"Cloths, mops, sponges and brush",2667,2667,1.0,0.9970962875786282,false,553.159482135524
7050,Phones,8354,8354,1.0,0.9231348741951818,false,604.0387219712524
7055,Electric personal care,9820,8927,0.9090631364562118,0.9389751127009197,true,722.7428390143735
7080,Others,29051,28122,0.9680217548449279,0.9976668005446211,false,98.14983162217659
7089,Residential odors,66,66,1.0,0.9980664186216812,true,114.93671991786428
7091,Gift,17523,17523,1.0,0.9981299236596541,false,226.58254866529754
7093,Partyfun,5855,5818,0.9936806148590948,0.9984055572806136,false,39.62855236139629
7096,Others,8249,8249,1.0,0.991628403385047,true,499.81136673511287
7103,Vases,15130,15130,1.0,0.9942750262923782,false,142.9487305954825
7115,Window and squeegees,1697,1697,1.0,0.9915677158225685,true,61.15559055441475
7133,Games,138,138,1.0,0.9754969445020827,true,28.808671047227897
7134,Tableware,3004,3004,1.0,0.9936992486643194,true,2067.7853388090334
7135,"Cloths, mops, sponges and brush",21985,21367,0.9718899249488288,0.9989833685004678,false,108.58445133470231
7136,"Cloths, mops, sponges and brush",12591,12591,1.0,0.9995299225778683,false,54.6671367556468
7141,Laundry baskets,26948,16751,0.6216045717678492,0.9711328992569409,false,735.63855523614
7142,Baskets,8946,8946,1.0,0.9983006620150423,false,70.82770759753593
7143,Baskets,12453,12453,1.0,0.9935193918305183,false,122.63157700205339
7144,Personal care,89392,52165,0.5835533381063183,0.9988296762225962,false,235.73290841889104
7145,Storage boxes,6963,6916,0.9932500359040644,0.9722780722967641,false,152.58452813141685
7146,Storage boxes,6513,6512,0.9998464609243052,0.9904360535798257,false,70.91494455852158
7148,Wash treatment and accessories,3033,3033,1.0,0.994860533115278,false,34.8011252566735
7149,Wash treatment and accessories,1917,1917,1.0,0.9893057977552191,false,42.712292402464044
7158,Cleaning products,18242,16828,0.9224865694551037,0.9979403574227304,false,66.35931006160163
7161,Bathroom accessories,24507,24507,1.0,0.9989919313137812,false,648.0966012320328
7162,Measuring and weighing,12537,12157,0.969689718433437,0.9975317764863105,false,136.09620492813158
7163,Shoe maintenance,16679,16679,1.0,0.9970370803688866,false,305.5469987679672
7168,Electric personal care,6733,6599,0.9800980246546859,0.9618525383339908,false,125.47158193018475
7177,Moisture treatment and climate,38435,35723,0.929439313126057,0.9819041867081357,false,734.6261108829567
7195,Candles & Tealights,210,210,1.0,0.9951469370288177,true,76.88204928131402
7196,Candles & Tealights,129,129,1.0,0.9973322601789532,true,498.66563778234155
7216,Photo frames & albums,13263,13263,1.0,0.997277253419768,false,128.10137412730998
7225,Storage boxes,27545,27545,1.0,0.9892047441215732,true,717.292788501027
7228,Kitchen helpers,2376,2376,1.0,0.9702345677239512,true,184.97432443531835
7230,Construction,1465,1456,0.9938566552901024,0.9728420590062262,false,160.252437371663
7236,Boys toys,18,18,1.0,0.9675996597747808,true,271.50549568788506
7239,"Cloths, mops, sponges and brush",13469,13013,0.966144479916846,0.9986283116253604,false,103.87258891170436
7240,Hobby and creative,226,226,1.0,0.9826905304873265,true,86.0097991786448
7242,Batteries,6646,6646,1.0,0.9986269501311638,false,38.23425297741275
7244,Cleaning products,2,2,1.0,0.9706714380147982,true,40.44416591375767
0,total,20416787,17935711,0.8784786264361772,0.9787800193242402,false,1627595.476225462
