article_id,article_name,total_demand,demand_satisfied_from_stock,achieved_fill_rate,target_fill_rate,slow_mover,purchasing_cost,holding_cost,total_cost
1111,Puzzles,92,92,1.0,0.875,true,1324.0639999999999,28.76035811088301,1352.824358110883
1126,Table paper,3940,3940,1.0,0.5,false,0.0,1065.0830193018487,1065.0830193018487
1127,Table paper,16478,16478,1.0,0.9921875,false,18730.656,71.79394620123195,18802.44994620123
1129,Kitchen tools,5969,5969,1.0,0.9921875,false,67306.687,248.5999433264886,67555.2869433265
1131,Bicycle accessories,5319,5319,1.0,0.984375,false,18110.505,146.84779958932236,18257.352799589324
1134,Ironing boards,4323,4323,1.0,0.9375,false,193043.55700000006,2170.568819712525,195214.1258197126
1135,"Cloths, mops, sponges and brush",9812,9812,1.0,0.99951171875,false,6227.9839999999995,99.34892156057498,6327.3329215605745
1136,Kitchen textile,9291,9291,1.0,0.9375,false,0.0,1067.698127310062,1067.698127310062
1137,Table textiles,2134,2134,1.0,0.984375,false,17472.028,138.94375605749485,17610.971756057494
1138,Table textiles,1839,1839,1.0,0.984375,false,10711.89,101.85939178644765,10813.749391786447
1139,Table textiles,1671,1671,1.0,0.984375,false,12041.106,108.91105379876792,12150.017053798767
1141,Bath textiles and bath mats,40275,40275,1.0,0.5,false,6312.215,780.3186468172479,7092.533646817248
1151,Outdoor toys,1211,1211,1.0,0.75,true,3980.4309999999996,44.4179839835729,4024.8489839835725
1162,Light bulbs,3278,3278,1.0,0.9375,false,8195.817,34.040442299794684,8229.857442299794
1164,Batteries,72564,71029,0.9788462598533708,0.9999999990686774,false,179437.118,678.9784509240247,180116.096450924
1166,Batteries,23330,23330,1.0,0.9921875,false,44105.58599999999,110.054422587269,44215.640422587254
1167,Batteries,59284,59284,1.0,0.984375,false,268762.34,388.5450989733061,269150.88509897335
1170,Tableware,2968,2968,1.0,0.99993896484375,false,9654.539999999995,142.97067351129363,9797.51067351129
1171,Stairs,9932,6551,0.6595851792186871,0.9999999990686774,false,289086.966,1179.345200821355,290266.31120082136
1172,"Cloths, mops, sponges and brush",22256,20637,0.9272555715312725,0.9999999990686774,false,104413.60999999999,722.2849297741278,105135.89492977412
1173,Racks and pockets,14647,14505,0.9903051819485219,0.9999999990686774,false,20984.439,992.1303474332649,21976.569347433262
1174,Store kitchen,3367,3367,1.0,0.9375,false,33986.77099999999,816.8700020533876,34803.64100205338
1178,Baskets,7854,7854,1.0,0.9999961853027344,false,46222.53299999999,156.1256772073922,46378.65867720738
1180,Construction,744,744,1.0,0.875,true,4109.784000000001,142.61465092402472,4252.398650924025
1182,Laundry baskets,15616,15616,1.0,0.9375,false,251374.71099999995,2384.901744969199,253759.61274496914
1183,Baskets,6644,6644,1.0,0.99609375,false,24683.666,74.827076386037,24758.49307638604
1184,Baskets,7237,7237,1.0,0.875,false,10183.712000000001,212.58703901437374,10396.299039014375
1186,Cleaning products,612,612,1.0,0.75,true,0.0,122.35315811088292,122.35315811088292
1187,Suitcases,691,691,1.0,0.99993896484375,false,24843.587999999996,241.9935129363448,25085.58151293634
1188,Cleaning products,6544,6544,1.0,0.999755859375,false,35295.75,247.47259548254638,35543.22259548255
1189,Wash treatment and accessories,308,308,1.0,0.5,false,0.0,419.42776509240264,419.42776509240264
1191,Cleaning products,39534,39534,1.0,0.875,false,18522.993999999995,3194.665985215604,21717.6599852156
1201,Electric personal care,10934,10934,1.0,0.998046875,false,63330.932,90.26657248459954,63421.1985724846
1202,Kitchen appliances,308,308,1.0,0.5,false,0.0,562.7856665297742,562.7856665297742
1205,Kitchen tools,32617,32617,1.0,0.99609375,false,29972.291999999998,232.9509848049281,30205.242984804925
1209,Cooking pans,13941,13656,0.9795567032494082,0.9999999990686774,false,153607.608,1348.3742266940446,154955.98222669406
1218,Personal care,7639,7639,1.0,0.96875,false,5975.507999999999,34.56101519507187,6010.069015195071
1243,Photo frames & albums,17610,17610,1.0,0.984375,false,27340.165999999997,78.85086036960988,27419.016860369607
1245,Clocks,11810,11810,1.0,0.984375,false,23024.428,825.2602451745385,23849.688245174537
1248,Coffee makers and kettles,22220,22220,1.0,0.998046875,false,1737054.1579999998,75534.22509075978,1812588.3830907596
1253,Frying pans,5926,5926,1.0,0.9921875,false,50641.72400000001,232.34140985626274,50874.06540985627
1262,Construction,274,274,1.0,0.5,true,0.0,72.88895605749488,72.88895605749488
1272,Hobby and creative,16598,16598,1.0,0.5,false,0.0,11204.414613963036,11204.414613963036
1282,Table paper,17848,17848,1.0,0.5,false,0.0,6155.894142094455,6155.894142094455
1283,Measuring and weighing,17922,17922,1.0,0.5,false,0.0,495444.7549860368,495444.7549860368
1284,Ironing boards,5848,5848,1.0,0.75,false,390365.052,3403.9329917864443,393768.9849917865
1286,Ironing boards,16453,16453,1.0,0.984375,false,21456.33,1093.0793223819303,22549.409322381933
1288,Drying racks,4537,4537,1.0,0.5,false,0.0,53332653.373100154,53332653.373100154
1289,Bicycle accessories,5244,5244,1.0,0.998046875,false,58382.85599999999,355.06479178644764,58737.92079178644
1290,Window and squeegees,50817,45143,0.8883444516598776,0.9999999990686774,false,133466.956,2330.182037782341,135797.13803778234
1293,Table textiles,904,904,1.0,0.984375,false,8269.8,118.65526078028749,8388.455260780287
1294,Bed textile,3886,3148,0.8100874935666496,0.9999999990686774,false,23426.858,2941.7252082135524,26368.583208213553
1296,Bath textiles and bath mats,26880,26880,1.0,0.5,false,45879.68000000001,3772.0009835728947,49651.6809835729
1304,Tableware,5563,5563,1.0,0.984375,true,18825.345,211.35219301848036,19036.69719301848
1307,Suitcases,491,491,1.0,0.9375,false,27616.399999999998,227.22569774127288,27843.62569774127
1314,Dishwashing articles,284,284,1.0,0.5,false,0.0,2799.6494422997966,2799.6494422997966
1316,Cutlery,2105,2105,1.0,0.96875,false,1834.0069999999998,11.283910882956878,1845.2909108829567
1318,Foods,634,634,1.0,0.75,false,560.6159999999999,16.7267112936345,577.3427112936344
1321,Vases,434,434,1.0,0.75,false,1990.8000000000002,85.66299301848048,2076.4629930184806
1322,"Glasses (drink, beer, wine etc)",417,417,1.0,0.5,false,10.149999999999999,28.961055441478393,39.11105544147839
1327,Tableware,4841,4841,1.0,0.9375,false,9601.732,39.42510390143735,9641.157103901438
1330,Cutlery,2487,2487,1.0,0.9921875,false,13905.192000000003,73.12415605749484,13978.316156057497
1333,Cutlery,418,418,1.0,0.9375,true,2117.9619999999995,17.51925215605748,2135.481252156057
1334,Hobby and creative,1836,1836,1.0,0.875,true,2235.4639999999995,20.072239835728944,2255.5362398357283
1337,Hobby and creative,6390,6390,1.0,0.75,false,175.68599999999998,686.9630390143726,862.6490390143726
1340,Games,5073,5073,1.0,0.875,true,16600.36,148.63273921971253,16748.992739219713
1347,Stuffed animals,3581,3581,1.0,0.96875,false,10984.154999999999,151.63922340862433,11135.794223408624
1352,Hobby and creative,252,252,1.0,0.5,true,0.0,633.9531889117038,633.9531889117038
1356,"Glasses (drink, beer, wine etc)",8720,8720,1.0,0.9990234375,false,30989.629999999997,225.16576591375764,31214.795765913754
1357,"Glasses (drink, beer, wine etc)",1325,1325,1.0,0.9375,false,999.936,57.85157618069814,1057.7875761806981
1361,Light bulbs,1538,1538,1.0,0.96875,false,3634.372,51.477873511293645,3685.8498735112935
1362,Batteries,114318,114318,1.0,0.75,false,271609.38,12992.884558521564,284602.26455852157
1368,"Glasses (drink, beer, wine etc)",5144,5144,1.0,0.9375,false,8086.553999999998,23.908305954825458,8110.462305954824
1369,"Glasses (drink, beer, wine etc)",1827,1827,1.0,0.9921875,true,3946.9009999999994,59.14555852156055,4006.0465585215597
1373,Wash treatment and accessories,8522,8522,1.0,0.998046875,false,6208.103999999998,79.07452977412731,6287.178529774126
1378,Drink & food To Go,7829,7829,1.0,0.9999847412109375,false,39081.335999999996,509.8256501026699,39591.161650102666
1379,Window and squeegees,74989,68759,0.9169211484351039,0.9999999990686774,false,90087.501,221.9467088295688,90309.44770882957
1380,Window and squeegees,115118,101479,0.8815215691725012,0.9999999990686774,false,855732.4999999995,2889.666607802875,858622.1666078024
1382,Others,3977,3977,1.0,0.96875,false,17390.786,349.8038562628336,17740.589856262835
1383,Table textiles,36285,36285,1.0,0.999969482421875,false,29611.015,1026.6512685831624,30637.66626858316
1384,Baskets,2516,2516,1.0,0.875,false,62920.325999999994,2705.3572057494875,65625.68320574948
1389,Tea and coffee,2698,2698,1.0,0.875,true,15894.879,54.09997864476389,15948.978978644765
1393,Kitchen helpers,9099,9099,1.0,0.9999995231628418,false,35262.35999999999,207.75537166324443,35470.11537166324
1397,Tableware,8845,8845,1.0,0.5,false,0.0,410.9275601642708,410.9275601642708
1399,Store kitchen,40,40,1.0,0.5,true,924.3989999999997,66.39306529774133,990.792065297741
1403,Mugs and cups,25804,6770,0.2623624244303209,0.9999999990686774,false,228928.056,4372.67727063655,233300.73327063656
1433,Puzzles,9388,7941,0.8458670643374521,0.9999999990686774,true,219395.68000000002,5720.986485010273,225116.6664850103
1438,Measuring and weighing,45133,45133,1.0,0.5,false,10345.104,13048.066970020533,23393.170970020532
1440,"TV, Audio & Video",13952,13952,1.0,0.875,true,235305.94499999992,416.76439014373716,235722.70939014366
1444,Planks,19061,19061,1.0,0.75,false,0.0,6295.619339630388,6295.619339630388
1445,Kitchen tools,8382,8382,1.0,0.9990234375,false,26822.005,383.1759006160165,27205.18090061602
1446,Cutlery trays,45371,45371,1.0,0.984375,false,380803.0379999998,355.67103203285416,381158.7090320327
1448,Store kitchen,9369,9369,1.0,0.984375,false,40208.112,165.19198521560577,40373.30398521561
1449,Drying racks,2043,2043,1.0,0.9375,true,20874.749,121.50153552361395,20996.250535523614
1451,Foils and bags,165,165,1.0,0.5,true,0.0,301.7367392197123,301.7367392197123
1453,Bathroom accessories,35159,35159,1.0,0.9990234375,false,0.0,2382.741484599589,2382.741484599589
1456,Baskets,2884,2884,1.0,0.984375,false,6149.779999999999,205.21872689938394,6354.998726899383
1458,Baskets,8054,8054,1.0,0.75,false,5583.48,103.56525010266944,5687.045250102669
1460,Baskets,10458,10458,1.0,0.9921875,false,21779.555,55.35302464065709,21834.908024640656
1461,Baskets,12061,12061,1.0,0.984375,false,37654.67999999999,73.222932238193,37727.90293223818
1462,Storage boxes,6753,6753,1.0,0.984375,false,51896.58599999998,199.9810940451746,52096.56709404515
1463,Bed textile,734,734,1.0,0.5,true,7854.784,472.5568854209442,8327.340885420945
1466,Cleaning products,6666,6666,1.0,0.9999995231628418,false,52359.551999999996,201.3535080082135,52560.90550800821
1468,Cleaning products,5087,5087,1.0,0.99609375,false,35437.632999999994,161.52838932238197,35599.16138932238
1469,Cleaning products,84368,50144,0.594348568177508,0.9999999990686774,true,961816.3659999999,25444.306577412724,987260.6725774127
1470,Cleaning products,7796,7796,1.0,0.96875,false,4920.299999999999,27.457535934291602,4947.757535934291
1471,Window and squeegees,10616,10616,1.0,0.9999847412109375,false,964578.65,6458.340718685829,971036.9907186859
1474,Ironing,6607,4373,0.661873770243681,0.9999999990686774,false,907394.124,14159.68894455852,921553.8129445584
1477,Frying pans,1118,630,0.5635062611806798,0.9999999990686774,false,86340.128,598.8717100616013,86938.9997100616
1490,Easter,22451,20726,0.9231660059685537,0.9999999990686774,false,102419.31,1914.9700952772075,104334.28009527721
1508,Teletoys,946,946,1.0,0.875,false,2686.7189999999996,103.80306899383969,2790.522068993839
1512,Hobby and creative,304,304,1.0,0.75,true,1271.8439999999998,24.053270636550295,1295.89727063655
1514,Tableware,2077,2077,1.0,0.9375,false,4935.433999999999,62.14654045174538,4997.580540451745
1527,Wash treatment and accessories,8366,6880,0.8223762849629452,0.9999999990686774,false,58103.26899999999,1379.3118866529774,59482.58088665297
1531,Drink & food To Go,1940,1940,1.0,0.5,false,0.0,905.5116517453796,905.5116517453796
1533,"Cloths, mops, sponges and brush",12046,12046,1.0,0.984375,false,49973.504,264.77685420944556,50238.28085420945
1537,Cutlery,3376,3376,1.0,0.9921875,false,91669.27,276.04383572895284,91945.31383572896
1538,Drying racks,26,26,1.0,0.75,false,0.0,470.0948747433274,470.0948747433274
1540,Bicycle accessories,1653,1653,1.0,0.9375,true,13530.152999999998,570.1708275154001,14100.323827515398
1545,Table textiles,759,759,1.0,0.9375,true,2017.5049999999999,181.8640361396303,2199.36903613963
1548,Ironing board textiles,33710,33710,1.0,0.9999961853027344,false,193811.55500000002,1239.5822505133465,195051.13725051336
1559,Tea and coffee,17942,17942,1.0,0.9999998807907104,false,42366.345,233.86126078028738,42600.20626078029
1561,Tea and coffee,502,502,1.0,0.875,false,1020.0749999999999,64.61221355236133,1084.6872135523613
1564,Tableware,6517,6517,1.0,0.9921875,false,5920.655999999999,211.78730266940457,6132.443302669403
1570,Kitchen tools,523,523,1.0,0.5,false,0.0,147.32858316221774,147.32858316221774
1571,Tableware,3657,3657,1.0,0.984375,false,3588.0950000000007,21.883581108829564,3609.9785811088304
1575,"Cloths, mops, sponges and brush",2108,2108,1.0,0.9375,false,6176.477999999999,101.35165462012321,6277.829654620123
1582,Light bulbs,7425,7425,1.0,0.9375,false,6437.143999999998,35.12391868583162,6472.26791868583
1584,Light bulbs,845,845,1.0,0.984375,false,3505.8799999999997,73.10326242299794,3578.9832624229975
1585,Boys toys,1697,1697,1.0,0.9921875,false,6281.961,158.8172907597537,6440.778290759754
1589,Planks,346,346,1.0,0.75,false,347.99100000000004,26.24420451745382,374.23520451745384
1593,Puzzles,510,510,1.0,0.75,false,0.0,87.25810472279261,87.25810472279261
1597,Hobby and creative,3078,3078,1.0,0.5,false,48689.732,4293.6158899384,52983.347889938406
1605,Puzzles,4065,4065,1.0,0.999755859375,false,14489.496000000001,40.58286652977415,14530.078866529775
1606,Games,5212,5212,1.0,0.9999998807907104,false,22528.842000000008,177.99932320328557,22706.841323203294
1607,Hobby and creative,3304,3304,1.0,0.5,false,9935.247,1327.1567149897326,11262.403714989732
1612,Foodprep,20935,20935,1.0,0.5,false,0.0,275652.1145474333,275652.1145474333
1617,"Glasses (drink, beer, wine etc)",1191,1191,1.0,0.9375,false,1121.6100000000001,75.14798973305953,1196.7579897330597
1618,"Glasses (drink, beer, wine etc)",13542,13542,1.0,0.9999999925494194,false,21641.620000000003,295.60611909650925,21937.22611909651
1619,Residential odors,233,233,1.0,0.75,false,396.0319999999999,8.141641067761805,404.1736410677617
1621,Waste bins,2342,1385,0.5913748932536294,0.9999999990686774,true,33484.29699999999,375.3430357289529,33859.640035728946
1623,Kitchen helpers,15885,15885,1.0,0.5,false,0.0,1315.750026694045,1315.750026694045
1624,Cutlery,24225,24225,1.0,0.9999999990686774,false,20585.739999999998,1859.5125995893222,22445.25259958932
1626,Drying racks,13613,13613,1.0,0.9921875,false,359328.3819999999,803.023211498973,360131.4052114989
1631,Tea and coffee,22966,22966,1.0,0.5,false,79580.298,13485.149321560568,93065.44732156057
1636,Tableware,195,195,1.0,0.75,true,2031.666,43.496131416837805,2075.162131416838
1637,Tea and coffee,12599,12599,1.0,0.875,false,0.0,1888.0582747433261,1888.0582747433261
1643,Light bulbs,9442,9442,1.0,0.875,false,12609.800000000001,30.864969199178656,12640.66496919918
1646,Tea and coffee,63365,63365,1.0,0.75,false,100894.332,2470.153833675565,103364.48583367556
1650,Hobby and creative,11074,11074,1.0,0.75,false,70916.99999999999,2473.9009034907585,73390.90090349075
1661,Coffee makers and kettles,2701,1787,0.6616068122917438,0.9999999990686774,true,171797.61899999998,4869.502448870636,176667.1214488706
1662,Batteries,19629,19629,1.0,0.9998779296875,false,69570.34,182.88498973305948,69753.22498973306
1663,Hobby and creative,389,389,1.0,0.75,true,1114.512,6.668806570841892,1121.180806570842
1665,Bakeware,25086,23877,0.951805788088974,0.9999999990686774,false,96185.97799999999,2908.6420094455857,99094.62000944557
1666,Electric personal care,74624,74624,1.0,0.75,false,1219244.3130000003,9191.773021355237,1228436.0860213556
1668,"Cloths, mops, sponges and brush",132035,106885,0.8095202029764835,0.9999999990686774,false,310712.8290000001,4447.304813963038,315160.1338139631
1669,Store kitchen,8023,8023,1.0,0.99609375,false,52358.64900000001,205.94716673511292,52564.59616673512
1670,Bathroom accessories,3440,3440,1.0,0.96875,true,13523.874000000002,164.9235790554411,13688.797579055443
1672,Watering cans,78661,78418,0.9969107944216321,0.9999999990686774,false,170525.236,1916.9800583162219,172442.21605831623
1675,Baskets,14826,14826,1.0,0.998046875,false,27529.46,91.34908583162208,27620.80908583162
1678,Wash treatment and accessories,3277,3277,1.0,0.99609375,false,9964.15,39.006932238193,10003.156932238193
1679,Cleaning products,6798,6798,1.0,0.998046875,false,83877.02399999999,337.96871622176593,84214.99271622175
1680,Cleaning products,93767,85617,0.9130824277197734,0.9999999990686774,false,149960.66400000002,698.4799363449689,150659.14393634498
1681,Cleaning products,9638,9638,1.0,0.9999997615814209,false,16734.878999999997,324.6328422997946,17059.51184229979
1688,Personal care,158518,120281,0.7587844913511399,0.9999999990686774,false,163281.82499999998,1665.106455030801,164946.93145503078
1689,Personal care,174664,174664,1.0,0.875,false,9392443.479999999,129733.09706776176,9522176.57706776
1693,Coffee makers and kettles,11342,11089,0.9776935284782226,0.9999999990686774,false,245658.12600000005,1672.0711014373717,247330.19710143743
1694,Electric personal care,71697,62755,0.8752806951476352,0.9999999990686774,false,1055956.734,22304.483554004106,1078261.217554004
1711,Small garden,7132,7132,1.0,0.5,false,828.3659999999999,297.83163613962995,1126.1976361396298
1724,Candles & Tealights,366,366,1.0,0.75,true,0.0,149.20636550308012,149.20636550308012
1738,Partyfun,38737,38737,1.0,0.999755859375,false,10244.324999999993,26.162705544147837,10270.487705544141
1739,Vases,5588,5558,0.9946313528990695,0.9999999990686774,false,28021.81200000001,193.9634685831622,28215.77546858317
1753,Others,1373,1373,1.0,0.96875,false,2806.0199999999995,112.2710020533881,2918.2910020533877
1760,Kitchen tools,172,172,1.0,0.875,true,2537.99,108.73549322381926,2646.725493223819
1762,Teletoys,337,337,1.0,0.96875,false,2243.6189999999997,44.21602176591378,2287.8350217659136
1763,Hobby and creative,16,16,1.0,0.5,true,0.0,113.78779137576979,113.78779137576979
1764,Hobby and creative,235,235,1.0,0.5,true,0.0,453.83617166324467,453.83617166324467
1766,Puzzles,37,37,1.0,0.5,true,0.0,8.578964271047196,8.578964271047196
1771,Cleaning products,7304,7304,1.0,0.99951171875,false,49962.76599999999,560.0192377823406,50522.78523778233
1772,Window and squeegees,22402,22254,0.9933934470136595,0.9999999990686774,false,231377.45399999994,1157.844825872689,232535.29882587263
1773,Cleaning products,2604,2604,1.0,0.984375,false,8996.988,224.81534907597538,9221.803349075975
1774,"Cloths, mops, sponges and brush",6943,6943,1.0,0.75,false,70264.733,1770.8150102669408,72035.54801026694
1783,Personal care,261084,253941,0.9726409891069541,0.9999999990686774,false,144680.83699999994,593.0283429158112,145273.86534291576
1784,Cutlery,4160,4160,1.0,0.99609375,false,33613.425999999985,115.0406907597536,33728.46669075974
1786,Racks and pockets,26438,26438,1.0,0.5,false,0.0,348103.6518710473,348103.6518710473
1787,Stairs,9565,9565,1.0,0.9999999990686774,false,230776.34300000005,1768.3221708418894,232544.66517084194
1795,"Cloths, mops, sponges and brush",2776,2776,1.0,0.96875,false,1688.2459999999996,45.19204599589321,1733.438045995893
1797,Kitchen textile,4896,4896,1.0,0.984375,false,18724.719999999998,92.25787268993844,18816.977872689935
1799,Bath textiles and bath mats,69817,69817,1.0,0.5,false,121698.84999999998,5275.49796714579,126974.34796714576
1806,Mugs and cups,54526,54526,1.0,0.5,false,0.0,1636337.6182899382,1636337.6182899382
1813,Tea and coffee,17580,17312,0.9847554038680318,0.9999999990686774,false,29019.123,344.19611457905523,29363.319114579055
1815,Light bulbs,1805,1805,1.0,0.9375,false,3423.336,25.57457905544146,3448.9105790554413
1821,"Glasses (drink, beer, wine etc)",24,24,1.0,0.5,true,64.386,10.008255030800827,74.39425503080082
1823,Drinks,467,467,1.0,0.75,false,780.066,32.35331581108828,812.4193158110883
1826,"Cloths, mops, sponges and brush",691,691,1.0,0.5,false,0.0,110.24392279260779,110.24392279260779
1828,Foods,79,79,1.0,0.5,false,0.0,3.6539770020533866,3.6539770020533866
1829,"Glasses (drink, beer, wine etc)",1635,1635,1.0,0.99609375,false,3685.2689999999993,36.41361190965091,3721.6826119096504
1831,Bakeware,417,417,1.0,0.875,true,5285.28,47.41286858316223,5332.692868583162
1832,Tableware,5985,5985,1.0,0.99951171875,false,21555.04399999999,244.32711745379854,21799.37111745379
1833,Special pans,482,482,1.0,0.984375,true,19848.423,255.4669950718685,20103.889995071866
1850,Girls toys,833,833,1.0,0.9375,true,8820.538999999999,37.23806817248461,8857.777068172483
1862,Coffee makers and kettles,210,210,1.0,0.5,false,0.0,4864404.478406571,4864404.478406571
1868,Small storage,26244,26244,1.0,0.9990234375,false,29190.195999999996,115.04185790554413,29305.23785790554
1872,Toilet accessories,11682,11682,1.0,0.9999999990686774,false,58446.42299999999,622.5602562628335,59068.98325626282
1874,Serve and present,619,619,1.0,0.99609375,false,1775.5499999999993,27.659630390143736,1803.209630390143
1876,Bathroom accessories,635,635,1.0,0.875,false,1812.1180000000002,9.368575770020534,1821.4865757700206
1878,Bathroom accessories,1466,1466,1.0,0.9375,false,4056.5839999999994,17.99199507186858,4074.575995071868
1879,Travel accessories,565,565,1.0,0.984375,false,1221.9899999999998,45.03219301848045,1267.0221930184803
1880,Laundry baskets,20385,17175,0.8425312729948492,0.9999999990686774,false,416274.08200000005,1890.5446402464054,418164.6266402465
1882,Baskets,17633,17633,1.0,0.9921875,false,52107.069,143.73467679671452,52250.80367679672
1883,Baskets,10058,10058,1.0,0.99609375,false,18893.875,44.88767967145788,18938.762679671458
1884,Storage boxes,28789,28789,1.0,0.5,false,0.0,16079.320795482543,16079.320795482543
1886,Personal care,58240,57984,0.9956043956043956,0.9999999990686774,false,42284.697,171.264202053388,42455.96120205339
1887,Foods,976,976,1.0,0.75,false,784.3499999999998,9.02736960985626,793.377369609856
1889,Tools,4587,3323,0.7244386309134511,0.9999999990686774,false,44150.17599999999,274.87909322381927,44425.05509322381
1891,Toilet cleaners and odors,5007,5007,1.0,0.999755859375,false,10993.059,50.54741683778232,11043.606416837782
1892,Wash treatment and accessories,11153,11153,1.0,0.9375,false,82178.712,755.9107392197125,82934.62273921972
1893,Cleaning products,5100,5100,1.0,0.96875,false,34385.785,130.26757371663246,34516.05257371664
1894,Cleaning products,3566,3566,1.0,0.875,false,21526.847999999998,196.23551334702265,21723.08351334702
1898,Cleaning products,24615,24615,1.0,0.9375,false,172473.55999999997,4489.119473511293,176962.67947351126
1903,Residential odors,5082,5082,1.0,0.75,false,6386.688,114.66005174537989,6501.34805174538
1904,Dishwashing articles,47415,44137,0.9308657597806601,0.9999999990686774,false,71522.99699999999,576.0444628336754,72099.04146283366
1905,Stationary,75818,75818,1.0,0.9990234375,false,27101.536,287.08351704312093,27388.61951704312
1906,Drink & food To Go,15968,15968,1.0,0.75,false,20881.952,398.57901683778226,21280.531016837784
1908,Drink & food To Go,9567,9567,1.0,0.96875,false,55408.297,1002.9621848049277,56411.25918480493
1917,Frying pans,23580,18949,0.8036047497879559,0.9999999990686774,false,325566.0449999999,1892.1255420944572,327458.1705420944
1944,Candles & Tealights,14263,14263,1.0,0.5,false,0.0,420116.611329774,420116.611329774
1945,Candles & Tealights,217,217,1.0,0.5,true,0.0,3.8882340862423024,3.8882340862423024
1947,Candles & Tealights,15118,15118,1.0,0.875,true,22244.963999999996,121.9769232032854,22366.94092320328
1948,Candles & Tealights,16364,16364,1.0,0.9999995231628418,false,56037.28199999999,491.25830965092405,56528.54030965092
1965,Residential odors,15343,14176,0.9239392556866324,0.9999999990686774,false,19731.712000000003,100.00716878850105,19831.719168788502
1970,Photo frames & albums,2322,2322,1.0,0.9921875,false,6989.814999999999,47.90883942505135,7037.72383942505
1981,Foodprep,1007,1007,1.0,0.75,true,27776.38500000001,351.4485400410679,28127.833540041076
1982,Drink & food To Go,17276,10132,0.5864783514702477,0.9999999990686774,true,105876.75,1699.1932238193003,107575.9432238193
1997,"Glasses (drink, beer, wine etc)",2163,1740,0.8044382801664355,0.9999999990686774,false,4310.187,12.974527310061593,4323.1615273100615
2004,Knives,215,215,1.0,0.9375,true,5240.704,211.97880944558517,5452.682809445585
2006,Fans and electric blankets,778,778,1.0,0.96875,false,6140.792,240.8163055441479,6381.608305544149
2007,Table textiles,296,296,1.0,0.9375,true,885.4999999999999,36.631632443531814,922.1316324435317
2009,Hobby and creative,414,414,1.0,0.75,false,4186.581000000001,20.889658726899373,4207.4706587269
2011,Boys toys,9799,9799,1.0,0.9990234375,false,15701.048999999999,75.4823885010267,15776.531388501026
2014,"Glasses (drink, beer, wine etc)",2430,2430,1.0,0.75,false,1628.8579999999995,25.97825051334702,1654.8362505133466
2019,Shoe maintenance,1403,1403,1.0,0.875,false,44876.530999999995,617.3811761806983,45493.9121761807
2021,Baskets,4366,4366,1.0,0.9375,false,12610.899000000001,140.2747909650923,12751.173790965093
2023,Vacuuming,140,140,1.0,0.5,false,0.0,10236.756525256678,10236.756525256678
2024,Toilet accessories,15767,15767,1.0,0.9999999981373549,false,280828.3519999999,985.6185823408628,281813.9705823408
2025,Knives,62750,62750,1.0,0.9999999981373549,false,72494.072,1693.7067589322378,74187.77875893224
2030,Ironing board textiles,18520,18520,1.0,0.9998779296875,false,79138.878,583.6090394250516,79722.48703942505
2035,Bed textile,660,660,1.0,0.5,true,4825.1,95.43975359342912,4920.53975359343
2045,Shopping bags and trolleys,6342,6342,1.0,0.96875,false,4535.195,45.123635728952756,4580.318635728952
2049,Hobby and creative,10656,10656,1.0,0.5,false,94603.663,3352.855708008214,97956.51870800821
2050,Boys toys,2569,2569,1.0,0.75,false,3390.3449999999993,35.81371047227924,3426.1587104722785
2055,Hobby and creative,5984,5984,1.0,0.96875,false,7990.164000000002,170.1111770020533,8160.275177002055
2062,Hobby and creative,2094,2094,1.0,0.75,false,14239.106000000002,320.8867671457903,14559.992767145792
2069,Hobby and creative,2593,2593,1.0,0.5,false,15266.384000000002,572.6532862422998,15839.037286242301
2072,Foodprep,3883,3883,1.0,0.875,false,53288.235,292.1666180698153,53580.401618069816
2077,Small storage,41641,41641,1.0,0.984375,false,42600.354999999996,167.8287802874743,42768.18378028747
2078,Racks and pockets,23620,23620,1.0,0.99609375,false,103326.58699999997,294.2468829568787,103620.83388295685
2082,Waste bins,5133,5133,1.0,0.9990234375,false,67938.84999999998,123.72596303901439,68062.575963039
2085,"Cloths, mops, sponges and brush",13906,13906,1.0,0.999755859375,false,59622.80799999999,280.69011088295684,59903.498110882945
2086,Cutlery,2392,2392,1.0,0.984375,false,2889.3199999999997,55.022472279260775,2944.3424722792606
2087,Cleaning products,11109,11109,1.0,0.9999847412109375,false,35147.37799999999,132.87586283367563,35280.25386283366
2088,Cleaning products,3531,3531,1.0,0.9998779296875,false,15542.967999999999,62.243074332648895,15605.211074332648
2092,Cleaning products,2657,2657,1.0,0.998046875,false,3824.205,11.7631047227926,3835.9681047227923
2093,Cleaning products,4446,4446,1.0,0.875,false,10190.165999999997,119.2508041067762,10309.416804106773
2094,Wash treatment and accessories,22885,22885,1.0,0.984375,false,109866.06400000001,2697.114606570841,112563.17860657086
2097,Shoe maintenance,6599,6599,1.0,0.5,false,0.0,11286.950481314172,11286.950481314172
2099,Store kitchen,2182,1874,0.8588450962419798,0.9999999990686774,true,56940.268,1084.251733059548,58024.51973305955
2101,Coffee makers and kettles,13360,13060,0.9775449101796407,0.9999999990686774,false,242641.43399999992,1123.1722447638604,243764.60624476377
2102,Electric personal care,44172,42707,0.9668341936068098,0.9999999990686774,false,739536.6720000003,4688.306385215606,744224.9783852159
2103,Coffee makers and kettles,1880,1880,1.0,0.875,true,18217.121999999996,70.11433429158105,18287.236334291578
2109,Pan sets,3333,3333,1.0,0.96875,false,172302.03899999996,505.8140636550312,172807.853063655
2114,Construction,382,382,1.0,0.9375,false,2253.069,111.16133963039012,2364.23033963039
2135,Watering cans,6662,6662,1.0,0.984375,false,23930.04599999999,85.23607638603694,24015.28207638603
2152,Tableware,1109,603,0.5437330928764653,0.9999999990686774,true,0.0,2233.683119507187,2233.683119507187
2153,Teletoys,446,446,1.0,0.75,false,0.0,206.3945486652976,206.3945486652976
2159,Phones,35,35,1.0,0.875,true,90.13199999999999,1.3210595482546221,91.45305954825461
2161,Boys toys,830,830,1.0,0.75,false,6663.4400000000005,25.344726078028753,6688.784726078029
2163,Boys toys,1938,1938,1.0,0.96875,true,7260.428,88.28910554414783,7348.717105544148
2164,Foods,794,794,1.0,0.75,false,515.0250000000001,4.828677618069816,519.8536776180699
2165,Games,404,370,0.9158415841584159,0.9999999990686774,false,0.0,5199.976551129362,5199.976551129362
2167,Games,1476,1476,1.0,0.875,true,26969.844999999994,361.87096221765876,27331.71596221765
2170,"Glasses (drink, beer, wine etc)",895,895,1.0,0.875,false,2181.067,77.18525133470227,2258.252251334702
2179,Window and squeegees,7822,7822,1.0,0.9999961853027344,false,194385.57600000003,3245.1755876796688,197630.7515876797
2182,Cleaning products,49145,49145,1.0,0.5,false,0.0,4223.6075273100605,4223.6075273100605
2183,"Cloths, mops, sponges and brush",8299,8299,1.0,0.9921875,false,16224.208,56.173571252566724,16280.381571252567
2185,Special pans,23039,23039,1.0,0.5,false,0.0,27295.04025708417,27295.04025708417
2188,Cutlery,4779,4779,1.0,0.99609375,false,27064.547999999995,217.62306036960987,27282.171060369605
2189,Toilet accessories,12701,12701,1.0,0.9999998807907104,false,161709.84199999995,542.9522057494863,162252.79420574944
2190,Window and squeegees,56073,56073,1.0,0.9921875,false,258194.08999999988,354.4470008213553,258548.53700082123
2192,Clothes hangers,51913,51913,1.0,0.5,false,0.0,137593.04408377822,137593.04408377822
2194,Wash treatment and accessories,24294,24294,1.0,0.75,false,38169.873,2035.9633416837778,40205.836341683775
2195,Table textiles,885,885,1.0,0.984375,false,7092.4,143.04435318275154,7235.444353182751
2196,Table textiles,3060,3060,1.0,0.984375,false,14693.14,108.59824722792605,14801.738247227926
2200,Bath textiles and bath mats,14253,14253,1.0,0.9999999962747097,false,29270.786999999993,837.4802501026694,30108.26725010266
2202,Bed textile,2926,2926,1.0,0.5,false,37325.441999999995,2100.46731540041,39425.90931540041
2212,Thermos jugs,1159,1159,1.0,0.9921875,false,22418.703999999998,257.72457987679655,22676.428579876796
2218,Tableware,1039,1039,1.0,0.999755859375,false,7161.153999999998,62.816188911704316,7223.970188911702
2219,Thermos jugs,1998,1933,0.9674674674674675,0.9999999990686774,false,45077.634,439.4076911704311,45517.04169117043
2221,Planks,2424,2424,1.0,0.9990234375,false,5766.124,109.86222587268995,5875.98622587269
2223,Cutlery,1504,1504,1.0,0.984375,false,11548.536999999998,239.06873470225855,11787.605734702258
2224,Personal care,121,121,1.0,0.75,false,90.74099999999999,73.6285182751541,164.36951827515406
2225,Personal care,167,167,1.0,0.75,false,61.908000000000015,0.7841063655030811,62.69210636550309
2228,Tableware,7343,7343,1.0,0.96875,false,4865.972999999997,157.8773416837782,5023.850341683776
2230,"Cloths, mops, sponges and brush",775,775,1.0,0.75,true,0.0,26.27056016427105,26.27056016427105
2232,"Cloths, mops, sponges and brush",380,380,1.0,0.5,false,0.0,194.94959178644766,194.94959178644766
2246,Baby / Toddler,479,479,1.0,0.75,false,610.68,49.20132977412734,659.8813297741273
2256,Baby / Toddler,1235,1235,1.0,0.875,true,7404.865999999998,135.60186694045154,7540.467866940449
2264,Personal care,6516,6516,1.0,0.99609375,false,2677.71,69.50609609856261,2747.2160960985625
2265,Drink & food To Go,13824,13819,0.9996383101851852,0.9999999990686774,false,36648.49999999999,276.80558521560573,36925.305585215596
2269,Baskets,4362,4362,1.0,0.9921875,false,99775.12999999999,4928.929605749488,104704.05960574948
2270,Euro articles,1960,1960,1.0,0.75,false,2002.349999999999,8.047268993839834,2010.397268993839
2271,"Cloths, mops, sponges and brush",69775,62733,0.8990756001433178,0.9999999990686774,false,125004.57899999997,1158.6682989733056,126163.24729897328
2273,Tea and coffee,3785,3785,1.0,0.875,true,24989.097,130.52791622176585,25119.62491622177
2282,"Cloths, mops, sponges and brush",1592,1592,1.0,0.9375,false,1462.104,76.29980451745384,1538.4038045174539
2283,Ironing board textiles,50860,50860,1.0,0.9999980926513672,false,174925.61099999998,1742.1260377823394,176667.73703778232
2288,Bed textile,12367,12367,1.0,0.5,false,112773.605,4382.373555646817,117155.97855564681
2291,Mugs and cups,29430,6699,0.22762487257900102,0.9999999990686774,false,352625.11199999996,6906.26174948665,359531.37374948664
2330,Store kitchen,3359,3359,1.0,0.999969482421875,false,3889.4239999999995,15.958827104722792,3905.3828271047223
2336,Vacuuming,12394,12394,1.0,0.5,false,0.0,16471.6223301848,16471.6223301848
2337,Light bulbs,4048,4048,1.0,0.875,false,10222.142,37.71494784394249,10259.856947843942
2341,Store kitchen,338,338,1.0,0.75,true,586.7399999999999,24.996416427104656,611.7364164271046
2342,Drink & food To Go,19763,19763,1.0,0.99609375,false,126693.945,1024.0585318275155,127718.00353182752
2344,"Cloths, mops, sponges and brush",46435,37796,0.8139549908474212,0.9999999990686774,false,154649.04000000004,1319.4015802874749,155968.4415802875
2345,Kitchen tools,8390,8390,1.0,0.5,false,0.0,14062.021690349065,14062.021690349065
2350,Baskets,11259,11259,1.0,0.9921875,false,32026.497999999996,126.39838767967154,32152.896387679666
2353,Cleaning products,12814,12814,1.0,0.9999923706054688,false,93135.84000000003,317.8740303901437,93453.71403039017
2354,Cleaning products,6489,6489,1.0,0.999755859375,false,38445.33,161.66786036960977,38606.997860369615
2355,Suitcases,367,367,1.0,0.998046875,false,22439.829999999994,243.54583983572883,22683.375839835724
2356,Cleaning products,4859,4859,1.0,0.9921875,false,8899.057999999999,22.229452977412734,8921.287452977413
2359,Foods,466,466,1.0,0.75,false,174.5660000000001,10.376380287474328,184.9423802874744
2361,Cleaning products,34,34,1.0,0.5,false,0.0,42.352365913757765,42.352365913757765
2363,Residential odors,7433,7433,1.0,0.984375,false,16221.407999999996,203.65519712525656,16425.06319712525
2364,Personal care,67167,67167,1.0,0.75,false,212654.526,7031.304816427103,219685.83081642713
2369,Window and squeegees,1748,1237,0.7076659038901602,0.9999999990686774,false,53471.78199999999,1311.6462443531832,54783.42824435318
2370,Ironing,18545,15363,0.8284173631706659,0.9999999990686774,false,449534.995,3341.307139630389,452876.30213963037
2379,Pan sets,5909,5909,1.0,0.99951171875,false,233135.59500000003,2322.8622887063652,235458.45728870638
2391,Foods,638,638,1.0,0.75,false,974.1199999999999,16.820381930184812,990.9403819301847
2394,Residential odors,10216,10216,1.0,0.99951171875,false,5967.990000000001,31.652907597535936,5999.642907597537
2402,Baby / Toddler,86,86,1.0,0.5,true,0.0,207.96664804928116,207.96664804928116
2406,Partyfun,2088,2088,1.0,0.9921875,false,1849.778,48.89324353182748,1898.6712435318275
2408,Construction,324,324,1.0,0.875,false,1046.4299999999998,16.39326694045175,1062.8232669404515
2410,Construction,446,446,1.0,0.96875,false,3027.479,98.04089897330584,3125.5198989733058
2412,Electric personal care,242,242,1.0,0.75,true,25685.253999999994,188.58538151950697,25873.8393815195
2415,Batteries,1114,1114,1.0,0.9921875,false,6503.419999999999,30.50167638603697,6533.921676386036
2416,Construction,379,379,1.0,0.5,true,0.0,99.14235400410679,99.14235400410679
2421,Ironing,1645,1000,0.60790273556231,0.9999999990686774,false,103528.45299999998,528.4833897330591,104056.93638973303
2423,Store kitchen,13821,13821,1.0,0.998046875,false,13843.2,38.75082135523613,13881.950821355236
2430,Baskets,3902,3902,1.0,0.9375,false,30946.936999999994,228.8882854209444,31175.82528542094
2435,Vacuuming,258,258,1.0,0.5,false,1731.877,95.96993963039014,1827.8469396303901
2436,Bakeware,53806,53806,1.0,0.9999961853027344,false,97759.03200000002,494.8523137577005,98253.88431375772
2437,Knives,56854,56854,1.0,0.5,false,329893.64099999995,24044.925374537994,353938.56637453794
2441,Window and squeegees,28572,28572,1.0,0.9999999962747097,false,69489.056,598.961925256673,70088.01792525667
2443,Drying racks,20986,20986,1.0,0.5,false,958126.792,51199.34244188913,1009326.1344418891
2445,Partyfun,45597,45597,1.0,0.5,false,62466.768,2738.783260780286,65205.55126078028
2449,Tableware,42050,42050,1.0,0.5,false,0.0,11303.207913757697,11303.207913757697
2451,Mugs and cups,14992,6669,0.44483724653148343,0.9999999990686774,false,68106.89199999999,1174.5095835728948,69281.4015835729
2454,Tableware,11828,5755,0.4865573216097396,0.9999999990686774,false,59268.82499999998,1021.3994661190961,60290.22446611908
2463,Tableware,995,995,1.0,0.5,false,127287.42599999998,2286.3686784394245,129573.7946784394
2465,Tableware,7123,6815,0.9567597922223782,0.9999999990686774,false,36733.76000000001,255.61503860369615,36989.375038603706
2471,Vases,270,270,1.0,0.9375,false,0.0,29.714042710472267,29.714042710472267
2474,Tableware,2818,2818,1.0,0.75,false,0.0,1327.6556008213547,1327.6556008213547
2478,Kitchen tools,935,935,1.0,0.984375,false,3931.150999999999,82.27674948665296,4013.427749486652
2486,Dishwashing articles,169,169,1.0,0.5,false,0.0,286.12609240246405,286.12609240246405
2494,Oven dishes,1096,1096,1.0,0.5,false,0.0,285.1627572895276,285.1627572895276
2495,Drinks,707,707,1.0,0.75,false,259.623,64.14132197125258,323.76432197125257
2497,Table paper,1154,1154,1.0,0.984375,false,2561.58,126.18819794661196,2687.768197946612
2498,Thermos jugs,1093,1093,1.0,0.984375,false,12116.474999999999,76.66336755646815,12193.138367556467
2499,Foils and bags,133,133,1.0,0.5,true,0.0,409.61653634496906,409.61653634496906
2505,Pan sets,102,102,1.0,0.9375,true,14770.966,210.24995318275168,14981.215953182753
2511,Games,3273,3273,1.0,0.984375,false,14478.275,252.59031416837783,14730.865314168377
2518,Games,1849,1849,1.0,0.5,true,16179.345,243.20239425051352,16422.547394250512
2519,"Glasses (drink, beer, wine etc)",1498,1498,1.0,0.5,true,0.0,190.70920739219738,190.70920739219738
2525,Table paper,7359,7359,1.0,0.9999999925494194,false,3389.3719999999994,38.75691006160162,3428.128910061601
2526,Table paper,10145,10145,1.0,0.984375,false,5369.49,26.42126858316222,5395.911268583162
2529,Store kitchen,5932,5932,1.0,0.9999990463256836,false,125519.07900000003,382.54431663244316,125901.62331663247
2531,Drying racks,7029,7029,1.0,0.99993896484375,false,231676.53600000002,736.1990439425051,232412.73504394252
2532,Ironing boards,209,209,1.0,0.75,false,8153.431999999999,315.7709486652977,8469.202948665297
2544,Mugs and cups,22605,11124,0.49210351692103516,0.9999999990686774,false,267908.256,5437.513079260779,273345.76907926076
2549,Serve and present,10114,10114,1.0,0.5,false,39799.956,1010.8246767967142,40810.78067679671
2579,Coffee makers and kettles,16662,16662,1.0,0.998046875,false,425258.372,972.205639425051,426230.577639425
2580,Vacuuming,35919,35919,1.0,0.5,false,0.0,70967.14075564682,70967.14075564682
2584,Store kitchen,59182,59182,1.0,0.875,false,141267.84000000003,1012.982071047227,142280.82207104727
2585,Store kitchen,35781,35781,1.0,0.875,false,78493.59000000003,279.7654324435317,78773.35543244355
2587,Bathroom accessories,27717,27717,1.0,0.984375,false,62382.221999999994,233.9653897330594,62616.18738973305
2588,Watering cans,37586,37586,1.0,0.9990234375,false,56500.33199999999,105.15251088295692,56605.48451088295
2589,Bathroom accessories,4163,4163,1.0,0.99609375,false,12112.800000000001,44.08430390143739,12156.88430390144
2591,Tea and coffee,15093,15093,1.0,0.5,false,0.0,12380.619399178639,12380.619399178639
2592,Storage boxes,1447,1447,1.0,0.75,false,11920.601,85.92222874743328,12006.523228747434
2594,Cleaning products,4592,4592,1.0,0.984375,false,9256.716,49.77611457905542,9306.492114579056
2596,Cleaning products,7201,7201,1.0,0.96875,false,39616.416,263.3135638603695,39879.72956386037
2597,Cleaning products,3028,3018,0.9966974900924703,0.9999999990686774,false,7250.7959999999985,67.17564517453796,7317.971645174536
2599,Wash treatment and accessories,48483,48483,1.0,0.9999923706054688,false,60570.958,1686.6733084188904,62257.63130841889
2600,Cleaning products,2342,2342,1.0,0.9375,false,1053.864,14.50050431211498,1068.364504312115
2601,Wash treatment and accessories,4662,3906,0.8378378378378378,0.9999999990686774,false,11519.899999999998,340.60735112936374,11860.507351129361
2602,Foils and bags,15789,15789,1.0,0.9375,false,50774.905999999995,213.03954661190963,50987.9455466119
2604,Cleaning products,57483,57483,1.0,0.99951171875,false,190909.87999999998,6153.958094455848,197063.83809445583
2605,Vacuuming,124528,124528,1.0,0.9999999962747097,false,127179.25499999999,1237.7779724846002,128417.0329724846
2606,Personal care,134990,134990,1.0,0.5,false,0.0,8896.263306776182,8896.263306776182
2608,Coffee makers and kettles,9533,9533,1.0,0.99951171875,false,365232.875,1232.2408143737155,366465.1158143737
2613,Cooking pans,1807,1807,1.0,0.9999847412109375,true,41357.589,643.3694767967147,42000.95847679672
2634,Candles & Tealights,7570,7570,1.0,0.75,true,10334.59,65.23057084188913,10399.82057084189
2637,Vases,1740,1740,1.0,0.96875,false,6582.652999999999,47.52898521560574,6630.181985215605
2645,Partyfun,13099,13099,1.0,0.5,false,0.0,31604.194954004102,31604.194954004102
2646,Photo frames & albums,12645,12645,1.0,0.96875,false,15159.347,64.1158546201232,15223.462854620124
2652,Construction,345,345,1.0,0.5,false,0.0,201.61143572895264,201.61143572895264
2654,Tableware,3460,2594,0.7497109826589595,0.9999999990686774,true,15154.124999999998,8737.489835728957,23891.614835728957
2658,Fans and electric blankets,536,536,1.0,0.96875,false,2277.611,58.399485010266886,2336.0104850102666
2660,Electric personal care,1660,1660,1.0,0.75,false,12122.516,80.34928870636556,12202.865288706365
2661,Phones,48,48,1.0,0.75,true,75.25,0.8660164271047232,76.11601642710473
2665,Others,1759,1759,1.0,0.9375,true,0.0,100.19848583162212,100.19848583162212
2667,Store kitchen,688,688,1.0,0.9375,true,3769.808,32.185994250513325,3801.9939942505134
2671,Games,10032,10032,1.0,0.5,false,0.0,4317.177125256673,4317.177125256673
2672,Tea and coffee,13687,13687,1.0,0.99951171875,false,16551.303999999996,143.47674332648876,16694.780743326486
2674,Stuffed animals,2175,2175,1.0,0.5,false,158535.60799999998,9630.5221174538,168166.13011745378
2677,"Glasses (drink, beer, wine etc)",1833,1833,1.0,0.9999999850988388,false,10283.0,276.4793018480493,10559.479301848049
2680,Drink & food To Go,16441,16441,1.0,0.99609375,false,37818.151,320.8869942505134,38139.03799425051
2686,Kitchen tools,4880,4880,1.0,0.9999997615814209,false,40085.43000000001,371.5154501026695,40456.94545010268
2688,Foils and bags,70520,70520,1.0,0.984375,false,59689.23799999998,88.29248624229976,59777.530486242285
2689,Vacuuming,150,150,1.0,0.5,false,0.0,11725.88871252565,11725.88871252565
2690,Gift,37683,32657,0.8666242072021867,0.9999999990686774,false,16490.579,2081.1609905544137,18571.739990554415
2691,Toilet accessories,3832,3832,1.0,0.998046875,false,39648.84,197.62152772073915,39846.461527720734
2694,Bathroom accessories,8885,8885,1.0,0.99609375,false,88526.54999999999,211.43096673511278,88737.98096673511
2698,Kitchen helpers,5042,5042,1.0,0.9375,false,28796.305999999997,137.0797006160164,28933.385700616014
2699,Window and squeegees,26092,26092,1.0,0.9999980926513672,false,17540.432,290.7655917864476,17831.197591786447
2701,Ironing board textiles,23297,23297,1.0,0.9999980926513672,false,44613.030000000006,331.1097396303903,44944.139739630395
2702,Table textiles,533,533,1.0,0.99609375,false,4989.2429999999995,100.99053223819308,5090.233532238192
2718,Bathroom accessories,1192,1192,1.0,0.9375,false,17641.805999999997,117.41541273100624,17759.221412731004
2719,Light bulbs,4294,4294,1.0,0.9375,false,12272.442,102.49597207392196,12374.937972073922
2720,Cleaning products,4467,4467,1.0,0.96875,false,5584.039999999999,25.624001642710475,5609.664001642709
2730,Kitchen tools,1890,1890,1.0,0.984375,false,7201.012,203.79687310061604,7404.8088731006155
2732,Cutlery,2954,2954,1.0,0.984375,false,1704.3180000000002,11.267780698151949,1715.5857806981521
2736,Oven dishes,886,886,1.0,0.75,true,3740.1139999999996,84.67137330595484,3824.7853733059546
2745,Stuffed animals,2455,2455,1.0,0.9999999990686774,true,16168.165999999997,444.4466907597537,16612.61269075975
2748,Stuffed animals,79,79,1.0,0.5,true,0.0,35.707963039014366,35.707963039014366
2758,Baby / Toddler,165,165,1.0,0.5,true,0.0,46.13019260780285,46.13019260780285
2761,Kitchen helpers,1990,1990,1.0,0.998046875,true,17572.38,524.5329117043119,18096.912911704312
2763,Dishwashing articles,103294,75565,0.7315526555269425,0.9999999990686774,false,29911.840000000004,631.2615236139632,30543.10152361397
2764,"Cloths, mops, sponges and brush",18354,18354,1.0,0.9990234375,false,103680.864,552.1848837782339,104233.04888377823
2773,Foils and bags,18944,18944,1.0,0.96875,false,34731.56399999999,91.69978151950718,34823.2637815195
2777,Ironing board textiles,8787,8787,1.0,0.99609375,false,18872.447999999997,204.30219548254613,19076.750195482542
2778,Kitchen tools,73547,73547,1.0,0.999755859375,false,15002.637999999997,3932.3876513347013,18935.025651334698
2781,Ironing boards,9738,9738,1.0,0.5,false,359592.68799999997,23080.927161806976,382673.6151618069
2783,Drying racks,10981,10981,1.0,0.875,true,171548.811,2331.5965983572896,173880.40759835727
2784,Table textiles,1154,1154,1.0,0.96875,false,11737.459999999997,116.90890882956872,11854.368908829567
2786,Bed textile,12586,12586,1.0,0.5,false,70347.592,3059.77419137577,73407.36619137577
2787,Bath textiles and bath mats,8616,8616,1.0,0.5,false,22074.752,2493.399922381928,24568.151922381927
2791,Table textiles,7090,7090,1.0,0.5,false,0.0,259549.6303638603,259549.6303638603
2793,Baskets,5909,5909,1.0,0.75,false,8131.508000000001,194.9974562628337,8326.505456262834
2794,Fans and electric blankets,1860,1860,1.0,0.984375,false,22110.717999999997,295.71908213552365,22406.437082135522
2796,Tableware,5092,5092,1.0,0.5,false,37805.78199999999,2131.101508829569,39936.88350882956
2805,Light bulbs,6226,6226,1.0,0.96875,false,5290.32,27.094910061601656,5317.414910061601
2817,Foodprep,10476,10476,1.0,0.5,false,0.0,867030.5405051336,867030.5405051336
2823,Batteries,120724,120724,1.0,0.5,false,0.0,2625083.7490004105,2625083.7490004105
2826,Wash treatment and accessories,7714,7714,1.0,0.96875,false,58995.825000000004,1035.754252566735,60031.57925256674
2828,Store kitchen,23882,23882,1.0,0.9999847412109375,false,157124.47799999997,904.9316981519504,158029.40969815193
2829,"Cloths, mops, sponges and brush",136452,113223,0.829764312725354,0.9999999990686774,false,208193.30000000002,2146.621351129364,210339.9213511294
2832,Window and squeegees,16086,16086,1.0,0.998046875,false,87246.565,337.8812607802875,87584.44626078029
2833,Racks and pockets,34281,34281,1.0,0.9990234375,false,97889.785,210.01897330595477,98099.80397330596
2835,Clothes hangers,50901,48399,0.9508457594153357,0.9999999990686774,false,49695.849,604.964162217659,50300.81316221766
2838,Thermos jugs,9835,9835,1.0,0.5,false,0.0,11689.766539219707,11689.766539219707
2839,Thermos jugs,8942,8942,1.0,0.5,false,0.0,16520.006617659128,16520.006617659128
2842,Baskets,9006,9006,1.0,0.9921875,false,9786.356999999998,29.326277207392184,9815.68327720739
2844,Cleaning products,10724,10724,1.0,0.9999961853027344,false,29057.440999999995,172.98627967145782,29230.427279671454
2845,Cleaning products,4523,4523,1.0,0.984375,false,9198.63,36.21716632443532,9234.847166324435
2846,Cleaning products,5239,5239,1.0,0.999969482421875,false,32825.62500000001,108.96128131416842,32934.58628131417
2847,Personal care,11466,11466,1.0,0.875,false,4890.004,63.55390841889119,4953.557908418891
2853,Cleaning products,71,71,1.0,0.5,false,0.0,757.6964205338813,757.6964205338813
2854,"Cloths, mops, sponges and brush",15206,15206,1.0,0.5,false,0.0,1705.9793975359357,1705.9793975359357
2855,Window and squeegees,52599,52599,1.0,0.99951171875,false,45564.119999999995,322.62646406570815,45886.746464065705
2894,Residential odors,13450,13450,1.0,0.9999999403953552,false,18145.595999999998,65.12990308008213,18210.72590308008
2905,Pan sets,2757,2387,0.8657961552412042,0.9999999990686774,false,118924.46999999997,1587.261746201231,120511.7317462012
2909,Kitchen tools,490,490,1.0,0.75,false,0.0,162.52267392197126,162.52267392197126
2911,Teletoys,241,241,1.0,0.9375,true,3005.155999999999,65.39976673511292,3070.555766735112
2912,Construction,84,84,1.0,0.5,true,0.0,118.39590431211506,118.39590431211506
2917,Construction,140,140,1.0,0.5,false,0.0,21.451265708418898,21.451265708418898
2922,Pan sets,1219,1219,1.0,0.875,false,25024.230000000003,255.3185605749487,25279.548560574953
2925,Kitchen helpers,765,765,1.0,0.5,false,0.0,108304.9117823408,108304.9117823408
2929,Thermos jugs,4070,4070,1.0,0.999969482421875,false,152913.411,581.8630496919917,153495.27404969197
2934,"Glasses (drink, beer, wine etc)",1255,1255,1.0,0.875,true,10898.237,75.90786201232032,10974.14486201232
2938,Personal care,35090,35090,1.0,0.984375,false,96755.31599999999,225.79173552361394,96981.1077355236
2940,Ironing boards,1521,1107,0.727810650887574,0.9999999990686774,true,24438.413999999997,748.089847638604,25186.5038476386
2943,Knives,24107,24107,1.0,0.998046875,false,88452.504,1243.4932410677625,89695.99724106776
2947,Kitchen helpers,19958,19958,1.0,0.5,false,62488.125,4319.4617556468165,66807.58675564681
2949,Kitchen textile,6536,6536,1.0,0.5,false,1659.105,410.21378439425035,2069.3187843942505
2950,Kitchen textile,3369,3369,1.0,0.5,false,0.0,3911.997160164269,3911.997160164269
2951,Racks and pockets,16599,16599,1.0,0.99609375,false,42248.89199999999,273.2380373716632,42522.13003737166
2952,Table textiles,419,419,1.0,0.96875,true,7149.491999999999,112.61781683778237,7262.109816837782
2953,Bath textiles and bath mats,32620,32620,1.0,0.5,false,15584205.133000003,363153.9914386036,15947359.124438606
2957,Mugs and cups,14904,8556,0.5740740740740741,0.9999999990686774,false,39350.073000000004,805.0664123203285,40155.139412320335
2968,Tea and coffee,72275,65099,0.9007125562089242,0.9999999990686774,false,162583.67999999996,1337.2882792607809,163920.96827926073
2969,Tea and coffee,75168,75168,1.0,0.998046875,false,254911.32799999992,615.9167014373719,255527.2447014373
2974,Foils and bags,542,542,1.0,0.75,false,242.30499999999998,18.407973305954833,260.7129733059548
2977,Drink & food To Go,377,377,1.0,0.5,true,0.0,94.46439630390147,94.46439630390147
2978,Tools,1633,1633,1.0,0.96875,false,9275.448,75.64914086242295,9351.097140862423
2979,Tableware,1158,1158,1.0,0.96875,false,6239.023000000001,26.84626488706363,6265.869264887065
2980,Light bulbs,6031,6031,1.0,0.9375,false,41855.625,166.65700903490767,42022.282009034905
2985,Cutlery,3224,3224,1.0,0.96875,false,2709.042,62.184932648870635,2771.2269326488704
2987,Tableware,4401,4401,1.0,0.875,false,5103.595,13.134544147843929,5116.7295441478445
2996,Baby / Toddler,4645,4645,1.0,0.9999999701976776,false,62823.488000000005,1785.255530184805,64608.74353018481
2997,Games,1296,1296,1.0,0.75,false,5970.3279999999995,279.0156418891173,6249.343641889117
3014,Phones,9792,9792,1.0,0.984375,false,335308.029,1184.1938751540035,336492.222875154
3015,Batteries,34161,34161,1.0,0.99951171875,false,106800.95999999999,319.51921149897316,107120.47921149897
3021,"Glasses (drink, beer, wine etc)",668,668,1.0,0.9375,false,423.605,28.04175277207394,451.64675277207397
3027,Kitchen helpers,28049,26556,0.9467717209169667,0.9999999990686774,false,62951.868,1206.8881913757693,64158.756191375775
3030,Vacuuming,183,183,1.0,0.5,false,0.0,31.485252566735095,31.485252566735095
3031,Vacuuming,105,105,1.0,0.5,false,0.0,2833.0192299794667,2833.0192299794667
3033,Kitchen helpers,17842,17842,1.0,0.99609375,false,62062.335999999996,1011.7707979466121,63074.10679794661
3034,Measuring and weighing,39713,39713,1.0,0.5,false,0.0,15132.593531827519,15132.593531827519
3036,Ironing boards,20693,20693,1.0,0.9990234375,false,318754.02999999997,7377.8417597535945,326131.87175975356
3037,Drying racks,8537,8537,1.0,0.75,false,855236.2,11126.060175770017,866362.2601757699
3042,Bed textile,3261,3261,1.0,0.5,false,43053.556,1956.6078718685849,45010.16387186858
3046,Others,548,548,1.0,0.999755859375,false,3872.736,67.40684353182749,3940.1428435318276
3047,Bath textiles and bath mats,21094,21094,1.0,0.5,false,0.0,8499.632129774125,8499.632129774125
3055,Tea and coffee,342,342,1.0,0.5,true,0.0,41.48843655030799,41.48843655030799
3058,"Glasses (drink, beer, wine etc)",7658,7658,1.0,0.5,false,12240.080999999998,1443.7871100616019,13683.8681100616
3059,Games,2181,2181,1.0,0.875,false,20513.255,142.83945585215608,20656.09445585216
3063,Games,94,94,1.0,0.5,true,706.0899999999997,10.318980287474337,716.408980287474
3075,Boys toys,1226,1226,1.0,0.875,true,5480.474999999999,73.4575256673511,5553.932525667351
3080,Batteries,50340,50340,1.0,0.75,false,122676.70800000001,1839.7835466119097,124516.49154661193
3082,Batteries,13532,13532,1.0,0.984375,false,41654.34000000001,77.68357946611907,41732.02357946613
3083,"Cloths, mops, sponges and brush",57325,57325,1.0,0.999969482421875,false,28001.52600000001,135.42200574948663,28136.948005749495
3087,Coffee makers and kettles,9201,9201,1.0,0.5,true,0.0,5984.908456673511,5984.908456673511
3090,Personal care,27052,27052,1.0,0.9921875,true,54306.25199999999,1293.2582907597537,55599.51029075975
3091,"Cloths, mops, sponges and brush",27805,27805,1.0,0.99993896484375,false,159600.26599999997,773.1242480492814,160373.39024804925
3092,Cutlery,2866,2866,1.0,0.9921875,false,1938.3419999999999,37.221538398357275,1975.5635383983572
3093,Bathroom accessories,8434,8434,1.0,0.9998779296875,false,107383.98300000001,334.642362217659,107718.62536221767
3097,Laundry baskets,14879,11404,0.7664493581557901,0.9999999990686774,false,109407.75299999997,485.5869498973304,109893.3399498973
3098,Baskets,13833,13833,1.0,0.96875,false,49342.60799999998,79.4905568788501,49422.09855687883
3104,Cleaning products,6600,6600,1.0,0.9999990463256836,false,49222.94999999999,236.4518587268993,49459.40185872689
3106,Baskets,3698,3698,1.0,0.9375,false,6183.701999999999,229.3565063655032,6413.058506365503
3108,Light bulbs,8382,8382,1.0,0.875,false,4686.254999999999,12.988081724846,4699.243081724845
3110,Ironing boards,2324,1727,0.7431153184165232,0.9999999990686774,false,33649.392,1089.236796714579,34738.628796714576
3112,Dishwashing articles,11331,7103,0.6268643544259113,0.9999999990686774,false,59485.79699999999,798.5343659137576,60284.33136591375
3114,"Cloths, mops, sponges and brush",21918,21918,1.0,0.5,false,0.0,5113090.610148664,5113090.610148664
3120,Electric personal care,11613,11411,0.9826057005080513,0.9999999990686774,false,426060.09599999996,1880.5510780287477,427940.6470780287
3121,Electric personal care,8571,8569,0.9997666549994166,0.9999999990686774,false,155740.032,636.7500065708421,156376.78200657084
3123,Alarm clocks,18502,18502,1.0,0.5,false,0.0,100961.68642258718,100961.68642258718
3128,Stationary,32283,32283,1.0,0.998046875,false,12981.36,28.153626283367537,13009.513626283368
3159,Pan sets,3411,3411,1.0,0.998046875,true,300788.33400000003,7041.041083367558,307829.3750833676
3162,Kitchen tools,244,244,1.0,0.9921875,true,4828.775,87.53794661190962,4916.312946611909
3163,Tea and coffee,1833,1833,1.0,0.984375,false,1597.12,59.53945297741272,1656.6594529774127
3165,Construction,448,448,1.0,0.875,true,1560.3629999999998,88.64804024640655,1649.0110402464063
3170,Stationary,4116,4116,1.0,0.875,false,2418.948,3.586722381930186,2422.53472238193
3171,Batteries,1515,1515,1.0,0.9375,false,7203.384999999993,23.8776094455852,7227.262609445578
3172,Toilet cleaners and odors,78,78,1.0,0.5,true,0.0,485.7442299794675,485.7442299794675
3173,Construction,296,296,1.0,0.5,true,0.0,85.91257823408623,85.91257823408623
3176,Girls toys,8,8,1.0,0.5,true,0.0,80.66510800821356,80.66510800821356
3179,Baby / Toddler,12321,12321,1.0,0.5,false,0.0,2163.144823819304,2163.144823819304
3185,Kitchen appliances,8227,8227,1.0,0.5,false,0.0,18482410.640443116,18482410.640443116
3188,Personal care,12110,12110,1.0,0.9375,false,12427.8,181.935979466119,12609.735979466119
3189,Wash treatment and accessories,13808,11162,0.8083719582850522,0.9999999990686774,false,96309.67499999999,983.7661379876797,97293.44113798767
3196,"Cloths, mops, sponges and brush",8363,8363,1.0,0.9921875,false,57133.13199999999,265.93352731006144,57399.06552731005
3201,Oven dishes,2419,2419,1.0,0.75,false,0.0,209.1594049281312,209.1594049281312
3205,Partyfun,28055,28055,1.0,0.998046875,false,51949.799999999996,206.50257289527715,52156.30257289527
3210,Knives,57,57,1.0,0.75,true,0.0,548.8052464065707,548.8052464065707
3212,Table textiles,1724,1724,1.0,0.96875,false,9698.220000000001,71.74233018480493,9769.962330184806
3218,Mugs and cups,20254,20254,1.0,0.5,false,45494.95999999999,11321.805620123201,56816.765620123195
3228,Vases,9090,9090,1.0,0.99609375,false,26967.395,106.016681724846,27073.411681724847
3229,Tea and coffee,9999,9611,0.9611961196119612,0.9999999990686774,false,8517.508999999998,184.48301642710464,8701.992016427102
3230,Hobby and creative,195,195,1.0,0.875,true,607.3199999999999,10.903493223819302,618.2234932238192
3235,Cutlery,2192,2192,1.0,0.984375,false,12526.975999999997,57.60909158110883,12584.585091581106
3237,Oven dishes,855,855,1.0,0.984375,false,3150.5249999999996,97.09355605749509,3247.6185560574945
3238,Large garden,242,242,1.0,0.75,true,406.945,16.706786447638596,423.6517864476386
3244,Serve and present,709,709,1.0,0.984375,false,1632.2600000000002,17.839035728952776,1650.099035728953
3246,Kitchen helpers,779,779,1.0,0.96875,true,12641.559,606.1387334702258,13247.697733470224
3247,Cutlery,1348,1348,1.0,0.984375,false,7583.169999999999,33.86182299794661,7617.031822997946
3249,Shopping bags and trolleys,6110,6110,1.0,0.5,false,0.0,596.0754702258727,596.0754702258727
3251,Laundry baskets,167,167,1.0,0.875,false,0.0,30.017969199178623,30.017969199178623
3252,Thermos jugs,1068,1068,1.0,0.984375,false,14558.460000000001,155.74275564681722,14714.202755646818
3259,Hobby and creative,5394,5394,1.0,0.5,false,0.0,10203.669767556468,10203.669767556468
3264,Hobby and creative,3170,3170,1.0,0.75,false,60547.494,3121.8409864476353,63669.33498644763
3279,Table textiles,6665,6665,1.0,0.96875,true,6938.574999999999,69.33261396303904,7007.907613963038
3281,Vacuuming,396,396,1.0,0.5,false,0.0,75.1389342915812,75.1389342915812
3285,Knives,13611,13611,1.0,0.75,false,0.0,589.7599753593425,589.7599753593425
3286,Knives,24629,23630,0.9594380608226075,0.9999999990686774,false,0.0,854.7163860369607,854.7163860369607
3287,Drying racks,10459,10459,1.0,0.5,false,0.0,2562416.1520468164,2562416.1520468164
3288,Bicycle accessories,1823,1823,1.0,0.9375,true,26516.875,241.6189425051336,26758.493942505134
3291,Kitchen textile,11083,11083,1.0,0.5,false,0.0,1003.0448911704307,1003.0448911704307
3293,Bed textile,3772,3772,1.0,0.5,false,0.0,14717.864327720736,14717.864327720736
3295,Mugs and cups,21626,5609,0.2593637288449089,0.9999999990686774,false,136302.936,2157.90922053388,138460.84522053387
3296,Mugs and cups,16197,11566,0.7140828548496635,0.9999999990686774,false,150379.18699999998,3089.582798767967,153468.76979876796
3297,Mugs and cups,23104,6356,0.2751038781163435,0.9999999990686774,false,244839.41299999997,4244.394793429157,249083.80779342912
3298,Mugs and cups,13180,11074,0.8402124430955994,0.9999999990686774,false,47144.439999999995,1683.3707055441475,48827.81070554414
3321,Puzzles,1176,1176,1.0,0.75,true,8500.324,109.09040041067769,8609.414400410678
3322,Foodprep,7318,7318,1.0,0.5,false,0.0,95473.16711457906,95473.16711457906
3329,Baby / Toddler,273,273,1.0,0.5,false,0.0,196.32859466119095,196.32859466119095
3330,Moisture treatment and climate,14282,14282,1.0,0.875,false,140849.8,1635.8488640657079,142485.6488640657
3332,Cleaning products,88246,88246,1.0,0.9921875,false,146695.857,597.8132410677613,147293.67024106774
3333,Bathroom accessories,3072,3072,1.0,0.99609375,false,14275.827999999996,60.73615112936342,14336.56415112936
3335,Bathroom accessories,634,634,1.0,0.75,false,11062.337999999998,596.1351872689937,11658.473187268992
3336,Thermos jugs,4674,4674,1.0,0.9999990463256836,false,83885.634,945.4398357289524,84831.07383572895
3337,Cleaning products,11582,11582,1.0,0.9999990463256836,false,34522.613999999994,133.28545051334706,34655.89945051334
3339,Baskets,7856,7856,1.0,0.998046875,false,23986.914,67.370518275154,24054.284518275155
3341,Cleaning products,4412,4412,1.0,0.75,false,48028.96,1840.3116053388094,49869.27160533881
3342,Cleaning products,6561,6561,1.0,0.998046875,false,15289.197,98.76611334702255,15387.963113347023
3343,Cleaning products,10488,9781,0.9325896262395118,0.9999999990686774,false,23537.787,146.91062710472278,23684.697627104724
3346,Window and squeegees,1143,1143,1.0,0.9921875,false,4108.062,71.67084106776186,4179.732841067762
3348,Wash treatment and accessories,31574,11747,0.37204662063723315,0.9999999990686774,false,195210.351,6381.130313347021,201591.481313347
3349,Waste bins,2949,2949,1.0,0.999969482421875,false,16189.250000000004,104.54441642710475,16293.794416427108
3350,Cleaning products,1938,1938,1.0,0.96875,false,2429.3289999999997,37.72042135523612,2467.049421355236
3352,Cleaning products,4422,4422,1.0,0.9999980926513672,false,6823.740000000001,55.73865708418893,6879.47865708419
3353,Bathroom accessories,42047,42047,1.0,0.99609375,false,28369.628,209.7501445585217,28579.378144558523
3354,Bathroom accessories,24788,24788,1.0,0.75,false,25888.8,1449.6778644763856,27338.477864476386
3355,Toilet accessories,40666,29627,0.7285447302414794,0.9999999990686774,false,29202.417999999998,909.3181856262836,30111.73618562628
3356,Residential odors,12863,12863,1.0,0.984375,false,34356.69300000001,87.55452813141679,34444.247528131425
3359,Electric personal care,6266,6266,1.0,0.75,false,157688.04100000003,7923.514688706369,165611.5556887064
3363,Electric personal care,2970,2970,1.0,0.75,false,120978.179,1313.096454620123,122291.27545462013
3366,"TV, Audio & Video",245,245,1.0,0.5,true,0.0,3442.8077174538053,3442.8077174538053
3368,Bathroom scales,13306,12975,0.9751240042086277,0.9999999990686774,false,91922.62800000001,1475.0907277207377,93397.71872772076
3370,Special pans,7773,7773,1.0,0.75,true,220119.84399999995,3192.7986036960997,223312.64260369606
3387,Candles & Tealights,845,845,1.0,0.5,true,0.0,88.70855071868569,88.70855071868569
3388,Candles & Tealights,804,804,1.0,0.875,true,1086.358,48.9622258726899,1135.32022587269
3410,Foods,950,950,1.0,0.75,false,671.3980000000006,4.247102669404517,675.6451026694051
3411,Construction,393,393,1.0,0.875,false,0.0,223.13686119096516,223.13686119096516
3413,Boys toys,1082,1082,1.0,0.9375,true,2029.545,50.24683942505134,2079.7918394250514
3414,Electric personal care,1671,1671,1.0,0.75,true,28188.068999999992,233.44616796714556,28421.515167967136
3416,Construction,511,511,1.0,0.5,true,0.0,400.7233827515401,400.7233827515401
3428,Store kitchen,24307,9949,0.4093059612457317,0.9999999990686774,false,302715.546,9861.904188090348,312577.4501880903
3429,Sockets and security,1249,1249,1.0,0.875,false,2716.4059999999977,9.81855934291581,2726.2245593429134
3436,Toilet cleaners and odors,3691,3175,0.8602004876727174,0.9999999990686774,false,11088.503999999997,136.20156714579053,11224.705567145787
3438,Cooking books,9539,9539,1.0,0.984375,false,62612.55000000001,482.97792197125244,63095.52792197126
3441,"Glasses (drink, beer, wine etc)",4202,4202,1.0,0.99951171875,true,12552.539999999999,194.42050965092386,12746.960509650922
3442,Window and squeegees,29425,29425,1.0,0.9999998807907104,false,425664.47000000003,1276.766578234086,426941.2365782341
3443,Window and squeegees,33103,29853,0.9018215871673262,0.9999999990686774,false,511867.958,3541.1663560574916,515409.1243560575
3444,Kitchen tools,19156,19156,1.0,0.9375,false,0.0,2367.2635934291584,2367.2635934291584
3445,Cutlery,7377,7377,1.0,0.9990234375,false,23798.859,135.28582053388087,23934.144820533882
3453,Ironing board textiles,51921,51921,1.0,0.99993896484375,false,296075.584,1797.2832837782325,297872.8672837782
3457,Bath textiles and bath mats,35178,35178,1.0,0.5,false,78241.33099999999,4506.849493223817,82748.1804932238
3465,Tableware,37656,35396,0.9399830040365413,0.9999999990686774,false,65891.84000000001,1065.4359917864474,66957.27599178646
3467,Cutlery,687,687,1.0,0.99609375,false,5611.641,244.7720845995894,5856.413084599589
3468,Tableware,698,698,1.0,0.875,false,6562.374000000001,35.55114004106779,6597.9251400410685
3469,Baby / Toddler,850,850,1.0,0.9990234375,true,6881.951999999998,105.00871047227929,6986.960710472278
3471,Cutlery,3263,3263,1.0,0.99609375,false,5320.223999999999,33.458045174537986,5353.682045174537
3473,Serve and present,2628,2628,1.0,0.984375,false,15811.173,75.05034332648866,15886.22334332649
3474,Cutlery,3624,3624,1.0,0.984375,false,5276.544,68.40449445585215,5344.948494455852
3476,Light bulbs,5182,5182,1.0,0.9375,false,11934.047999999999,49.23129609856262,11983.27929609856
3477,Tableware,5323,5323,1.0,0.96875,false,11958.218999999992,66.82131868583164,12025.040318685824
3478,Baskets,2631,2631,1.0,0.9375,false,5837.58,134.32544353182752,5971.905443531828
3482,Drink & food To Go,4388,4388,1.0,0.96875,false,9591.96,97.04138809034906,9689.001388090348
3483,Light bulbs,4844,4844,1.0,0.9375,false,4378.136,24.130078028747437,4402.266078028748
3485,Frying pans,1675,1675,1.0,0.9998779296875,false,32946.731999999996,1518.2082726899375,34464.940272689935
3490,Hobby and creative,5656,5656,1.0,0.5,false,23089.339,1281.7020755646824,24371.04107556468
3499,Hobby and creative,62,62,1.0,0.5,false,0.0,64.21373100616015,64.21373100616015
3504,Games,2890,2890,1.0,0.9999999403953552,true,30070.774999999994,882.2906078028744,30953.06560780287
3514,Drink & food To Go,5723,5723,1.0,0.875,false,19842.227999999996,870.6554176591374,20712.883417659134
3517,Measuring and weighing,22004,22004,1.0,0.96875,false,13828.542000000001,36.299064887063665,13864.841064887065
3519,"Glasses (drink, beer, wine etc)",411,411,1.0,0.75,false,399.30100000000004,6.4169675564681645,405.7179675564682
3526,Window and squeegees,2399,2399,1.0,0.99609375,false,17321.807999999997,596.2821383983568,17918.090138398355
3528,Toilet cleaners and odors,4347,3768,0.8668046928916494,0.9999999990686774,false,12497.688,140.92370102669398,12638.611701026693
3529,Kitchen helpers,54710,54710,1.0,0.96875,false,64045.317,1083.479045174537,65128.79604517454
3531,Vacuuming,141,141,1.0,0.5,false,0.0,162.04814004106743,162.04814004106743
3532,Kitchen tools,39401,36479,0.9258394456993477,0.9999999990686774,false,64092.73499999999,937.8820349075978,65030.61703490759
3533,Tea and coffee,8223,8223,1.0,0.5,false,0.0,2470.7631930184803,2470.7631930184803
3541,"Cloths, mops, sponges and brush",123,123,1.0,0.5,false,0.0,11.822698151950721,11.822698151950721
3543,Bath textiles and bath mats,7761,7761,1.0,0.5,false,0.0,2174.48915318275,2174.48915318275
3546,Bed textile,1544,1544,1.0,0.5,false,0.0,11707.585428747429,11707.585428747429
3549,Mugs and cups,35436,35436,1.0,0.5,false,0.0,55070.42862956879,55070.42862956879
3556,Tea and coffee,11594,11594,1.0,0.9999995231628418,false,14549.598,164.8228767967147,14714.420876796714
3558,Kitchen helpers,1919,1919,1.0,0.99609375,false,6156.486,262.61709979466104,6419.103099794661
3560,Oven dishes,81,81,1.0,0.5,true,0.0,126.19658644763858,126.19658644763858
3561,Oven dishes,408,408,1.0,0.9375,true,2767.9049999999997,38.22764969199181,2806.1326496919914
3576,Hobby and creative,1799,1799,1.0,0.984375,true,11919.754,83.0054078028748,12002.759407802876
3579,Batteries,9980,9980,1.0,0.96875,true,36436.09199999999,387.2217856262834,36823.31378562628
3583,Baby / Toddler,962,962,1.0,0.9375,false,4605.076,61.794723613963065,4666.8707236139635
3587,Bakeware,25737,25737,1.0,0.5,false,0.0,19630.177434086236,19630.177434086236
3588,Drink & food To Go,27154,27154,1.0,0.984375,false,78368.52099999996,226.64112156057485,78595.16212156054
3589,Dishwashing articles,98839,88132,0.8916723155839295,0.9999999990686774,false,193327.28800000003,1148.5592583162218,194475.84725831627
3591,Dishwashing articles,94783,93609,0.987613812603526,0.9999999990686774,false,25176.69,1641.549603696098,26818.239603696096
3592,"Glasses (drink, beer, wine etc)",1868,1868,1.0,0.984375,false,3318.455,25.83666940451745,3344.2916694045175
3593,Cleaning products,17337,17337,1.0,0.9921875,false,72167.96999999999,770.7318809034904,72938.70188090348
3594,Clothes hangers,112663,112663,1.0,0.9999923706054688,false,222755.17599999998,2177.451616427104,224932.62761642708
3597,Oven dishes,807,807,1.0,0.96875,false,7784.0,86.58701026694044,7870.5870102669405
3601,Personal care,74,74,1.0,0.75,false,206.346,35.47685667351134,241.82285667351135
3602,Wash treatment and accessories,1980,1980,1.0,0.75,false,3889.619999999999,73.48116468172479,3963.1011646817237
3603,Cleaning products,54259,54259,1.0,0.9999999403953552,false,183137.98999999996,555.8919429158108,183693.88194291576
3605,Baskets,2813,2813,1.0,0.75,false,5642.294,106.14248336755648,5748.436483367556
3607,Cleaning products,1537,1537,1.0,0.75,false,6814.107999999999,123.83808377823411,6937.9460837782335
3611,Wash treatment and accessories,16452,16452,1.0,0.99951171875,false,73864.63700000002,199.84349158110876,74064.48049158113
3612,Dishwashing articles,5264,5264,1.0,0.99609375,false,2985.5209999999993,44.25046119096509,3029.771461190964
3616,Cleaning products,7345,7345,1.0,0.75,false,19982.529000000002,287.24368624229976,20269.7726862423
3619,Ironing,11892,11892,1.0,0.5,false,0.0,3031482.8047704315,3031482.8047704315
3622,Alarm clocks,20563,20563,1.0,0.5,false,0.0,278113.4019942509,278113.4019942509
3623,Electric personal care,2232,2232,1.0,0.9999995231628418,true,124029.605,3287.8068439425024,127317.4118439425
3641,Candles & Tealights,1049,1049,1.0,0.75,true,1665.2160000000001,64.94583326488711,1730.1618332648873
3646,Party lights,12601,12601,1.0,0.5,false,0.0,8979.671270636554,8979.671270636554
3647,Residential odors,9449,9449,1.0,0.9375,false,3609.7599999999998,51.96839096509244,3661.7283909650923
3651,Vases,16851,16066,0.9534152275829327,0.9999999990686774,false,123928.53199999996,906.1477318275153,124834.67973182748
3661,Kitchen tools,8058,8058,1.0,0.984375,false,10695.454,67.60426365503079,10763.05826365503
3670,Construction,279,279,1.0,0.9375,false,0.0,30.656593429158107,30.656593429158107
3671,Hobby and creative,327,327,1.0,0.75,false,1163.2249999999997,4.80685831622176,1168.0318583162214
3674,Puzzles,231,231,1.0,0.75,false,0.0,149.77482874743333,149.77482874743333
3675,Construction,549,549,1.0,0.5,true,0.0,1120.4341466119097,1120.4341466119097
3678,Boys toys,34,34,1.0,0.5,true,0.0,155.81517043121164,155.81517043121164
3687,"Glasses (drink, beer, wine etc)",2020,2020,1.0,0.75,false,1828.7639999999997,18.993081314168368,1847.757081314168
3690,"Glasses (drink, beer, wine etc)",1354,1354,1.0,0.875,false,1058.2879999999998,20.22503819301849,1078.5130381930182
3691,"Glasses (drink, beer, wine etc)",1249,1249,1.0,0.96875,true,6539.980999999998,48.43538891170429,6588.416388911703
3692,Cleaning products,7893,7893,1.0,0.9375,false,33628.21,240.57450513347038,33868.784505133466
3696,Drink & food To Go,453,453,1.0,0.984375,false,2903.838,141.8336722792609,3045.671672279261
3698,Cooking books,146,146,1.0,0.5,false,0.0,226.73531827515416,226.73531827515416
3700,Clocks,3076,3076,1.0,0.9375,false,11721.150000000003,25.769406160164262,11746.919406160168
3705,Ironing,156,156,1.0,0.5,true,0.0,1100.4468123203292,1100.4468123203292
3719,Mugs and cups,9911,5042,0.5087276763192412,0.9999999990686774,false,48099.435999999994,799.516519096509,48898.95251909651
3720,Mugs and cups,11289,6119,0.5420320666135175,0.9999999990686774,false,55529.865999999995,1116.2438114989732,56646.109811498965
3721,Mugs and cups,24620,22532,0.9151909017059301,0.9999999990686774,false,109131.12,3135.3691318275164,112266.48913182752
3722,Mugs and cups,23861,5755,0.24118855035413436,0.9999999990686774,false,211145.11599999998,4155.792197125256,215300.90819712525
3733,Oven dishes,163,163,1.0,0.75,false,0.0,73.2663696098563,73.2663696098563
3735,Tableware,1036,1036,1.0,0.9375,false,2588.544,9.602838603696096,2598.146838603696
3736,"Cloths, mops, sponges and brush",11383,11383,1.0,0.96875,false,23371.459999999995,178.83859876796706,23550.298598767964
3738,Puzzles,3111,3111,1.0,0.9375,false,6907.928999999999,120.79797659137573,7028.726976591375
3741,Kitchen helpers,762,634,0.8320209973753281,0.9999999990686774,false,17015.502,187.91472402464072,17203.416724024642
3746,Cutlery,2515,2515,1.0,0.96875,false,2532.404,14.634125256673508,2547.0381252566735
3752,Cooking books,537,537,1.0,0.75,false,1250.6130000000003,36.91180205338811,1287.5248020533884
3753,Light bulbs,2303,2303,1.0,0.984375,false,9912.405999999999,100.9334800821355,10013.339480082135
3754,Special pans,607,581,0.957166392092257,0.9999999990686774,false,0.0,200.3442833675566,200.3442833675566
3755,Personal care,462,462,1.0,0.875,false,402.192,5.814317864476387,408.0063178644764
3756,Wash treatment and accessories,3081,3081,1.0,0.999755859375,false,8684.613000000001,150.7297006160164,8835.342700616018
3757,Cutlery,1565,1565,1.0,0.96875,false,4724.72,90.44574948665301,4815.165749486653
3758,Light bulbs,5072,5072,1.0,0.75,true,4137.090999999999,42.491109650924095,4179.5821096509235
3759,Personal care,762,762,1.0,0.875,false,568.4000000000001,2.5420435318275154,570.9420435318276
3772,"Glasses (drink, beer, wine etc)",773,773,1.0,0.9375,false,1133.475,52.55083983572888,1186.0258398357287
3779,Vacuuming,368,368,1.0,0.75,false,0.0,245.14766119096512,245.14766119096512
3782,Ironing boards,4727,4727,1.0,0.9375,false,288823.13599999994,7026.359108008217,295849.49510800815
3783,Clothes hangers,82972,73715,0.8884322422021886,0.9999999990686774,false,40940.157999999996,2136.3440316221768,43076.50203162217
3788,Bath textiles and bath mats,47222,47222,1.0,0.999969482421875,false,23392.530000000002,775.7755318275154,24168.30553182752
3797,Vehicles,4008,4008,1.0,0.984375,false,53020.07199999999,1559.709608213552,54579.78160821355
3803,Hobby and creative,1932,1932,1.0,0.96875,false,16442.244,231.09051991786436,16673.334519917862
3815,Tea and coffee,3722,3622,0.9731327243417518,0.9999999990686774,false,4149.075,79.08318275154005,4228.15818275154
3819,Coffee makers and kettles,391,391,1.0,0.5,true,14513.183999999997,484.828259137577,14998.012259137575
3822,Batteries,93369,93369,1.0,0.999755859375,false,35111.83200000001,110.5592936344969,35222.39129363451
3827,Personal care,482,482,1.0,0.9375,false,244.81799999999998,2.216659958932239,247.03465995893222
3828,Drink & food To Go,17461,17461,1.0,0.99993896484375,false,78702.62400000001,662.1300172484594,79364.75401724847
3831,Baskets,12429,12429,1.0,0.9921875,false,36774.212999999996,66.78411375770018,36840.997113757694
3832,Tools,7314,7314,1.0,0.875,false,35303.086,73.67401396303902,35376.760013963045
3835,Personal care,13812,13812,1.0,0.9999923706054688,false,14091.545999999997,142.2597609856262,14233.805760985622
3836,Personal care,114,114,1.0,0.75,false,73.20599999999999,21.20948254620123,94.41548254620122
3837,Wash treatment and accessories,2881,2881,1.0,0.9921875,false,8099.406,69.96632525667351,8169.372325256673
3844,Wash treatment and accessories,29869,25399,0.850346513107235,0.9999999990686774,false,114092.90199999999,2274.6204850102663,116367.52248501025
3845,Personal care,19686,19686,1.0,0.875,false,19925.598,485.18934702258724,20410.78734702259
3886,Gift,3367,3367,1.0,0.9921875,false,12975.69,669.3477474332648,13645.037747433265
3891,Residential odors,6970,6970,1.0,0.9998779296875,false,6787.759999999999,95.63866283367537,6883.398662833674
3909,Construction,226,226,1.0,0.5,true,0.0,157.71129363449683,157.71129363449683
3910,Kitchen tools,1981,1981,1.0,0.875,false,14144.977,37.09611909650927,14182.07311909651
3911,Teletoys,585,585,1.0,0.75,false,0.0,185.7390780287474,185.7390780287474
3912,Hobby and creative,505,505,1.0,0.75,true,1997.3379999999993,10.475354825462011,2007.8133548254614
3915,Construction,305,305,1.0,0.5,false,0.0,149.95611006160175,149.95611006160175
3918,Special pans,4185,4185,1.0,0.9375,false,63156.002,206.4762718685831,63362.47827186858
3920,Games,1919,1919,1.0,0.75,true,5773.74,95.30197577002052,5869.04197577002
3921,Teletoys,355,355,1.0,0.96875,false,2109.744,29.52671581108829,2139.2707158110884
3922,Vehicles,4419,4419,1.0,0.9375,false,15867.747000000007,71.98483490759754,15939.731834907605
3923,Games,1944,1872,0.9629629629629629,0.9999999990686774,true,16200.869999999999,407.35633839835737,16608.226338398355
3925,"Glasses (drink, beer, wine etc)",3405,3405,1.0,0.875,false,10252.816000000003,34.07407967145789,10286.89007967146
3947,Bath textiles and bath mats,13253,13253,1.0,0.984375,false,57925.0,149.63538069815183,58074.63538069815
3948,Bath textiles and bath mats,14811,14811,1.0,0.96875,false,184138.948,412.7094899383984,184551.6574899384
3951,Window and squeegees,60373,60373,1.0,0.998046875,false,42341.39,504.2072689938399,42845.59726899384
3965,Oven dishes,248,248,1.0,0.5,true,801.9060000000001,35.33493634496921,837.2409363449692
3967,Ironing boards,127,127,1.0,0.75,false,2914.799999999999,123.19070020533901,3037.990700205338
3970,Foods,124,124,1.0,0.75,false,51.709,5.957934291581108,57.666934291581114
3971,Cleaning products,656,656,1.0,0.875,true,3002.538,72.91245420944564,3075.4504542094455
3973,Light bulbs,2433,2433,1.0,0.9375,false,3740.352,27.894554414784388,3768.2465544147844
3975,Table paper,1674,1674,1.0,0.984375,false,1068.116,34.86363367556471,1102.9796336755646
3979,Special pans,680,667,0.9808823529411764,0.9999999990686774,false,721.322,127.21344353182752,848.5354435318275
3987,Travel accessories,1130,1130,1.0,0.99609375,false,2874.6410000000005,58.063439014373735,2932.704439014374
3989,Tea and coffee,13674,13674,1.0,0.5,false,0.0,1111117.8739219715,1111117.8739219715
4006,Hobby and creative,5386,5386,1.0,0.984375,false,8434.789999999999,89.7515622176591,8524.541562217659
4016,Hobby and creative,510,510,1.0,0.75,false,197.176,59.551894866529786,256.72789486652977
4028,Window and squeegees,68609,60512,0.8819834132548208,0.9999999990686774,false,450111.06000000006,1220.9116694045176,451331.9716694046
4029,Shoe maintenance,3407,3407,1.0,0.984375,false,6218.352,235.62474907597544,6453.976749075975
4036,Vacuuming,164,164,1.0,0.5,false,0.0,177.24014373716636,177.24014373716636
4040,Kitchen textile,12795,12795,1.0,0.9999995231628418,false,6195.84,717.7084188911699,6913.5484188911705
4042,Window and squeegees,14677,14553,0.9915514069632759,0.9999999990686774,false,153033.99300000002,1002.2273227926072,154036.22032279262
4043,Table textiles,2570,2570,1.0,0.984375,false,10004.561,70.5984611909651,10075.159461190964
4046,Tableware,12066,4812,0.39880656389855795,0.9999999990686774,false,47720.4,686.7906262833675,48407.190626283365
4047,Tableware,15264,15264,1.0,0.9998779296875,false,3429.6499999999996,2656.1172279260772,6085.767227926077
4054,Light bulbs,7689,7689,1.0,0.9375,false,8429.189999999997,31.79404312114989,8460.984043121147
4055,Thermos jugs,1959,1959,1.0,0.99993896484375,false,8581.894999999999,70.9060587268994,8652.801058726898
4059,Foods,300,300,1.0,0.75,false,225.80599999999998,9.883416427104727,235.6894164271047
4068,Baby / Toddler,744,682,0.9166666666666666,0.9999999990686774,true,7821.043999999998,267.4921297741272,8088.536129774126
4073,Hobby and creative,6489,6489,1.0,0.9990234375,false,8575.258999999998,23.238378644763856,8598.497378644763
4074,Puzzles,4263,4263,1.0,0.99951171875,false,10605.518000000004,29.6591983572895,10635.177198357293
4076,Vehicles,162,162,1.0,0.5,false,0.0,191.77168952772067,191.77168952772067
4077,Puzzles,4444,4444,1.0,0.9990234375,false,16291.044000000004,90.04161806981516,16381.08561806982
4079,Foodprep,7093,7093,1.0,0.5,false,0.0,207573.46215441477,207573.46215441477
4080,Coffee makers and kettles,2875,2875,1.0,0.75,true,0.0,24831.23969815194,24831.23969815194
4085,Vacuuming,5287,5287,1.0,0.9999990463256836,false,337752.60399999993,3223.5095067761786,340976.1135067761
4086,Fans and electric blankets,13284,13284,1.0,0.5,true,64083.24999999999,6271.358866119098,70354.60886611909
4091,Store kitchen,725,725,1.0,0.875,true,1078.5389999999998,24.738238603696125,1103.2772386036959
4094,Bathroom accessories,2958,2958,1.0,0.984375,false,16784.768000000004,44.233698562628376,16829.00169856263
4097,Cleaning products,26319,26319,1.0,0.998046875,false,90577.41000000002,407.13923203285424,90984.54923203288
4098,Cooking pans,79,79,1.0,0.5,true,702.464,110.96417248459967,813.4281724845997
4103,Wash treatment and accessories,2154,2154,1.0,0.5,false,0.0,105.02186242299798,105.02186242299798
4104,Cleaning products,5399,5399,1.0,0.9999997615814209,false,26863.199999999997,171.61515646817242,27034.81515646817
4105,(Steam) cleaners,156,156,1.0,0.9375,true,980.4479999999999,46.47648993839834,1026.9244899383982
4108,Wash treatment and accessories,39177,15199,0.38795721979733006,0.9999999990686774,false,181788.705,5693.914127310061,187482.61912731006
4113,Residential odors,5318,5318,1.0,0.998046875,false,11005.344,214.49142997946612,11219.835429979465
4114,Window and squeegees,78016,63157,0.8095390689089418,0.9999999990686774,false,291080.776,1025.3687679671457,292106.14476796717
4116,Shoe maintenance,2629,2437,0.9269684290604793,0.9999999990686774,true,9946.755,259.89003203285426,10206.645032032853
4117,Coffee makers and kettles,37998,37998,1.0,0.9999999701976776,false,1017130.6179999996,2554.8003605749495,1019685.4183605745
4122,Electric personal care,18647,18553,0.9949589746339894,0.9999999990686774,false,464854.7750000001,2843.63883942505,467698.41383942513
4123,Electric personal care,21869,21869,1.0,0.99951171875,false,451630.3609999999,2371.3927310061586,454001.75373100606
4133,Special pans,22939,22939,1.0,0.75,false,229166.70000000004,15315.812279260785,244482.51227926082
4134,Frying pans,8230,8230,1.0,0.9999980926513672,false,288908.08799999993,4800.927824229978,293709.0158242299
4153,Stationary,37286,37286,1.0,0.9375,false,30200.63200000001,38.95365174537987,30239.58565174539
4160,Hobby and creative,7105,7105,1.0,0.9999997615814209,true,0.0,3456.4206505133475,3456.4206505133475
4164,Kitchen tools,821,821,1.0,0.984375,false,5034.567999999999,91.26633634496926,5125.8343363449685
4166,Girls toys,161,161,1.0,0.99609375,true,0.0,97.04054004106766,97.04054004106766
4168,Vehicles,16241,16241,1.0,0.9375,false,90048.0,2744.8992542094466,92792.89925420945
4171,"Glasses (drink, beer, wine etc)",2323,2323,1.0,0.9375,false,1193.346,21.06921806981519,1214.4152180698152
4172,Tea and coffee,21777,21777,1.0,0.9999997615814209,false,30899.007999999998,199.95316303901427,31098.961163039014
4176,Window and squeegees,68404,62224,0.9096544061750775,0.9999999990686774,false,289775.3039999999,810.62235687885,290585.9263568787
4187,Knives,32835,32835,1.0,0.96875,false,16315.796,385.0522858316221,16700.848285831624
4191,Cutlery,22975,22975,1.0,0.5,false,0.0,9149.989371663241,9149.989371663241
4192,Window and squeegees,48815,48815,1.0,0.9375,false,131673.325,1060.609455852156,132733.93445585217
4194,Stairs,3218,3218,1.0,0.9375,false,91985.64900000003,132.18740205338824,92117.83640205342
4203,Bed textile,842,842,1.0,0.5,false,0.0,802.2076841889125,802.2076841889125
4206,Mugs and cups,12408,12408,1.0,0.984375,false,0.0,3768.630410266939,3768.630410266939
4215,Tea and coffee,15330,15330,1.0,0.5,false,0.0,63537.56321765911,63537.56321765911
4217,Tableware,4585,4585,1.0,0.96875,false,7070.21,35.8177638603696,7106.027763860369
4221,Large garden,57,57,1.0,0.5,true,236.88,4.664098562628335,241.54409856262834
4223,"Glasses (drink, beer, wine etc)",559,559,1.0,0.75,false,1985.774,71.46375318275149,2057.2377531827515
4224,Cutlery,628,628,1.0,0.9921875,false,2887.955,109.61035523613963,2997.5653552361396
4227,Special pans,2738,2671,0.9755295836376917,0.9999999990686774,false,4387.914999999999,129.59238275154004,4517.507382751539
4233,Bakeware,548,548,1.0,0.75,true,5030.991,36.07517125256672,5067.066171252567
4239,Baby / Toddler,4329,4329,1.0,0.875,false,32199.552,483.7239609856264,32683.275960985626
4242,Stuffed animals,2371,2371,1.0,0.9375,true,6789.44,49.33994989733057,6838.77994989733
4255,Boys toys,7956,7956,1.0,0.984375,false,8600.298,48.43638357289529,8648.734383572895
4261,Foodprep,9502,9502,1.0,0.5,false,0.0,414626.03196344944,414626.03196344944
4262,Batteries,37008,37008,1.0,0.75,false,169922.12999999998,4259.211390143739,174181.3413901437
4264,Cooking pans,1274,1274,1.0,0.5,false,0.0,4101.988601642707,4101.988601642707
4265,Window and squeegees,53684,51441,0.9582184636018181,0.9999999990686774,false,392850.5,1623.6013018480505,394474.1013018481
4266,Kitchen helpers,38994,38994,1.0,0.99951171875,false,6553.344,741.7414800821357,7295.085480082136
4267,Hobby and creative,531,531,1.0,0.875,false,4502.476999999999,17.423468583162226,4519.9004685831615
4279,"Cloths, mops, sponges and brush",34302,31860,0.9288088158124891,0.9999999990686774,false,135062.23499999996,1040.2636583162218,136102.49865831618
4281,Wash treatment and accessories,3710,3710,1.0,0.875,false,4685.863,80.12128418891173,4765.984284188912
4282,Bakeware,17999,17999,1.0,0.999969482421875,false,111669.92199999999,709.6972279260779,112379.61922792607
4283,Tea and coffee,8061,8061,1.0,0.5,false,1257499.068,38034.40174414784,1295533.4697441477
4284,Cutlery,11933,9868,0.8269504734769128,0.9999999990686774,false,21659.96,137.5622176591376,21797.522217659138
4286,Bathroom accessories,11458,11458,1.0,0.9990234375,false,70774.06,130.58121396303906,70904.64121396304
4287,Kitchen textile,5286,5286,1.0,0.96875,false,13615.14,66.94386036960985,13682.083860369608
4303,"Cloths, mops, sponges and brush",24399,24399,1.0,0.999755859375,false,19998.054999999997,131.0542989733059,20129.109298973304
4309,Vehicles,10016,10016,1.0,0.5,false,0.0,27034.400733470222,27034.400733470222
4312,Hobby and creative,9797,9797,1.0,0.5,false,34883.506,1054.4067659137572,35937.91276591376
4317,Puzzles,2221,2221,1.0,0.9999999403953552,false,9799.020000000002,65.59101765913755,9864.61101765914
4323,Vacuuming,162,162,1.0,0.75,false,280693.952,15875.608482956868,296569.5604829569
4326,Foodprep,19024,19024,1.0,0.99609375,false,428784.7900000001,637.7247975359346,429422.514797536
4329,Small storage,47997,47997,1.0,0.99609375,false,89369.28,236.22878439425065,89605.50878439425
4331,Window and squeegees,32145,31276,0.9729662466946648,0.9999999990686774,false,409354.41400000005,1765.96674989733,411120.3807498974
4332,Tableware,4676,3966,0.8481608212147135,0.9999999990686774,true,14250.235999999999,366.5493453798768,14616.785345379876
4336,Racks and pockets,25511,19058,0.7470502920308887,0.9999999990686774,false,10249.708,360.0120295687886,10609.720029568789
4337,Racks and pockets,135898,127977,0.9417136381698038,0.9999999990686774,false,11039.993999999999,2866.6695178644773,13906.663517864476
4341,Baskets,8912,8912,1.0,0.984375,false,24661.895999999997,57.16175852156054,24719.057758521558
4343,Baskets,10270,10270,1.0,0.998046875,false,64652.671999999984,169.59085995893216,64822.262859958915
4345,Wash treatment and accessories,3589,3589,1.0,0.9375,true,14345.058000000003,80.0176640657084,14425.075664065711
4346,Wash treatment and accessories,2549,2549,1.0,0.9921875,false,4645.62,51.0719137577002,4696.6919137577
4347,Wash treatment and accessories,12445,12445,1.0,0.984375,false,33680.57,150.36781355236144,33830.93781355236
4348,Cleaning products,5424,5424,1.0,0.99951171875,false,10847.990999999998,39.85563983572898,10887.846639835727
4355,Drink & food To Go,11928,11928,1.0,0.875,true,37741.368,284.7750406570841,38026.14304065709
4356,Personal care,1187,1187,1.0,0.5,false,0.0,3341.3831823408646,3341.3831823408646
4362,Measuring and weighing,4226,4226,1.0,0.9999961853027344,false,69248.725,479.6885975359344,69728.41359753594
4363,Pan sets,47,47,1.0,0.5,false,0.0,25664.292142094426,25664.292142094426
4384,Candles & Tealights,1002,1002,1.0,0.5,true,0.0,84.15396550308003,84.15396550308003
4389,Vases,5005,5005,1.0,0.984375,false,16557.765,84.21931416837778,16641.984314168378
4402,Photo frames & albums,3255,3255,1.0,0.9375,false,18328.324,64.5749482546201,18392.89894825462
4404,Photo frames & albums,24984,24984,1.0,0.984375,false,19210.519999999997,56.73778850102665,19267.257788501025
4411,Construction,204,204,1.0,0.875,true,0.0,30.693079671457912,30.693079671457912
4418,Hobby and creative,1189,1189,1.0,0.75,false,541.212,117.45666529774135,658.6686652977413
4422,Construction,348,348,1.0,0.5,true,0.0,144.9630057494867,144.9630057494867
4425,Boys toys,7473,7473,1.0,0.875,false,15621.067000000005,152.92753388090347,15773.994533880908
4429,Store kitchen,5989,5989,1.0,0.9921875,false,10203.06,27.101211498973303,10230.161211498973
4433,Drink & food To Go,12802,12497,0.9761755975628807,0.9999999990686774,false,111668.193,806.4158858316218,112474.60888583162
4437,Wash treatment and accessories,31796,31796,1.0,0.9999847412109375,false,57523.76699999999,209.46538398357288,57733.232383983566
4438,Racks and pockets,1609,1609,1.0,0.999755859375,false,14961.765000000001,157.76698028747435,15119.531980287476
4440,"Cloths, mops, sponges and brush",75021,65053,0.8671305367830341,0.9999999990686774,false,59499.867000000006,571.2876997946611,60071.154699794664
4441,Kitchen helpers,8390,8390,1.0,0.9921875,false,26247.017999999996,497.9161691991784,26744.934169199176
4442,"Cloths, mops, sponges and brush",17238,17238,1.0,0.9998779296875,false,60693.835999999996,300.08720000000017,60993.9232
4445,Vacuuming,13968,13968,1.0,0.9999923706054688,false,31935.96,515.2084632443531,32451.168463244354
4447,Store kitchen,8777,8777,1.0,0.9921875,false,57801.869999999995,157.96131006160155,57959.8313100616
4448,Bakeware,23702,23702,1.0,0.9375,false,164980.72499999998,3333.9830698151927,168314.70806981518
4452,Waste bins,22533,22533,1.0,0.9999923706054688,false,3425013.9,44343.675462012325,3469357.575462012
4453,Window and squeegees,11698,11698,1.0,0.99609375,false,197896.47499999998,763.6529979466113,198660.12799794658
4456,"Cloths, mops, sponges and brush",7448,7448,1.0,0.9921875,false,33304.998999999996,163.37374455852142,33468.37274455852
4474,Tableware,5096,5096,1.0,0.99609375,false,16127.181000000004,126.4207790554414,16253.601779055445
4477,Tableware,6219,6219,1.0,0.9921875,false,2023.2869999999994,87.95777125256676,2111.244771252566
4479,Bicycle accessories,21,21,1.0,0.5,false,0.0,91.88962669404516,91.88962669404516
4480,Others,1513,1513,1.0,0.9375,true,1625.5049999999999,100.27995893223813,1725.784958932238
4481,"Glasses (drink, beer, wine etc)",414,414,1.0,0.5,false,0.0,20.393230800821353,20.393230800821353
4482,Bed textile,2211,2211,1.0,0.5,false,15622.424999999997,1122.1749646817243,16744.59996468172
4485,Table textiles,72505,72505,1.0,0.75,false,0.0,1143.2031572895282,1143.2031572895282
4489,Vehicles,3311,3311,1.0,0.5,false,14157.36,686.920745790554,14844.280745790555
4490,Construction,1460,1460,1.0,0.5,false,0.0,1200.0162180698153,1200.0162180698153
4492,Foods,491,491,1.0,0.75,false,227.66099999999997,33.66563901437374,261.3266390143737
4496,Hobby and creative,3126,3126,1.0,0.5,false,0.0,5266.6213002053355,5266.6213002053355
4499,Cleaning products,4420,4420,1.0,0.75,false,4609.604999999998,17.629521560574936,4627.234521560573
4503,Games,3000,3000,1.0,0.9990234375,true,24255.048999999995,348.43795359342926,24603.486953593423
4513,Measuring and weighing,37116,37116,1.0,0.5,false,0.0,271803.08033757686,271803.08033757686
4516,Vacuuming,30461,30461,1.0,0.5,false,0.0,25042.628363039003,25042.628363039003
4517,Knives,6337,6337,1.0,0.9998779296875,false,56052.08,1107.221823408624,57159.30182340863
4518,Foodprep,4625,4625,1.0,0.984375,false,148158.549,401.1243059548252,148559.6733059548
4520,Vacuuming,3260,3260,1.0,0.9990234375,false,334167.12,7363.302771252565,341530.4227712526
4526,Insecticides,124,124,1.0,0.5,false,0.0,67.02551457905544,67.02551457905544
4527,Tea and coffee,11301,11301,1.0,0.9921875,false,18571.769999999997,183.8279199178644,18755.597919917862
4531,Store kitchen,21322,21322,1.0,0.96875,false,46845.39299999998,90.79088254620117,46936.18388254618
4535,Laundry baskets,10558,10558,1.0,0.875,false,110142.98400000003,139.23417412731013,110282.21817412734
4536,Drying racks,14843,14427,0.9719733207572593,0.9999999990686774,false,86048.59199999999,420.0346004106776,86468.62660041067
4537,Small storage,18639,18639,1.0,0.875,false,23136.890000000003,106.71332977412727,23243.60332977413
4539,Bathroom accessories,4938,4938,1.0,0.875,false,0.0,2801.4860353182735,2801.4860353182735
4544,Bakeware,503,503,1.0,0.9375,false,4386.815999999999,35.08640328542094,4421.9024032854195
4546,Wash treatment and accessories,1144,1144,1.0,0.5,false,0.0,452.04026488706336,452.04026488706336
4547,Cleaning products,17454,17454,1.0,0.5,false,0.0,5785.5088829568795,5785.5088829568795
4548,Wash treatment and accessories,2291,2291,1.0,0.9375,false,3572.8559999999998,12.447351129363451,3585.3033511293634
4552,Cleaning products,10344,8660,0.837200309358082,0.9999999990686774,false,61681.00399999998,386.19598521560556,62067.199985215586
4556,Euro articles,5133,5133,1.0,0.984375,false,7068.151999999999,393.63062340862416,7461.782623408623
4558,Cleaning products,6892,6892,1.0,0.984375,false,15475.32,71.21388911704308,15546.533889117043
4559,Cleaning products,2921,2921,1.0,0.9375,false,1152.228,14.267926078028745,1166.4959260780288
4560,Waste bins,11524,11524,1.0,0.99609375,false,178027.178,1747.6155843942506,179774.79358439427
4562,Window and squeegees,540,540,1.0,0.75,false,21458.583999999995,5742.717696098558,27201.301696098555
4563,Stationary,81457,81457,1.0,0.9921875,false,27487.572,317.09165174538,27804.66365174538
4564,Residential odors,11759,11759,1.0,0.984375,false,34036.044,274.37747926078015,34310.42147926078
4566,Personal care,29339,29339,1.0,0.75,false,37459.002,112.03568131416834,37571.03768131417
4567,Window and squeegees,36509,36509,1.0,0.9999999990686774,false,257053.398,1639.355280492812,258692.7532804928
4576,Electric personal care,10559,10559,1.0,0.75,false,545223.4900000001,8469.410674743327,553692.9006747435
4581,Measuring and weighing,5752,4930,0.8570931849791377,0.9999999990686774,false,122463.59999999999,1328.0482102669412,123791.64821026693
4589,Other Holidays,15412,15412,1.0,0.5,false,199733.24000000002,17553.198700616013,217286.43870061604
4596,Personal care,714,714,1.0,0.875,false,2979.2,49.09601642710475,3028.2960164271044
4620,Candles & Tealights,39765,39765,1.0,0.5,false,0.0,11901477.53393758,11901477.53393758
4621,Candles & Tealights,136,136,1.0,0.5,true,0.0,11.034322792607792,11.034322792607792
4628,Drinks,1331,1331,1.0,0.75,false,2723.448,68.59684928131418,2792.044849281314
4638,Residential odors,12006,12006,1.0,0.9999995231628418,false,18676.930999999997,58.75931663244354,18735.69031663244
4652,Photo frames & albums,29513,29513,1.0,0.96875,false,17809.407000000003,47.967070225872696,17857.374070225876
4654,Photo frames & albums,9297,9297,1.0,0.984375,false,25348.399999999994,80.4329034907598,25428.832903490755
4665,Window and squeegees,2433,2433,1.0,0.875,true,9630.32,78.63227926078022,9708.95227926078
4683,Personal care,1978,1823,0.9216380182002022,0.9999999990686774,false,9861.74,122.890441889117,9984.630441889116
4685,Boys toys,17,17,1.0,0.5,true,0.0,61.52210595482542,61.52210595482542
4687,Construction,250,250,1.0,0.5,true,0.0,1425.6039675564687,1425.6039675564687
4690,Hobby and creative,13822,13785,0.9973231080885545,0.9999999990686774,false,4111.884,10.444063244353185,4122.328063244353
4701,Residential odors,13673,13673,1.0,0.99993896484375,false,14579.25,42.20525667351131,14621.455256673511
4706,Foils and bags,4367,4235,0.9697732997481109,0.9999999990686774,false,6270.389999999999,331.9686468172483,6602.358646817248
4707,Boys toys,1379,1379,1.0,0.5,false,0.0,2506.693160985625,2506.693160985625
4711,"Glasses (drink, beer, wine etc)",5346,5346,1.0,0.96875,false,7280.825999999999,37.26925626283368,7318.095256262833
4715,Drink & food To Go,6125,6125,1.0,0.998046875,false,45250.723,353.4138324435317,45604.13683244353
4716,Wash treatment and accessories,5160,5160,1.0,0.998046875,false,9838.675,39.32454825462012,9877.99954825462
4718,Window and squeegees,21050,21050,1.0,0.984375,false,252013.73399999994,5600.4102,257614.14419999995
4720,Wash treatment and accessories,17964,17964,1.0,0.96875,false,14426.951,23.732696509240252,14450.683696509239
4726,Drying racks,22840,22508,0.9854640980735552,0.9999999990686774,false,424555.124,3817.662130184808,428372.78613018483
4729,Knives,2520,2520,1.0,0.984375,false,180519.56999999995,967.0580205338812,181486.62802053383
4730,Ironing board textiles,2861,2861,1.0,0.875,false,25128.557999999997,63.44854620123203,25192.006546201228
4731,Mugs and cups,27558,27558,1.0,0.5,false,25438.279999999995,11029.18792607803,36467.467926078025
4742,Light bulbs,2813,2813,1.0,0.984375,false,11080.664,90.69873839835728,11171.362738398358
4746,Hobby and creative,135,135,1.0,0.9375,false,444.024,24.971917864476392,468.9959178644764
4757,Games,1912,1912,1.0,0.9375,true,4481.679999999999,165.70808213552357,4647.388082135523
4764,Construction,1014,1014,1.0,0.5,false,3406.6549999999997,462.87410882956857,3869.5291088295685
4770,Vacuuming,9202,9202,1.0,0.5,false,0.0,105542.34055811084,105542.34055811084
4773,Tableware,16644,16644,1.0,0.5,false,0.0,22003.607806160155,22003.607806160155
4776,Store kitchen,19440,19440,1.0,0.875,false,128774.72299999997,146.17575646817247,128920.89875646814
4782,Thermos jugs,13465,13465,1.0,0.9921875,false,27525.091999999997,1689.233629568788,29214.325629568786
4783,Baskets,12952,12952,1.0,0.99609375,false,18661.895000000004,35.702759753593426,18697.597759753597
4784,Tools,20852,20852,1.0,0.9999847412109375,false,124752.07499999995,407.79607638603704,125159.87107638599
4785,Cleaning products,5066,5066,1.0,0.9999961853027344,false,19241.900999999998,85.1615112936345,19327.062511293632
4786,Personal care,10404,10404,1.0,0.9375,false,9296.279999999997,155.0199014373716,9451.299901437369
4787,Cleaning products,4255,4255,1.0,0.9999999962747097,false,13528.746000000001,82.14407433264888,13610.89007433265
4788,Cleaning products,3152,3152,1.0,0.9375,false,22834.0,88.65478439425046,22922.65478439425
4793,Personal care,13829,13829,1.0,0.9375,false,4557.951999999999,466.63312032854225,5024.585120328542
4794,Wash treatment and accessories,7814,7814,1.0,0.75,false,15217.271999999999,131.1432492813141,15348.415249281314
4797,Cleaning products,5054,5054,1.0,0.9921875,false,40888.070999999996,407.7680045174535,41295.83900451745
4798,Wash treatment and accessories,3232,2984,0.9232673267326733,0.9999999990686774,false,21258.279,535.5898501026691,21793.868850102666
4806,Electric personal care,9313,8956,0.9616664877053581,0.9999999990686774,false,91718.99799999999,247.5713141683779,91966.56931416837
4812,Cooking pans,2493,2493,1.0,0.5,false,249897.109,28032.163510882972,277929.272510883
4818,Other Holidays,8297,8297,1.0,0.998046875,true,11578.336,678.4080098562627,12256.744009856262
4841,Stationary,10586,10586,1.0,0.984375,false,42666.28799999999,397.2207868583161,43063.50878685831
4849,Kitchen tools,1784,1784,1.0,0.9375,false,6267.848999999997,18.39777659137578,6286.246776591373
4850,Kitchen tools,1093,1093,1.0,0.9375,false,7543.178999999997,35.163253798767975,7578.342253798765
4851,Kitchen tools,803,803,1.0,0.96875,false,15735.174000000003,241.88508911704312,15977.059089117045
4852,Hobby and creative,519,320,0.6165703275529865,0.9999999990686774,false,0.0,7125.512897741273,7125.512897741273
4857,Hobby and creative,2225,2225,1.0,0.75,false,1003.9400000000002,2.416216016427106,1006.3562160164273
4858,Tableware,2241,2241,1.0,0.875,false,6157.619999999999,51.727941683778255,6209.347941683777
4859,Tableware,2130,2130,1.0,0.96875,false,3855.4669999999996,42.61734537987679,3898.0843453798766
4864,"Glasses (drink, beer, wine etc)",490,490,1.0,0.75,true,2148.8949999999995,28.939926078028737,2177.8349260780283
4866,Serve and present,985,985,1.0,0.984375,false,1486.1699999999998,59.26062012320328,1545.4306201232032
4873,Toilet cleaners and odors,28709,28709,1.0,0.9999999981373549,false,29531.712,234.33935359342922,29766.05135359343
4875,Table paper,4997,4997,1.0,0.9921875,false,5132.218,58.141427926078,5190.359427926078
4876,Moisture treatment and climate,27466,27466,1.0,0.9999847412109375,false,56308.013999999996,586.642333470226,56894.65633347022
4880,Window and squeegees,51536,51536,1.0,0.99951171875,false,130413.08699999996,234.60004681724854,130647.6870468172
4881,Window and squeegees,31522,31522,1.0,0.9999990463256836,false,328033.608,748.011249281314,328781.6192492813
4882,Stairs,5598,5598,1.0,0.9375,false,200843.36999999994,300.78174948665304,201144.1517494866
4886,Kitchen textile,10402,10402,1.0,0.5,false,21197.05,1393.3226611909658,22590.372661190966
4887,Kitchen textile,15698,15698,1.0,0.875,false,0.0,905.2018809034909,905.2018809034909
4892,Ironing board textiles,10387,10387,1.0,0.9999847412109375,false,32403.594999999998,268.89098850102664,32672.485988501023
4894,Bed textile,4659,3923,0.8420261858767976,0.9999999990686774,false,47434.46399999999,2452.341156468172,49886.80515646817
4901,Serve and present,3669,3669,1.0,0.984375,false,15051.343999999997,52.29108377823406,15103.635083778232
4902,Tea and coffee,4644,4644,1.0,0.984375,false,14131.256999999998,89.53039096509238,14220.78739096509
4903,Tea and coffee,259,259,1.0,0.75,false,1980.72,70.2990652977413,2051.0190652977412
4904,Light bulbs,4044,4044,1.0,0.9375,false,13882.714999999998,81.97781930184816,13964.692819301847
4906,Cleaning products,643,643,1.0,0.875,true,5174.630999999999,31.69694291581109,5206.32794291581
4907,Tools,26,26,1.0,0.5,true,0.0,8.888706365503088,8.888706365503088
4915,Light bulbs,6610,6610,1.0,0.875,false,5285.258999999999,20.898794661190973,5306.15779466119
4917,Personal care,227,227,1.0,0.75,false,87.77999999999999,13.992583162217668,101.77258316221766
4918,Tools,72,72,1.0,0.75,true,0.0,68.59316960985616,68.59316960985616
4921,Baskets,2689,2689,1.0,0.75,false,4733.4,121.18142710472284,4854.581427104722
4922,Light bulbs,1322,1322,1.0,0.96875,false,3080.196,41.73425297741274,3121.9302529774127
4930,Kitchen tools,1419,1419,1.0,0.75,false,5417.796999999999,107.39672525667334,5525.193725256672
4933,Puzzles,174,174,1.0,0.9375,true,1470.126,99.18466735112958,1569.3106673511295
4951,Games,2569,2569,1.0,0.9375,true,10388.475999999999,192.59795975359359,10581.073959753592
4953,Puzzles,3889,3889,1.0,0.875,false,16988.972,161.25349486652976,17150.225494866532
4962,"Glasses (drink, beer, wine etc)",672,672,1.0,0.875,true,5120.115,33.23334948665301,5153.348349486653
4965,"Glasses (drink, beer, wine etc)",658,658,1.0,0.875,false,1026.2069999999999,10.407298151950716,1036.6142981519506
4966,Store kitchen,7858,7858,1.0,0.96875,false,4622.3099999999995,7.3780287474332615,4629.688028747432
4970,"Cloths, mops, sponges and brush",24494,24494,1.0,0.9999847412109375,false,45319.749999999985,304.0448131416837,45623.79481314167
4974,Kitchen tools,31833,31833,1.0,0.9999999962747097,false,8411.802,1111.381870225873,9523.183870225872
4978,Window and squeegees,38501,38501,1.0,0.9990234375,false,161507.276,363.71545790554416,161870.99145790556
4982,Ironing board textiles,37696,37696,1.0,0.9999923706054688,false,120638.95900000003,698.3693449691988,121337.32834496922
4985,Personal care,14144,14144,1.0,0.9999995231628418,false,11222.582,580.9551655030793,11803.53716550308
5001,Shopping bags and trolleys,5129,5129,1.0,0.9375,false,4163.88,11.952147843942507,4175.832147843943
5008,Measuring and weighing,954,954,1.0,0.9375,false,1587.152,56.38688008213546,1643.5388800821356
5015,Construction,841,841,1.0,0.9375,true,2759.6099999999997,282.9208570841891,3042.530857084189
5025,Tea and coffee,12603,12603,1.0,0.9375,false,35670.516,698.1237470225867,36368.63974702259
5027,Small storage,33261,33261,1.0,0.9999995231628418,false,52200.239,167.06426242299796,52367.303262422996
5033,Bathroom accessories,5936,5936,1.0,0.9999923706054688,false,90237.28,453.23812731006166,90690.51812731006
5038,Storage boxes,2197,2197,1.0,0.75,false,88713.47099999996,723.2879737166322,89436.7589737166
5039,Baskets,13201,13201,1.0,0.99609375,false,42715.365,86.75143121149897,42802.1164312115
5040,Wash treatment and accessories,4593,4208,0.9161767907685608,0.9999999990686774,false,6457.521,119.28979712525667,6576.810797125257
5042,Personal care,82981,82981,1.0,0.5,false,0.0,10468.73580657084,10468.73580657084
5045,Cleaning products,22896,22896,1.0,0.96875,false,155050.60199999998,350.34319835728945,155400.94519835728
5047,Cleaning products,7653,7653,1.0,0.984375,false,10613.792,48.59834086242299,10662.390340862423
5051,Cleaning products,5931,5931,1.0,0.75,false,10995.327,81.44618439425051,11076.77318439425
5052,Commercial non-trade goods,72275,72275,1.0,0.9999961853027344,false,22075.956,254.1422069815194,22330.098206981518
5057,Foodprep,7670,7670,1.0,0.96875,false,1938486.4519999996,2259.7767277207395,1940746.2287277202
5062,Electric personal care,2404,2404,1.0,0.9999961853027344,true,119992.20100000002,1833.8426422997945,121826.0436422998
5063,Pan sets,3446,3446,1.0,0.9990234375,true,458137.05,5576.608644763857,463713.65864476387
5066,Bakeware,13569,13569,1.0,0.5,false,0.0,61970.92626283365,61970.92626283365
5067,"BBQ, beach and camping",72603,71563,0.9856755230500117,0.9999999990686774,false,100737.17499999999,4903.348932238187,105640.52393223818
5068,Other Holidays,8607,8607,1.0,0.998046875,true,15318.478,1573.9200854209453,16892.398085420944
5082,Candles & Tealights,932,932,1.0,0.75,true,904.05,37.99396755646814,942.0439675564681
5088,Residential odors,15277,15277,1.0,0.99951171875,false,36245.21600000001,87.28233593429155,36332.4983359343
5096,Vases,3339,3339,1.0,0.9999997615814209,false,37133.25,216.16287474332646,37349.41287474333
5101,Small garden,1125,1125,1.0,0.5,true,1864.8629999999998,25.162303490759783,1890.0253034907596
5108,Games,2450,2450,1.0,0.5,false,11416.965000000002,503.61371498973296,11920.578714989735
5114,"Glasses (drink, beer, wine etc)",902,902,1.0,0.9375,false,1301.6359999999997,19.657652977412717,1321.2936529774124
5117,Store kitchen,11318,11318,1.0,0.9921875,false,13229.489000000005,25.84235564681724,13255.331355646822
5119,Personal care,6790,6790,1.0,0.984375,false,1904.9519999999998,135.34689445585207,2040.298894455852
5121,Wash treatment and accessories,11114,11114,1.0,0.9999961853027344,false,29608.592999999993,107.35213798767958,29715.945137987674
5124,Bakeware,47314,46994,0.9932366741345057,0.9999999990686774,false,137581.68199999997,931.6781347022584,138513.36013470223
5125,Foils and bags,40126,40126,1.0,0.99609375,false,37203.866,294.1727318275154,37498.03873182752
5126,Gift,107362,107362,1.0,0.96875,false,108438.62399999997,325.20034825462,108763.82434825458
5128,Cutlery,14997,14997,1.0,0.9921875,false,34229.965,259.7537720739219,34489.71877207392
5129,Cutlery,2581,2581,1.0,0.99609375,false,26038.417999999998,95.37110472279262,26133.78910472279
5134,Kitchen helpers,15008,15008,1.0,0.999755859375,false,0.0,2285.169502258727,2285.169502258727
5139,Bed textile,1500,1500,1.0,0.5,false,14437.359999999997,1174.237368377823,15611.59736837782
5142,Bath textiles and bath mats,47167,47167,1.0,0.96875,false,60301.416,1537.9728517453789,61839.388851745374
5144,Bed textile,2056,2056,1.0,0.5,false,0.0,10319.108848870635,10319.108848870635
5153,Planks,929,929,1.0,0.75,false,1283.814,16.975615195071853,1300.789615195072
5155,Cutlery,4430,4430,1.0,0.9375,false,5252.982,19.951997946611915,5272.933997946612
5156,Clocks,133,133,1.0,0.75,false,1059.1490000000001,37.69216262833679,1096.8411626283369
5157,Tableware,4676,3436,0.7348160821214713,0.9999999990686774,false,5695.591999999999,92.87605749486654,5788.468057494865
5159,Home decoration,370,370,1.0,0.75,false,5162.094000000001,41.92580574948659,5204.019805749487
5160,Waste bins,720,720,1.0,0.875,false,667.436,89.5252911704312,756.9612911704312
5161,Light bulbs,480,480,1.0,0.9375,true,1612.324,61.69111786447638,1674.0151178644765
5162,Baby / Toddler,583,583,1.0,0.984375,false,3519.635,48.93597946611906,3568.5709794661193
5165,Personal care,1247,710,0.5693664795509222,0.9999999990686774,false,1524.0959999999995,27.191668172484643,1551.2876681724842
5175,Toilet cleaners and odors,4229,4229,1.0,0.9999999990686774,false,6748.882,63.34520780287476,6812.227207802875
5179,Hobby and creative,641,641,1.0,0.9375,false,928.998,5.948795482546203,934.9467954825462
5181,Shopping bags and trolleys,6174,6174,1.0,0.9375,false,3839.598000000001,32.826173716632454,3872.4241737166335
5186,Hobby and creative,3799,1959,0.5156620163200842,0.9999999990686774,true,16625.041999999998,262.6342763860369,16887.676276386035
5190,Wash treatment and accessories,4126,4126,1.0,0.96875,false,3996.678,35.485489527720745,4032.1634895277207
5198,Hobby and creative,190,190,1.0,0.5,false,0.0,551.7047700205339,551.7047700205339
5200,Outdoor toys,745,745,1.0,0.875,false,7190.554,104.14854414784399,7294.7025441478445
5204,Oven dishes,314,314,1.0,0.5,true,810.6,69.93297535934305,880.532975359343
5205,Coffee makers and kettles,3772,3772,1.0,0.5,true,0.0,35914.276393429165,35914.276393429165
5206,"Glasses (drink, beer, wine etc)",6865,6865,1.0,0.9999923706054688,false,10621.247,149.69234661190976,10770.939346611909
5210,Vacuuming,4550,4550,1.0,0.75,false,465128.356,5684.867816016424,470813.22381601646
5212,Batteries,81361,81361,1.0,0.75,false,42947.98199999999,1276.4590410677624,44224.44104106775
5219,Drink & food To Go,43097,43097,1.0,0.9375,false,150413.732,813.339348665297,151227.07134866528
5221,Toilet accessories,14478,14478,1.0,0.9999923706054688,false,55454.00699999998,500.3406932238193,55954.347693223805
5222,Toilet accessories,34827,34827,1.0,0.5,false,0.0,7026.196317043124,7026.196317043124
5223,"Glasses (drink, beer, wine etc)",765,765,1.0,0.75,false,830.8300000000002,41.610098562628316,872.4400985626285
5226,Wash treatment and accessories,3171,3171,1.0,0.9375,true,15310.644999999999,95.43820123203287,15406.083201232032
5227,Wash treatment and accessories,1921,1921,1.0,0.875,false,5364.660000000001,20.620896098562632,5385.280896098563
5228,Toilet cleaners and odors,57774,57774,1.0,0.75,false,54204.416,6735.676159342913,60940.09215934291
5236,Wash treatment and accessories,274,274,1.0,0.5,false,0.0,12.471412731006167,12.471412731006167
5239,Residential odors,6530,6530,1.0,0.99609375,false,17839.023999999998,218.95515893223822,18057.979158932238
5241,Phones,12802,12802,1.0,0.9375,false,255844.38599999997,7690.359755236136,263534.74575523613
5243,Electrical tools,14697,14697,1.0,0.5,false,2396394.2239999995,333220.2077466118,2729614.4317466114
5255,Cooking pans,5253,5253,1.0,0.999755859375,false,14571.648,298.2587137577004,14869.9067137577
5271,Candles & Tealights,36006,36006,1.0,0.5,false,0.0,4212.630966735116,4212.630966735116
5273,Candles & Tealights,36715,36715,1.0,0.998046875,false,28377.215999999997,169.4893010266942,28546.70530102669
5275,Candles & Tealights,50,50,1.0,0.5,false,0.0,2.2600542094455913,2.2600542094455913
5276,Candles & Tealights,16017,16017,1.0,0.75,true,27159.299999999996,144.68180698151957,27303.981806981516
5283,Other Holidays,12263,12263,1.0,0.998046875,true,13424.39,925.563285420944,14349.953285420943
5293,Photo frames & albums,17860,17860,1.0,0.984375,false,26580.498000000003,89.47630841889112,26669.974308418896
5294,Photo frames & albums,24384,24384,1.0,0.9921875,false,23025.015999999996,75.23743162217654,23100.25343162217
5303,Window and squeegees,1436,1436,1.0,0.99609375,true,12372.22,164.41944394250513,12536.639443942504
5311,Drying racks,6568,6568,1.0,0.875,false,43423.338,295.22746365503065,43718.56546365503
5315,Hobby and creative,401,401,1.0,0.96875,false,9184.56,341.43348911704294,9525.993489117043
5318,Teletoys,360,360,1.0,0.5,false,0.0,111.61570718685822,111.61570718685822
5320,"Cloths, mops, sponges and brush",18502,17703,0.9568154794076316,0.9999999990686774,false,22454.431999999997,260.93051663244347,22715.362516632442
5323,Construction,2,2,1.0,0.5,true,0.0,534.1163860369616,534.1163860369616
5330,"Glasses (drink, beer, wine etc)",887,887,1.0,0.9375,false,3444.014,80.86521314168375,3524.879213141684
5335,Commercial non-trade goods,124,124,1.0,0.875,false,0.0,19.39597084188917,19.39597084188917
5336,Table paper,7275,7275,1.0,0.99609375,false,5471.004,43.41425872689939,5514.4182587269
5337,Cutlery,7965,7965,1.0,0.96875,false,13920.983999999997,97.42141478439422,14018.40541478439
5341,Drying racks,9953,9953,1.0,0.9921875,false,118143.102,541.7807162217658,118684.88271622176
5343,Kitchen tools,20206,20206,1.0,0.99609375,false,65885.06399999998,561.3765190965091,66446.44051909649
5346,Kitchen helpers,243,243,1.0,0.75,false,2538.515000000001,101.13885174537995,2639.653851745381
5347,Kitchen helpers,21447,18129,0.8452930479787383,0.9999999990686774,false,1325614.4160000002,9084.777121560572,1334699.1931215608
5349,Cutlery,1834,1834,1.0,0.9375,false,19532.422,149.2558599589322,19681.67785995893
5353,Bed textile,3577,3577,1.0,0.5,false,0.0,6242.519397946612,6242.519397946612
5360,Mugs and cups,15648,14946,0.9551380368098159,0.9999999990686774,false,35328.846,1027.3214948665295,36356.167494866524
5375,Tea and coffee,2481,2481,1.0,0.99951171875,false,55876.268,166.78915523613966,56043.057155236136
5376,Vehicles,88368,88368,1.0,0.5,false,782452.825,59015.03856262832,841467.8635626283
5377,Boys toys,1711,1711,1.0,0.5,false,0.0,3932.4566365503083,3932.4566365503083
5394,Foodprep,6430,6430,1.0,0.5,false,0.0,3186409.846941686,3186409.846941686
5397,Batteries,60496,60496,1.0,0.875,false,37511.31999999999,110.38453798767968,37621.70453798767
5400,Coffee makers and kettles,32824,30206,0.9202412868632708,0.9999999990686774,false,1118765.1579999998,5550.030236960987,1124315.188236961
5401,Bakeware,4209,4050,0.962223806129722,0.9999999990686774,true,19021.912,433.20783572895266,19455.119835728954
5403,Store kitchen,370,370,1.0,0.5,true,435.7079999999999,7.409081724845995,443.1170817248459
5404,Store kitchen,6919,6919,1.0,0.999755859375,false,59471.11799999999,326.33412689938405,59797.45212689937
5405,"Cloths, mops, sponges and brush",53557,43725,0.8164198890901283,0.9999999990686774,false,58296.924000000006,731.6879938398354,59028.61199383984
5408,Others,121,121,1.0,0.5,true,0.0,555.1898874743325,555.1898874743325
5411,Cleaning products,6120,6120,1.0,0.999969482421875,false,50567.32799999999,230.93549075975332,50798.26349075974
5414,Cleaning products,1356,1278,0.9424778761061947,0.9999999990686774,false,5368.145999999999,42.74712854209443,5410.893128542093
5415,"Cloths, mops, sponges and brush",10826,10826,1.0,0.984375,false,16906.553999999996,122.54124681724848,17029.095246817244
5423,Measuring and weighing,1351,1351,1.0,0.9375,false,12461.679999999997,126.42925667351129,12588.109256673508
5424,Special pans,21921,18409,0.8397883308243237,0.9999999990686774,false,550667.7960000001,2788.562661190962,553456.3586611911
5440,Candles & Tealights,240,240,1.0,0.5,true,0.0,32.02388747433265,32.02388747433265
5441,Candles & Tealights,15284,15284,1.0,0.875,true,14857.975999999999,137.3450480492813,14995.32104804928
5451,Party lights,10105,10105,1.0,0.5,false,0.0,5348.1739909650905,5348.1739909650905
5457,Photo frames & albums,1960,1960,1.0,0.99609375,false,7615.299999999999,42.83856262833672,7658.138562628336
5458,Stationary,20388,20388,1.0,0.99609375,false,88731.055,544.5045010266941,89275.55950102668
5460,Coffee makers and kettles,1066,882,0.8273921200750469,0.9999999990686774,true,55187.741000000016,1379.083882135523,56566.82488213554
5462,Ironing boards,6969,5867,0.8418711436361027,0.9999999990686774,true,441453.22200000007,24916.686547843932,466369.908547844
5467,Teletoys,442,442,1.0,0.5,false,0.0,172.31297741273116,172.31297741273116
5468,Tea and coffee,2119,2119,1.0,0.984375,false,8688.484,118.01689240246402,8806.500892402464
5469,Cooking books,214,214,1.0,0.9375,true,1284.6680000000001,21.176802464065695,1305.8448024640659
5472,Bath textiles and bath mats,3683,2980,0.80912299755634,0.9999999990686774,true,36841.364,724.2428714579056,37565.60687145791
5474,Hobby and creative,2211,2211,1.0,0.9921875,false,2757.3000000000006,13.246886242299786,2770.5468862423004
5484,Wash treatment and accessories,8770,8770,1.0,0.5,false,0.0,6213.645769199178,6213.645769199178
5488,Bakeware,31413,31413,1.0,0.99609375,false,332261.6499999999,20570.762443531825,352832.41244353174
5491,Vacuuming,251,251,1.0,0.5,false,0.0,71.67472772073916,71.67472772073916
5492,Bakeware,31111,31111,1.0,0.999969482421875,false,174495.26499999996,896.5779613963033,175391.84296139627
5494,Kitchen tools,34433,34433,1.0,0.998046875,false,66576.384,428.18492320328556,67004.56892320329
5495,Kitchen tools,95779,95779,1.0,0.75,false,140852.79599999997,5613.648634496921,146466.4446344969
5497,Racks and pockets,15302,15302,1.0,0.5,false,20056.399999999998,1660.9746784394245,21717.37467843942
5498,Cutlery,16818,16818,1.0,0.96875,false,0.0,2519.405221355237,2519.405221355237
5499,Stairs,4067,4067,1.0,0.875,false,147486.4299999999,190.85558932238197,147677.28558932227
5508,Bath textiles and bath mats,18024,18024,1.0,0.9999990463256836,false,15563.730000000001,442.46105954825447,16006.191059548255
5515,Tableware,1032,1032,1.0,0.9375,true,0.0,2129.5333277207396,2129.5333277207396
5516,Mugs and cups,30443,6157,0.2022468219295076,0.9999999990686774,false,398964.63599999994,5723.0284410677605,404687.6644410677
5523,Oven dishes,314,314,1.0,0.75,true,847.8679999999999,32.81219383983571,880.6801938398356
5524,Planks,2666,2666,1.0,0.9999961853027344,false,5078.752,45.24168993839838,5123.993689938398
5527,Tableware,5551,5551,1.0,0.99951171875,false,27024.41,307.36570225872686,27331.77570225873
5530,Foods,460,460,1.0,0.75,false,352.7019999999999,15.461295277207382,368.1632952772073
5534,Kitchen tools,469,469,1.0,0.5,true,1937.4180000000003,52.1786094455852,1989.5966094455855
5536,"Glasses (drink, beer, wine etc)",308,308,1.0,0.9375,false,1026.711,43.43293305954826,1070.1439330595483
5540,Wash treatment and accessories,1461,1461,1.0,0.5,false,0.0,292.77080574948656,292.77080574948656
5554,Baby / Toddler,36,36,1.0,0.5,true,0.0,26.071599178644767,26.071599178644767
5562,"Glasses (drink, beer, wine etc)",221,221,1.0,0.5,true,355.59299999999996,15.958082546201224,371.5510825462012
5563,Electrical tools,5912,5845,0.9886671177266576,0.9999999990686774,false,81539.507,745.6404340862418,82285.14743408623
5566,"Cloths, mops, sponges and brush",26005,24583,0.945318208036916,0.9999999990686774,false,111038.44499999998,985.459686652977,112023.90468665295
5568,"Cloths, mops, sponges and brush",12087,12087,1.0,0.998046875,false,83852.16,261.93722874743327,84114.09722874744
5569,Small storage,13872,13872,1.0,0.96875,false,48339.98399999999,146.17490266940456,48486.15890266939
5573,Home decoration,19584,19584,1.0,0.5,false,0.0,885796.5877145806,885796.5877145806
5581,Puzzles,1034,1034,1.0,0.5,true,1267.917,56.885280082135395,1324.8022800821352
5582,Puzzles,3290,3290,1.0,0.9990234375,false,4938.752000000001,18.327857084188913,4957.07985708419
5583,Hobby and creative,2981,2844,0.9540422676954042,0.9999999990686774,false,12759.894,82.48889404517453,12842.382894045175
5588,Batteries,78336,78336,1.0,0.9999999925494194,false,72265.2,298.9144887063654,72564.11448870636
5593,Foodprep,32042,32042,1.0,0.998046875,false,6617661.687000005,142394.1182094456,6760055.80520945
5596,Kitchen tools,8926,7456,0.8353125700201658,0.9999999990686774,false,137011.32899999997,1070.1037556468168,138081.4327556468
5597,Buckets,164,164,1.0,0.875,false,1072.806,40.24119466119097,1113.047194661191
5598,Window and squeegees,17484,17484,1.0,0.999755859375,false,63874.544999999984,161.1841416837782,64035.72914168376
5599,Window and squeegees,15144,15144,1.0,0.99993896484375,false,53383.302,217.11762874743332,53600.41962874743
5602,Cleaning products,14925,14925,1.0,0.5,false,0.0,4290.434345379876,4290.434345379876
5603,Bathroom accessories,10899,10899,1.0,0.999755859375,false,109910.605,398.3328151950717,110308.93781519507
5604,Table textiles,1746,1746,1.0,0.875,false,15118.866,357.1463215605748,15476.012321560574
5605,Foils and bags,208,208,1.0,0.5,true,0.0,348.01165215605727,348.01165215605727
5606,Bathroom accessories,5908,5891,0.9971225457007448,0.9999999990686774,false,34331.003000000004,195.38355441478436,34526.38655441479
5608,Laundry baskets,20500,20500,1.0,0.5,false,0.0,515736.99767227954,515736.99767227954
5609,Storage boxes,16324,16324,1.0,0.5,false,0.0,55773.38860616016,55773.38860616016
5610,Baskets,13421,13421,1.0,0.998046875,false,37568.055,133.42402464065708,37701.479024640656
5611,Baskets,8788,8788,1.0,0.999755859375,false,30754.359999999993,88.49518726899386,30842.855187268986
5613,Baskets,10314,10314,1.0,0.9921875,false,27563.479999999996,52.44815112936347,27615.92815112936
5614,Baskets,8319,8319,1.0,0.9990234375,false,29421.475999999995,80.19059425051336,29501.66659425051
5615,Drink & food To Go,11290,11290,1.0,0.5,false,0.0,16809.056131416826,16809.056131416826
5616,Personal care,68357,62506,0.9144052547654227,0.9999999990686774,false,59938.375,212.03280287474328,60150.407802874746
5617,Cleaning products,11644,11644,1.0,0.9999999990686774,false,54268.10199999999,437.77798767967175,54705.87998767966
5618,Others,4868,4868,1.0,0.96875,false,18738.005999999998,155.3491687885009,18893.355168788497
5620,Oven dishes,184,184,1.0,0.5,false,0.0,109.91178357289527,109.91178357289527
5621,Personal care,2795,2795,1.0,0.9999999962747097,false,3122.2800000000007,43.59755236139629,3165.8775523613967
5622,Wash treatment and accessories,4894,4894,1.0,0.9998779296875,false,11555.39,52.97347022587267,11608.363470225871
5625,Wash treatment and accessories,8941,8748,0.9784140476456772,0.9999999990686774,false,79078.482,3087.4351268993846,82165.91712689938
5629,Cleaning products,2749,2749,1.0,0.9990234375,false,5805.184,25.21985585215606,5830.403855852156
5634,Stationary,10037,10037,1.0,0.984375,false,19905.172,258.3673006160163,20163.539300616016
5635,Window and squeegees,69857,67034,0.9595888744148761,0.9999999990686774,false,168268.632,512.42932238193,168781.06132238195
5638,Electric personal care,35727,35727,1.0,0.99993896484375,false,455237.55900000007,939.3069215605748,456176.8659215606
5640,Electric personal care,3106,3106,1.0,0.9999999701976776,false,133605.36,1599.7632689938407,135205.12326899383
5642,Electric personal care,16096,16096,1.0,0.9999999403953552,false,291404.421,909.2301351129364,292313.6511351129
5644,Electric personal care,17241,17241,1.0,0.99993896484375,false,236019.99400000006,1733.068693223819,237753.06269322388
5650,Pan sets,1792,1086,0.6060267857142857,0.9999999990686774,true,128652.685,2851.9699806981434,131504.65498069813
5652,Partyfun,23400,23400,1.0,0.75,false,13744.892000000002,135.65893059548245,13880.550930595484
5653,Pan sets,1992,1992,1.0,0.5,false,0.0,90116.28139219714,90116.28139219714
5660,Personal care,1930,1930,1.0,0.99993896484375,false,9260.16,150.03788501026705,9410.197885010268
5677,Foods,125,125,1.0,0.75,false,50.931999999999995,10.655178644763872,61.58717864476387
5709,"TV, Audio & Video",5730,5730,1.0,0.9999980926513672,true,78126.328,731.3123798767967,78857.64037987679
5710,Drink & food To Go,7956,2130,0.26772247360482654,0.9999999990686774,true,68398.617,706.1030283367555,69104.72002833676
5713,Electric personal care,20758,20758,1.0,0.96875,false,403196.6819999999,6572.855357289524,409769.53735728946
5725,"Cloths, mops, sponges and brush",16396,16396,1.0,0.9999961853027344,false,18861.64,166.35203613963031,19027.99203613963
5726,Kitchen helpers,276,276,1.0,0.875,true,0.0,111.43885872689944,111.43885872689944
5727,Hobby and creative,806,806,1.0,0.9375,false,12846.95999999999,56.064391375770015,12903.02439137576
5736,Planks,16247,16247,1.0,0.5,false,0.0,4722.12547227926,4722.12547227926
5742,Storage boxes,3139,3139,1.0,0.75,false,87164.32199999997,983.254212320329,88147.5762123203
5746,Planks,1069,1069,1.0,0.75,true,24679.283999999996,132.76295441478425,24812.04695441478
5747,Wash treatment and accessories,1501,1501,1.0,0.5,false,0.0,156.18974948665306,156.18974948665306
5748,Personal care,91,91,1.0,0.75,false,359.47799999999995,43.33474620123208,402.812746201232
5749,Cleaning products,20223,20223,1.0,0.5,false,0.0,106926.69201642707,106926.69201642707
5751,Cleaning products,2492,2492,1.0,0.96875,false,17442.095999999998,102.0853552361396,17544.18135523614
5753,Wash treatment and accessories,15747,15747,1.0,0.984375,false,108746.48400000004,195.58967638603696,108942.07367638608
5757,Cleaning products,46232,42877,0.9274312164734383,0.9999999990686774,false,28939.113,527.0831425051337,29466.196142505134
5761,Bathroom accessories,34955,34955,1.0,0.9990234375,false,31637.025,255.36242340862418,31892.387423408625
5772,Foodprep,5605,5605,1.0,0.9921875,false,89669.72000000004,470.7377708418893,90140.45777084194
5773,Electric personal care,10193,5856,0.5745119199450603,0.9999999990686774,false,214407.61999999997,2977.8215260780294,217385.441526078
5798,Candles & Tealights,202,202,1.0,0.75,true,0.0,27.280264887063638,27.280264887063638
5799,Candles & Tealights,340,340,1.0,0.75,true,0.0,34.65108090349079,34.65108090349079
5800,Candles & Tealights,902,902,1.0,0.75,true,589.1199999999999,22.665626283367555,611.7856262833675
5804,Others,783,783,1.0,0.9375,false,1238.328,55.2459203285421,1293.573920328542
5805,Candles & Tealights,9363,9363,1.0,0.9375,false,12644.926,86.73842874743332,12731.664428747434
5807,Drink & food To Go,4519,4519,1.0,0.75,false,1604.0640000000005,20.983832443531846,1625.0478324435323
5815,Residential odors,20367,19787,0.9715225610055482,0.9999999990686774,false,55371.12000000002,259.5317355236141,55630.65173552363
5820,Photo frames & albums,13267,13267,1.0,0.96875,false,12020.008,43.931361806981506,12063.93936180698
5821,Photo frames & albums,2988,2988,1.0,0.96875,false,11596.024999999998,53.91185831622175,11649.93685831622
5827,Foodprep,2734,2734,1.0,0.75,true,19425.511,3796.6197162217686,23222.130716221767
5837,Drying racks,2915,2915,1.0,0.9999847412109375,true,9984.975000000002,295.08303080082146,10280.058030800823
5838,Hobby and creative,10,10,1.0,0.5,true,0.0,230.0297856262837,230.0297856262837
5839,"Cloths, mops, sponges and brush",20371,20371,1.0,0.9990234375,false,22040.816,175.7965223819302,22216.61252238193
5840,Construction,406,406,1.0,0.5,true,0.0,321.7975404517455,321.7975404517455
5843,Kitchen tools,1089,1089,1.0,0.984375,false,7787.191999999999,139.75437618069813,7926.946376180697
5845,Kitchen tools,1017,1017,1.0,0.96875,false,17898.426,256.08349240246395,18154.509492402463
5848,Bath textiles and bath mats,3905,3127,0.8007682458386683,0.9999999990686774,true,48295.337999999996,991.4570911704311,49286.795091170425
5849,Tableware,1811,1811,1.0,0.9999999990686774,true,0.0,1450.1057527720739,1450.1057527720739
5850,Tableware,1482,1482,1.0,0.75,true,0.0,3210.366680492813,3210.366680492813
5851,Hobby and creative,930,930,1.0,0.96875,true,714.56,10.286222587269005,724.8462225872689
5857,Bathroom accessories,7208,7208,1.0,0.9990234375,false,72618.61599999998,233.51577412731012,72852.1317741273
5858,Racks and pockets,19847,19847,1.0,0.99609375,false,88329.56999999996,103.3546176591376,88432.9246176591
5859,Waste bags,32709,32681,0.9991439664924027,0.9999999990686774,false,113437.18399999998,471.8241248459959,113909.00812484598
5861,Construction,694,694,1.0,0.9375,false,4085.816,194.77954496919935,4280.595544969199
5863,Baskets,7560,7560,1.0,0.984375,false,24713.962,142.01610924024635,24855.978109240245
5864,Storage boxes,3305,3305,1.0,0.998046875,true,5064.521,847.874258316218,5912.395258316217
5866,Storage boxes,140,140,1.0,0.75,false,4856.2429999999995,226.51959466119075,5082.762594661191
5867,Storage boxes,6104,6104,1.0,0.998046875,false,41393.24000000001,125.98453388090344,41519.224533880915
5868,Cleaning products,13087,13087,1.0,0.9999999925494194,false,74684.4,312.03168377823397,74996.43168377822
5869,Cleaning products,3231,3231,1.0,0.96875,true,9148.027,100.59407063655031,9248.621070636551
5870,Cleaning products,23645,23645,1.0,0.9999999981373549,false,61188.75000000001,625.2992427104715,61814.04924271048
5871,Cleaning products,16862,12311,0.7301031906060965,0.9999999990686774,false,30133.249999999993,149.5866652977412,30282.836665297735
5872,Baskets,3880,3880,1.0,0.9375,false,4861.003,217.36232114989716,5078.365321149897
5874,Cleaning products,4646,4646,1.0,0.998046875,false,36937.59299999999,504.17629938398375,37441.769299383974
5878,Dishwashing articles,88,88,1.0,0.9375,false,0.0,17.56674579055441,17.56674579055441
5880,Residential odors,8291,8291,1.0,0.99609375,false,26936.532,174.31045256673505,27110.842452566736
5895,Electric personal care,8199,8199,1.0,0.875,false,117005.56000000001,985.8148353182752,117991.37483531829
5896,Electric personal care,4295,4295,1.0,0.984375,false,118727.78400000004,212.75935687885016,118940.54335687889
5897,"TV, Audio & Video",235,235,1.0,0.75,false,3112.451999999999,122.88710143737165,3235.3391014373706
5899,Frying pans,16590,12752,0.7686558167570826,0.9999999990686774,false,463269.7300000001,2248.058132648872,465517.788132649
5915,Candles & Tealights,18492,18492,1.0,0.875,true,29574.636,183.40933716632455,29758.045337166324
5918,Candles & Tealights,22346,22346,1.0,0.9990234375,false,70099.96,229.87008213552355,70329.83008213554
5919,Residential odors,2090,1814,0.8679425837320575,0.9999999990686774,false,5571.104000000001,29.077540041067785,5600.181540041069
5922,Drinks,1618,1618,1.0,0.75,false,3498.159,82.68911991786447,3580.8481199178646
5924,Cooking books,103,103,1.0,0.5,false,0.0,279.3060973305959,279.3060973305959
5931,Residential odors,8151,8151,1.0,0.9990234375,false,23061.506999999998,207.59398357289507,23269.100983572895
5941,Kitchen helpers,7753,7753,1.0,0.875,false,30155.951,42.583414784394265,30198.534414784393
5943,Stationary,40808,40808,1.0,0.984375,false,110611.06000000001,242.93959958932237,110853.99959958934
5946,Clocks,5990,5990,1.0,0.9999961853027344,false,89639.40999999999,319.16922587269,89958.57922587267
5948,Stationary,11671,11671,1.0,0.5,true,0.0,4807.460356468172,4807.460356468172
5951,Stationary,31596,31596,1.0,0.99609375,false,10879.05,16.158932238193014,10895.208932238193
5954,Foodprep,140,140,1.0,0.5,true,8432.48,267.7355687885008,8700.2155687885
5955,Racks and pockets,2665,2665,1.0,0.998046875,true,45250.359000000004,2341.9778915811085,47592.336891581115
5959,Construction,972,972,1.0,0.875,true,1079.645,27.962608213552336,1107.6076082135523
5971,Construction,340,340,1.0,0.9375,false,4051.3059999999996,74.74312525667344,4126.049125256673
5974,Girls toys,657,657,1.0,0.75,true,3324.6359999999995,23.104726078028747,3347.7407260780283
5977,Cleaning products,26230,23615,0.9003049942813572,0.9999999990686774,false,103205.375,426.6584143737166,103632.03341437371
5981,Window and squeegees,9923,9923,1.0,0.9999961853027344,false,187713.80600000004,501.6223630390147,188215.42836303904
5982,"Glasses (drink, beer, wine etc)",503,503,1.0,0.875,false,1365.8400000000001,65.33785626283371,1431.1778562628338
5983,"Glasses (drink, beer, wine etc)",940,940,1.0,0.96875,false,2244.361,78.61744558521558,2322.9784455852155
5987,Baskets,8440,8440,1.0,0.9990234375,false,51458.497999999985,146.7415490759753,51605.23954907596
5989,Baskets,13532,13532,1.0,0.984375,false,24122.41999999999,37.5807002053388,24160.000700205328
5991,Cleaning products,47876,47876,1.0,0.96875,false,65602.152,113.40781355236136,65715.55981355236
5992,Cleaning products,28447,28447,1.0,0.96875,false,44900.373,104.11441232032847,45004.487412320326
5993,Wash treatment and accessories,589,589,1.0,0.75,false,550.746,39.77180944558521,590.5178094455852
5994,Wash treatment and accessories,3293,3293,1.0,0.999969482421875,false,14034.824999999997,83.56366570841887,14118.388665708417
5995,Toilet cleaners and odors,22789,22789,1.0,0.99951171875,false,72588.964,1037.43208788501,73626.39608788502
5997,Cleaning products,6986,6986,1.0,0.99993896484375,false,28972.649999999994,105.270067761807,29077.920067761803
5998,Thermos jugs,1755,1755,1.0,0.96875,true,9849.048999999999,401.78316837782336,10250.832168377823
5999,Cleaning products,7591,7591,1.0,0.9999999701976776,false,71401.68,461.0185971252566,71862.69859712524
6000,Cleaning products,26946,26946,1.0,0.5,false,168597.338,13491.256610266928,182088.5946102669
6001,Wash treatment and accessories,18385,18385,1.0,0.9375,false,57302.08399999998,795.2373141683775,58097.32131416836
6003,Waste bins,2949,2949,1.0,0.9921875,true,47973.42199999999,462.81089034907615,48436.23289034907
6006,Residential odors,3854,3854,1.0,0.96875,false,11874.24,168.4419055441479,12042.681905544148
6009,Cleaning products,7102,7102,1.0,0.99609375,false,22081.121999999996,277.8570628336755,22358.97906283367
6010,Personal care,15172,15172,1.0,0.9999997615814209,false,15446.340000000004,309.07931663244335,15755.419316632448
6015,Coffee makers and kettles,4407,4407,1.0,0.9999980926513672,false,24755.807999999997,96.97263572895287,24852.780635728952
6018,Coffee makers and kettles,10818,10818,1.0,0.984375,false,673068.6269999999,1089.5467687885014,674158.1737687883
6024,Measuring and weighing,41584,41584,1.0,0.5,false,0.0,56835.63257494865,56835.63257494865
6029,Partyfun,24657,24657,1.0,0.9375,false,13963.236000000003,29.6535523613963,13992.8895523614
6040,Personal care,1830,1830,1.0,0.9998779296875,false,8033.689999999999,148.5842308008213,8182.27423080082
6052,Candles & Tealights,55909,55909,1.0,0.75,false,264713.827,2426.1934053388086,267140.0204053388
6053,Candles & Tealights,74177,74177,1.0,0.99609375,false,60766.796999999984,103.28216550308007,60870.07916550306
6069,Clocks,16793,16777,0.9990472220568094,0.9999999990686774,false,79716.042,2161.8485963039016,81877.8905963039
6071,Photo frames & albums,21370,21370,1.0,0.9990234375,false,18819.233999999997,95.86891252566733,18915.102912525665
6075,Stationary,27641,27641,1.0,0.9375,false,53960.710999999996,109.62046570841886,54070.33146570841
6077,Foodprep,174,174,1.0,0.5,true,11706.282000000001,280.67537494866554,11986.957374948666
6078,Drink & food To Go,9077,9077,1.0,0.96875,true,55803.08299999999,758.6133515400404,56561.696351540035
6080,Drink & food To Go,11945,6487,0.5430724152365006,0.9999999990686774,true,49297.59099999999,726.4861141683782,50024.07711416837
6082,Electric personal care,5430,5430,1.0,0.9999990463256836,true,138019.27999999997,780.1867737166325,138799.46677371662
6095,Construction,597,597,1.0,0.5,false,0.0,74.96794743326485,74.96794743326485
6098,Batteries,309,309,1.0,0.9375,true,1679.5239999999997,21.22904229979471,1700.7530422997943
6107,Ironing,982,982,1.0,0.9999961853027344,true,143026.79299999998,2932.9257856262825,145959.71878562626
6108,Ironing,3357,2857,0.851057491808162,0.9999999990686774,false,137340.31499999997,416.9666829568788,137757.28168295685
6109,Hobby and creative,1146,1146,1.0,0.96875,false,797.4259999999999,38.674571663244336,836.1005716632443
6139,Foods,795,795,1.0,0.75,false,570.2479999999997,7.510048459958932,577.7580484599587
6140,Store kitchen,6400,6400,1.0,0.99951171875,false,26961.312000000005,142.3579564681724,27103.669956468177
6143,Drink & food To Go,12860,12860,1.0,0.96875,false,110269.04,1485.7226180698144,111754.76261806981
6144,Bathroom accessories,79927,79927,1.0,0.5,false,10385.955999999998,461.54220287474334,10847.498202874742
6145,Cooking pans,943,849,0.9003181336161188,0.9999999990686774,false,1503.488,146.75264271047234,1650.2406427104725
6152,Storage boxes,14736,14674,0.9957926167209555,0.9999999990686774,false,147906.69600000003,1320.5610160164272,149227.25701601646
6154,Thermos jugs,2099,2099,1.0,0.999755859375,false,24867.073,145.53964476386037,25012.61264476386
6155,Storage boxes,6880,6880,1.0,0.999969482421875,false,61957.62999999999,240.66346119096508,62198.29346119096
6157,Wash treatment and accessories,14196,14196,1.0,0.9999995231628418,false,77830.76699999996,250.87813429158103,78081.64513429154
6158,Personal care,74272,74272,1.0,0.984375,false,79675.90399999998,863.0516698151949,80538.95566981517
6159,Cleaning products,7450,7362,0.9881879194630873,0.9999999990686774,false,23049.935999999998,154.2504936344969,23204.186493634494
6162,Wash treatment and accessories,22734,15808,0.6953461775314507,0.9999999990686774,false,174736.93999999994,1487.2061034907595,176224.1461034907
6168,"Cloths, mops, sponges and brush",10657,10657,1.0,0.998046875,false,77995.218,242.63053305954824,78237.84853305954
6174,Coffee makers and kettles,25984,25984,1.0,0.9998779296875,false,266542.3109999999,691.7666057494864,267234.0776057494
6184,Special pans,13360,12042,0.9013473053892216,0.9999999990686774,false,871618.0409999997,7179.930598767967,878797.9715987677
6190,Bags and backpacks,18716,18716,1.0,0.9921875,false,75942.538,250.6135630390144,76193.15156303902
6215,Vases,2031,2031,1.0,0.9375,false,8763.363,50.44914086242296,8813.812140862423
6216,Candles & Tealights,10442,10442,1.0,0.5,false,0.0,80605.53776673508,80605.53776673508
6227,Clocks,10540,10540,1.0,0.999755859375,false,50784.720000000016,159.51315400410672,50944.23315400412
6233,"Glasses (drink, beer, wine etc)",205,205,1.0,0.5,false,0.0,145.16776509240245,145.16776509240245
6238,Batteries,234,234,1.0,0.99609375,true,945.98,13.71229568788501,959.692295687885
6245,Storage boxes,410,410,1.0,0.75,false,8343.405,109.65485051334709,8453.059850513348
6246,"Glasses (drink, beer, wine etc)",548,548,1.0,0.75,false,333.7389999999999,5.809229568788507,339.54822956878843
6248,Storage boxes,8281,8281,1.0,0.75,false,27345.92,91.41890759753589,27437.338907597536
6250,Cleaning products,5549,5549,1.0,0.9999961853027344,false,20719.334999999995,121.80919917864475,20841.14419917864
6251,Storage boxes,884,884,1.0,0.9921875,false,12246.359999999999,169.24280903490776,12415.602809034906
6256,Light bulbs,777,777,1.0,0.9375,false,5214.342000000001,41.97367022587267,5256.315670225873
6257,Wash treatment and accessories,29816,21569,0.723403541722565,0.9999999990686774,false,184776.438,1412.0663958932232,186188.50439589322
6258,Cleaning products,5109,5109,1.0,0.99609375,false,27135.339000000004,299.515232443532,27434.854232443537
6259,Wash treatment and accessories,47852,43383,0.906607874279027,0.9999999990686774,false,353698.0719999999,2864.8678472279266,356562.9398472278
6261,Cleaning products,3273,3273,1.0,0.9921875,false,7089.5999999999985,92.22492813141685,7181.824928131416
6264,Waste bins,6155,6155,1.0,0.9375,false,83273.04999999997,230.92008213552361,83503.97008213549
6266,Shoe maintenance,2141,2141,1.0,0.96875,false,5397.098,147.85953388090346,5544.957533880904
6267,Residential odors,4928,4928,1.0,0.9990234375,false,8080.856,143.90807556468178,8224.76407556468
6268,Residential odors,5989,5989,1.0,0.99609375,false,11516.764,115.48686817248458,11632.250868172483
6269,Window and squeegees,74367,74367,1.0,0.96875,false,38735.816,163.92237782340865,38899.73837782341
6272,Foodprep,58678,56767,0.9674324278264426,0.9999999990686774,false,1555753.9409999999,9364.272972073923,1565118.2139720737
6273,Sockets and security,7321,7321,1.0,0.96875,false,51874.004,321.83844804928106,52195.84244804928
6274,Coffee makers and kettles,162,162,1.0,0.5,false,0.0,94439.5609737167,94439.5609737167
6284,Construction,440,440,1.0,0.875,true,4092.0879999999997,261.20221437371663,4353.2902143737165
6297,Candles & Tealights,6563,6563,1.0,0.99609375,false,18050.445,94.37813963039021,18144.82313963039
6299,Candles & Tealights,226,226,1.0,0.5,true,0.0,14.016328542094454,14.016328542094454
6300,Candles & Tealights,447,447,1.0,0.75,true,0.0,163.7603112936347,163.7603112936347
6301,Candles & Tealights,784,784,1.0,0.875,false,0.0,32.77771416837782,32.77771416837782
6307,Foods,4556,4556,1.0,0.875,false,2772.6929999999993,21.254181930184807,2793.947181930184
6308,Others,18875,18875,1.0,0.984375,false,23874.172,110.18765831622163,23984.35965831622
6309,Other Holidays,30035,30035,1.0,0.9375,true,5978.196,428.7515696098564,6406.947569609856
6332,Photo frames & albums,1483,1483,1.0,0.984375,false,9309.034000000001,61.150786858316245,9370.184786858317
6334,Photo frames & albums,16563,16563,1.0,0.9375,false,18237.799999999996,57.93973305954826,18295.739733059545
6347,Window and squeegees,2949,2949,1.0,0.875,true,11820.424,52.0529429158111,11872.476942915811
6348,Vacuuming,541,541,1.0,0.5,true,23405.872,970.4912316221769,24376.363231622177
6349,Store kitchen,868,868,1.0,0.984375,true,14870.604,320.67125913757695,15191.275259137576
6351,Tableware,6217,6217,1.0,0.99993896484375,true,284570.97899999993,9905.555998357291,294476.53499835724
6367,Store kitchen,927,927,1.0,0.99609375,true,5955.557999999999,56.826879671457874,6012.384879671457
6369,Drink & food To Go,450,450,1.0,0.75,false,839.1600000000004,19.44871950718688,858.6087195071873
6371,Thermos jugs,2081,2081,1.0,0.99993896484375,false,44777.46000000001,261.69851006160155,45039.15851006161
6375,Bathroom scales,1323,1323,1.0,0.9921875,false,19139.182999999997,700.5106665297743,19839.693666529773
6380,Hobby and creative,4532,4532,1.0,0.875,false,20862.996000000003,371.29594332648867,21234.29194332649
6387,Baby / Toddler,2500,2472,0.9888,0.9999999990686774,false,22651.719999999998,507.01851498973326,23158.73851498973
6395,"Glasses (drink, beer, wine etc)",1085,1085,1.0,0.984375,true,5587.785,65.07530020533879,5652.860300205339
6403,Small storage,32297,32297,1.0,0.998046875,false,71975.65899999999,164.43892895277213,72140.09792895276
6406,Foils and bags,45165,45165,1.0,0.9999999962747097,false,43712.899999999994,275.6154414784393,43988.515441478434
6407,Shoe maintenance,16182,16182,1.0,0.5,false,0.0,455.26267392197127,455.26267392197127
6408,Cleaning products,9609,9609,1.0,0.998046875,false,35115.12899999999,276.9109819301849,35392.03998193018
6411,Buckets,30120,30120,1.0,0.99993896484375,false,192464.60799999998,537.310455852156,193001.91845585214
6414,Baskets,4342,4342,1.0,0.9375,false,35630.0,159.0868525667352,35789.08685256673
6417,Wash treatment and accessories,4960,4960,1.0,0.9990234375,false,6522.39,19.931932238193003,6542.321932238194
6418,Cleaning products,33663,33663,1.0,0.9999999403953552,false,131097.862,407.56081026694,131505.42281026693
6419,Personal care,10361,10361,1.0,0.75,false,3658.928000000001,161.18383408624237,3820.111834086243
6420,Cleaning products,22293,22293,1.0,0.9999999850988388,false,43188.11,133.9233819301848,43322.03338193019
6421,Cleaning products,7599,7599,1.0,0.9999961853027344,false,47516.979999999996,164.35491170431214,47681.33491170431
6423,Personal care,8314,8314,1.0,0.9375,false,11891.005000000001,84.27567351129363,11975.280673511295
6428,Cleaning products,5201,5201,1.0,0.984375,true,36927.32399999999,393.8659613963036,37321.189961396296
6429,Wash treatment and accessories,16387,16387,1.0,0.875,false,43639.29499999999,1019.0159445585217,44658.310944558514
6430,Waste bins,4577,4577,1.0,0.9375,false,73606.30199999998,208.75180657084186,73815.05380657082
6433,Shoe maintenance,1581,1581,1.0,0.9375,false,0.0,871.5554796714572,871.5554796714572
6434,Phones,9897,9897,1.0,0.5,false,0.0,694.7061831622171,694.7061831622171
6437,Electric personal care,26464,25892,0.9783857315598549,0.9999999990686774,false,722627.3599999998,5696.612706365501,728323.9727063653
6440,Electric personal care,3671,3671,1.0,0.875,false,124509.392,528.2980665297742,125037.69006652979
6442,Electric personal care,17955,15661,0.8722361459203565,0.9999999990686774,false,213033.86999999994,972.1508008213553,214006.02080082128
6503,"Glasses (drink, beer, wine etc)",555,555,1.0,0.9375,true,1888.194,172.12045585215614,2060.3144558521562
6512,Construction,1784,1784,1.0,0.75,true,0.0,644.7233975359342,644.7233975359342
6513,Reading glasses,2979,2564,0.860691507217187,0.9999999990686774,true,0.0,1744.4048266940458,1744.4048266940458
6515,Construction,393,393,1.0,0.75,false,0.0,145.70805010266938,145.70805010266938
6517,Ironing,6282,6041,0.9616364215218084,0.9999999990686774,true,274725.77999999997,2234.5011190965092,276960.2811190965
6520,Insecticides,46,46,1.0,0.5,true,0.0,37.23338809034908,37.23338809034908
6522,Kitchen tools,801,801,1.0,0.875,false,9517.837000000003,34.690953593429164,9552.527953593431
6523,Bathroom accessories,13412,13412,1.0,0.9999999403953552,false,44600.934000000016,354.5248114989733,44955.45881149899
6524,Foodprep,13168,13168,1.0,0.5,false,0.0,3899528.628314166,3899528.628314166
6526,Batteries,8920,8920,1.0,0.75,false,13604.555999999999,266.1953273100618,13870.751327310061
6527,Batteries,32806,32806,1.0,0.99951171875,false,79709.0,312.7440164271048,80021.74401642711
6528,Sockets and security,25950,25950,1.0,0.99951171875,false,29186.710000000003,123.2170414784394,29309.92704147844
6533,Bath textiles and bath mats,27411,27411,1.0,0.99951171875,false,290629.4159999999,1747.4356714579048,292376.8516714578
6534,Hobby and creative,613,613,1.0,0.96875,false,2464.0139999999997,34.44617494866527,2498.460174948665
6538,Home decoration,1097,1080,0.9845031905195989,0.9999999990686774,false,9299.192000000005,147.30183655030797,9446.493836550313
6540,Cleaning products,17557,17557,1.0,0.9999990463256836,false,34804.895999999986,140.51111211498986,34945.407112114975
6541,Personal care,314,314,1.0,0.75,false,108.92699999999999,9.315151540041064,118.24215154004105
6544,Wash treatment and accessories,10465,10465,1.0,0.99609375,false,45326.861999999994,342.83611663244363,45669.69811663244
6545,Foods,849,849,1.0,0.75,false,873.1800000000004,12.495301848049277,885.6753018480497
6546,Cleaning products,7365,7365,1.0,0.999755859375,false,32970.335999999996,144.8175178644765,33115.15351786447
6547,Cleaning products,79621,75072,0.942866831614775,0.9999999990686774,false,76604.17799999999,858.3860016427108,77462.56400164269
6548,Cleaning products,3068,3068,1.0,0.9921875,false,14803.165999999997,109.15187104722797,14912.317871047226
6549,Cleaning products,18329,18329,1.0,0.999755859375,false,25551.490999999995,79.3782981519507,25630.869298151945
6552,Cleaning products,3488,3488,1.0,0.99609375,false,6672.959999999999,18.03057412731006,6690.99057412731
6553,Cleaning products,8772,8772,1.0,0.984375,false,12400.304,71.51356386036959,12471.81756386037
6558,Cleaning products,2632,2632,1.0,0.998046875,false,2419.27,33.90340041067762,2453.1734004106775
6559,Personal care,27167,27167,1.0,0.5,false,40986.778,2538.7301170431224,43525.50811704312
6562,Shoe maintenance,4917,4917,1.0,0.75,false,85415.86899999998,2780.0821080082137,88195.95110800819
6563,Residential odors,22580,22580,1.0,0.9921875,false,74171.713,197.2197420944559,74368.93274209446
6564,Sockets and security,8203,8203,1.0,0.5,false,0.0,120557.90560903496,120557.90560903496
6565,Coffee makers and kettles,151,151,1.0,0.5,false,0.0,23273.61012197124,23273.61012197124
6566,Electric personal care,8990,8990,1.0,0.9375,false,219138.87099999998,2054.555321560575,221193.42632156055
6567,(Steam) cleaners,369,369,1.0,0.875,false,61220.25,330.04971252566696,61550.299712525666
6568,Electric personal care,9237,9237,1.0,0.998046875,false,202163.11499999996,881.9501260780283,203045.065126078
6578,Frying pans,6815,6815,1.0,0.9998779296875,false,129971.275,3271.9525913757698,133243.22759137576
6583,Partyfun,8893,8893,1.0,0.998046875,true,4441.164,468.2059872689934,4909.369987268993
6587,Personal care,93,93,1.0,0.75,false,12.389999999999999,14.159709240246425,26.549709240246422
6603,Candles & Tealights,605,605,1.0,0.5,true,211.848,11.32346447638603,223.17146447638603
6604,Candles & Tealights,1157,1157,1.0,0.875,true,915.2149999999999,43.55527926078026,958.7702792607802
6619,Candles & Tealights,39432,39432,1.0,0.9921875,false,12350.632,23.38129938398357,12374.013299383983
6625,Photo frames & albums,10658,10658,1.0,0.96875,false,31525.129999999986,124.19014784394255,31649.32014784393
6628,Photo frames & albums,1548,1548,1.0,0.9990234375,false,16595.858999999997,122.67135770020526,16718.5303577002
6632,Stationary,11831,11831,1.0,0.875,false,4422.516000000001,5.437378644763857,4427.9533786447655
6633,Clocks,2577,2577,1.0,0.5,false,0.0,6755.3907523614,6755.3907523614
6654,Hobby and creative,395,395,1.0,0.75,false,0.0,136.58896755646805,136.58896755646805
6661,Fans and electric blankets,102,102,1.0,0.5,true,0.0,320.9453601642702,320.9453601642702
6662,Mugs and cups,2036,1384,0.6797642436149313,0.9999999990686774,true,0.0,1092.1934989733056,1092.1934989733056
6663,Others,2163,2163,1.0,0.5,true,0.0,677.1399835728954,677.1399835728954
6665,Tea and coffee,12809,12809,1.0,0.96875,false,23137.408000000003,54.864131416837765,23192.27213141684
6668,Waste bags,54218,54218,1.0,0.984375,false,77228.802,188.77167351129356,77417.57367351129
6673,Baskets,8938,8938,1.0,0.99993896484375,false,32494.728,94.0039917864476,32588.731991786448
6674,Baskets,6857,6857,1.0,0.9921875,false,8696.576,31.20345297741274,8727.779452977411
6675,Baskets,6918,6918,1.0,0.998046875,false,20910.554,66.09240739219709,20976.646407392196
6677,Wash treatment and accessories,915,915,1.0,0.5,true,0.0,284.7975613963038,284.7975613963038
6678,Baby / Toddler,167,167,1.0,0.875,true,0.0,45.388764681724844,45.388764681724844
6682,Cleaning products,15077,15077,1.0,0.9921875,false,43385.79699999999,219.24298973305957,43605.03998973305
6683,Cleaning products,3182,3182,1.0,0.998046875,false,5871.305999999999,39.91816262833676,5911.224162628336
6684,Waste bins,7964,7964,1.0,0.9999980926513672,false,135736.755,919.0550821355231,136655.81008213552
6686,Waste bins,2923,2893,0.989736572015053,0.9999999990686774,false,102349.23999999996,757.3306381930181,103106.57063819298
6688,Drink & food To Go,7695,7695,1.0,0.9921875,false,29716.218,119.10476427104723,29835.322764271048
6690,Cleaning products,21236,21236,1.0,0.99609375,false,22213.267999999996,213.02519589322387,22426.29319589322
6692,Electric personal care,39721,39721,1.0,0.75,false,659733.3749999998,7861.0301560574935,667594.4051560572
6700,Electric personal care,91,91,1.0,0.5,true,0.0,368.21855071868623,368.21855071868623
6703,Special pans,152,152,1.0,0.5,true,0.0,2418.566165092403,2418.566165092403
6711,Personal care,1354,1354,1.0,0.9998779296875,false,6733.384,315.0468784394248,7048.430878439425
6720,Candles & Tealights,130,130,1.0,0.5,true,0.0,16.343726488706334,16.343726488706334
6721,Candles & Tealights,128,128,1.0,0.5,true,0.0,14.923563039014367,14.923563039014367
6735,Vases,51074,51074,1.0,0.5,false,0.0,112393.95150800818,112393.95150800818
6743,Wash treatment and accessories,4955,4955,1.0,0.9999847412109375,false,28248.275999999994,635.7556213552361,28884.03162135523
6751,Cleaning products,39370,39370,1.0,0.9999847412109375,false,55629.587999999996,460.6957174537986,56090.28371745379
6753,Hobby and creative,1029,1029,1.0,0.96875,false,384.63599999999997,17.748918275154004,402.38491827515395
6762,"Cloths, mops, sponges and brush",21892,21892,1.0,0.99993896484375,false,17184.887999999995,127.09312114989731,17311.981121149893
6763,Planks,1315,1315,1.0,0.984375,false,17795.007999999998,237.2373162217659,18032.245316221764
6765,Tableware,2417,2417,1.0,0.999969482421875,false,4649.435,80.45072689938401,4729.885726899384
6768,Store kitchen,27003,27003,1.0,0.984375,false,119808.08699999996,483.00457084188895,120291.09157084185
6770,Cleaning products,19013,19013,1.0,0.75,false,0.0,2239.7778427104718,2239.7778427104718
6771,Cleaning products,16897,16897,1.0,0.875,false,16394.069999999996,94.11764476386043,16488.187644763857
6772,Thermometers,12532,12532,1.0,0.984375,false,0.0,867.0354431211496,867.0354431211496
6773,Measuring and weighing,23497,23497,1.0,0.9999995231628418,false,96385.21199999998,515.2402694045173,96900.4522694045
6775,Bathroom accessories,1432,1432,1.0,0.984375,false,18165.826,324.20643449692005,18490.03243449692
6776,"Cloths, mops, sponges and brush",155,155,1.0,0.5,false,0.0,229.50863490759747,229.50863490759747
6777,Baby / Toddler,215,215,1.0,0.5,true,0.0,355.9699995893224,355.9699995893224
6779,Waste bags,86173,86173,1.0,0.9998779296875,false,70485.177,851.8554616016429,71337.03246160164
6782,Storage boxes,8082,8082,1.0,0.9375,false,43528.8,134.29190965092397,43663.091909650924
6784,Cleaning products,11148,11148,1.0,0.9999847412109375,false,22918.27999999999,101.38601067761812,23019.66601067761
6786,Cleaning products,5631,5631,1.0,0.9921875,false,47037.58499999999,197.59298439425044,47235.17798439424
6787,Personal care,74762,74762,1.0,0.5,false,0.0,54634.54853593431,54634.54853593431
6791,Cleaning products,21107,21107,1.0,0.9999847412109375,false,40415.99099999999,1565.7136275154005,41981.704627515384
6792,Window and squeegees,6671,6671,1.0,0.998046875,false,19460.594999999998,128.79537166324428,19589.39037166324
6794,Cleaning products,8492,8492,1.0,0.75,false,460784.44299999997,13475.864357700213,474260.3073577002
6796,"Cloths, mops, sponges and brush",1716,1716,1.0,0.75,false,2783.984,81.54744722792609,2865.531447227926
6798,Cleaning products,2066,2066,1.0,0.875,false,1555.3579999999997,23.699585215605758,1579.0575852156055
6801,Partyfun,40498,40498,1.0,0.99951171875,false,31624.739999999994,50.83800739219716,31675.578007392192
6803,Residential odors,13898,13898,1.0,0.96875,false,25869.983999999997,83.82959671457904,25953.813596714575
6815,Partyfun,84619,84619,1.0,0.875,false,141329.66399999993,1344.270823819301,142673.93482381923
6830,Candles & Tealights,214,214,1.0,0.5,true,101.88499999999999,12.752347022587275,114.63734702258726
6833,Residential odors,10611,10611,1.0,0.999755859375,false,12725.566000000003,68.06290882956883,12793.62890882957
6838,Greeting cards,3512,3512,1.0,0.96875,false,7159.648999999999,158.5792792607803,7318.228279260779
6846,Photo frames & albums,16384,16384,1.0,0.96875,false,30005.373999999993,76.11856919917864,30081.49256919917
6848,Photo frames & albums,12640,12640,1.0,0.9375,false,23120.426000000003,53.031896509240234,23173.457896509244
6850,Photo frames & albums,2128,2128,1.0,0.984375,false,7475.0830000000005,34.03440533880903,7509.1174053388095
6864,"Glasses (drink, beer, wine etc)",378,378,1.0,0.5,true,116.05999999999997,98.59142094455845,214.65142094455842
6872,Drink & food To Go,892,892,1.0,0.75,false,693.3990000000001,278.33974086242284,971.7387408624229
6873,Reading glasses,1216,1216,1.0,0.5,true,0.0,124.01316427104723,124.01316427104723
6875,Racks and pockets,2126,2126,1.0,0.5,false,0.0,2912.249881314167,2912.249881314167
6879,"Glasses (drink, beer, wine etc)",88,88,1.0,0.5,true,0.0,149.7701170431211,149.7701170431211
6882,Teletoys,969,969,1.0,0.75,false,1599.983,221.55448747433266,1821.5374874743327
6883,Electric personal care,6298,4845,0.7692918386789457,0.9999999990686774,false,130483.899,1770.5155971252555,132254.41459712526
6884,Batteries,36242,36242,1.0,0.5,false,0.0,2496716.200830389,2496716.200830389
6887,Batteries,29964,29964,1.0,0.9375,false,54680.08,105.03024229979464,54785.110242299794
6893,Serve and present,2737,2737,1.0,0.9921875,true,9998.016000000001,88.43930513347021,10086.455305133471
6896,Store kitchen,31045,31045,1.0,0.9999961853027344,false,137208.25999999998,819.4225154004108,138027.6825154004
6897,Store kitchen,36435,36435,1.0,0.75,false,104124.44700000001,347.59641848049284,104472.0434184805
6898,Shoe maintenance,18709,18709,1.0,0.99951171875,false,0.0,1508.568232032855,1508.568232032855
6899,Cleaning products,18825,18825,1.0,0.96875,false,33237.337,432.773867351129,33670.110867351126
6900,Dishwashing articles,23249,23249,1.0,0.9921875,false,50678.488,327.8404090349075,51006.328409034904
6902,Shoe maintenance,16731,16731,1.0,0.99609375,false,0.0,2278.080290349075,2278.080290349075
6905,Racks and pockets,36135,36135,1.0,0.5,false,0.0,11735.189901437367,11735.189901437367
6908,Vacuuming,561,561,1.0,0.75,false,0.0,160.5949486652978,160.5949486652978
6909,Storage boxes,250,250,1.0,0.75,true,3098.0879999999997,70.54282053388097,3168.6308205338805
6910,Baskets,9335,9335,1.0,0.9921875,false,7711.080999999999,21.886519096509236,7732.967519096508
6911,Baskets,11083,11083,1.0,0.999755859375,false,28614.320000000003,75.02916221765912,28689.349162217663
6912,Storage boxes,93,93,1.0,0.5,false,0.0,80.81241848049275,80.81241848049275
6913,Personal care,20866,11240,0.538675357040161,0.9999999990686774,false,12964.875,78.81935318275148,13043.694353182751
6915,Hobby and creative,360,360,1.0,0.5,false,115.75900000000001,62.91973429158108,178.6787342915811
6916,Cleaning products,2785,2785,1.0,0.5,true,0.0,1176.6713100616016,1176.6713100616016
6921,Wash treatment and accessories,23831,23831,1.0,0.75,false,145717.474,6057.045572484603,151774.5195724846
6922,Wash treatment and accessories,30316,18799,0.6201015965166908,0.9999999990686774,false,180094.6,1082.2402809034907,181176.8402809035
6924,Residential odors,5146,5146,1.0,0.984375,false,14236.081999999999,129.88814209445582,14365.970142094455
6932,Others,1571,1571,1.0,0.96875,false,2623.802999999998,19.48042792607803,2643.283427926076
6934,Cooking pans,1497,1497,1.0,0.999969482421875,true,70858.984,842.3733075975363,71701.35730759753
6954,Candles & Tealights,7157,7157,1.0,0.998046875,false,166362.595,6781.4430390143725,173144.03803901438
6955,Candles & Tealights,78,78,1.0,0.5,true,0.0,41.78480821355235,41.78480821355235
6956,Candles & Tealights,194,194,1.0,0.75,true,702.0999999999999,45.502227926078014,747.602227926078
6957,Candles & Tealights,189,189,1.0,0.5,true,0.0,36.337365092402436,36.337365092402436
6964,Residential odors,34997,34997,1.0,0.75,false,536700.836,27282.014429979445,563982.8504299795
6969,Gift,22531,22531,1.0,0.9375,false,21732.984,163.1959416837782,21896.17994168378
6973,Gift,56661,56661,1.0,0.875,false,51890.92999999998,188.16183983572887,52079.09183983571
6977,Photo frames & albums,4362,4362,1.0,0.984375,false,18679.479,95.39834579055443,18774.877345790555
6978,Vases,17077,17077,1.0,0.984375,false,170329.12399999998,4075.138565092401,174404.2625650924
6985,Storage boxes,35698,35698,1.0,0.9999999962747097,true,212478.952,3671.292179055442,216150.24417905544
6987,Store kitchen,3523,3523,1.0,0.5,true,0.0,17362.255382751544,17362.255382751544
6994,Hobby and creative,529,529,1.0,0.5,true,0.0,179.23576180698151,179.23576180698151
7000,Hobby and creative,357,357,1.0,0.5,true,0.0,61.06591293634498,61.06591293634498
7001,Hobby and creative,454,454,1.0,0.75,true,0.0,145.72222833675548,145.72222833675548
7005,Kitchen tools,1041,1041,1.0,0.96875,false,5363.596,33.50241108829565,5397.0984110882955
7006,Drinks,3869,3869,1.0,0.875,false,35691.46,2144.5964681724813,37836.05646817248
7011,Others,3066,3066,1.0,0.5,true,0.0,3899.3514488706355,3899.3514488706355
7020,Bathroom accessories,7966,7966,1.0,0.99609375,false,112587.30000000002,305.3789815195072,112892.67898151952
7027,Toilet cleaners and odors,5782,5782,1.0,0.75,false,4889.269,436.6573121149895,5325.92631211499
7028,Light bulbs,1793,1793,1.0,0.9375,false,5240.2,52.765770020533864,5292.9657700205335
7029,Cleaning products,4738,4738,1.0,0.99993896484375,false,23363.444999999996,95.17549281314169,23458.620492813137
7030,Cleaning products,5480,5480,1.0,0.9921875,false,30818.788,182.6796813141683,31001.46768131417
7036,"Cloths, mops, sponges and brush",2667,2667,1.0,0.5,false,0.0,199714.64076714576,199714.64076714576
7050,Phones,8354,8354,1.0,0.5,false,0.0,8935.762975770022,8935.762975770022
7055,Electric personal care,9820,9820,1.0,0.9999990463256836,true,154214.718,1518.9841342915813,155733.70213429158
7080,Others,29051,28946,0.9963856665863482,0.9999999990686774,false,25799.199999999997,173.4696476386037,25972.669647638602
7089,Residential odors,66,66,1.0,0.5,true,0.0,11.71291170431212,11.71291170431212
7091,Gift,17523,17523,1.0,0.999755859375,false,11578.938,197.69413798767954,11776.632137987679
7093,Partyfun,5855,5855,1.0,0.99951171875,false,6441.309,43.94111293634499,6485.250112936345
7096,Others,8249,8249,1.0,0.75,true,4045.5799999999995,297.2611088295687,4342.841108829568
7103,Vases,15130,15130,1.0,0.99609375,false,49650.405000000006,164.5447540041068,49814.94975400411
7115,Window and squeegees,1697,1697,1.0,0.9375,true,6877.486000000001,44.6719158110883,6922.157915811089
7133,Games,138,138,1.0,0.875,true,913.234,18.124256262833665,931.3582562628337
7134,Tableware,3004,3004,1.0,0.5,true,0.0,1144.3390143737158,1144.3390143737158
7135,"Cloths, mops, sponges and brush",21985,21985,1.0,0.9999995231628418,false,21061.039999999994,159.91334702258732,21220.95334702258
7136,"Cloths, mops, sponges and brush",12591,12591,1.0,0.998046875,false,6371.659,50.41754743326487,6422.076547433265
7141,Laundry baskets,26948,22145,0.8217678491910346,0.9999999990686774,false,406457.0579999999,2105.5112537987684,408562.5692537987
7142,Baskets,8946,8946,1.0,0.9921875,false,12354.496,65.88497166324431,12420.380971663244
7143,Baskets,12453,12453,1.0,0.9921875,false,61910.933000000005,120.12644517453799,62031.05944517454
7144,Personal care,89392,65414,0.7317657061034545,0.9999999990686774,false,57651.047999999995,647.5961199178648,58298.64411991786
7145,Storage boxes,6963,6963,1.0,0.9921875,false,83341.56599999999,194.92829856262827,83536.49429856263
7146,Storage boxes,6513,6513,1.0,0.9921875,false,31617.425000000007,74.09389034907595,31691.51889034908
7148,Wash treatment and accessories,3033,3033,1.0,0.9990234375,false,10017.420000000002,40.872180698151915,10058.292180698154
7149,Wash treatment and accessories,1917,1917,1.0,0.984375,false,8472.072,42.486648049281335,8514.558648049282
7158,Cleaning products,18242,18242,1.0,0.998046875,false,14183.358,207.341891581109,14390.69989158111
7161,Bathroom accessories,24507,24507,1.0,0.875,false,0.0,467.97882505133475,467.97882505133475
7162,Measuring and weighing,12537,12274,0.979022094599984,0.9999999990686774,false,20146.014000000003,226.37383080082148,20372.387830800824
7163,Shoe maintenance,16679,16679,1.0,0.984375,false,44163.812,266.7072673511293,44430.51926735113
7168,Electric personal care,6733,6733,1.0,0.9375,false,120530.956,2197.5453334702265,122728.50133347024
7177,Moisture treatment and climate,38435,38435,1.0,0.998046875,false,247964.00999999995,3942.281014373717,251906.29101437368
7195,Candles & Tealights,210,210,1.0,0.875,true,786.0649999999999,50.0125277207392,836.0775277207391
7196,Candles & Tealights,129,129,1.0,0.875,true,0.0,123.51119383983564,123.51119383983564
7216,Photo frames & albums,13263,13263,1.0,0.984375,false,31696.125999999997,104.72430061601642,31800.850300616014
7225,Storage boxes,27545,27545,1.0,0.875,true,138799.955,488.3209774127306,139288.2759774127
7228,Kitchen helpers,2376,2376,1.0,0.875,true,29970.22,135.96505338809033,30106.18505338809
7230,Construction,1465,1465,1.0,0.5,false,17002.719999999998,823.4589856262833,17826.17898562628
7236,Boys toys,18,18,1.0,0.5,true,0.0,271.50549568788506,271.50549568788506
7239,"Cloths, mops, sponges and brush",13469,13469,1.0,0.9999847412109375,false,16566.858000000004,137.97672689938395,16704.83472689939
7240,Hobby and creative,226,226,1.0,0.9375,true,1828.0079999999998,65.85847515400414,1893.8664751540039
7242,Batteries,6646,6646,1.0,0.9375,false,7816.214000000001,20.9984275154004,7837.212427515401
7244,Cleaning products,2,2,1.0,0.5,true,0.0,26.72466324435315,26.72466324435315
0,total,20416787,19617401,0.960846630765164,0.8612384632902427,false,131647528.222,124541995.62363075,256189523.84563074
