article_id,article_name,total_demand,demand_satisfied_from_stock,achieved_fill_rate,target_fill_rate,slow_mover,holding_cost
1111,Puzzles,92,92,1.0,0.9999968196442064,true,260.90006735112905
1126,Table paper,3940,3940,1.0,0.9999994702229305,false,1060.96201724846
1127,Table paper,16478,16478,1.0,0.9999998770551868,false,118.76894537987677
1129,Kitchen tools,5969,5969,1.0,0.9999987798767435,false,327.93559753593433
1131,Bicycle accessories,5319,5319,1.0,0.9999996109316058,false,203.74938234086233
1134,Ironing boards,4323,4323,1.0,0.9999839021124761,false,1515.4150714579064
1135,"Cloths, mops, sponges and brush",9812,9812,1.0,0.9999998794339462,false,133.8246143737166
1136,Kitchen textile,9291,9291,1.0,0.9999997625169845,false,1291.2923716632442
1137,Table textiles,2134,2134,1.0,0.9999986224582846,false,186.0404229979466
1138,Table textiles,1839,1839,1.0,0.9999989439998501,false,148.17598275153995
1139,Table textiles,1671,1671,1.0,0.9999988361484135,false,165.43986283367545
1141,Bath textiles and bath mats,40275,40275,1.0,0.9999999459702928,false,1141.5983634496922
1151,Outdoor toys,1211,1211,1.0,0.9999988576745528,true,666.4333786447642
1162,Light bulbs,3278,3278,1.0,0.9999996772871327,false,96.08109445585211
1164,Batteries,72564,69748,0.961192878011135,0.9999997623931166,false,582.0948862423002
1166,Batteries,23330,23330,1.0,0.9999997902568635,false,199.36210431211504
1167,Batteries,59284,59284,1.0,0.9999995226154006,false,804.3289400410679
1170,Tableware,2968,2968,1.0,0.9999991116152261,false,161.62289075975366
1171,Stairs,9932,6307,0.6350181232380185,0.999995081138575,false,799.7688640657084
1172,"Cloths, mops, sponges and brush",22256,20407,0.9169212796549245,0.9999994786529582,false,620.6419630390142
1173,Racks and pockets,14647,13893,0.9485218816139824,0.9999997332853426,false,891.4274390143737
1174,Store kitchen,3367,3367,1.0,0.9999965774110636,false,1373.3922180698148
1178,Baskets,7854,7854,1.0,0.9999992368647018,false,163.22626447638604
1180,Construction,744,744,1.0,0.999996204886876,true,1252.9612340862416
1182,Laundry baskets,15616,11337,0.7259861680327869,0.9999971859464886,false,679.2967770020531
1183,Baskets,6644,6644,1.0,0.9999994824695241,false,100.4853622176591
1184,Baskets,7237,7237,1.0,0.999999721607331,false,388.30413798767944
1186,Cleaning products,612,612,1.0,0.9999995110462191,true,297.0650513347022
1187,Suitcases,691,691,1.0,0.9999935894611723,false,271.1964665297743
1188,Cleaning products,6544,6544,1.0,0.9999991756975687,false,254.3515400410678
1189,Wash treatment and accessories,308,308,1.0,0.9999991425731605,false,1528.8395018480496
1191,Cleaning products,39534,33777,0.8543785096372742,0.9999994624848573,false,334.1719564681725
1201,Electric personal care,10934,10934,1.0,0.9999993683453469,false,142.54890841889116
1202,Kitchen appliances,308,308,1.0,0.9999908843785464,false,3507.5085622176566
1205,Kitchen tools,32617,32617,1.0,0.9999999109838814,false,301.14929404517454
1209,Cooking pans,13941,10457,0.7500896635822394,0.9999962371288017,false,881.4380451745378
1218,Personal care,7639,7639,1.0,0.9999997519931468,false,81.40458973305965
1243,Photo frames & albums,17610,17610,1.0,0.9999998237497728,false,160.9336681724846
1245,Clocks,11810,11810,1.0,0.9999995528358686,false,1023.6806698151946
1248,Coffee makers and kettles,22220,22220,1.0,0.9999921760123223,false,14585.24788459959
1253,Frying pans,5926,5926,1.0,0.9999986293883145,false,423.89911786447635
1262,Construction,274,274,1.0,0.9999988011699787,true,185.6182583162216
1272,Hobby and creative,16598,16598,1.0,0.9999989260243247,false,470.05827351129386
1282,Table paper,17848,17848,1.0,0.999999568993482,false,1953.011053388091
1283,Measuring and weighing,17922,14804,0.8260238812632519,0.9999995683951017,false,325.35033511293636
1284,Ironing boards,5848,5848,1.0,0.9999866935534409,false,637.5987055441478
1286,Ironing boards,16453,16453,1.0,0.9999995944866568,false,1441.3798747433261
1288,Drying racks,4537,4537,1.0,0.9999954356108056,false,13603.466613141689
1289,Bicycle accessories,5244,5244,1.0,0.999998770581142,false,460.27461067761766
1290,Window and squeegees,50817,31697,0.6237479583603912,0.9999994231922419,false,3128.2387162217638
1293,Table textiles,904,904,1.0,0.9999985303249007,false,161.60703080082132
1294,Bed textile,3886,2961,0.7619660319094185,0.9999972661372567,false,2721.0551901437366
1296,Bath textiles and bath mats,26880,26880,1.0,0.9999993578471003,false,5309.481529774126
1304,Tableware,5563,5563,1.0,0.9999990492313424,true,1252.245308008214
1307,Suitcases,491,491,1.0,0.9999882776275889,false,464.2617388090344
1314,Dishwashing articles,284,284,1.0,0.9999989913133788,false,6915.481511293626
1316,Cutlery,2105,2105,1.0,0.9999998659276094,false,25.82663655030801
1318,Foods,634,634,1.0,0.9999997305393381,false,124.55331991786447
1321,Vases,434,434,1.0,0.9999994095038243,false,85.67253141683781
1322,"Glasses (drink, beer, wine etc)",417,417,1.0,0.9999997493598597,false,79.65353182751535
1327,Tableware,4841,4841,1.0,0.9999995672666732,false,114.91457577002046
1330,Cutlery,2487,2487,1.0,0.9999990813866378,false,135.5011416837782
1333,Cutlery,418,418,1.0,0.9999988808572832,true,116.48104928131418
1334,Hobby and creative,1836,1836,1.0,0.9999996131373508,true,40.2328004106776
1337,Hobby and creative,6390,6390,1.0,0.999999187847387,false,146.45437946611912
1340,Games,5073,5073,1.0,0.9999975913579735,true,1220.5164353182745
1347,Stuffed animals,3581,3581,1.0,0.9999991857464994,false,77.30698521560579
1352,Hobby and creative,252,252,1.0,0.9999965870402895,true,1764.9020800821356
1356,"Glasses (drink, beer, wine etc)",8720,8720,1.0,0.9999992077826331,false,289.9757330595483
1357,"Glasses (drink, beer, wine etc)",1325,1325,1.0,0.9999996532425662,false,142.01905872689935
1361,Light bulbs,1538,1538,1.0,0.9999995812833196,false,93.18536837782345
1362,Batteries,114318,114318,1.0,0.9999997894595296,false,589.20135523614
1368,"Glasses (drink, beer, wine etc)",5144,5144,1.0,0.9999997368985788,false,64.78609527720735
1369,"Glasses (drink, beer, wine etc)",1827,1827,1.0,0.9999993954318691,true,211.6607248459958
1373,Wash treatment and accessories,8522,8512,0.9988265665336775,0.9999997565970815,false,53.48505954825463
1378,Drink & food To Go,7829,7764,0.9916975348064887,0.99999911417951,false,214.32449363449723
1379,Window and squeegees,74989,67941,0.9060128818893438,0.9999998802125798,false,194.41647638603692
1380,Window and squeegees,115118,96664,0.8396949217324832,0.9999990828536138,false,2366.8369240246416
1382,Others,3977,3977,1.0,0.9999995159062346,false,472.73417084188935
1383,Table textiles,36285,36285,1.0,0.9999998041165389,false,1178.9433778234088
1384,Baskets,2516,2516,1.0,0.9999970458032358,false,339.1453342915811
1389,Tea and coffee,2698,2698,1.0,0.9999981547828001,true,128.26761190965084
1393,Kitchen helpers,9099,9021,0.9914276294098252,0.9999994129960373,false,238.36819712525676
1397,Tableware,8845,8845,1.0,0.99999986038935,false,559.2950813141683
1399,Store kitchen,40,40,1.0,0.9999918866494653,true,1648.128404928132
1403,Mugs and cups,25804,5338,0.20686715237947606,0.9999996546278805,false,4277.648484599588
1433,Puzzles,9388,7941,0.8458670643374521,0.9999928272256001,true,4945.539792197123
1438,Measuring and weighing,45133,13834,0.3065162962798839,0.9999997982938027,false,1499.5357798767961
1440,"TV, Audio & Video",13952,13952,1.0,0.9999952532413571,true,1027.0711047227928
1444,Planks,19061,19061,1.0,0.9999992442295537,false,8924.910664476389
1445,Kitchen tools,8382,8382,1.0,0.9999993588690721,false,538.1662036960984
1446,Cutlery trays,45371,45371,1.0,0.9999991664804863,false,719.4818969199179
1448,Store kitchen,9369,9369,1.0,0.9999994518762818,false,271.68754743326485
1449,Drying racks,2043,2043,1.0,0.9999974971348204,true,592.7557655030799
1451,Foils and bags,165,165,1.0,0.9999990031461338,true,2409.1557905544128
1453,Bathroom accessories,35159,35159,1.0,0.9999997956418893,false,2857.471394250512
1456,Baskets,2884,2884,1.0,0.9999995210258229,false,319.1709075975359
1458,Baskets,8054,8054,1.0,0.9999998774650324,false,223.1582981519508
1460,Baskets,10458,10458,1.0,0.9999997454687705,false,87.08533264887068
1461,Baskets,12061,12061,1.0,0.999999679421192,false,128.5037864476386
1462,Storage boxes,6753,6753,1.0,0.9999985246455432,false,336.26248993839835
1463,Bed textile,734,734,1.0,0.9999979293009373,true,1758.4288854209453
1466,Cleaning products,6666,6665,0.9998499849984999,0.9999990846149588,false,196.92235564681727
1468,Cleaning products,5087,5087,1.0,0.9999987215764928,false,291.1751449691993
1469,Cleaning products,84368,50144,0.594348568177508,0.9999957781658404,true,24259.060500205334
1470,Cleaning products,7796,7796,1.0,0.9999999228860348,false,60.22443531827514
1471,Window and squeegees,10616,9868,0.9295403165033911,0.9999896005000354,false,2621.404917864473
1474,Ironing,6607,3851,0.5828666565763584,0.9999511740645978,false,6316.106473921971
1477,Frying pans,1118,546,0.4883720930232558,0.9999892109677765,false,392.63087392197116
1490,Easter,22451,16126,0.7182753552180304,0.9999980977129214,false,1520.6872644763855
1508,Teletoys,946,946,1.0,0.9999983680622967,false,407.8968677618071
1512,Hobby and creative,304,304,1.0,0.999998021554722,true,184.2982595482546
1514,Tableware,2077,2077,1.0,0.9999995910629528,false,118.7540944558522
1527,Wash treatment and accessories,8366,5920,0.7076261056657901,0.9999975936390436,false,483.356672279261
1531,Drink & food To Go,1940,1940,1.0,0.9999982899263642,false,659.40400164271
1533,"Cloths, mops, sponges and brush",12046,12046,1.0,0.9999995330898119,false,437.3310225872687
1537,Cutlery,3376,3376,1.0,0.9999934374347719,false,453.0559691991788
1538,Drying racks,26,26,1.0,0.999997840867724,false,3068.730086242299
1540,Bicycle accessories,1653,1653,1.0,0.9999919829425963,true,6555.773129363449
1545,Table textiles,759,759,1.0,0.9999975530290747,true,768.7457293634496
1548,Ironing board textiles,33710,33710,1.0,0.9999993480834762,false,1327.4899609856257
1559,Tea and coffee,17942,17922,0.9988852970683313,0.9999996661080162,false,227.8093798767968
1561,Tea and coffee,502,502,1.0,0.9999998051308934,false,219.80209856262834
1564,Tableware,6517,6517,1.0,0.9999997327757884,false,278.67537002053393
1570,Kitchen tools,523,523,1.0,0.9999975307061404,false,303.9136529774128
1571,Tableware,3657,3657,1.0,0.9999998218192032,false,48.21053798767967
1575,"Cloths, mops, sponges and brush",2108,2108,1.0,0.9999995748763646,false,232.56796837782335
1582,Light bulbs,7425,7425,1.0,0.9999998725509653,false,96.74130513347023
1584,Light bulbs,845,845,1.0,0.9999993590715754,false,114.50280616016424
1585,Boys toys,1697,1697,1.0,0.9999976199270558,false,448.19278028747436
1589,Planks,346,346,1.0,0.9999994938100975,false,199.27740862423002
1593,Puzzles,510,510,1.0,0.9999969315516993,false,359.22863039014385
1597,Hobby and creative,3078,3078,1.0,0.9999995626263588,false,73.11474989733055
1605,Puzzles,4065,4065,1.0,0.9999992917962732,false,50.6076024640657
1606,Games,5212,5178,0.9934765924788949,0.9999991196006323,false,79.82587843942507
1607,Hobby and creative,3304,3304,1.0,0.9999990307445726,false,72.3264837782341
1612,Foodprep,20935,20935,1.0,0.9999964411181759,false,26087.415240246395
1617,"Glasses (drink, beer, wine etc)",1191,1191,1.0,0.9999997717575284,false,128.20241273100615
1618,"Glasses (drink, beer, wine etc)",13542,13369,0.9872249298478807,0.9999995431248956,false,227.00744147843946
1619,Residential odors,233,233,1.0,0.9999996579422141,false,58.612750718685795
1621,Waste bins,2342,963,0.4111870196413322,0.9999955110825974,true,163.55252772073922
1623,Kitchen helpers,15885,15885,1.0,0.9999996421526686,false,2187.8216550308007
1624,Cutlery,24225,23174,0.9566150670794633,0.9999996812488965,false,1639.7201314168376
1626,Drying racks,13613,13613,1.0,0.9999965737942085,false,1363.2426406570846
1631,Tea and coffee,22966,6006,0.26151702516763914,0.9999997739681692,false,892.5024722792607
1636,Tableware,195,195,1.0,0.9999937567968559,true,474.5592073921972
1637,Tea and coffee,12599,12599,1.0,0.9999993656720881,false,2781.4628156057493
1643,Light bulbs,9442,9442,1.0,0.9999998567633862,false,115.70726899383979
1646,Tea and coffee,63365,45149,0.7125226860254084,0.9999997806188635,false,576.081334291581
1650,Hobby and creative,11074,11074,1.0,0.9999990763135016,false,339.05060574948675
1661,Coffee makers and kettles,2701,1787,0.6616068122917438,0.9999803434993849,true,3806.083560985629
1662,Batteries,19629,19629,1.0,0.9999995984808586,false,235.90487268993837
1663,Hobby and creative,389,389,1.0,0.9999991555374169,true,90.52865708418881
1665,Bakeware,25086,24261,0.967113130829945,0.999999146608564,false,799.9555958932236
1666,Electric personal care,74624,74624,1.0,0.9999966960052266,false,5985.934055852158
1668,"Cloths, mops, sponges and brush",132035,104255,0.7896012420948991,0.9999996401483425,false,4019.8017798767955
1669,Store kitchen,8023,8023,1.0,0.9999991614353643,false,343.98922792607766
1670,Bathroom accessories,3440,3440,1.0,0.999998621989453,true,984.7586114989715
1672,Watering cans,78661,77141,0.9806765741600031,0.9999997551067492,false,1709.671197535934
1675,Baskets,14826,14826,1.0,0.999999797968326,false,122.97497946611907
1678,Wash treatment and accessories,3277,3277,1.0,0.9999993552631331,false,66.2817207392197
1679,Cleaning products,6798,6798,1.0,0.9999986633098621,false,248.74661848049283
1680,Cleaning products,93767,81614,0.8703915023409089,0.9999995896565274,false,515.5768501026691
1681,Cleaning products,9638,9638,1.0,0.9999996419666272,false,203.82440451745381
1688,Personal care,158518,101252,0.6387413416772859,0.99999983897887,false,457.3235716632441
1689,Personal care,174664,138203,0.7912506297806073,0.9999997289173016,false,710.1550882956878
1693,Coffee makers and kettles,11342,10621,0.9364309645565156,0.9999966960507465,false,1147.075551540041
1694,Electric personal care,71697,48553,0.677197093323291,0.9999977270379109,false,12972.740780698148
1711,Small garden,7132,7132,1.0,0.9999997412181916,false,577.6846102669404
1724,Candles & Tealights,366,366,1.0,0.9999998948303039,true,348.69824722792634
1738,Partyfun,38737,38737,1.0,0.9999999670125869,false,39.05357494866529
1739,Vases,5588,5384,0.9634931997136722,0.9999992958869052,false,160.38876057494875
1753,Others,1373,1373,1.0,0.9999994033156354,false,158.9009199178643
1760,Kitchen tools,172,172,1.0,0.9999965446616335,true,518.5340870636555
1762,Teletoys,337,337,1.0,0.9999986946162274,false,65.55998767967141
1763,Hobby and creative,16,16,1.0,0.9999985862507891,true,113.78779137576979
1764,Hobby and creative,235,235,1.0,0.9999992447960285,true,11453.409322792597
1766,Puzzles,37,37,1.0,0.9999985676084713,true,123.08506488706384
1771,Cleaning products,7304,6877,0.941538882803943,0.9999971621908423,false,469.03899301847997
1772,Window and squeegees,22402,21615,0.9648692081064191,0.9999984397258156,false,913.9219174537986
1773,Cleaning products,2604,2604,1.0,0.99999967957323,false,173.91595441478455
1774,"Cloths, mops, sponges and brush",6943,6943,1.0,0.9999989136728468,false,320.99254045174524
1783,Personal care,261084,261084,1.0,0.9999999040122238,false,462.6284447638604
1784,Cutlery,4160,4160,1.0,0.9999985090259665,false,183.88550677618073
1786,Racks and pockets,26438,26438,1.0,0.9999972615656149,false,9713.869688706367
1787,Stairs,9565,9485,0.9916361735493988,0.9999945959555784,false,1218.8048821355233
1795,"Cloths, mops, sponges and brush",2776,2776,1.0,0.9999998721703831,false,81.91910554414783
1797,Kitchen textile,4896,4896,1.0,0.9999995695078208,false,151.59056262833673
1799,Bath textiles and bath mats,69817,69817,1.0,0.9999996302202253,false,7336.570780287471
1806,Mugs and cups,54526,54526,1.0,0.9999995762947558,false,14448.697780698154
1813,Tea and coffee,17580,16782,0.9546075085324232,0.9999997495731837,false,292.229678439425
1815,Light bulbs,1805,1805,1.0,0.9999997499083428,false,60.24823819301849
1821,"Glasses (drink, beer, wine etc)",24,24,1.0,0.9999971628966514,true,152.71953757700192
1823,Drinks,467,467,1.0,0.9999992255355312,false,263.2472607802874
1826,"Cloths, mops, sponges and brush",691,691,1.0,0.9999999043305037,false,362.7822587268995
1828,Foods,79,79,1.0,0.9999998441275677,false,85.32110266940443
1829,"Glasses (drink, beer, wine etc)",1635,1635,1.0,0.9999996421945844,false,51.150575359342895
1831,Bakeware,417,417,1.0,0.9999964608051828,true,395.569712525667
1832,Tableware,5985,5985,1.0,0.9999991150721181,false,343.47891786447593
1833,Special pans,482,482,1.0,0.9999820659845301,true,627.8090000000002
1850,Girls toys,833,833,1.0,0.9999978474155807,true,224.40595400410677
1862,Coffee makers and kettles,210,210,1.0,0.9999984246701962,false,122317.90110882955
1868,Small storage,26244,26244,1.0,0.9999999019803238,false,141.62501190965082
1872,Toilet accessories,11682,11473,0.9821092278719398,0.9999993182864256,false,513.0094139630392
1874,Serve and present,619,619,1.0,0.9999992725510218,false,46.65924024640661
1876,Bathroom accessories,635,635,1.0,0.9999994901094195,false,39.050858316221806
1878,Bathroom accessories,1466,1466,1.0,0.9999994591187751,false,55.37616919917864
1879,Travel accessories,565,565,1.0,0.9999995905925825,false,59.10754004106772
1880,Laundry baskets,20385,16143,0.7919058130978661,0.9999962401885676,false,1402.4280369609862
1882,Baskets,17633,17633,1.0,0.9999996727459863,false,217.7070517453797
1883,Baskets,10058,10058,1.0,0.9999997975885295,false,68.57348049281315
1884,Storage boxes,28789,28789,1.0,0.9999965129788853,false,2045.5269544147836
1886,Personal care,58240,57629,0.9895089285714286,0.9999999010204379,false,150.81642874743324
1887,Foods,976,976,1.0,0.9999998352862415,false,63.95690143737169
1889,Tools,4587,3234,0.7050359712230215,0.9999986927648367,false,216.77459712525663
1891,Toilet cleaners and odors,5007,5007,1.0,0.9999997366353008,false,64.59376632443528
1892,Wash treatment and accessories,11153,11153,1.0,0.9999989207495497,false,432.39784804928115
1893,Cleaning products,5100,5100,1.0,0.9999988917441458,false,198.42035852156067
1894,Cleaning products,3566,3566,1.0,0.9999975731532514,false,279.70497659137595
1898,Cleaning products,24615,23206,0.9427584806012594,0.9999995879148548,false,215.38143901437363
1903,Residential odors,5082,5082,1.0,0.9999994917124205,false,86.80145174537991
1904,Dishwashing articles,47415,43591,0.9193504165348518,0.9999998382339013,false,513.7678373716633
1905,Stationary,75818,75818,1.0,0.9999999493574514,false,324.304762217659
1906,Drink & food To Go,15968,15968,1.0,0.9999998229852539,false,199.4666213552361
1908,Drink & food To Go,9567,7840,0.8194836416849587,0.9999992057367493,false,553.7622841889118
1917,Frying pans,23580,18094,0.767345207803223,0.9999979430637147,false,1575.837527720736
1944,Candles & Tealights,14263,14263,1.0,0.9999991024571612,false,1759.719679671457
1945,Candles & Tealights,217,217,1.0,0.9999998352627203,true,184.22109856262819
1947,Candles & Tealights,15118,15118,1.0,0.9999994521402609,true,541.0768583162217
1948,Candles & Tealights,16364,16364,1.0,0.9999995616900567,false,230.02427474332654
1965,Residential odors,15343,12554,0.8182232940102978,0.99999967839036,false,69.99779794661191
1970,Photo frames & albums,2322,2322,1.0,0.9999996292312151,false,74.585580698152
1981,Foodprep,1007,1007,1.0,0.999981789920283,true,5109.493225872686
1982,Drink & food To Go,17276,9559,0.5533109516091688,0.9999982618508624,true,1481.663911704312
1997,"Glasses (drink, beer, wine etc)",2163,1668,0.7711511789181692,0.9999996467303024,false,10.940732648870629
2004,Knives,215,215,1.0,0.9999917856106001,true,1304.8962866529773
2006,Fans and electric blankets,778,778,1.0,0.9999981365916862,false,452.17294004106736
2007,Table textiles,296,296,1.0,0.9999991737128282,true,188.0939527720738
2009,Hobby and creative,414,414,1.0,0.9999975483864205,false,93.59071868583155
2011,Boys toys,9799,9799,1.0,0.9999996595688173,false,92.72765462012323
2014,"Glasses (drink, beer, wine etc)",2430,2430,1.0,0.9999998518578311,false,89.80381930184802
2019,Shoe maintenance,1403,1403,1.0,0.9999913818857483,false,462.86904640657104
2021,Baskets,4366,4366,1.0,0.9999993538405115,false,98.33924845995895
2023,Vacuuming,140,140,1.0,0.9999986246973006,false,42672.892075975375
2024,Toilet accessories,15767,15403,0.9769138073190842,0.9999976973974726,false,797.9029026694046
2025,Knives,62750,61890,0.9862948207171315,0.9999998559765642,false,1576.1426731006163
2030,Ironing board textiles,18520,18520,1.0,0.9999994493624653,false,741.1549605749492
2035,Bed textile,660,660,1.0,0.9999952737767204,true,6123.265811088289
2045,Shopping bags and trolleys,6342,6342,1.0,0.999999795892401,false,102.52379671457899
2049,Hobby and creative,10656,10656,1.0,0.9999985571755786,false,401.62231211499
2050,Boys toys,2569,2569,1.0,0.9999997074433075,false,47.692839835728975
2055,Hobby and creative,5984,5984,1.0,0.9999995256401027,false,79.75536098562617
2062,Hobby and creative,2094,2094,1.0,0.9999972956838622,false,325.454550308008
2069,Hobby and creative,2593,2593,1.0,0.9999989780804459,false,72.66247227926074
2072,Foodprep,3883,3883,1.0,0.9999937254466102,false,746.242416837782
2077,Small storage,41641,41641,1.0,0.999999912973599,false,234.36445585215614
2078,Racks and pockets,23620,23620,1.0,0.9999994707360832,false,432.2390472279257
2082,Waste bins,5133,5133,1.0,0.9999983028560958,false,169.4186858316221
2085,"Cloths, mops, sponges and brush",13906,13906,1.0,0.9999995716676308,false,374.14548665297724
2086,Cutlery,2392,2392,1.0,0.9999998038998318,false,78.42515400410679
2087,Cleaning products,11109,11109,1.0,0.9999996833092845,false,154.36198767967133
2088,Cleaning products,3531,3531,1.0,0.9999994948959819,false,76.40798973305948
2092,Cleaning products,2657,2657,1.0,0.9999997699655858,false,18.64345790554414
2093,Cleaning products,4446,4446,1.0,0.999998754785218,false,119.65425708418896
2094,Wash treatment and accessories,22885,22885,1.0,0.9999982928646399,false,4927.135259958932
2097,Shoe maintenance,6599,6599,1.0,0.9999916824298438,false,2212.1766702258733
2099,Store kitchen,2182,2021,0.9262144821264895,0.9999975300027856,true,903.1718924024636
2101,Coffee makers and kettles,13360,12807,0.9586077844311377,0.9999975206473586,false,875.3182513347015
2102,Electric personal care,44172,39143,0.8861495970297927,0.9999975113972785,false,3410.3211630390133
2103,Coffee makers and kettles,1880,1880,1.0,0.9999983258634653,true,184.9414459958932
2109,Pan sets,3333,3333,1.0,0.9999921108682192,false,1057.9973174537988
2114,Construction,382,382,1.0,0.9999988639621068,false,125.46205503080083
2135,Watering cans,6662,6662,1.0,0.999999622715522,false,181.76206324435304
2152,Tableware,1109,756,0.6816952209197475,0.9999981978964282,true,2125.5572673511306
2153,Teletoys,446,446,1.0,0.9999977087532672,false,587.0918858316215
2159,Phones,35,35,1.0,0.9999981774117851,true,13.774758110882958
2161,Boys toys,830,830,1.0,0.9999981241881908,false,138.57316139630382
2163,Boys toys,1938,1938,1.0,0.9999982060382269,true,113.6040952772073
2164,Foods,794,794,1.0,0.9999998571128832,false,33.694832032854215
2165,Games,404,370,0.9158415841584159,0.9999905865999109,false,3659.190469815195
2167,Games,1476,1476,1.0,0.9999938274452312,true,886.3281416837783
2170,"Glasses (drink, beer, wine etc)",895,895,1.0,0.9999991831468843,false,213.13107268993863
2179,Window and squeegees,7822,7315,0.9351828176936845,0.9999946165631135,false,904.2762135523609
2182,Cleaning products,49145,48297,0.9827449384474514,0.9999989968709332,false,423.56680041067756
2183,"Cloths, mops, sponges and brush",8299,8299,1.0,0.9999997291692502,false,110.15768624229986
2185,Special pans,23039,23039,1.0,0.99999965818625,false,2681.3669839835716
2188,Cutlery,4779,4779,1.0,0.9999992256140481,false,281.2644731006158
2189,Toilet accessories,12701,12666,0.9972443114715377,0.9999983027650432,false,498.7227589322382
2190,Window and squeegees,56073,56073,1.0,0.9999995788854854,false,642.2081753593429
2192,Clothes hangers,51913,51913,1.0,0.9999997566861643,false,8105.844556878849
2194,Wash treatment and accessories,24294,24294,1.0,0.9999996593957262,false,3760.5321462012307
2195,Table textiles,885,885,1.0,0.9999981995474724,false,188.64554414784388
2196,Table textiles,3060,3060,1.0,0.999999010354548,false,170.77443778234087
2200,Bath textiles and bath mats,14253,14032,0.9844944923875675,0.9999997957644895,false,800.061535934291
2202,Bed textile,2926,2926,1.0,0.9999981100813504,false,3430.1875885010277
2212,Thermos jugs,1159,1159,1.0,0.9999979486755052,false,316.5769347022587
2218,Tableware,1039,1039,1.0,0.9999984802621908,false,82.01432854209446
2219,Thermos jugs,1998,1861,0.9314314314314315,0.9999951299672433,false,346.33322464065697
2221,Planks,2424,2424,1.0,0.9999992884504488,false,126.5335753593429
2223,Cutlery,1504,1504,1.0,0.9999988091889651,false,329.82260492813145
2224,Personal care,121,121,1.0,0.9999988711000584,false,447.45599507186785
2225,Personal care,167,167,1.0,0.9999999255379599,false,4.878948254620119
2228,Tableware,7343,7343,1.0,0.9999996700714312,false,368.31866078028753
2230,"Cloths, mops, sponges and brush",775,775,1.0,0.9999998838340408,true,333.3455712525669
2232,"Cloths, mops, sponges and brush",380,380,1.0,0.9999998964644039,false,332.24972484599573
2246,Baby / Toddler,479,479,1.0,0.9999987484500148,false,89.19439096509232
2256,Baby / Toddler,1235,1235,1.0,0.9999976260017899,true,510.9242648870632
2264,Personal care,6516,5753,0.8829036218538981,0.9999998604946078,false,69.60156632443532
2265,Drink & food To Go,13824,13660,0.9881365740740741,0.9999997103661318,false,245.7117577002052
2269,Baskets,4362,4362,1.0,0.9999983760593415,false,241.0663248459959
2270,Euro articles,1960,1960,1.0,0.9999997863611946,false,58.33386036960982
2271,"Cloths, mops, sponges and brush",69775,61887,0.8869509136510212,0.9999997768852035,false,1032.1274907597533
2273,Tea and coffee,3785,3785,1.0,0.9999984974070997,true,276.89525133470215
2282,"Cloths, mops, sponges and brush",1592,1592,1.0,0.9999999526053154,false,160.2303967145791
2283,Ironing board textiles,50860,50860,1.0,0.9999995619355346,false,1442.7142558521566
2288,Bed textile,12367,12367,1.0,0.99999921316993,false,5432.487996303903
2291,Mugs and cups,29430,5380,0.18280665987088004,0.999999611852178,false,6773.931610677621
2330,Store kitchen,3359,3359,1.0,0.999999836106569,false,19.820274332648857
2336,Vacuuming,12394,12394,1.0,0.9999992348506318,false,1826.4131556468171
2337,Light bulbs,4048,4048,1.0,0.9999996695320478,false,133.91009486652973
2341,Store kitchen,338,338,1.0,0.9999990645073494,true,326.5298825462014
2342,Drink & food To Go,19763,19067,0.9647826746951373,0.9999992032767235,false,598.4448911704312
2344,"Cloths, mops, sponges and brush",46435,35595,0.7665554000215354,0.9999996036068454,false,1169.1579268993842
2345,Kitchen tools,8390,8369,0.9974970202622169,0.9999986463764747,false,334.03450636550303
2350,Baskets,11259,11259,1.0,0.999999660445348,false,175.85385626283374
2353,Cleaning products,12814,12814,1.0,0.9999991228081101,false,331.1288049281313
2354,Cleaning products,6489,6489,1.0,0.9999989256856147,false,183.9397905544147
2355,Suitcases,367,367,1.0,0.9999889318106547,false,343.1854928131419
2356,Cleaning products,4859,4859,1.0,0.99999979468661,false,38.53074250513345
2359,Foods,466,466,1.0,0.9999998385738693,false,86.15137741273097
2361,Cleaning products,34,34,1.0,0.9999998025751199,false,98.8340291581111
2363,Residential odors,7433,7433,1.0,0.99999976258087,false,236.59471909650907
2364,Personal care,67167,67167,1.0,0.9999998249197605,false,184.7963835728951
2369,Window and squeegees,1748,1154,0.6601830663615561,0.9999953620235168,false,1118.9913531827513
2370,Ironing,18545,14671,0.7911027231059585,0.9999967081929508,false,2674.4198275154004
2379,Pan sets,5909,5909,1.0,0.9999898619939805,false,2052.5060550308003
2391,Foods,638,638,1.0,0.9999996267855941,false,123.4440800821355
2394,Residential odors,10216,10216,1.0,0.9999998726583021,false,40.31068583162217
2402,Baby / Toddler,86,86,1.0,0.9999953054699205,true,424.01122135523576
2406,Partyfun,2088,2088,1.0,0.9999999273430954,false,57.14039917864476
2408,Construction,324,324,1.0,0.9999990636870805,false,51.96229363449689
2410,Construction,446,446,1.0,0.9999982131477447,false,197.53149650924036
2412,Electric personal care,242,242,1.0,0.9999716671623933,true,2109.0292468172474
2415,Batteries,1114,1114,1.0,0.9999990257077921,false,55.31686324435318
2416,Construction,379,379,1.0,0.9999964457570789,true,1161.6694418891163
2421,Ironing,1645,894,0.5434650455927051,0.999992148441075,false,423.4639708418891
2423,Store kitchen,13821,13821,1.0,0.9999998571030516,false,66.9973305954825
2430,Baskets,3902,3902,1.0,0.9999981287996981,false,236.8294763860368
2435,Vacuuming,258,258,1.0,0.9999994469881299,false,8172.856798767959
2436,Bakeware,53806,53806,1.0,0.9999998068606637,false,540.5341700205337
2437,Knives,56854,46406,0.816231047947374,0.9999998941690458,false,1191.088271457905
2441,Window and squeegees,28572,28316,0.9910401791964161,0.9999997241218227,false,537.0971728952773
2443,Drying racks,20986,17032,0.8115886781663967,0.9999922414218805,false,18807.028914989736
2445,Partyfun,45597,45597,1.0,0.9999996214610036,false,411.8129839835728
2449,Tableware,42050,42050,1.0,0.9999997233448835,false,2623.3838739219723
2451,Mugs and cups,14992,6258,0.41742262540021347,0.9999997504648007,false,1139.3248410677618
2454,Tableware,11828,4926,0.4164693946567467,0.9999995323513242,false,967.6841396303898
2463,Tableware,995,497,0.4994974874371859,0.9999815232286627,false,1139.4301946611897
2465,Tableware,7123,6045,0.8486592727783238,0.9999991937027234,false,191.34694620123204
2471,Vases,270,270,1.0,0.9999994871099916,false,65.59589897330595
2474,Tableware,2818,2818,1.0,0.9999997274438676,false,1661.128080492813
2478,Kitchen tools,935,935,1.0,0.9999996053663908,false,103.32636468172485
2486,Dishwashing articles,169,169,1.0,0.9999998513532654,false,520.2713347022587
2494,Oven dishes,1096,1096,1.0,0.9999994163389068,false,264.4373843942504
2495,Drinks,707,707,1.0,0.9999996809086116,false,197.32013963039006
2497,Table paper,1154,1154,1.0,0.9999993389433832,false,169.09620862422986
2498,Thermos jugs,1093,1093,1.0,0.9999977690595109,false,115.30746406570839
2499,Foils and bags,133,133,1.0,0.9999986484509154,true,3305.507118685831
2505,Pan sets,102,102,1.0,0.9999427775093341,true,441.0120969199178
2511,Games,3273,3273,1.0,0.9999973304100525,false,166.78339425051342
2518,Games,1849,1849,1.0,0.9999855485076611,true,4074.3752258726945
2519,"Glasses (drink, beer, wine etc)",1498,1498,1.0,0.9999997582303233,true,2611.4544969199146
2525,Table paper,7359,7328,0.995787471123794,0.9999999415627325,false,37.34181190965091
2526,Table paper,10145,10145,1.0,0.9999999434926443,false,43.19585297741271
2529,Store kitchen,5932,5842,0.9848280512474713,0.9999962502562966,false,370.6472459958931
2531,Drying racks,7029,7029,1.0,0.9999964619750674,false,845.9010201232035
2532,Ironing boards,209,209,1.0,0.9999829594050469,false,1942.6774176591373
2544,Mugs and cups,22605,10418,0.4608714886087149,0.9999994785774038,false,5286.785152361394
2549,Serve and present,10114,10114,1.0,0.9999993338876249,false,204.67178110882946
2579,Coffee makers and kettles,16662,16662,1.0,0.9999963272700267,false,1396.396172895278
2580,Vacuuming,35919,35919,1.0,0.9999992986915986,false,2631.881546201232
2584,Store kitchen,59182,59182,1.0,0.9999995180964706,false,572.3477383983573
2585,Store kitchen,35781,35781,1.0,0.9999996224701596,false,336.5886899383983
2587,Bathroom accessories,27717,27717,1.0,0.9999997661077172,false,304.01313634496915
2588,Watering cans,37586,37586,1.0,0.9999998253945245,false,165.4706858316221
2589,Bathroom accessories,4163,4163,1.0,0.9999995892029151,false,67.62482956878848
2591,Tea and coffee,15093,15093,1.0,0.999998431884269,false,16304.294534291568
2592,Storage boxes,1447,1447,1.0,0.9999977878371284,false,299.979629979466
2594,Cleaning products,4592,4592,1.0,0.9999995038186112,false,85.82480944558517
2596,Cleaning products,7201,7201,1.0,0.9999991349093514,false,408.3789995893222
2597,Cleaning products,3028,2988,0.9867899603698811,0.9999997385560846,false,61.9774078028747
2599,Wash treatment and accessories,48483,45690,0.942392178701813,0.9999995487350807,false,1149.1798377823407
2600,Cleaning products,2342,2342,1.0,0.9999999275455717,false,35.293982751540035
2601,Wash treatment and accessories,4662,3878,0.8318318318318318,0.999999094421476,false,231.96519507186866
2602,Foils and bags,15789,15789,1.0,0.9999992565494674,false,579.0498718685832
2604,Cleaning products,57483,50514,0.8787641563592714,0.9999994846343226,false,237.52865708418878
2605,Vacuuming,124528,123657,0.9930055891044585,0.9999998524565904,false,767.1594344969199
2606,Personal care,134990,93063,0.6894066227127935,0.999999755118019,false,547.1465396303898
2608,Coffee makers and kettles,9533,9533,1.0,0.9999928584172523,false,1402.379315811087
2613,Cooking pans,1807,1807,1.0,0.999995496746072,true,650.0101971252568
2634,Candles & Tealights,7570,7570,1.0,0.9999992314522067,true,469.27118891170454
2637,Vases,1740,1740,1.0,0.9999994346478094,false,84.45407433264883
2645,Partyfun,13099,13055,0.9966409649591572,0.9999997491038568,false,108.02481067761805
2646,Photo frames & albums,12645,12645,1.0,0.9999998587392892,false,127.5645790554415
2652,Construction,345,345,1.0,0.9999967630935112,false,336.73815646817246
2654,Tableware,3460,2532,0.7317919075144509,0.9999779435951085,true,6502.548665297737
2658,Fans and electric blankets,536,536,1.0,0.9999989489012976,false,121.56904312114989
2660,Electric personal care,1660,1660,1.0,0.9999970172647507,false,271.41815523613957
2661,Phones,48,48,1.0,0.9999991566195335,true,12.436139630390162
2665,Others,1759,1759,1.0,0.9999997258768303,true,351.82509117043105
2667,Store kitchen,688,688,1.0,0.9999989203362546,true,232.25759671457894
2671,Games,10032,10032,1.0,0.9999967008064167,false,723.8041683778231
2672,Tea and coffee,13687,13687,1.0,0.9999997106901305,false,187.3142102669404
2674,Stuffed animals,2175,2175,1.0,0.9999978627619912,false,167.52619630390146
2677,"Glasses (drink, beer, wine etc)",1833,1565,0.8537915984724496,0.9999968529074255,false,204.9611498973303
2680,Drink & food To Go,16441,16441,1.0,0.9999997347410572,false,404.807613963039
2686,Kitchen tools,4880,4822,0.9881147540983607,0.9999987653352901,false,204.2575047227926
2688,Foils and bags,70520,70520,1.0,0.9999999311112313,false,186.9868201232034
2689,Vacuuming,150,150,1.0,0.9999986284024875,false,14501.133837782343
2690,Gift,37683,32657,0.8666242072021867,0.9999999353378255,false,346.6954624229978
2691,Toilet accessories,3832,3832,1.0,0.9999984255560062,false,252.00850924024658
2694,Bathroom accessories,8885,8885,1.0,0.9999985609720392,false,315.7825913757699
2698,Kitchen helpers,5042,5042,1.0,0.9999991008043017,false,301.9457129363447
2699,Window and squeegees,26092,26092,1.0,0.9999998856761739,false,324.44224394250506
2701,Ironing board textiles,23297,23297,1.0,0.9999997817075414,false,357.7598349075976
2702,Table textiles,533,533,1.0,0.9999984327748165,false,124.89164845995892
2718,Bathroom accessories,1192,1192,1.0,0.9999980039506638,false,235.03749075975355
2719,Light bulbs,4294,4294,1.0,0.999999554019069,false,255.39069650924023
2720,Cleaning products,4467,4467,1.0,0.9999998730626112,false,50.38817905544146
2730,Kitchen tools,1890,1890,1.0,0.9999990454496296,false,401.8646702258728
2732,Cutlery,2954,2954,1.0,0.9999999055122593,false,23.749335523613947
2736,Oven dishes,886,886,1.0,0.9999962135197126,true,196.4728837782339
2745,Stuffed animals,2455,1766,0.7193482688391039,0.9999981686355612,true,156.18232689938398
2748,Stuffed animals,79,79,1.0,0.9999994461546171,true,208.39980287474333
2758,Baby / Toddler,165,165,1.0,0.9999986034485671,true,287.33263080082077
2761,Kitchen helpers,1990,1990,1.0,0.9999946020130049,true,1110.9262464065696
2763,Dishwashing articles,103294,62221,0.602367998141228,0.9999999384263081,false,535.1464209445586
2764,"Cloths, mops, sponges and brush",18354,18354,1.0,0.9999994124859142,false,763.3976229979462
2773,Foils and bags,18944,18944,1.0,0.9999998089899528,false,188.88374537987684
2777,Ironing board textiles,8787,8787,1.0,0.9999997824878709,false,279.66799589322386
2778,Kitchen tools,73547,73547,1.0,0.9999996496836676,false,5054.120595482547
2781,Ironing boards,9738,9234,0.9482439926062847,0.9999828328654705,false,4050.5251420944555
2783,Drying racks,10981,10981,1.0,0.9999936392054132,true,13836.328886242298
2784,Table textiles,1154,1154,1.0,0.9999985261619668,false,171.7297466119097
2786,Bed textile,12586,12586,1.0,0.9999991281753506,false,1964.2424312114977
2787,Bath textiles and bath mats,8616,8616,1.0,0.9999995823876476,false,1258.7078000000006
2791,Table textiles,7090,7090,1.0,0.9999988790024341,false,1945.5172731006148
2793,Baskets,5909,5909,1.0,0.9999997623703175,false,389.72074825462005
2794,Fans and electric blankets,1860,1860,1.0,0.9999960288934171,false,666.8615630390141
2796,Tableware,5092,5092,1.0,0.9999992880763761,false,149.00872114989733
2805,Light bulbs,6226,6226,1.0,0.9999998961442259,false,59.594009856262865
2817,Foodprep,10476,10476,1.0,0.9999986533014785,false,19883.244277207392
2823,Batteries,120724,24650,0.20418475199628905,0.9999996766874499,false,3403.434071457904
2826,Wash treatment and accessories,7714,7714,1.0,0.9999989671173107,false,230.57935318275162
2828,Store kitchen,23882,23882,1.0,0.9999992870865099,false,1022.1376455852154
2829,"Cloths, mops, sponges and brush",136452,109792,0.8046199396124645,0.9999997899277775,false,1928.3444907597525
2832,Window and squeegees,16086,16086,1.0,0.9999993174016671,false,472.6340636550309
2833,Racks and pockets,34281,34281,1.0,0.9999996196946253,false,280.62777207392196
2835,Clothes hangers,50901,47123,0.9257774896367459,0.9999998738477459,false,531.56455687885
2838,Thermos jugs,9835,9835,1.0,0.9999990084744028,false,1928.0824952772064
2839,Thermos jugs,8942,8942,1.0,0.9999981750094264,false,5594.833442299791
2842,Baskets,9006,9006,1.0,0.9999998555405505,false,46.397698973305936
2844,Cleaning products,10724,10724,1.0,0.9999996276390816,false,136.1061429158111
2845,Cleaning products,4523,4523,1.0,0.9999997041412344,false,52.73411909650924
2846,Cleaning products,5239,5239,1.0,0.9999992744894886,false,125.82208213552366
2847,Personal care,11466,11466,1.0,0.9999998811428503,false,69.9117367556468
2853,Cleaning products,71,71,1.0,0.9999994790948663,false,70.46313264887068
2854,"Cloths, mops, sponges and brush",15206,15206,1.0,0.9999997567792692,false,385.8598069815196
2855,Window and squeegees,52599,52599,1.0,0.9999998942690348,false,477.4378891170428
2894,Residential odors,13450,13292,0.9882527881040892,0.9999997286722683,false,53.08692484599592
2905,Pan sets,2757,2302,0.8349655422560754,0.9999900566841974,false,1193.7281252566734
2909,Kitchen tools,490,490,1.0,0.9999989349671987,false,169.7266225872691
2911,Teletoys,241,241,1.0,0.9999959808700246,true,292.6925149897328
2912,Construction,84,84,1.0,0.9999931347530275,true,829.1218361396304
2917,Construction,140,140,1.0,0.9999994637672293,false,64.47202956878841
2922,Pan sets,1219,1219,1.0,0.9999954355766616,false,919.3017351129367
2925,Kitchen helpers,765,765,1.0,0.9999995105405981,false,1354.9175420944557
2929,Thermos jugs,4070,4070,1.0,0.9999944244981376,false,621.9013765913759
2934,"Glasses (drink, beer, wine etc)",1255,1255,1.0,0.9999964500947206,true,599.0846049281315
2938,Personal care,35090,35090,1.0,0.9999994256073357,false,374.32424969199167
2940,Ironing boards,1521,1107,0.727810650887574,0.9999963184973533,true,660.6595889117045
2943,Knives,24107,24107,1.0,0.9999995126793758,false,1658.4070410677614
2947,Kitchen helpers,19958,19958,1.0,0.9999985079079354,false,7816.646303901436
2949,Kitchen textile,6536,6536,1.0,0.999999765028373,false,712.257388090349
2950,Kitchen textile,3369,3369,1.0,0.9999990086043782,false,1895.039180698152
2951,Racks and pockets,16599,16599,1.0,0.9999997300491837,false,316.9226772073922
2952,Table textiles,419,419,1.0,0.9999975481427729,true,504.0975917864479
2953,Bath textiles and bath mats,32620,32620,1.0,0.9999993818251086,false,4873.670340862424
2957,Mugs and cups,14904,8201,0.5502549651100376,0.9999996735614981,false,753.1527248459957
2968,Tea and coffee,72275,63341,0.8763887928052577,0.9999997243004496,false,1196.4933782340868
2969,Tea and coffee,75168,75168,1.0,0.9999994656714348,false,943.8178250513345
2974,Foils and bags,542,542,1.0,0.9999998161025963,false,47.46961601642711
2977,Drink & food To Go,377,377,1.0,0.9999990097620269,true,1380.365330595483
2978,Tools,1633,1633,1.0,0.999999048650997,false,156.09456098562634
2979,Tableware,1158,1158,1.0,0.9999990434046799,false,61.52142751540043
2980,Light bulbs,6031,6031,1.0,0.9999991077526259,false,395.1889125256674
2985,Cutlery,3224,3224,1.0,0.9999998435858191,false,80.68221560574948
2987,Tableware,4401,4401,1.0,0.9999997647470348,false,44.020427104722785
2996,Baby / Toddler,4645,4575,0.984930032292788,0.999994451336698,false,1459.677463655031
2997,Games,1296,1296,1.0,0.999996891827526,false,136.6611466119096
3014,Phones,9792,9792,1.0,0.9999914731847309,false,1921.8394036960972
3015,Batteries,34161,34161,1.0,0.9999997156801718,false,430.7368213552362
3021,"Glasses (drink, beer, wine etc)",668,668,1.0,0.9999997751990888,false,62.08849650924026
3027,Kitchen helpers,28049,26012,0.9273770900923384,0.9999998323653697,false,1132.77066201232
3030,Vacuuming,183,183,1.0,0.9999995200137861,false,320.1328283367559
3031,Vacuuming,105,105,1.0,0.9999989148983603,false,6808.732546201238
3033,Kitchen helpers,17842,17842,1.0,0.9999994550411081,false,1222.0655367556465
3034,Measuring and weighing,39713,2902,0.07307430816105558,0.9999997522729928,false,2234.1247433264894
3036,Ironing boards,20693,20693,1.0,0.9999973600659454,false,9141.764371663246
3037,Drying racks,8537,7179,0.8409277263675764,0.9999870299307729,false,2460.2985724845994
3042,Bed textile,3261,3261,1.0,0.9999981092796821,false,2583.2735605749485
3046,Others,548,548,1.0,0.9999982678066375,false,82.94877535934293
3047,Bath textiles and bath mats,21094,21094,1.0,0.9999993662476763,false,3098.489486652978
3055,Tea and coffee,342,342,1.0,0.9999996168269658,true,250.7837765913757
3058,"Glasses (drink, beer, wine etc)",7658,7658,1.0,0.9999995055865708,false,141.32893921971254
3059,Games,2181,2181,1.0,0.9999978568032308,false,129.7534661190965
3063,Games,94,94,1.0,0.9999967525206472,true,239.17167638603703
3075,Boys toys,1226,1226,1.0,0.9999987045213203,true,225.33409650924014
3080,Batteries,50340,48529,0.9640246324990067,0.9999994238109765,false,876.4624049281311
3082,Batteries,13532,13532,1.0,0.9999996710785364,false,162.18419876796696
3083,"Cloths, mops, sponges and brush",57325,57325,1.0,0.9999999482350429,false,176.81222669404505
3087,Coffee makers and kettles,9201,9201,1.0,0.9999988028529583,true,16129.660382751545
3090,Personal care,27052,27052,1.0,0.9999993778513414,true,4912.5437757700165
3091,"Cloths, mops, sponges and brush",27805,27805,1.0,0.9999994671281804,false,927.7852780287471
3092,Cutlery,2866,2866,1.0,0.9999998739386315,false,54.10374455852157
3093,Bathroom accessories,8434,8434,1.0,0.9999984136338188,false,395.1966427104722
3097,Laundry baskets,14879,10575,0.7107332482021641,0.9999985417026988,false,390.3542353182751
3098,Baskets,13833,13833,1.0,0.9999995635538247,false,162.91238275154
3104,Cleaning products,6600,6600,1.0,0.9999991534917924,false,237.18239999999994
3106,Baskets,3698,3698,1.0,0.9999996406495913,false,370.28887761807
3108,Light bulbs,8382,8382,1.0,0.9999999364654104,false,47.244644353182785
3110,Ironing boards,2324,1545,0.6648020654044751,0.9999971330218587,false,877.5009117043121
3112,Dishwashing articles,11331,4056,0.35795604977495366,0.9999993348769286,false,191.77122381930184
3114,"Cloths, mops, sponges and brush",21918,21918,1.0,0.9999966612421911,false,26099.660721149892
3120,Electric personal care,11613,10891,0.9378282958753121,0.9999944425372836,false,1457.3373535934297
3121,Electric personal care,8571,8336,0.9725819624314549,0.9999972740935218,false,475.6391363449691
3123,Alarm clocks,18502,12575,0.6796562533780132,0.999999018304217,false,2214.850802464065
3128,Stationary,32283,32283,1.0,0.9999999654872846,false,48.26843531827515
3159,Pan sets,3411,3411,1.0,0.9999592161621006,true,16372.51290924025
3162,Kitchen tools,244,244,1.0,0.9999986369807063,true,512.1948151950722
3163,Tea and coffee,1833,1833,1.0,0.9999998787309847,false,64.67259466119096
3165,Construction,448,448,1.0,0.9999981654795952,true,474.47392238193044
3170,Stationary,4116,4116,1.0,0.9999999260715874,false,13.605335112936348
3171,Batteries,1515,1515,1.0,0.999999426423645,false,66.322895687885
3172,Toilet cleaners and odors,78,78,1.0,0.9999996364968154,true,4132.5188501026605
3173,Construction,296,296,1.0,0.9999982512868686,true,253.8205232032855
3176,Girls toys,8,8,1.0,0.9999977391530585,true,233.77282217659086
3179,Baby / Toddler,12321,12321,1.0,0.9999981677043668,false,473.33484845995883
3185,Kitchen appliances,8227,8227,1.0,0.999989669015718,false,70629.58534989742
3188,Personal care,12110,12110,1.0,0.9999995409505354,false,374.1123264887064
3189,Wash treatment and accessories,13808,9991,0.7235660486674391,0.999997548283158,false,672.0409995893222
3196,"Cloths, mops, sponges and brush",8363,8363,1.0,0.9999991300516922,false,416.27697741273107
3201,Oven dishes,2419,2419,1.0,0.9999998610015451,false,227.88030554414794
3205,Partyfun,28055,28055,1.0,0.9999995944450945,false,277.0125092402464
3210,Knives,57,57,1.0,0.9999130523983679,true,7819.849756878877
3212,Table textiles,1724,1724,1.0,0.9999992839730704,false,109.02751540041065
3218,Mugs and cups,20254,4905,0.2421743853066061,0.9999994523772393,false,1876.944117453799
3228,Vases,9090,9090,1.0,0.9999996609202838,false,177.94536139630392
3229,Tea and coffee,9999,9670,0.9670967096709671,0.9999997615162329,false,148.98690759753586
3230,Hobby and creative,195,195,1.0,0.9999992186805251,true,96.69038767967143
3235,Cutlery,2192,2192,1.0,0.999998979266441,false,119.77930266940446
3237,Oven dishes,855,855,1.0,0.9999987736462194,false,166.40130061601678
3238,Large garden,242,242,1.0,0.9999989495256005,true,304.3346735112938
3244,Serve and present,709,709,1.0,0.9999994793865284,false,38.218171663244334
3246,Kitchen helpers,779,779,1.0,0.9999952096275873,true,1462.420405749487
3247,Cutlery,1348,1348,1.0,0.9999989992181476,false,69.2513392197125
3249,Shopping bags and trolleys,6110,6110,1.0,0.999999888711254,false,963.0788008213552
3251,Laundry baskets,167,167,1.0,0.9999981696902668,false,205.1189301848051
3252,Thermos jugs,1068,1068,1.0,0.9999981670324659,false,226.49228747433267
3259,Hobby and creative,5394,5394,1.0,0.9999989826106099,false,217.83398316221775
3264,Hobby and creative,3170,3170,1.0,0.9999986053234826,false,135.7972057494866
3279,Table textiles,6665,6665,1.0,0.9999995932583507,true,173.720753593429
3281,Vacuuming,396,396,1.0,0.9999989006770997,false,1671.7410492813124
3285,Knives,13611,13611,1.0,0.9999998450294969,false,893.4637864476388
3286,Knives,24629,22404,0.9096593446749767,0.9999998518150396,false,790.8234907597537
3287,Drying racks,10459,10459,1.0,0.9999869636656418,false,28619.15853511293
3288,Bicycle accessories,1823,1823,1.0,0.9999916787446316,true,2636.8683778234085
3291,Kitchen textile,11083,11083,1.0,0.9999998246452119,false,934.9338850102663
3293,Bed textile,3772,3772,1.0,0.9999985437092905,false,6793.926514168379
3295,Mugs and cups,21626,5024,0.23231295662628318,0.9999997453399951,false,2119.279569609856
3296,Mugs and cups,16197,10515,0.6491942952398593,0.99999941870226,false,2957.9787396303896
3297,Mugs and cups,23104,5582,0.24160318559556787,0.9999994810171002,false,4107.417295687884
3298,Mugs and cups,13180,7911,0.6002276176024279,0.9999997719463389,false,459.2085839835729
3321,Puzzles,1176,1176,1.0,0.9999978239740136,true,371.38192977412797
3322,Foodprep,7318,7318,1.0,0.9999967536035042,false,11001.159635728949
3329,Baby / Toddler,273,273,1.0,0.9999986850394337,false,218.0013190965093
3330,Moisture treatment and climate,14282,14282,1.0,0.9999989830718825,false,4888.435666529775
3332,Cleaning products,88246,88246,1.0,0.99999985134457,false,925.5925186858312
3333,Bathroom accessories,3072,3072,1.0,0.9999993293202254,false,92.28138809034905
3335,Bathroom accessories,634,634,1.0,0.9999983671258766,false,590.6882788501027
3336,Thermos jugs,4674,4674,1.0,0.9999945737359445,false,859.7407934291582
3337,Cleaning products,11582,11582,1.0,0.9999996501579614,false,137.90823326488703
3339,Baskets,7856,7856,1.0,0.9999995760692533,false,98.57185256673515
3341,Cleaning products,4412,4412,1.0,0.9999983473774647,false,200.71595318275158
3342,Cleaning products,6561,6561,1.0,0.9999995355302356,false,118.71844188911706
3343,Cleaning products,10488,9879,0.941933638443936,0.9999997020322423,false,93.89381149897325
3346,Window and squeegees,1143,1143,1.0,0.9999993757244291,false,135.0835420944558
3348,Wash treatment and accessories,31574,10797,0.3419585735098499,0.9999989891449448,false,4236.947900205339
3349,Waste bins,2949,2949,1.0,0.9999992471530423,false,123.03225585215603
3350,Cleaning products,1938,1938,1.0,0.9999996849903633,false,99.50299917864479
3352,Cleaning products,4422,4422,1.0,0.999999793448632,false,57.76949075975354
3353,Bathroom accessories,42047,42047,1.0,0.9999999386949974,false,308.40323449691994
3354,Bathroom accessories,24788,24788,1.0,0.9999997193402362,false,2440.261059548253
3355,Toilet accessories,40666,27030,0.6646830275906163,0.9999998261564698,false,823.5122402464063
3356,Residential odors,12863,12863,1.0,0.9999995955134976,false,165.2423679671458
3359,Electric personal care,6266,6266,1.0,0.999986675162738,false,2815.983805749486
3363,Electric personal care,2970,2970,1.0,0.9999929785236353,false,385.7730903490757
3366,"TV, Audio & Video",245,245,1.0,0.9999849304195461,true,36758.70331991791
3368,Bathroom scales,13306,10598,0.7964827897189238,0.9999979866255154,false,889.7593260780294
3370,Special pans,7773,7773,1.0,0.999976496543847,true,43250.65717043117
3387,Candles & Tealights,845,845,1.0,0.9999998663892969,true,286.30123326488723
3388,Candles & Tealights,804,804,1.0,0.9999998377120536,true,247.40854045174507
3410,Foods,950,950,1.0,0.9999998801947254,false,28.709593018480476
3411,Construction,393,393,1.0,0.9999964619620537,false,406.515728952772
3413,Boys toys,1082,1082,1.0,0.9999993745999212,true,296.58578850102657
3414,Electric personal care,1671,1671,1.0,0.9999932870558064,true,2178.603569199178
3416,Construction,511,511,1.0,0.9999971832155937,true,1189.019402053388
3428,Store kitchen,24307,8980,0.369440901797836,0.9999967046224066,false,7816.340097741272
3429,Sockets and security,1249,1249,1.0,0.9999996472721941,false,36.400034496919886
3436,Toilet cleaners and odors,3691,2863,0.7756705499864536,0.9999994078942569,false,106.14490677618073
3438,Cooking books,9539,9539,1.0,0.9999969831047484,false,630.2869281314169
3441,"Glasses (drink, beer, wine etc)",4202,4202,1.0,0.9999991632597938,true,267.2078032854209
3442,Window and squeegees,29425,29329,0.9967374681393373,0.9999985084048791,false,1160.9836229979458
3443,Window and squeegees,33103,29092,0.8788327341932756,0.9999973831793671,false,2540.241723203285
3444,Kitchen tools,19156,19156,1.0,0.9999995667531077,false,3053.115213552362
3445,Cutlery,7377,7377,1.0,0.9999994643230034,false,188.44735934291577
3453,Ironing board textiles,51921,51921,1.0,0.9999993070178549,false,2199.5763942505123
3457,Bath textiles and bath mats,35178,35178,1.0,0.9999995051063031,false,5819.158308418887
3465,Tableware,37656,35491,0.942505842362439,0.9999997089520896,false,543.0109568788502
3467,Cutlery,687,687,1.0,0.9999987854877664,false,287.9075248459961
3468,Tableware,698,698,1.0,0.9999980035188274,false,118.40299630390143
3469,Baby / Toddler,850,850,1.0,0.9999974186070347,true,268.5322349075974
3471,Cutlery,3263,3263,1.0,0.9999997493889224,false,59.731865297741294
3473,Serve and present,2628,2628,1.0,0.9999986203344998,false,118.9685273100616
3474,Cutlery,3624,3624,1.0,0.9999997953272227,false,93.96850595482545
3476,Light bulbs,5182,5182,1.0,0.9999996966652696,false,137.69844024640662
3477,Tableware,5323,5323,1.0,0.9999995446789882,false,161.55153388090343
3478,Baskets,2631,2631,1.0,0.9999995593881921,false,236.67467145790553
3482,Drink & food To Go,4388,4388,1.0,0.99999964954268,false,277.79412320328544
3483,Light bulbs,4844,4844,1.0,0.9999998956229403,false,64.48132073921973
3485,Frying pans,1675,1675,1.0,0.9999928865767262,false,1155.8686583162219
3490,Hobby and creative,5656,5656,1.0,0.9999987046957317,false,191.5109014373716
3499,Hobby and creative,62,62,1.0,0.9999993382520352,false,53.32585626283363
3504,Games,2890,2855,0.9878892733564014,0.9999972315994969,true,828.5560205338807
3514,Drink & food To Go,5723,5723,1.0,0.9999997974580949,false,97.57732648870635
3517,Measuring and weighing,22004,22004,1.0,0.9999999190540894,false,72.30137002053387
3519,"Glasses (drink, beer, wine etc)",411,411,1.0,0.9999996641515165,false,37.72098480492812
3526,Window and squeegees,2399,2399,1.0,0.9999983021014894,false,925.6865831622177
3528,Toilet cleaners and odors,4347,3454,0.794570968484012,0.999999497727519,false,103.42882628336756
3529,Kitchen helpers,54710,54710,1.0,0.9999998329249424,false,1781.6823363449682
3531,Vacuuming,141,141,1.0,0.9999991292272504,false,1491.4069141683785
3532,Kitchen tools,39401,35991,0.9134539732494099,0.9999997655486605,false,854.7295379876798
3533,Tea and coffee,8223,8223,1.0,0.9999991439633459,false,3177.7465913757683
3541,"Cloths, mops, sponges and brush",123,123,1.0,0.9999999758328685,false,73.18504312114992
3543,Bath textiles and bath mats,7761,7761,1.0,0.9999996220024381,false,859.1186069815196
3546,Bed textile,1544,1544,1.0,0.9999959136005112,false,4701.955304312113
3549,Mugs and cups,35436,14882,0.4199683937238966,0.9999993589875527,false,2616.6144283367544
3556,Tea and coffee,11594,11551,0.9962911850957392,0.9999997720595754,false,130.73354661190962
3558,Kitchen helpers,1919,1919,1.0,0.9999997301190804,false,387.9362513347024
3560,Oven dishes,81,81,1.0,0.9999962786589901,true,935.7517437371662
3561,Oven dishes,408,408,1.0,0.9999989250462364,true,187.94237618069826
3576,Hobby and creative,1799,1799,1.0,0.9999983010985065,true,256.2640320328542
3579,Batteries,9980,9980,1.0,0.9999975750315429,true,2607.8882858316215
3583,Baby / Toddler,962,962,1.0,0.9999986584494567,false,89.96550636550309
3587,Bakeware,25737,25737,1.0,0.9999997388930884,false,2259.4397186858314
3588,Drink & food To Go,27154,27154,1.0,0.9999996644774958,false,451.15036509240247
3589,Dishwashing articles,98839,85942,0.8695150699622619,0.9999997833449733,false,976.871537577002
3591,Dishwashing articles,94783,91466,0.9650042729181393,0.9999999249589911,false,1491.9663880903495
3592,"Glasses (drink, beer, wine etc)",1868,1868,1.0,0.9999996304055223,false,38.25380698151951
3593,Cleaning products,17337,17337,1.0,0.9999995086825537,false,1058.539873511294
3594,Clothes hangers,112663,112663,1.0,0.9999996949455731,false,2513.5965466119096
3597,Oven dishes,807,807,1.0,0.999998482927436,false,175.77135112936338
3601,Personal care,74,74,1.0,0.9999984768625431,false,213.36211293634494
3602,Wash treatment and accessories,1980,1980,1.0,0.99999937698658,false,191.05508501026705
3603,Cleaning products,54259,54157,0.9981201275364455,0.9999996724282799,false,525.3730209445584
3605,Baskets,2813,2813,1.0,0.9999996467913899,false,231.86003408624236
3607,Cleaning products,1537,1537,1.0,0.9999984394729023,false,172.48938891170425
3611,Wash treatment and accessories,16452,16452,1.0,0.9999990222988097,false,288.63815236139646
3612,Dishwashing articles,5264,5264,1.0,0.9999998013842313,false,63.728836550307996
3616,Cleaning products,7345,7345,1.0,0.9999993682232645,false,319.9258583162219
3619,Ironing,11892,11892,1.0,0.9999491263826245,false,13293.518206981524
3622,Alarm clocks,20563,20563,1.0,0.9999990778263866,false,12459.70647720739
3623,Electric personal care,2232,2151,0.9637096774193549,0.9999791507256424,true,2952.073131416837
3641,Candles & Tealights,1049,1049,1.0,0.9999996914049836,true,676.3046636550314
3646,Party lights,12601,12601,1.0,0.9999995982250451,false,13154.248432032859
3647,Residential odors,9449,9449,1.0,0.9999998143085371,false,34.029256673511334
3651,Vases,16851,15278,0.9066524241884755,0.9999986628852777,false,646.1366472279261
3661,Kitchen tools,8058,8058,1.0,0.9999996628631492,false,122.91866324435316
3670,Construction,279,279,1.0,0.9999991731418614,false,119.2810320328542
3671,Hobby and creative,327,327,1.0,0.9999992182228734,false,26.088942505133478
3674,Puzzles,231,231,1.0,0.9999962742916397,false,832.7559917864467
3675,Construction,549,549,1.0,0.9999953773186637,true,3314.461875154005
3678,Boys toys,34,34,1.0,0.9999975176207572,true,453.2672254620116
3687,"Glasses (drink, beer, wine etc)",2020,2020,1.0,0.9999998358362727,false,82.95855523613957
3690,"Glasses (drink, beer, wine etc)",1354,1354,1.0,0.9999998415108812,false,55.91762135523613
3691,"Glasses (drink, beer, wine etc)",1249,1249,1.0,0.9999987574304277,true,252.19814168377812
3692,Cleaning products,7893,7893,1.0,0.9999993276893366,false,1567.1928583162216
3696,Drink & food To Go,453,453,1.0,0.9999994648512796,false,159.8334579055443
3698,Cooking books,146,146,1.0,0.9999963800972719,false,378.9152464065708
3700,Clocks,3076,3076,1.0,0.9999992079408975,false,65.50144928131414
3705,Ironing,156,156,1.0,0.9999926895529311,true,24723.518721971217
3719,Mugs and cups,9911,4719,0.47613762486126526,0.9999995556723293,false,756.6148386036961
3720,Mugs and cups,11289,4953,0.43874568163699174,0.9999993139401679,false,1005.6711273100616
3721,Mugs and cups,24620,20747,0.8426888708367181,0.9999996810452835,false,3016.9512616016427
3722,Mugs and cups,23861,3609,0.1512509953480575,0.9999995860625543,false,4051.076698973306
3733,Oven dishes,163,163,1.0,0.9999975323312101,false,209.00759835728968
3735,Tableware,1036,1036,1.0,0.9999995048102325,false,26.105061190965095
3736,"Cloths, mops, sponges and brush",11383,11383,1.0,0.9999998025841335,false,304.9665708418892
3738,Puzzles,3111,3111,1.0,0.9999996470884261,false,19.89431047227926
3741,Kitchen helpers,762,536,0.7034120734908137,0.9999962490676806,false,157.9309096509241
3746,Cutlery,2515,2515,1.0,0.9999998572477092,false,31.517018480492844
3752,Cooking books,537,537,1.0,0.9999988598676084,false,258.3474965092403
3753,Light bulbs,2303,2303,1.0,0.9999994936940223,false,159.52202546201235
3754,Special pans,607,532,0.8764415156507414,0.9999990051611978,false,174.762158110883
3755,Personal care,462,462,1.0,0.9999998227546723,false,25.400875564681723
3756,Wash treatment and accessories,3081,3052,0.9905874716001298,0.9999992098701023,false,197.25177823408626
3757,Cutlery,1565,1565,1.0,0.9999995775342887,false,137.91822587268996
3758,Light bulbs,5072,5072,1.0,0.9999997473244272,true,545.2686480492813
3759,Personal care,762,762,1.0,0.9999998761440027,false,10.687387268993838
3772,"Glasses (drink, beer, wine etc)",773,773,1.0,0.9999997467164948,false,96.56740041067758
3779,Vacuuming,368,368,1.0,0.9999992579475944,false,1562.3682110882964
3782,Ironing boards,4727,4727,1.0,0.9999805452424058,false,2620.217574127312
3783,Clothes hangers,82972,67643,0.8152509280239116,0.999999831849937,false,1890.7886542094463
3788,Bath textiles and bath mats,47222,47222,1.0,0.9999999128580719,false,851.19287063655
3797,Vehicles,4008,4008,1.0,0.9999980697686587,false,166.69068090349074
3803,Hobby and creative,1932,1932,1.0,0.9999972268197468,false,268.9589273100617
3815,Tea and coffee,3722,3539,0.9508328855454057,0.9999998142537398,false,71.87907597535934
3819,Coffee makers and kettles,391,391,1.0,0.9999722125282051,true,11437.36912032853
3822,Batteries,93369,93369,1.0,0.9999999523292078,false,164.39868254620134
3827,Personal care,482,482,1.0,0.9999998880505276,false,6.2000451745379905
3828,Drink & food To Go,17461,16945,0.9704484279250902,0.9999993280972491,false,373.99214784394263
3831,Baskets,12429,12429,1.0,0.9999996132257275,false,113.09847104722789
3832,Tools,7314,7314,1.0,0.9999988915553298,false,236.1746127310062
3835,Personal care,13812,13812,1.0,0.9999997510098351,false,96.80793018480493
3836,Personal care,114,114,1.0,0.999999820371765,false,144.85344065708406
3837,Wash treatment and accessories,2881,2881,1.0,0.9999994854564265,false,107.79054209445576
3844,Wash treatment and accessories,29869,21842,0.7312598346111353,0.9999991754294826,false,1185.277840246406
3845,Personal care,19686,19686,1.0,0.9999996137855389,false,242.64148583162205
3886,Gift,3367,3367,1.0,0.9999998584325142,false,618.927351129364
3891,Residential odors,6970,6970,1.0,0.9999997776758466,false,89.3961232032855
3909,Construction,226,226,1.0,0.999996330431153,true,822.1349075975361
3910,Kitchen tools,1981,1981,1.0,0.9999990611381694,false,126.73913388090352
3911,Teletoys,585,585,1.0,0.9999977258605212,false,724.003344969199
3912,Hobby and creative,505,505,1.0,0.9999989196908943,true,165.05534291581097
3915,Construction,305,305,1.0,0.9999984658388248,false,472.521301848049
3918,Special pans,4185,4185,1.0,0.9999978858526204,false,553.2797757700205
3920,Games,1919,1919,1.0,0.9999962824919368,true,892.8428907597539
3921,Teletoys,355,355,1.0,0.9999992259670333,false,44.17117577002054
3922,Vehicles,4419,4419,1.0,0.9999993200093751,false,108.34261355236133
3923,Games,1944,1872,0.9629629629629629,0.9999984065122062,true,276.4299080082135
3925,"Glasses (drink, beer, wine etc)",3405,3405,1.0,0.9999994388499474,false,83.41782997946615
3947,Bath textiles and bath mats,13253,13253,1.0,0.9999995016567226,false,286.2023104722793
3948,Bath textiles and bath mats,14811,14811,1.0,0.9999984999007546,false,875.8886694045171
3951,Window and squeegees,60373,60373,1.0,0.9999999035317335,false,720.3967351129361
3965,Oven dishes,248,248,1.0,0.9999986283599039,true,202.7021420944559
3967,Ironing boards,127,127,1.0,0.9999873151672471,false,796.1533798767961
3970,Foods,124,124,1.0,0.9999998261075107,false,51.28356960985624
3971,Cleaning products,656,656,1.0,0.9999981252541668,true,799.842037782341
3973,Light bulbs,2433,2433,1.0,0.9999997338096472,false,77.03921149897329
3975,Table paper,1674,1674,1.0,0.9999998783484675,false,50.63295770020534
3979,Special pans,680,620,0.9117647058823529,0.9999991699073234,false,106.83983860369611
3987,Travel accessories,1130,1130,1.0,0.9999996233340518,false,62.852333059548236
3989,Tea and coffee,13674,13401,0.9800351031154015,0.9999986723252001,false,5226.924435318275
4006,Hobby and creative,5386,5386,1.0,0.999999440040278,false,130.40692402464066
4016,Hobby and creative,510,510,1.0,0.9999989354975467,false,142.56651909650932
4028,Window and squeegees,68609,59600,0.8686906965558454,0.9999992619885575,false,1007.4604250513346
4029,Shoe maintenance,3407,3407,1.0,0.9999997850934177,false,255.27256180698149
4036,Vacuuming,164,164,1.0,0.999998782191269,false,1427.4595482546208
4040,Kitchen textile,12795,12795,1.0,0.9999997747621872,false,727.4938151950715
4042,Window and squeegees,14677,13498,0.9196702323363085,0.9999990466951428,false,839.6756570841886
4043,Table textiles,2570,2570,1.0,0.9999993984389431,false,104.2432583162218
4046,Tableware,12066,4329,0.3587767279960219,0.999999457200364,false,620.9376591375774
4047,Tableware,15264,15264,1.0,0.9999996358071838,false,2856.6624558521567
4054,Light bulbs,7689,7689,1.0,0.9999998739748909,false,91.54382956878848
4055,Thermos jugs,1959,1959,1.0,0.9999993094055992,false,75.37879712525664
4059,Foods,300,300,1.0,0.9999997044853427,false,86.95697823408618
4068,Baby / Toddler,744,682,0.9166666666666666,0.9999981185438421,true,248.17044517453783
4073,Hobby and creative,6489,6489,1.0,0.9999997829395355,false,27.415889527720754
4074,Puzzles,4263,4263,1.0,0.9999994639027131,false,39.28505215605751
4076,Vehicles,162,162,1.0,0.9999953726608083,false,291.3656944558522
4077,Puzzles,4444,4444,1.0,0.9999991084504813,false,89.0717026694045
4079,Foodprep,7093,7093,1.0,0.999995970980688,false,15522.920741683782
4080,Coffee makers and kettles,2875,2875,1.0,0.9999962123838478,true,56186.52849404519
4085,Vacuuming,5287,5280,0.9986759977302818,0.9999822093295152,false,2306.026739630391
4086,Fans and electric blankets,13284,13284,1.0,0.9999921252972114,true,21238.35419999997
4091,Store kitchen,725,725,1.0,0.9999994140409296,true,230.86085379876806
4094,Bathroom accessories,2958,2958,1.0,0.9999990003689936,false,73.18627351129362
4097,Cleaning products,26319,26319,1.0,0.9999996700552104,false,629.6733572895281
4098,Cooking pans,79,79,1.0,0.9999816801366316,true,1102.61502422998
4103,Wash treatment and accessories,2154,2154,1.0,0.999999776611563,false,30.327866529774113
4104,Cleaning products,5399,5399,1.0,0.9999989566278509,false,141.1071154004107
4105,(Steam) cleaners,156,156,1.0,0.9999979124981129,true,195.07039712525665
4108,Wash treatment and accessories,39177,11397,0.29091048319166857,0.9999992279810596,false,4115.984562628336
4113,Residential odors,5318,5318,1.0,0.9999997352076189,false,231.7625630390144
4114,Window and squeegees,78016,61590,0.7894534454470877,0.9999995328447089,false,951.800429568788
4116,Shoe maintenance,2629,2339,0.8896918980600989,0.9999995325235643,true,198.11362915811077
4117,Coffee makers and kettles,37998,37781,0.9942891731143745,0.9999970492957461,false,2179.736149075975
4122,Electric personal care,18647,17348,0.9303373196760873,0.9999949642119641,false,1337.0644603696098
4123,Electric personal care,21869,21869,1.0,0.999995593941805,false,2981.8440509240254
4133,Special pans,22939,22121,0.9643402066349884,0.9999952590075694,false,2428.997125256673
4134,Frying pans,8230,7984,0.9701093560145808,0.9999790598724158,false,4404.215039014372
4153,Stationary,37286,37286,1.0,0.9999999181047902,false,111.59529363449685
4160,Hobby and creative,7105,5715,0.8043631245601689,0.9999990821855502,true,3212.0650127310087
4164,Kitchen tools,821,821,1.0,0.9999993126539336,false,113.51849979466108
4166,Girls toys,161,161,1.0,0.9999981138736143,true,213.3428147843943
4168,Vehicles,16241,10886,0.6702789237115941,0.9999984384751112,false,351.6425248459958
4171,"Glasses (drink, beer, wine etc)",2323,2323,1.0,0.9999998880394272,false,75.71048213552366
4172,Tea and coffee,21777,21777,1.0,0.9999997693711347,false,200.1695277207391
4176,Window and squeegees,68404,60733,0.8878574352377054,0.9999995574051093,false,680.6419556468172
4187,Knives,32835,32835,1.0,0.9999999292299772,false,512.3902028747432
4191,Cutlery,22975,22975,1.0,0.9999995618612953,false,6386.295885010269
4192,Window and squeegees,48815,48815,1.0,0.9999993808974013,false,580.9669404517452
4194,Stairs,3218,3218,1.0,0.9999970334368089,false,347.2875301848048
4203,Bed textile,842,842,1.0,0.9999972662795749,false,1288.3011523613968
4206,Mugs and cups,12408,12408,1.0,0.9999993525442477,false,4290.100423819302
4215,Tea and coffee,15330,13418,0.8752772341813437,0.9999971444307804,false,3959.240691991785
4217,Tableware,4585,4585,1.0,0.9999996990595332,false,89.21844969199178
4221,Large garden,57,57,1.0,0.999998882640762,true,268.0789281314173
4223,"Glasses (drink, beer, wine etc)",559,559,1.0,0.9999985540871036,false,170.79170924024635
4224,Cutlery,628,628,1.0,0.9999993900407418,false,133.09571457905545
4227,Special pans,2738,2256,0.8239590942293645,0.9999992714508225,false,76.46985420944557
4233,Bakeware,548,548,1.0,0.9999975954887182,true,553.2676558521562
4239,Baby / Toddler,4329,4329,1.0,0.999998115590685,false,148.86294579055436
4242,Stuffed animals,2371,2371,1.0,0.9999992810851209,true,261.17137412731
4255,Boys toys,7956,7956,1.0,0.9999997994587598,false,102.057895687885
4261,Foodprep,9502,9502,1.0,0.9999961590661228,false,151150.4197330595
4262,Batteries,37008,34811,0.940634457414613,0.9999992821381936,false,565.8503297741272
4264,Cooking pans,1274,1274,1.0,0.9999952106084661,false,307.7870045174542
4265,Window and squeegees,53684,50242,0.9358840622904403,0.9999992190762007,false,1338.2892073921976
4266,Kitchen helpers,38994,38994,1.0,0.9999998775435631,false,995.8868895277209
4267,Hobby and creative,531,531,1.0,0.999997987148288,false,62.612579466119136
4279,"Cloths, mops, sponges and brush",34302,30905,0.9009678735933765,0.9999995419501314,false,913.1771864476386
4281,Wash treatment and accessories,3710,3710,1.0,0.999999714633953,false,285.7498603696097
4282,Bakeware,17999,17999,1.0,0.9999991069774644,false,724.6613650924023
4283,Tea and coffee,8061,8061,1.0,0.9999997109334168,false,747.9469470225877
4284,Cutlery,11933,8949,0.7499371490823766,0.9999997081438222,false,107.88451745379876
4286,Bathroom accessories,11458,11458,1.0,0.9999994128571997,false,182.11571416837782
4287,Kitchen textile,5286,5286,1.0,0.9999996099407741,false,120.40960164271048
4303,"Cloths, mops, sponges and brush",24399,24399,1.0,0.9999999142574048,false,185.47314702258728
4309,Vehicles,10016,9483,0.946785143769968,0.9999990007851332,false,231.78042669404508
4312,Hobby and creative,9797,9797,1.0,0.9999993271749134,false,159.59085544147845
4317,Puzzles,2221,2221,1.0,0.9999987691813517,false,56.64623367556471
4323,Vacuuming,162,162,1.0,0.9999778123699763,false,6021.120321971241
4326,Foodprep,19024,19024,1.0,0.9999976311587742,false,1019.880526488706
4329,Small storage,47997,47997,1.0,0.9999998414673846,false,339.9158402464063
4331,Window and squeegees,32145,30865,0.9601804324156168,0.999998551490396,false,1417.8188952772068
4332,Tableware,4676,3966,0.8481608212147135,0.9999994183667272,true,219.52443860369613
4336,Racks and pockets,25511,16791,0.6581866645760652,0.9999998181536077,false,290.7871753593427
4337,Racks and pockets,135898,124635,0.9171216647779953,0.999999916730279,false,2675.1157798767945
4341,Baskets,8912,8912,1.0,0.9999996388857507,false,100.01429815195063
4343,Baskets,10270,10270,1.0,0.9999991760870259,false,233.8580698151951
4345,Wash treatment and accessories,3589,3589,1.0,0.9999989665712193,true,189.57736632443527
4346,Wash treatment and accessories,2549,2549,1.0,0.9999995636569574,false,79.31868172484603
4347,Wash treatment and accessories,12445,12445,1.0,0.9999994292250918,false,250.0442661190965
4348,Cleaning products,5424,5424,1.0,0.9999997275493,false,52.66283696098563
4355,Drink & food To Go,11928,11928,1.0,0.9999988705943157,true,895.7825227926078
4356,Personal care,1187,1187,1.0,0.9999995447581812,false,325.1799462012318
4362,Measuring and weighing,4226,4199,0.9936109796497871,0.9999969499804182,false,434.8892587268992
4363,Pan sets,47,47,1.0,0.9999884110844822,false,2555.9594053388105
4384,Candles & Tealights,1002,1002,1.0,0.9999998751243241,true,434.7316020533878
4389,Vases,5005,5005,1.0,0.9999994252412909,false,142.30348870636544
4402,Photo frames & albums,3255,3255,1.0,0.9999992760695063,false,157.01916468172485
4404,Photo frames & albums,24984,24984,1.0,0.9999999229180364,false,116.54515605749486
4411,Construction,204,204,1.0,0.9999988720304428,true,160.5550845995893
4418,Hobby and creative,1189,1189,1.0,0.9999996895008346,false,34.85668829568778
4422,Construction,348,348,1.0,0.9999985197189727,true,338.35715728952783
4425,Boys toys,7473,7473,1.0,0.999999291878704,false,217.07390965092407
4429,Store kitchen,5989,5989,1.0,0.9999997318703132,false,55.72498767967142
4433,Drink & food To Go,12802,12345,0.9643024527417591,0.9999989919635238,false,705.8719995893225
4437,Wash treatment and accessories,31796,31796,1.0,0.9999997769228622,false,241.6673905544147
4438,Racks and pockets,1609,1609,1.0,0.9999968922225125,false,172.94865790554414
4440,"Cloths, mops, sponges and brush",75021,63086,0.840911211527439,0.9999999007801067,false,520.7200620123201
4441,Kitchen helpers,8390,7743,0.9228843861740167,0.9999987280738306,false,149.91973018480488
4442,"Cloths, mops, sponges and brush",17238,17238,1.0,0.9999996575371178,false,375.67320000000007
4445,Vacuuming,13968,13884,0.9939862542955327,0.9999995212514612,false,382.53077659137585
4447,Store kitchen,8777,8777,1.0,0.9999993032877548,false,229.6994229979466
4448,Bakeware,23702,23702,1.0,0.9999991004862085,false,979.1086139630393
4452,Waste bins,22533,20808,0.9234456131007855,0.9999866887729748,false,6977.528131416834
4453,Window and squeegees,11698,11698,1.0,0.9999971961277324,false,968.2126899383986
4456,"Cloths, mops, sponges and brush",7448,7448,1.0,0.9999995327945019,false,212.66172772073912
4474,Tableware,5096,5096,1.0,0.9999993174963844,false,220.95986406570833
4477,Tableware,6219,6219,1.0,0.9999998358774622,false,195.16572073921967
4479,Bicycle accessories,21,21,1.0,0.9999991053347032,false,199.2370472279255
4480,Others,1513,1513,1.0,0.9999993913834119,true,439.0849121149897
4481,"Glasses (drink, beer, wine etc)",414,414,1.0,0.999999771611781,false,48.31978398357293
4482,Bed textile,2211,2211,1.0,0.9999986028780712,false,1542.8546229979459
4485,Table textiles,72505,72505,1.0,0.9999999622491165,false,2032.5320969199174
4489,Vehicles,3311,3311,1.0,0.9999994245695627,false,182.04505297741267
4490,Construction,1460,1460,1.0,0.9999992822760889,false,69.6858480492813
4492,Foods,491,491,1.0,0.9999997632362375,false,251.94488254620086
4496,Hobby and creative,3126,3126,1.0,0.9999979895730546,false,192.0411823408625
4499,Cleaning products,4420,4420,1.0,0.9999996667575733,false,119.12010677618076
4503,Games,3000,3000,1.0,0.999997366634382,true,592.3278570841887
4513,Measuring and weighing,37116,37116,1.0,0.9999992015517994,false,3474.9826094455843
4516,Vacuuming,30461,30461,1.0,0.9999991646335333,false,1977.0805059548247
4517,Knives,6337,6337,1.0,0.9999987131553005,false,1264.8234168377828
4518,Foodprep,4625,4625,1.0,0.9999945345345468,false,681.2380365503077
4520,Vacuuming,3260,3260,1.0,0.9999677150175242,false,3384.481601642708
4526,Insecticides,124,124,1.0,0.9999987527659123,false,1257.0460287474343
4527,Tea and coffee,11301,11301,1.0,0.9999998459805216,false,224.77462833675582
4531,Store kitchen,21322,21322,1.0,0.9999997163097879,false,208.775273100616
4535,Laundry baskets,10558,10558,1.0,0.99999816076356,false,464.2534681724849
4536,Drying racks,14843,13879,0.9350535606009567,0.9999993645709624,false,347.17582915811056
4537,Small storage,18639,18639,1.0,0.9999997905212435,false,154.82993839835726
4539,Bathroom accessories,4938,4938,1.0,0.9999984787787768,false,3965.9147104722783
4544,Bakeware,503,503,1.0,0.9999980660728583,false,86.48846981519502
4546,Wash treatment and accessories,1144,1144,1.0,0.9999992681469697,false,794.6896180698154
4547,Cleaning products,17454,17400,0.9969061533172912,0.9999996684465386,false,301.1201498973306
4548,Wash treatment and accessories,2291,2291,1.0,0.9999996118572895,false,38.526677618069776
4552,Cleaning products,10344,8511,0.8227958236658933,0.9999988206401771,false,280.1337445585214
4556,Euro articles,5133,5133,1.0,0.9999997989160782,false,496.23255852156046
4558,Cleaning products,6892,6892,1.0,0.9999995460935304,false,128.34260533880905
4559,Cleaning products,2921,2921,1.0,0.9999999013550442,false,41.70332648870635
4560,Waste bins,11524,11524,1.0,0.9999968630613018,false,1734.0703601642697
4562,Window and squeegees,540,540,1.0,0.999981756639961,false,14864.280312114983
4563,Stationary,81457,80423,0.9873061860859104,0.9999999476437259,false,362.6762266940449
4564,Residential odors,11759,11759,1.0,0.9999993737751655,false,394.299673921971
4566,Personal care,29339,29339,1.0,0.9999995653001297,false,625.5541232032856
4567,Window and squeegees,36509,29748,0.8148127858884111,0.9999989275581791,false,773.444980287474
4576,Electric personal care,10559,10070,0.9536887962875272,0.9999911772504061,false,2009.6280652977416
4581,Measuring and weighing,5752,4392,0.7635605006954103,0.9999967523557717,false,1138.121416016427
4589,Other Holidays,15412,13006,0.8438878795743576,0.9999986142744968,false,809.287139219712
4596,Personal care,714,714,1.0,0.9999982826270896,false,133.08681724845974
4620,Candles & Tealights,39765,39765,1.0,0.9999998502891251,false,803.8836796714578
4621,Candles & Tealights,136,136,1.0,0.9999998096264313,true,328.9259236139626
4628,Drinks,1331,1331,1.0,0.9999994620963931,false,509.4042414784393
4638,Residential odors,12006,11949,0.9952523738130935,0.9999996772361388,false,55.010938809034904
4652,Photo frames & albums,29513,29513,1.0,0.9999999319795997,false,108.00290513347024
4654,Photo frames & albums,9297,9297,1.0,0.9999996067471085,false,160.21565503080083
4665,Window and squeegees,2433,2433,1.0,0.9999989994154107,true,674.0150225872688
4683,Personal care,1978,1521,0.768958543983822,0.999998163914249,false,96.91660123203283
4685,Boys toys,17,17,1.0,0.9999965914839584,true,432.20624065708336
4687,Construction,250,250,1.0,0.9999923576833211,true,3655.3967515400404
4690,Hobby and creative,13822,13750,0.9947909130371871,0.9999999585154111,false,9.367914579055443
4701,Residential odors,13673,13673,1.0,0.9999997510834936,false,47.32632443531829
4706,Foils and bags,4367,4236,0.9700022899015343,0.9999998024899933,false,329.9278924024642
4707,Boys toys,1379,1379,1.0,0.9999922234504065,false,847.8676262833675
4711,"Glasses (drink, beer, wine etc)",5346,5346,1.0,0.9999997133315884,false,73.448340862423
4715,Drink & food To Go,6125,6125,1.0,0.9999986921041591,false,497.484857084189
4716,Wash treatment and accessories,5160,5160,1.0,0.9999997641488183,false,58.09231006160162
4718,Window and squeegees,21050,18073,0.8585748218527316,0.9999978288240087,false,1363.9331999999988
4720,Wash treatment and accessories,17964,17964,1.0,0.9999999130583913,false,56.27419301848046
4726,Drying racks,22840,20726,0.9074430823117338,0.9999978225021334,false,3143.226041067762
4729,Knives,2520,2520,1.0,0.9999831819450327,false,1012.8315954825451
4730,Ironing board textiles,2861,2861,1.0,0.9999989594607129,false,246.08218562628343
4731,Mugs and cups,27558,15284,0.5546120908629073,0.9999996725926824,false,877.5477125256673
4742,Light bulbs,2813,2813,1.0,0.9999993488226426,false,153.9144131416838
4746,Hobby and creative,135,135,1.0,0.9999987832709167,false,51.66350431211493
4757,Games,1912,1912,1.0,0.999998351115787,true,468.8500390143736
4764,Construction,1014,1014,1.0,0.9999985415302547,false,152.4027638603697
4770,Vacuuming,9202,9202,1.0,0.9999991169150741,false,1702.0836718685837
4773,Tableware,16644,16644,1.0,0.9999997733591632,false,827.1102661190963
4776,Store kitchen,19440,19440,1.0,0.9999987707143849,false,466.9468151950717
4782,Thermos jugs,13465,13465,1.0,0.9999993193018516,false,2332.7434168377804
4783,Baskets,12952,12952,1.0,0.9999998145171626,false,62.486501848049265
4784,Tools,20852,20852,1.0,0.9999992884366766,false,466.72589691991755
4785,Cleaning products,5066,5066,1.0,0.9999995956894726,false,91.0814673511294
4786,Personal care,10404,10404,1.0,0.9999997569695569,false,116.53467761806984
4787,Cleaning products,4255,4255,1.0,0.9999995238598227,false,70.35365092402465
4788,Cleaning products,3152,3152,1.0,0.9999981076264208,false,173.98722792607796
4793,Personal care,13829,13829,1.0,0.9999996963519461,false,261.64487885010277
4794,Wash treatment and accessories,7814,7814,1.0,0.9999993425099651,false,141.84843696098562
4797,Cleaning products,5054,5054,1.0,0.9999981439536495,false,506.83023942505145
4798,Wash treatment and accessories,3232,2836,0.8774752475247525,0.9999979275545829,false,340.3328217659137
4806,Electric personal care,9313,8888,0.9543648663159024,0.9999988625585066,false,201.32244928131416
4812,Cooking pans,2493,2064,0.8279181708784596,0.9999921093725439,false,489.69835318275113
4818,Other Holidays,8297,8297,1.0,0.9999991280988965,true,761.1478143737162
4841,Stationary,10586,10586,1.0,0.9999996443116709,false,498.2259055441478
4849,Kitchen tools,1784,1784,1.0,0.99999955261503,false,52.4881416837782
4850,Kitchen tools,1093,1093,1.0,0.9999986424015522,false,89.75942464065713
4851,Kitchen tools,803,803,1.0,0.9999967222212722,false,368.2847445585217
4852,Hobby and creative,519,248,0.47784200385356457,0.9999980208760909,false,5281.699397946611
4857,Hobby and creative,2225,2225,1.0,0.9999999099327915,false,14.593430390143727
4858,Tableware,2241,2241,1.0,0.9999995938788003,false,138.7325975359343
4859,Tableware,2130,2130,1.0,0.9999997798312967,false,76.23880821355235
4864,"Glasses (drink, beer, wine etc)",490,490,1.0,0.9999988456292795,true,379.4788973305954
4866,Serve and present,985,985,1.0,0.999999688716883,false,82.51499383983574
4873,Toilet cleaners and odors,28709,28361,0.9878783656693023,0.9999998629932098,false,210.22686899383982
4875,Table paper,4997,4997,1.0,0.9999998198790178,false,85.27677987679674
4876,Moisture treatment and climate,27466,27466,1.0,0.9999995835769495,false,631.4811252566734
4880,Window and squeegees,51536,51536,1.0,0.9999997766619367,false,331.5086907597537
4881,Window and squeegees,31522,31522,1.0,0.9999988407392255,false,742.1922398357287
4882,Stairs,5598,5598,1.0,0.9999963953778023,false,798.6832977412728
4886,Kitchen textile,10402,10402,1.0,0.9999993939624134,false,2196.2909650924025
4887,Kitchen textile,15698,15698,1.0,0.9999998204284611,false,1326.9006817248462
4892,Ironing board textiles,10387,10387,1.0,0.9999996394808641,false,310.14776960985625
4894,Bed textile,4659,3692,0.7924447306288903,0.999998881865171,false,2329.454848459958
4901,Serve and present,3669,3669,1.0,0.9999994562736191,false,104.90564804928135
4902,Tea and coffee,4644,4644,1.0,0.9999995055825323,false,148.30548418891175
4903,Tea and coffee,259,259,1.0,0.9999984342247791,false,447.3679589322383
4904,Light bulbs,4044,4044,1.0,0.9999995033521347,false,207.09004106776175
4906,Cleaning products,643,643,1.0,0.9999982015145376,true,207.3587433264888
4907,Tools,26,26,1.0,0.9999981549289527,true,56.758932238193005
4915,Light bulbs,6610,6610,1.0,0.9999998989519339,false,72.9994841889117
4917,Personal care,227,227,1.0,0.999999794974116,false,105.52170841889104
4918,Tools,72,72,1.0,0.9999963759078868,true,189.59257084188923
4921,Baskets,2689,2689,1.0,0.9999996277127229,false,250.56889527720716
4922,Light bulbs,1322,1322,1.0,0.9999996877796313,false,81.02038028747432
4930,Kitchen tools,1419,1419,1.0,0.9999978674404627,false,293.4991995893223
4933,Puzzles,174,174,1.0,0.9999923722854926,true,473.4493437371677
4951,Games,2569,2569,1.0,0.9999982499909343,true,779.4624936344978
4953,Puzzles,3889,3889,1.0,0.9999990772422697,false,52.28714250513347
4962,"Glasses (drink, beer, wine etc)",672,672,1.0,0.9999981587032568,true,259.3918188911704
4965,"Glasses (drink, beer, wine etc)",658,658,1.0,0.9999997240747411,false,40.57598439425053
4966,Store kitchen,7858,7858,1.0,0.9999999338197616,false,19.452985626283372
4970,"Cloths, mops, sponges and brush",24494,24494,1.0,0.9999998191153047,false,341.49935523613976
4974,Kitchen tools,31833,31307,0.9834762667671912,0.9999998783660272,false,1023.3597363449691
4978,Window and squeegees,38501,38501,1.0,0.9999996351468552,false,542.6800566735112
4982,Ironing board textiles,37696,37696,1.0,0.9999996715890711,false,792.8756607802869
4985,Personal care,14144,14019,0.9911623303167421,0.999999509973396,false,464.866038603696
5001,Shopping bags and trolleys,5129,5129,1.0,0.9999998811188497,false,38.39714168377825
5008,Measuring and weighing,954,734,0.7693920335429769,0.9999995863575198,false,76.7778944558522
5015,Construction,841,841,1.0,0.9999955807708941,true,861.8756353182748
5025,Tea and coffee,12603,12603,1.0,0.9999996794391043,false,998.6824106776178
5027,Small storage,33261,33261,1.0,0.9999998551115632,false,172.0655338809035
5033,Bathroom accessories,5936,5936,1.0,0.9999976444103389,false,476.4711129363449
5038,Storage boxes,2197,2197,1.0,0.9999897378792064,false,814.5257322381926
5039,Baskets,13201,13201,1.0,0.9999996117495806,false,140.95954620123203
5040,Wash treatment and accessories,4593,3782,0.8234269540605269,0.9999997389352867,false,100.22948993839837
5042,Personal care,82981,82981,1.0,0.999999858970765,false,306.8214328542094
5045,Cleaning products,22896,22896,1.0,0.9999993272403643,false,360.494629979466
5047,Cleaning products,7653,7653,1.0,0.9999997254417641,false,80.89398932238193
5051,Cleaning products,5931,5931,1.0,0.9999986086293884,false,361.58357125256646
5052,Commercial non-trade goods,72275,72275,1.0,0.9999999604873524,false,273.53616837782346
5057,Foodprep,7670,7590,0.9895697522816167,0.9999947776120729,false,1019.5933683778231
5062,Electric personal care,2404,2385,0.9920965058236273,0.9999904462807845,true,1783.3766295687888
5063,Pan sets,3446,3446,1.0,0.9999593351079749,true,8838.995728952768
5066,Bakeware,13569,13569,1.0,0.999999288441839,false,3952.031051334702
5067,"BBQ, beach and camping",72603,33293,0.4585623183615002,0.999999500699605,false,4851.66564681725
5068,Other Holidays,8607,8607,1.0,0.999998011861383,true,2355.809342505133
5082,Candles & Tealights,932,932,1.0,0.9999997555073316,true,434.2820353182748
5088,Residential odors,15277,15277,1.0,0.999999505851347,false,114.0462422997946
5096,Vases,3339,3324,0.995507637017071,0.9999983266200688,false,201.53445585215607
5101,Small garden,1125,1125,1.0,0.9999994712890029,true,760.2079084188919
5108,Games,2450,2450,1.0,0.9999991824335388,false,132.85453511293636
5114,"Glasses (drink, beer, wine etc)",902,902,1.0,0.9999998162477095,false,54.85001642710471
5117,Store kitchen,11318,11318,1.0,0.9999998391207509,false,51.91110882956877
5119,Personal care,6790,6559,0.965979381443299,0.999999798259732,false,104.51923942505137
5121,Wash treatment and accessories,11114,11114,1.0,0.9999996683637299,false,117.77283819301846
5124,Bakeware,47314,45460,0.9608149807667921,0.9999996121822876,false,789.8597790554417
5125,Foils and bags,40126,40126,1.0,0.9999997766560952,false,341.65816755646847
5126,Gift,107362,107362,1.0,0.9999998388368986,false,779.8591277207387
5128,Cutlery,14997,14997,1.0,0.9999996137988052,false,235.11538193018492
5129,Cutlery,2581,2581,1.0,0.9999981113166481,false,146.90197700205334
5134,Kitchen helpers,15008,15008,1.0,0.9999995885168107,false,2534.330379876796
5139,Bed textile,1500,1500,1.0,0.9999988031661482,false,837.5741650924022
5142,Bath textiles and bath mats,47167,47167,1.0,0.9999997864341541,false,2069.5049383983574
5144,Bed textile,2056,2056,1.0,0.999997118764885,false,5682.303030390139
5153,Planks,929,929,1.0,0.9999996687376205,false,104.06914373716633
5155,Cutlery,4430,4430,1.0,0.9999998275655161,false,61.10270102669401
5156,Clocks,133,133,1.0,0.9999980554706925,false,279.8350529774123
5157,Tableware,4676,3334,0.7130025662959795,0.999999795812646,false,64.20966899383983
5159,Home decoration,370,370,1.0,0.9999970897727961,false,242.43502176591375
5160,Waste bins,720,720,1.0,0.9999993923194517,false,245.421989322382
5161,Light bulbs,480,480,1.0,0.9999992049272195,true,230.44891170431225
5162,Baby / Toddler,583,583,1.0,0.9999981156761025,false,102.4627659137577
5165,Personal care,1247,578,0.46351242983159585,0.9999997434136377,false,20.862265297741228
5175,Toilet cleaners and odors,4229,4169,0.9858122487585718,0.9999997454867556,false,55.1375453798768
5179,Hobby and creative,641,641,1.0,0.9999997409996287,false,15.590641478439418
5181,Shopping bags and trolleys,6174,6174,1.0,0.9999997933172027,false,102.35056755646816
5186,Hobby and creative,3799,1009,0.2655962095288234,0.9999987313757054,true,134.2295535934292
5190,Wash treatment and accessories,4126,4126,1.0,0.999999837559605,false,79.95536550308007
5198,Hobby and creative,190,190,1.0,0.9999984224028168,false,534.0422176591376
5200,Outdoor toys,745,745,1.0,0.9999971172154888,false,292.3613876796718
5204,Oven dishes,314,314,1.0,0.9999985845115931,true,349.71758521560605
5205,Coffee makers and kettles,3772,3772,1.0,0.9999968773303746,true,44348.740662012315
5206,"Glasses (drink, beer, wine etc)",6865,6687,0.9740713765477057,0.9999995470025305,false,131.25417700205352
5210,Vacuuming,4550,4550,1.0,0.9999717933075217,false,2999.705981108829
5212,Batteries,81361,81361,1.0,0.9999999077364335,false,235.79958234086226
5219,Drink & food To Go,43097,43097,1.0,0.999999477715499,false,788.2611285420945
5221,Toilet accessories,14478,14478,1.0,0.9999994662019703,false,557.3445162217654
5222,Toilet accessories,34827,34827,1.0,0.9999990334484538,false,11901.865685420933
5223,"Glasses (drink, beer, wine etc)",765,765,1.0,0.9999996143973139,false,125.60337166324435
5226,Wash treatment and accessories,3171,3171,1.0,0.9999987141601533,true,222.51260780287475
5227,Wash treatment and accessories,1921,1921,1.0,0.9999989162611083,false,71.24022751540043
5228,Toilet cleaners and odors,57774,41484,0.7180392564129193,0.999999289095402,false,1664.9341946611917
5236,Wash treatment and accessories,274,274,1.0,0.9999998741339022,false,38.64914168377824
5239,Residential odors,6530,6530,1.0,0.9999996849417208,false,244.01999999999998
5241,Phones,12802,12802,1.0,0.9999974125143483,false,1214.739359753593
5243,Electrical tools,14697,11919,0.8109818330271484,0.9999721425333491,false,5791.973577002052
5255,Cooking pans,5253,5253,1.0,0.9999995476301922,false,352.0722529774127
5271,Candles & Tealights,36006,36006,1.0,0.9999989233962314,false,910.9865889117046
5273,Candles & Tealights,36715,36715,1.0,0.9999998567057653,false,188.3660156057496
5275,Candles & Tealights,50,50,1.0,0.9999997843912926,false,47.01663408624228
5276,Candles & Tealights,16017,16017,1.0,0.9999992737865219,true,954.0847638603695
5283,Other Holidays,12263,12263,1.0,0.999999268193231,true,1069.5344702258744
5293,Photo frames & albums,17860,17860,1.0,0.9999998207329931,false,174.72846899383993
5294,Photo frames & albums,24384,24384,1.0,0.9999999006958427,false,136.746233264887
5303,Window and squeegees,1436,1436,1.0,0.9999968117650174,true,617.6782205338809
5311,Drying racks,6568,6568,1.0,0.9999985810735847,false,173.43746488706373
5315,Hobby and creative,401,401,1.0,0.9999954886954266,false,616.7988394250516
5318,Teletoys,360,360,1.0,0.9999988333659255,false,361.5555223819303
5320,"Cloths, mops, sponges and brush",18502,17429,0.9420062695924765,0.9999998764035825,false,234.67905051334708
5323,Construction,2,2,1.0,0.9999919960567399,true,944.2856521560605
5330,"Glasses (drink, beer, wine etc)",887,887,1.0,0.9999991246775906,false,172.8430829568789
5335,Commercial non-trade goods,124,124,1.0,0.9999996037711569,false,135.596261190965
5336,Table paper,7275,7275,1.0,0.9999998870039236,false,62.54020205338813
5337,Cutlery,7965,7965,1.0,0.9999996144842791,false,149.02713388090353
5341,Drying racks,9953,9953,1.0,0.9999980552851476,false,888.2933995893218
5343,Kitchen tools,20206,20206,1.0,0.9999995979021347,false,837.0360246406572
5346,Kitchen helpers,243,243,1.0,0.9999963229712018,false,583.44017412731
5347,Kitchen helpers,21447,17557,0.8186226511866461,0.9999883619892812,false,5320.26085995893
5349,Cutlery,1834,1834,1.0,0.9999958784610979,false,394.29943819301855
5353,Bed textile,3577,3577,1.0,0.9999978767367836,false,2731.6292636550306
5360,Mugs and cups,15648,14531,0.9286170756646217,0.9999997689568878,false,972.7902788501026
5375,Tea and coffee,2481,2481,1.0,0.9999968782885162,false,213.02982422997937
5376,Vehicles,88368,88368,1.0,0.9999998077965745,false,382.67641683778214
5377,Boys toys,1711,1711,1.0,0.9999926608600466,false,1043.4951572895286
5394,Foodprep,6430,6430,1.0,0.9999895357714793,false,22983.053880492807
5397,Batteries,60496,60496,1.0,0.9999999150081975,false,216.1629609856263
5400,Coffee makers and kettles,32824,29225,0.8903546185717768,0.999994843255123,false,3859.1273043121137
5401,Bakeware,4209,4050,0.962223806129722,0.9999992647308739,true,220.40147679671455
5403,Store kitchen,370,370,1.0,0.9999994325329211,true,221.76494455852168
5404,Store kitchen,6919,6919,1.0,0.9999990083492518,false,397.6488591375768
5405,"Cloths, mops, sponges and brush",53557,43718,0.8162891872210916,0.99999984353427,false,667.4719774127317
5408,Others,121,121,1.0,0.9999981331820573,true,5755.811226283369
5411,Cleaning products,6120,6120,1.0,0.999998754381103,false,253.00261848049257
5414,Cleaning products,1356,1258,0.9277286135693216,0.999999297149094,false,30.984302669404492
5415,"Cloths, mops, sponges and brush",10826,10826,1.0,0.9999996548306648,false,136.52717782340858
5423,Measuring and weighing,1351,1351,1.0,0.999997726585584,false,244.28321149897334
5424,Special pans,21921,17869,0.8151544181378587,0.9999959698738391,false,2218.201177823408
5440,Candles & Tealights,240,240,1.0,0.9999994395192716,true,868.5685724845988
5441,Candles & Tealights,15284,15284,1.0,0.9999993918432619,true,750.2779958932246
5451,Party lights,10105,10105,1.0,0.9999997186815945,false,877.12784476386
5457,Photo frames & albums,1960,1960,1.0,0.9999995047049253,false,69.47298767967143
5458,Stationary,20388,20388,1.0,0.9999996244157526,false,664.4747067761801
5460,Coffee makers and kettles,1066,882,0.8273921200750469,0.9999887509292967,true,419.42181724845994
5462,Ironing boards,6969,5295,0.759793370641412,0.9999671353094102,true,22537.44731416838
5467,Teletoys,442,442,1.0,0.999998071150267,false,695.998158932238
5468,Tea and coffee,2119,2119,1.0,0.9999993282772917,false,175.22466406570854
5469,Cooking books,214,214,1.0,0.9999983995409725,true,161.68014127310062
5472,Bath textiles and bath mats,3683,2038,0.5533532446375238,0.9999991082627401,true,701.2840788501027
5474,Hobby and creative,2211,2211,1.0,0.9999997892535986,false,23.875985215605727
5484,Wash treatment and accessories,8770,6363,0.7255416191562144,0.9999983900883803,false,337.8037864476387
5488,Bakeware,31413,31413,1.0,0.999999655417419,false,1621.920123203286
5491,Vacuuming,251,251,1.0,0.9999994952698884,false,978.8665002053391
5492,Bakeware,31111,31111,1.0,0.9999992631558451,false,1011.9097256673507
5494,Kitchen tools,34433,34433,1.0,0.9999998021596761,false,621.3104788501026
5495,Kitchen tools,95779,95779,1.0,0.9999998322535608,false,389.49776303901433
5497,Racks and pockets,15302,15302,1.0,0.9999996531427939,false,2814.083039835728
5498,Cutlery,16818,16818,1.0,0.9999995137408598,false,3493.1560841889104
5499,Stairs,4067,4067,1.0,0.9999959756966721,false,663.2752689938395
5508,Bath textiles and bath mats,18024,18024,1.0,0.999999930640866,false,453.4083408624229
5515,Tableware,1032,1032,1.0,0.9999981939568796,true,2922.094830800821
5516,Mugs and cups,30443,5077,0.16677068620044017,0.999999452463463,false,5571.8075416837755
5523,Oven dishes,314,314,1.0,0.9999990884893838,true,136.65564435318277
5524,Planks,2666,2666,1.0,0.9999996549398551,false,49.98903531827513
5527,Tableware,5551,5551,1.0,0.9999987473627445,false,424.1101930184804
5530,Foods,460,460,1.0,0.9999997083493625,false,115.09555236139629
5534,Kitchen tools,469,469,1.0,0.9999986165715851,true,1558.3801429158107
5536,"Glasses (drink, beer, wine etc)",308,308,1.0,0.9999994918481537,false,83.75744353182752
5540,Wash treatment and accessories,1461,1461,1.0,0.9999984380678711,false,787.5907613963037
5554,Baby / Toddler,36,36,1.0,0.9999988426405118,true,74.79524435318272
5562,"Glasses (drink, beer, wine etc)",221,221,1.0,0.9999994040842629,true,299.3069515400411
5563,Electrical tools,5912,5198,0.8792286874154263,0.9999964158132835,false,423.1130422997948
5566,"Cloths, mops, sponges and brush",26005,24542,0.9437415881561239,0.9999993869108534,false,841.6566599589322
5568,"Cloths, mops, sponges and brush",12087,12087,1.0,0.9999993106794202,false,426.13005667351115
5569,Small storage,13872,13872,1.0,0.9999994945612576,false,267.39611334702244
5573,Home decoration,19584,13233,0.6757046568627451,0.9999997737142746,false,761.9952570841887
5581,Puzzles,1034,1034,1.0,0.9999984041890303,true,1008.2777691991787
5582,Puzzles,3290,3290,1.0,0.9999996827682986,false,21.670056673511283
5583,Hobby and creative,2981,2725,0.9141227775914122,0.9999992317159125,false,68.61085503080085
5588,Batteries,78336,78123,0.997280943627451,0.9999998780787375,false,279.05409445585207
5593,Foodprep,32042,31533,0.9841145995880407,0.9999712146115547,false,14125.083120739218
5596,Kitchen tools,8926,7217,0.8085368586152812,0.9999974057755259,false,736.5137880903492
5597,Buckets,164,164,1.0,0.9999993776677587,false,211.93206324435315
5598,Window and squeegees,17484,17484,1.0,0.9999996295623398,false,213.91104517453795
5599,Window and squeegees,15144,15144,1.0,0.9999996135365637,false,259.9870287474331
5602,Cleaning products,14925,14925,1.0,0.9999994578160322,false,270.7616845995893
5603,Bathroom accessories,10899,10899,1.0,0.9999988667399747,false,479.6153203285418
5604,Table textiles,1746,1746,1.0,0.9999962183741156,false,431.31413593429147
5605,Foils and bags,208,208,1.0,0.9999988041577215,true,2758.687023408626
5606,Bathroom accessories,5908,5819,0.9849356804333108,0.9999992869090529,false,162.60089568788496
5608,Laundry baskets,20500,14616,0.7129756097560975,0.9999974224244165,false,949.3739708418894
5609,Storage boxes,16324,16324,1.0,0.9999987976785265,false,721.30811211499
5610,Baskets,13421,13421,1.0,0.9999996735911989,false,175.4770061601643
5611,Baskets,8788,8788,1.0,0.9999995772930652,false,111.67375687885011
5613,Baskets,10314,10314,1.0,0.9999996269341782,false,92.04063408624216
5614,Baskets,8319,8319,1.0,0.9999995934724829,false,105.66759589322385
5615,Drink & food To Go,11290,9283,0.8222320637732506,0.9999985030983801,false,927.9396776180695
5616,Personal care,68357,61511,0.8998493204792487,0.9999998563279866,false,185.33865503080088
5617,Cleaning products,11644,11479,0.9858296118172449,0.9999995384015286,false,374.8451186858318
5618,Others,4868,4868,1.0,0.999998767908098,false,202.9265330595483
5620,Oven dishes,184,184,1.0,0.9999995989504896,false,142.00408706365496
5621,Personal care,2795,2671,0.9556350626118068,0.999999628945534,false,35.546488706365494
5622,Wash treatment and accessories,4894,4894,1.0,0.9999996985408037,false,66.42752772073923
5625,Wash treatment and accessories,8941,7477,0.8362599261827536,0.9999981690023622,false,667.7569018480496
5629,Cleaning products,2749,2749,1.0,0.9999996116908649,false,34.77079671457905
5634,Stationary,10037,10037,1.0,0.9999997591718345,false,322.6470501026691
5635,Window and squeegees,69857,65438,0.9367422019267934,0.999999739264368,false,437.76451088295676
5638,Electric personal care,35727,35727,1.0,0.9999987095440106,false,1109.6010098562629
5640,Electric personal care,3106,2464,0.7933032839665164,0.9999922479378349,false,326.6599589322382
5642,Electric personal care,16096,16023,0.9954647117296223,0.999997294400908,false,795.4067371663244
5644,Electric personal care,17241,17241,1.0,0.999998196636615,false,722.778379466119
5650,Pan sets,1792,1086,0.6060267857142857,0.9999861616547067,true,2738.9765240246365
5652,Partyfun,23400,23400,1.0,0.9999998816811196,false,83.69117207392198
5653,Pan sets,1992,1992,1.0,0.9999728610554068,false,1786.103254620124
5660,Personal care,1930,1930,1.0,0.9999984979371085,false,169.86665420944558
5677,Foods,125,125,1.0,0.9999997708486019,false,84.88953757700226
5709,"TV, Audio & Video",5730,5721,0.9984293193717277,0.9999962827715444,true,583.3066480492814
5710,Drink & food To Go,7956,2130,0.26772247360482654,0.9999980850522643,true,540.9292229979465
5713,Electric personal care,20758,18339,0.8834666152808556,0.9999953788489285,false,979.35044312115
5725,"Cloths, mops, sponges and brush",16396,16396,1.0,0.9999998945825286,false,181.92240492813136
5726,Kitchen helpers,276,276,1.0,0.9999979065368091,true,624.6581519507183
5727,Hobby and creative,806,806,1.0,0.9999970560318132,false,159.5684468172485
5736,Planks,16247,16247,1.0,0.9999993926982595,false,7075.9918275154
5742,Storage boxes,3139,3139,1.0,0.9999942080709852,false,482.0084579055442
5746,Planks,1069,1069,1.0,0.9999928921621173,true,1603.2265355236136
5747,Wash treatment and accessories,1501,1501,1.0,0.9999996720081397,false,31.694390143737163
5748,Personal care,91,91,1.0,0.9999981441825938,false,300.7405687885004
5749,Cleaning products,20223,13569,0.6709686990060821,0.9999996091104673,false,223.61346201232024
5751,Cleaning products,2492,2492,1.0,0.9999981109375852,false,227.7174800821355
5753,Wash treatment and accessories,15747,15747,1.0,0.9999984481055243,false,418.79743162217676
5757,Cleaning products,46232,26229,0.5673343138951376,0.9999998204951509,false,260.8473244353183
5761,Bathroom accessories,34955,34955,1.0,0.9999999055950334,false,332.2343852156057
5772,Foodprep,5605,5605,1.0,0.9999969426506472,false,689.769409445585
5773,Electric personal care,10193,4310,0.4228392033748651,0.9999949017605307,false,1574.1430965092402
5798,Candles & Tealights,202,202,1.0,0.9999989467588692,true,558.1064353182755
5799,Candles & Tealights,340,340,1.0,0.999999696207591,true,303.7077667351126
5800,Candles & Tealights,902,902,1.0,0.9999998506052143,true,341.76236550308016
5804,Others,783,783,1.0,0.9999997125446102,false,99.22832032854205
5805,Candles & Tealights,9363,9363,1.0,0.9999996160685982,false,112.08226365503093
5807,Drink & food To Go,4519,4519,1.0,0.9999998867611009,false,38.78192032854212
5815,Residential odors,20367,18878,0.9268915402366573,0.9999994760483053,false,189.529067761807
5820,Photo frames & albums,13267,13267,1.0,0.9999998924569102,false,93.26812361396303
5821,Photo frames & albums,2988,2988,1.0,0.9999995543451276,false,99.73073921971252
5827,Foodprep,2734,2734,1.0,0.9999676564471546,true,11641.518577823403
5837,Drying racks,2915,2915,1.0,0.9999987220854321,true,339.8398521560575
5838,Hobby and creative,10,10,1.0,0.9999958818817926,true,622.3491811088303
5839,"Cloths, mops, sponges and brush",20371,20371,1.0,0.9999998935237768,false,253.7354652977414
5840,Construction,406,406,1.0,0.9999979446647096,true,747.3118156057494
5843,Kitchen tools,1089,1089,1.0,0.999998944275319,false,186.55037946611898
5845,Kitchen tools,1017,1017,1.0,0.999997030779384,false,366.207394661191
5848,Bath textiles and bath mats,3905,2432,0.6227912932138284,0.9999986280808518,true,976.6753104722793
5849,Tableware,1811,1534,0.8470458310325787,0.9999994208563533,true,1387.0661445585217
5850,Tableware,1482,1482,1.0,0.9999977303968832,true,4841.809485831618
5851,Hobby and creative,930,930,1.0,0.9999998162497065,true,28.668435318275158
5857,Bathroom accessories,7208,7208,1.0,0.9999989815361049,false,294.0419540041065
5858,Racks and pockets,19847,19847,1.0,0.9999995694310875,false,179.60681642710477
5859,Waste bags,32709,32380,0.9899416062857318,0.9999996610621669,false,417.44561806981505
5861,Construction,694,694,1.0,0.999997945772944,false,371.3070685831623
5863,Baskets,7560,7560,1.0,0.9999996022771495,false,190.98553921971248
5864,Storage boxes,3305,3305,1.0,0.9999966133117613,true,1548.7772094455802
5866,Storage boxes,140,140,1.0,0.9999936609996186,false,440.07131704312127
5867,Storage boxes,6104,6104,1.0,0.9999986053574932,false,189.00638193018494
5868,Cleaning products,13087,13008,0.9939634752044013,0.9999993801926007,false,273.5558316221766
5869,Cleaning products,3231,3231,1.0,0.9999988358849383,true,436.44244517453785
5870,Cleaning products,23645,17461,0.7384647917107211,0.9999996436116576,false,611.7845396303903
5871,Cleaning products,16862,12607,0.7476574546317163,0.9999997759426907,false,104.9212262833675
5872,Baskets,3880,3880,1.0,0.9999996818102107,false,347.5101388090346
5874,Cleaning products,4646,4646,1.0,0.9999982138966542,false,566.6291811088296
5878,Dishwashing articles,88,88,1.0,0.9999996019920419,false,79.18821437371655
5880,Residential odors,8291,8291,1.0,0.9999996352003245,false,213.13135441478437
5895,Electric personal care,8199,8199,1.0,0.9999975302253616,false,300.2110209445584
5896,Electric personal care,4295,4295,1.0,0.9999955536500117,false,406.9001827515401
5897,"TV, Audio & Video",235,235,1.0,0.9999928999152029,false,718.6064082135521
5899,Frying pans,16590,12470,0.7516576250753466,0.9999961971835478,false,1805.8255030800833
5915,Candles & Tealights,18492,18492,1.0,0.9999993823963162,true,803.3793002053392
5918,Candles & Tealights,22346,22346,1.0,0.9999993673621183,false,322.73413757700206
5919,Residential odors,2090,1743,0.8339712918660287,0.9999996123872011,false,24.147958932238204
5922,Drinks,1618,1618,1.0,0.9999993532257777,false,571.065901848049
5924,Cooking books,103,103,1.0,0.9999988486757884,false,518.2518907597533
5931,Residential odors,8151,8151,1.0,0.9999989062759167,false,212.16853100616012
5941,Kitchen helpers,7753,7753,1.0,0.9999995269774553,false,153.80147310061602
5943,Stationary,40808,40808,1.0,0.9999997828017335,false,440.3628706365503
5946,Clocks,5990,5990,1.0,0.9999982828339073,false,329.5240369609855
5948,Stationary,11671,11671,1.0,0.9999997527271792,true,7431.593471868586
5951,Stationary,31596,31596,1.0,0.9999999592581104,false,31.208501026694055
5954,Foodprep,140,140,1.0,0.999978853799702,true,7557.177321149897
5955,Racks and pockets,2665,2665,1.0,0.9999899492003727,true,3389.7488012320314
5959,Construction,972,972,1.0,0.9999994374950053,true,64.50738028747433
5971,Construction,340,340,1.0,0.999996657605643,false,159.74834825462023
5974,Girls toys,657,657,1.0,0.9999977714488627,true,313.05568459958937
5977,Cleaning products,26230,23471,0.8948150972169272,0.9999996738025164,false,379.02266119096515
5981,Window and squeegees,9923,9923,1.0,0.99999797641214,false,515.7771679671456
5982,"Glasses (drink, beer, wine etc)",503,503,1.0,0.9999989743286517,false,148.2008377823409
5983,"Glasses (drink, beer, wine etc)",940,940,1.0,0.9999991491585408,false,115.72232689938404
5987,Baskets,8440,8440,1.0,0.99999925308582,false,196.4870447638603
5989,Baskets,13532,13532,1.0,0.9999997640584731,false,76.4816119096509
5991,Cleaning products,47876,47876,1.0,0.9999997366588359,false,229.03151950718683
5992,Cleaning products,28447,28447,1.0,0.9999998635374675,false,204.5490008213551
5993,Wash treatment and accessories,589,589,1.0,0.999999926059724,false,256.76041971252585
5994,Wash treatment and accessories,3293,3293,1.0,0.9999993461079475,false,93.72180123203279
5995,Toilet cleaners and odors,22789,22789,1.0,0.9999987533548491,false,289.56075236139617
5997,Cleaning products,6986,6986,1.0,0.999999413210067,false,124.70179466119089
5998,Thermos jugs,1755,1755,1.0,0.9999980084084447,true,1624.133951540042
5999,Cleaning products,7591,7591,1.0,0.999998527934324,false,339.6904459958933
6000,Cleaning products,26946,26946,1.0,0.9999995006375093,false,340.5127318275153
6001,Wash treatment and accessories,18385,18385,1.0,0.9999986520565787,false,589.1626841889116
6003,Waste bins,2949,2949,1.0,0.9999973213075641,true,2016.0181453798764
6006,Residential odors,3854,3854,1.0,0.9999987112893048,false,257.7345092402465
6009,Cleaning products,7102,7102,1.0,0.9999996256782776,false,305.9320878850103
6010,Personal care,15172,15172,1.0,0.9999995010250419,false,314.2799687885011
6015,Coffee makers and kettles,4407,4388,0.9956886771046063,0.999999167540603,false,99.84388336755659
6018,Coffee makers and kettles,10818,10818,1.0,0.9999915331290651,false,1995.4328932238193
6024,Measuring and weighing,41584,5447,0.1309878799538284,0.9999995577117035,false,8937.81287186858
6029,Partyfun,24657,24657,1.0,0.9999998981554733,false,75.08289117043121
6040,Personal care,1830,1830,1.0,0.9999984382272261,false,167.1189084188911
6052,Candles & Tealights,55909,55909,1.0,0.9999987972042034,false,1171.7362151950708
6053,Candles & Tealights,74177,74177,1.0,0.9999998892851184,false,183.3229885010268
6069,Clocks,16793,15895,0.9465253379384267,0.999999446390105,false,1929.5092016427109
6071,Photo frames & albums,21370,21370,1.0,0.9999998772143706,false,145.75751293634497
6075,Stationary,27641,27641,1.0,0.9999998234966814,false,248.11342176591367
6077,Foodprep,174,174,1.0,0.9999592989416469,true,8091.8965811088165
6078,Drink & food To Go,9077,9077,1.0,0.9999977739630237,true,1224.4002681724837
6080,Drink & food To Go,11945,6237,0.5221431561322729,0.9999988648089959,true,647.1532599589324
6082,Electric personal care,5430,5384,0.9915285451197053,0.9999941645053517,true,711.486399178645
6095,Construction,597,597,1.0,0.9999992749816836,false,159.67327145790557
6098,Batteries,309,309,1.0,0.9999983104983731,true,152.1842546201233
6107,Ironing,982,848,0.8635437881873728,0.9999725509639706,true,2551.3616673511287
6108,Ironing,3357,2796,0.8328865058087578,0.9999958041064052,false,324.5965285420944
6109,Hobby and creative,1146,1146,1.0,0.9999997717187424,false,46.34026447638604
6139,Foods,795,795,1.0,0.9999998550097139,false,51.793100616016424
6140,Store kitchen,6400,6400,1.0,0.9999995033183512,false,190.46515318275158
6143,Drink & food To Go,12860,12024,0.9349922239502333,0.9999987616049132,false,602.9210246406573
6144,Bathroom accessories,79927,79927,1.0,0.9999999476102459,false,1078.777721560575
6145,Cooking pans,943,803,0.8515376458112407,0.9999992468851366,false,126.26588213552351
6152,Storage boxes,14736,13732,0.9318675352877307,0.9999974500850217,false,1016.7424911704309
6154,Thermos jugs,2099,2099,1.0,0.9999982171051152,false,171.5496123203284
6155,Storage boxes,6880,6880,1.0,0.9999980524395342,false,261.916519096509
6157,Wash treatment and accessories,14196,14194,0.9998591152437306,0.9999993573114389,false,248.40967268993822
6158,Personal care,74272,74272,1.0,0.9999996870432437,false,1388.260606160164
6159,Cleaning products,7450,7448,0.9997315436241611,0.9999995916218376,false,130.24757125256676
6162,Wash treatment and accessories,22734,14547,0.639878595935603,0.9999988870480945,false,1042.8700788501023
6168,"Cloths, mops, sponges and brush",10657,10657,1.0,0.9999991335550588,false,364.20163737166297
6174,Coffee makers and kettles,25984,25984,1.0,0.9999984546672853,false,858.1890788501028
6184,Special pans,13360,10464,0.7832335329341318,0.9999878994149245,false,4164.045438603695
6190,Bags and backpacks,18716,18716,1.0,0.9999995400687401,false,376.4772110882956
6215,Vases,2031,2031,1.0,0.9999993582761875,false,130.76266201232028
6216,Candles & Tealights,10442,10442,1.0,0.9999994779479875,false,988.404984804928
6227,Clocks,10540,10540,1.0,0.9999995369285192,false,214.09684558521565
6233,"Glasses (drink, beer, wine etc)",205,205,1.0,0.9999987015182419,false,261.31862422997943
6238,Batteries,234,234,1.0,0.999998736539774,true,57.85875154004106
6245,Storage boxes,410,410,1.0,0.9999953507768944,false,552.8090106776181
6246,"Glasses (drink, beer, wine etc)",548,548,1.0,0.9999998480940511,false,24.086045585215594
6248,Storage boxes,8281,8281,1.0,0.9999992923956922,false,167.23991786447638
6250,Cleaning products,5549,5549,1.0,0.9999993459430233,false,116.24422217659145
6251,Storage boxes,884,884,1.0,0.9999961074815596,false,296.18193018480486
6256,Light bulbs,777,777,1.0,0.9999987681137303,false,102.84351416837778
6257,Wash treatment and accessories,29816,19314,0.6477730077810572,0.9999991019306422,false,1026.0545897330596
6258,Cleaning products,5109,5109,1.0,0.9999989186900162,false,339.22310472279275
6259,Wash treatment and accessories,47852,41400,0.8651676001003092,0.9999976596217893,false,1979.2746480492822
6261,Cleaning products,3273,3273,1.0,0.99999975629853,false,110.5126078028747
6264,Waste bins,6155,6142,0.9978878960194963,0.9999976791912185,false,212.5391170431211
6266,Shoe maintenance,2141,2141,1.0,0.9999994217873834,false,128.70832156057497
6267,Residential odors,4928,4928,1.0,0.9999998199485879,false,157.13905297741266
6268,Residential odors,5989,5989,1.0,0.9999997754516085,false,135.77771498973303
6269,Window and squeegees,74367,74367,1.0,0.999999939704057,false,399.4351671457906
6272,Foodprep,58678,49122,0.8371450969699036,0.9999950209027864,false,4650.208656673511
6273,Sockets and security,7321,7321,1.0,0.9999989350462088,false,652.3806817248462
6274,Coffee makers and kettles,162,162,1.0,0.9999843097417699,false,11585.994652566733
6284,Construction,440,440,1.0,0.9999896978101974,true,1902.044829568789
6297,Candles & Tealights,6563,6563,1.0,0.9999993423086789,false,158.15225051334693
6299,Candles & Tealights,226,226,1.0,0.9999997483373843,true,250.03319260780302
6300,Candles & Tealights,447,447,1.0,0.999999827683398,true,422.83397371663193
6301,Candles & Tealights,784,784,1.0,0.9999996523977458,false,382.6487071868588
6307,Foods,4556,4556,1.0,0.9999998021659577,false,69.60252936344976
6308,Others,18875,18875,1.0,0.9999996974524128,false,122.49227268993829
6309,Other Holidays,30035,30035,1.0,0.9999998224215771,true,621.3180681724848
6332,Photo frames & albums,1483,1483,1.0,0.9999989632287403,false,106.5164213552361
6334,Photo frames & albums,16563,16563,1.0,0.9999998695573374,false,138.57340862423
6347,Window and squeegees,2949,2949,1.0,0.9999986372454146,true,243.16582464065718
6348,Vacuuming,541,541,1.0,0.9999643070207939,true,14211.421692813134
6349,Store kitchen,868,868,1.0,0.9999966390689056,true,478.5955712525665
6351,Tableware,6217,6217,1.0,0.9999722002640968,true,10146.957891991791
6367,Store kitchen,927,927,1.0,0.9999986842940454,true,277.68221519507193
6369,Drink & food To Go,450,450,1.0,0.999999250106971,false,151.3964024640657
6371,Thermos jugs,2081,2081,1.0,0.9999966411894428,false,292.29409281314156
6375,Bathroom scales,1323,1323,1.0,0.9999927618845763,false,1210.1755811088303
6380,Hobby and creative,4532,4532,1.0,0.9999991162279138,false,95.86355975359339
6387,Baby / Toddler,2500,1694,0.6776,0.9999968696641347,false,362.883857905544
6395,"Glasses (drink, beer, wine etc)",1085,1085,1.0,0.9999978800019355,true,317.89699096509275
6403,Small storage,32297,32297,1.0,0.9999998064668503,false,229.50175277207384
6406,Foils and bags,45165,44932,0.9948411380493745,0.999999893445264,false,262.0660862422995
6407,Shoe maintenance,16182,16182,1.0,0.9999998511910854,false,830.8317075975358
6408,Cleaning products,9609,9609,1.0,0.9999996291872851,false,325.3525084188909
6411,Buckets,30120,30116,0.999867197875166,0.9999991255828329,false,608.5004616016427
6414,Baskets,4342,4342,1.0,0.9999982828117404,false,129.2747121149898
6417,Wash treatment and accessories,4960,4960,1.0,0.9999998571931127,false,29.794394661190974
6418,Cleaning products,33663,33601,0.998158215251166,0.999999632431647,false,385.1729733059546
6419,Personal care,10361,10361,1.0,0.9999999057547629,false,43.886740041067746
6420,Cleaning products,22293,22262,0.9986094289687346,0.9999998350298488,false,128.7895646817249
6421,Cleaning products,7599,7599,1.0,0.9999992496705228,false,174.28220533880906
6423,Personal care,8314,8314,1.0,0.9999993053813421,false,198.04069404517452
6428,Cleaning products,5201,5201,1.0,0.999997327860238,true,1563.7923646817246
6429,Wash treatment and accessories,16387,16387,1.0,0.9999987794397641,false,3057.80656180698
6430,Waste bins,4577,4577,1.0,0.9999975756456718,false,200.47792731006143
6433,Shoe maintenance,1581,1581,1.0,0.999995297084125,false,787.3345700205341
6434,Phones,9897,9897,1.0,0.9999999390855285,false,99.98921314168378
6437,Electric personal care,26464,24187,0.9139585852478839,0.999995634311099,false,4354.650841889117
6440,Electric personal care,3671,3671,1.0,0.999993190471257,false,683.3913687885018
6442,Electric personal care,17955,15287,0.8514062935115567,0.9999982367861939,false,767.1516985626281
6503,"Glasses (drink, beer, wine etc)",555,555,1.0,0.9999971785158058,true,760.223434907597
6512,Construction,1784,1784,1.0,0.9999973908709247,true,2411.8713018480494
6513,Reading glasses,2979,2564,0.860691507217187,0.9999995167607542,true,1686.5238850102671
6515,Construction,393,393,1.0,0.9999964343944527,false,419.09543039014375
6517,Ironing,6282,5776,0.9194524036930913,0.9999898616445151,true,1316.7615856262832
6520,Insecticides,46,46,1.0,0.9999953289411967,true,160.6735613963037
6522,Kitchen tools,801,801,1.0,0.9999981208755423,false,113.37604476386039
6523,Bathroom accessories,13412,13332,0.9940351923650462,0.9999995088084235,false,330.7712932238193
6524,Foodprep,13168,13168,1.0,0.9999967962222523,false,19065.680688706365
6526,Batteries,8920,8920,1.0,0.9999996733705407,false,79.8886340862423
6527,Batteries,32806,32806,1.0,0.9999997208692202,false,418.21189815195083
6528,Sockets and security,25950,25521,0.9834682080924856,0.9999998251037109,false,157.6292800821356
6533,Bath textiles and bath mats,27411,26472,0.9657436795447083,0.9999982089970614,false,1170.412965092403
6534,Hobby and creative,613,613,1.0,0.9999990667677949,false,68.94776919917864
6538,Home decoration,1097,980,0.8933454876937101,0.9999983154419566,false,114.1166160164271
6540,Cleaning products,17557,17557,1.0,0.9999997926254929,false,146.46503901437364
6541,Personal care,314,314,1.0,0.9999998890152763,false,68.4853983572895
6544,Wash treatment and accessories,10465,10465,1.0,0.9999992775402528,false,365.94596550308
6545,Foods,849,849,1.0,0.9999997798104078,false,82.81684188911707
6546,Cleaning products,7365,7365,1.0,0.9999992602539816,false,153.71358357289532
6547,Cleaning products,79621,73164,0.9189033044046169,0.9999997091828647,false,627.9819474332646
6548,Cleaning products,3068,3068,1.0,0.9999985794743845,false,168.19961067761813
6549,Cleaning products,18329,18329,1.0,0.9999998734869424,false,92.92251334702262
6552,Cleaning products,3488,3488,1.0,0.9999997111655056,false,29.532123203285433
6553,Cleaning products,8772,8772,1.0,0.9999992672846124,false,129.06960492813144
6558,Cleaning products,2632,2632,1.0,0.9999998655859116,false,56.55611334702259
6559,Personal care,27167,24998,0.9201604888283579,0.9999997686911857,false,212.50867926078024
6562,Shoe maintenance,4917,4917,1.0,0.9999908789548609,false,2002.6938624229995
6563,Residential odors,22580,22580,1.0,0.9999994234213271,false,312.2971806981518
6564,Sockets and security,8203,8203,1.0,0.9999988851415057,false,5668.1275589322395
6565,Coffee makers and kettles,151,151,1.0,0.9999912485157966,false,3982.5704328542065
6566,Electric personal care,8990,8990,1.0,0.999996783558589,false,831.1224275154001
6567,(Steam) cleaners,369,369,1.0,0.9999675407954605,false,1005.3070841889113
6568,Electric personal care,9237,9226,0.9988091371657465,0.9999945874709234,false,890.573493634497
6578,Frying pans,6815,6815,1.0,0.9999950795328382,false,3642.233459958933
6583,Partyfun,8893,8893,1.0,0.9999994591080839,true,529.7376517453798
6587,Personal care,93,93,1.0,0.9999997493334907,false,108.68633511293633
6603,Candles & Tealights,605,605,1.0,0.9999998832210758,true,267.54523203285424
6604,Candles & Tealights,1157,1157,1.0,0.9999998475088384,true,290.13854702258715
6619,Candles & Tealights,39432,39432,1.0,0.9999999495733712,false,45.20946119096511
6625,Photo frames & albums,10658,10658,1.0,0.9999995940909264,false,253.80591375770018
6628,Photo frames & albums,1548,1548,1.0,0.9999985645375664,false,164.38948336755647
6632,Stationary,11831,11831,1.0,0.9999999572638556,false,18.74677330595483
6633,Clocks,2577,2577,1.0,0.9999983789659966,false,9051.804761396303
6654,Hobby and creative,395,395,1.0,0.9999983649118415,false,196.97257453798767
6661,Fans and electric blankets,102,102,1.0,0.9999877972979238,true,1223.1588993839848
6662,Mugs and cups,2036,1384,0.6797642436149313,0.9999994327969886,true,1043.8591745379879
6663,Others,2163,2163,1.0,0.9999983251188355,true,5663.531942505134
6665,Tea and coffee,12809,12809,1.0,0.9999998119535843,false,122.28606160164267
6668,Waste bags,54218,54218,1.0,0.9999998787468415,false,330.21371088295683
6673,Baskets,8938,8938,1.0,0.9999996211736777,false,109.4357174537988
6674,Baskets,6857,6857,1.0,0.9999998350921915,false,48.765742915811096
6675,Baskets,6918,6918,1.0,0.9999995840964268,false,91.96967967145788
6677,Wash treatment and accessories,915,915,1.0,0.9999969513456559,true,853.2726928131416
6678,Baby / Toddler,167,167,1.0,0.9999992002798471,true,159.75229527720737
6682,Cleaning products,15077,15077,1.0,0.9999997180452003,false,274.2987084188912
6683,Cleaning products,3182,3182,1.0,0.9999997359410876,false,56.998398357289574
6684,Waste bins,7964,7964,1.0,0.9999975806822682,false,910.3060164271047
6686,Waste bins,2923,2762,0.9449196031474513,0.9999953439158126,false,572.3266464065705
6688,Drink & food To Go,7695,7695,1.0,0.9999994841259924,false,203.34491457905548
6690,Cleaning products,21236,21236,1.0,0.9999998530182421,false,237.0962496919917
6692,Electric personal care,39721,39447,0.9931018856524256,0.9999951671847798,false,5188.783418891171
6700,Electric personal care,91,91,1.0,0.999995051798637,true,15470.549475564685
6703,Special pans,152,152,1.0,0.999981179120594,true,63402.68431704312
6711,Personal care,1354,1354,1.0,0.9999983006045889,false,309.5898078028748
6720,Candles & Tealights,130,130,1.0,0.9999998967844528,true,236.85480000000018
6721,Candles & Tealights,128,128,1.0,0.9999997108862835,true,326.0878361396304
6735,Vases,51074,51074,1.0,0.9999991080574043,false,33020.81990800823
6743,Wash treatment and accessories,4955,4849,0.9786074672048436,0.999997444842006,false,250.37390143737184
6751,Cleaning products,39370,39370,1.0,0.9999996529035761,false,519.1673757700203
6753,Hobby and creative,1029,1029,1.0,0.9999998754178089,false,23.308154414784383
6762,"Cloths, mops, sponges and brush",21892,21892,1.0,0.9999999213494639,false,154.57059055441468
6763,Planks,1315,1315,1.0,0.9999984450844844,false,333.5223535934293
6765,Tableware,2417,2417,1.0,0.9999994475197213,false,84.82881724845998
6768,Store kitchen,27003,27003,1.0,0.9999991138817186,false,571.3935277207393
6770,Cleaning products,19013,19013,1.0,0.9999992278686268,false,411.56362587269007
6771,Cleaning products,16897,16897,1.0,0.9999997349540736,false,143.8717675564681
6772,Thermometers,12532,12532,1.0,0.9999998763741063,false,1025.8396854209448
6773,Measuring and weighing,23497,23497,1.0,0.9999994790108503,false,514.0125757700205
6775,Bathroom accessories,1432,1432,1.0,0.999997961887189,false,442.4229893223819
6776,"Cloths, mops, sponges and brush",155,155,1.0,0.9999998649994786,false,492.3369880903491
6777,Baby / Toddler,215,215,1.0,0.9999961587915891,true,1186.491755236139
6779,Waste bags,86173,86173,1.0,0.9999999205538457,false,1007.2170061601638
6782,Storage boxes,8082,8082,1.0,0.9999991248424749,false,308.43696098562634
6784,Cleaning products,11148,11148,1.0,0.9999997597552808,false,115.1321708418891
6786,Cleaning products,5631,5631,1.0,0.9999987200328727,false,261.88372402464046
6787,Personal care,74762,72752,0.973114683930339,0.9999997954829685,false,659.4899938398356
6791,Cleaning products,21107,20170,0.9556071445492017,0.9999998774881067,false,129.45391786447638
6792,Window and squeegees,6671,6671,1.0,0.9999997318439598,false,194.1847145790553
6794,Cleaning products,8492,8492,1.0,0.9999989886355096,false,279.3185133470227
6796,"Cloths, mops, sponges and brush",1716,1716,1.0,0.9999997565455918,false,224.78755893223834
6798,Cleaning products,2066,2066,1.0,0.9999997909481321,false,73.48245256673508
6801,Partyfun,40498,40498,1.0,0.9999999186144377,false,75.50456427104719
6803,Residential odors,13898,13898,1.0,0.9999997010868105,false,160.09353018480485
6815,Partyfun,84619,84619,1.0,0.9999996693335422,false,472.7391671457906
6830,Candles & Tealights,214,214,1.0,0.9999994490026947,true,266.13857700205364
6833,Residential odors,10611,10599,0.9988690981057393,0.9999997069014203,false,62.44476344969202
6838,Greeting cards,3512,3512,1.0,0.9999996790750695,false,184.31320821355243
6846,Photo frames & albums,16384,16384,1.0,0.9999998015901553,false,169.8662201232033
6848,Photo frames & albums,12640,12640,1.0,0.9999998258519708,false,127.64561232032852
6850,Photo frames & albums,2128,2128,1.0,0.9999995573983423,false,65.49782997946618
6864,"Glasses (drink, beer, wine etc)",378,378,1.0,0.9999985609546348,true,938.0054993839834
6872,Drink & food To Go,892,892,1.0,0.9999992070222311,false,181.10528788501028
6873,Reading glasses,1216,1216,1.0,0.9999996036612174,true,527.0071745379878
6875,Racks and pockets,2126,2126,1.0,0.999997531213466,false,5759.195239014374
6879,"Glasses (drink, beer, wine etc)",88,88,1.0,0.9999997072193355,true,1019.553909650924
6882,Teletoys,969,969,1.0,0.9999967828316981,false,1180.4473486652978
6883,Electric personal care,6298,4099,0.6508415369958717,0.9999952486857724,false,1168.0903852156055
6884,Batteries,36242,34593,0.9545003035152585,0.9999996375061838,false,5081.70492197125
6887,Batteries,29964,29964,1.0,0.9999998098627917,false,259.1377577002052
6893,Serve and present,2737,2737,1.0,0.9999992510093525,true,289.7328689938398
6896,Store kitchen,31045,31045,1.0,0.999999518484541,false,882.6820759753585
6897,Store kitchen,36435,36435,1.0,0.9999995702737342,false,322.0822090349074
6898,Shoe maintenance,18709,18709,1.0,0.9999998353774752,false,1900.268597535934
6899,Cleaning products,18825,18825,1.0,0.9999994604633212,false,273.1461864476385
6900,Dishwashing articles,23249,23249,1.0,0.9999997389215073,false,517.6101560574949
6902,Shoe maintenance,16731,16731,1.0,0.9999998241967383,false,2623.6611716632433
6905,Racks and pockets,36135,36135,1.0,0.9999993385926059,false,15960.016731006159
6908,Vacuuming,561,561,1.0,0.9999993108051615,false,502.44361396303924
6909,Storage boxes,250,250,1.0,0.9999911515952038,true,877.0376353182768
6910,Baskets,9335,9335,1.0,0.9999998941663875,false,34.44241190965093
6911,Baskets,11083,11083,1.0,0.9999997203789256,false,96.05124024640656
6912,Storage boxes,93,93,1.0,0.999993785255237,false,541.5455564681723
6913,Personal care,20866,10934,0.5240103517684271,0.9999998118299488,false,59.32428131416841
6915,Hobby and creative,360,360,1.0,0.999999051134488,false,96.46824476386041
6916,Cleaning products,2785,2785,1.0,0.999995051836075,true,2311.195663244353
6921,Wash treatment and accessories,23831,23831,1.0,0.9999987589335123,false,848.5422566735114
6922,Wash treatment and accessories,30316,17216,0.5678849452434358,0.9999991000735211,false,1025.898611909651
6924,Residential odors,5146,5146,1.0,0.9999997048857803,false,175.9616246406572
6932,Others,1571,1571,1.0,0.999999431176184,false,56.39451252566733
6934,Cooking pans,1497,1497,1.0,0.9999907340356478,true,1252.4784870636556
6954,Candles & Tealights,7157,7157,1.0,0.9999994991703568,false,141.08317453798765
6955,Candles & Tealights,78,78,1.0,0.9999995927565799,true,199.9688476386038
6956,Candles & Tealights,194,194,1.0,0.9999991999708293,true,425.77686858316264
6957,Candles & Tealights,189,189,1.0,0.9999997130925486,true,459.8827170431218
6964,Residential odors,34997,25621,0.732091322113324,0.9999985717126091,false,971.0211445585217
6969,Gift,22531,22531,1.0,0.9999997411769405,false,341.89450595482566
6973,Gift,56661,56661,1.0,0.9999998120922203,false,521.5380041067763
6977,Photo frames & albums,4362,4362,1.0,0.9999994018750882,false,175.57304558521548
6978,Vases,17077,17077,1.0,0.999998825263121,false,5196.050692402464
6985,Storage boxes,35698,30506,0.8545576783013054,0.9999988896888702,true,1929.910820533881
6987,Store kitchen,3523,3523,1.0,0.9999751337662408,true,34932.95767104723
6994,Hobby and creative,529,529,1.0,0.9999993385738184,true,584.8587564681726
7000,Hobby and creative,357,357,1.0,0.9999988873522823,true,428.3111963039014
7001,Hobby and creative,454,454,1.0,0.9999978209886957,true,1149.143595893221
7005,Kitchen tools,1041,1041,1.0,0.9999992028268105,false,78.52459425051333
7006,Drinks,3869,3869,1.0,0.9999967487099666,false,2930.924234086244
7011,Others,3066,3066,1.0,0.9999993553928404,true,15392.317294455843
7020,Bathroom accessories,7966,7966,1.0,0.9999985901925279,false,461.6805585215605
7027,Toilet cleaners and odors,5782,5782,1.0,0.9999991929901578,false,1373.4278620123207
7028,Light bulbs,1793,1793,1.0,0.9999995678876771,false,127.25259753593426
7029,Cleaning products,4738,4738,1.0,0.9999991456451269,false,144.60491334702255
7030,Cleaning products,5480,5480,1.0,0.999999002875351,false,164.0045782340861
7036,"Cloths, mops, sponges and brush",2667,2667,1.0,0.9999997097914803,false,607.1867556468172
7050,Phones,8354,8354,1.0,0.9999923177948986,false,1696.5924809034902
7055,Electric personal care,9820,9753,0.9931771894093686,0.999993900931071,true,1396.7524829568792
7080,Others,29051,29051,1.0,0.9999997668108057,false,139.63670143737167
7089,Residential odors,66,66,1.0,0.999999806750219,true,79.04654702258715
7091,Gift,17523,17523,1.0,0.999999813097164,false,330.38788583162193
7093,Partyfun,5855,5855,1.0,0.9999998406450797,false,66.31092813141682
7096,Others,8249,8249,1.0,0.9999991633094781,true,2573.4402825462007
7103,Vases,15130,15130,1.0,0.9999994278234536,false,230.9760476386038
7115,Window and squeegees,1697,1697,1.0,0.9999991572441228,true,248.2225154004104
7133,Games,138,138,1.0,0.9999975510675878,true,137.34052032854203
7134,Tableware,3004,3004,1.0,0.999999370277957,true,2556.2096201232016
7135,"Cloths, mops, sponges and brush",21985,21985,1.0,0.9999998983938215,false,168.13387967145792
7136,"Cloths, mops, sponges and brush",12591,12591,1.0,0.9999999530186007,false,70.69322997946615
7141,Laundry baskets,26948,20644,0.7660679827816536,0.999997114907622,false,1410.7825010266936
7142,Baskets,8946,8946,1.0,0.9999998301614315,false,86.13408295687883
7143,Baskets,12453,12453,1.0,0.9999993523023527,false,204.01115646817254
7144,Personal care,89392,58104,0.6499910506533023,0.9999998830332065,false,308.55128377823394
7145,Storage boxes,6963,6963,1.0,0.9999972293607512,false,343.5857634496919
7146,Storage boxes,6513,6513,1.0,0.9999990441413162,false,133.31362874743317
7148,Wash treatment and accessories,3033,3033,1.0,0.9999994863413244,false,60.57567145790552
7149,Wash treatment and accessories,1917,1917,1.0,0.9999989311790727,false,82.75870595482547
7158,Cleaning products,18242,17798,0.9756605635347001,0.9999997941511635,false,105.67199999999995
7161,Bathroom accessories,24507,24507,1.0,0.999999899249623,false,817.0259913757698
7162,Measuring and weighing,12537,12274,0.979022094599984,0.9999997533159665,false,199.51842422997936
7163,Shoe maintenance,16679,16679,1.0,0.9999997038740772,false,435.70555071868574
7168,Electric personal care,6733,6733,1.0,0.999996187391596,false,267.8413190965091
7177,Moisture treatment and climate,38435,38435,1.0,0.9999981914327501,false,1478.2911622176578
7195,Candles & Tealights,210,210,1.0,0.9999995149656659,true,219.3480041067764
7196,Candles & Tealights,129,129,1.0,0.9999997333755165,true,507.24949774127373
7216,Photo frames & albums,13263,13263,1.0,0.9999997278779232,false,207.1327195071869
7225,Storage boxes,27545,27545,1.0,0.9999989210793723,true,1175.1886611909651
7228,Kitchen helpers,2376,2376,1.0,0.9999970251248107,true,577.7905071868583
7230,Construction,1465,1465,1.0,0.9999972857278165,false,287.1330718685828
7236,Boys toys,18,18,1.0,0.9999967617816746,true,271.50549568788506
7239,"Cloths, mops, sponges and brush",13469,13469,1.0,0.9999998629080312,false,166.87269240246397
7240,Hobby and creative,226,226,1.0,0.9999982700230619,true,497.2872702258729
7242,Batteries,6646,6646,1.0,0.9999998627719581,false,63.513463655030755
7244,Cleaning products,2,2,1.0,0.9999970687873578,true,53.74792607802877
0,total,20416787,18805142,0.9210627509607657,0.9999978507013353,false,2569489.72570924
