article_id,article_name,total_demand,demand_satisfied_from_stock,achieved_fill_rate,target_fill_rate,slow_mover,purchasing_cost,holding_cost,total_cost
1111,Puzzles,92,92,1.0,0.874999999999925,true,20666.91199999999,77.33852977412734,20744.250529774115
1126,Table paper,3940,3940,1.0,0.5,false,83269.87200000003,1428.3264788501035,84698.19847885013
1127,Table paper,16478,16478,1.0,0.9921874999999016,false,76771.989,239.65758850102645,77011.64658850103
1129,Kitchen tools,5969,5969,1.0,0.9921874999999016,false,414957.7950000001,1607.19625995893,416564.991259959
1131,Bicycle accessories,5319,5319,1.0,0.9843749999999032,false,87591.63,482.99951704312105,88074.62951704313
1134,Ironing boards,4323,4323,1.0,0.9843749999999032,false,1378917.6449999993,9094.508211088274,1388012.1532110877
1135,"Cloths, mops, sponges and brush",9812,9812,1.0,0.9995117187499001,false,116772.31999999999,588.4603268993837,117360.78032689937
1136,Kitchen textile,9291,9291,1.0,0.9374999999999125,false,103224.86999999997,1958.068977412731,105182.93897741269
1137,Table textiles,2134,2134,1.0,0.9980468749999003,false,71256.97600000001,451.08019548254623,71708.05619548255
1138,Table textiles,1839,1839,1.0,0.9921874999999016,false,53012.925,356.04850595482543,53368.973505954826
1139,Table textiles,1671,1671,1.0,0.9843749999999032,false,65172.282,339.8203355236138,65512.10233552361
1141,Bath textiles and bath mats,40275,40275,1.0,0.5,false,98303.65999999999,1379.5639240246408,99683.22392402463
1162,Light bulbs,3278,3278,1.0,0.9374999999999125,false,31161.262999999995,57.89528665297743,31219.15828665297
1164,Batteries,72564,70016,0.9648861694504162,0.9999999403952553,false,1240423.2889999987,3861.316654209447,1244284.6056542082
1166,Batteries,23330,23330,1.0,0.9921874999999016,false,348647.8869999998,727.0245104722788,349374.91151047207
1167,Batteries,59284,59284,1.0,0.9843749999999032,false,1830331.6569999994,2659.844551129365,1832991.5015511287
1170,Tableware,2968,2968,1.0,0.9999923706053688,false,35539.35,269.75548706365504,35809.10548706365
1171,Stairs,9932,6363,0.6406564639548933,0.9999999403952553,false,1628520.3899999978,5681.312626694038,1634201.702626692
1172,"Cloths, mops, sponges and brush",22256,20491,0.920695542774982,0.9999999403952553,false,653090.3819999999,3554.5338406570872,656644.915840657
1173,Racks and pockets,14647,14068,0.9604697207619308,0.9999999403952553,false,245966.19599999994,10619.129196714584,256585.32519671452
1174,Store kitchen,3367,3367,1.0,0.9843749999999032,false,825970.3270000009,6839.422845995895,832809.7498459967
1178,Baskets,7854,7854,1.0,0.9999961853026345,false,154287.54600000003,593.8005449691985,154881.34654496922
1182,Laundry baskets,15616,11504,0.7366803278688525,0.9999999403952553,false,945323.6450000001,2552.2869782340863,947875.9319782342
1183,Baskets,6644,6644,1.0,0.9990234374999001,false,85767.976,289.47299219712534,86057.44899219713
1184,Baskets,7237,7237,1.0,0.874999999999925,false,49629.88799999999,333.35339630390115,49963.24139630389
1186,Cleaning products,612,612,1.0,0.9374999999999125,true,26045.25,840.4377659137585,26885.687765913757
1187,Suitcases,691,691,1.0,0.9999389648436501,false,120238.50299999997,721.1082887063656,120959.61128870634
1188,Cleaning products,6544,6544,1.0,0.9990234374999001,false,236978.27999999997,1092.5186036960984,238070.79860369608
1189,Wash treatment and accessories,308,308,1.0,0.74999999999995,false,1269907.0299999998,3817.4001577002055,1273724.4301577
1191,Cleaning products,39534,34038,0.8609804219153134,0.9999999403952553,false,496745.76000000007,2952.8133462012356,499698.57334620133
1201,Electric personal care,10934,10934,1.0,0.9980468749999003,false,410766.3140000003,556.9360123203276,411323.25001232064
1202,Kitchen appliances,308,308,1.0,0.5,false,103925.56999999999,1223.3077392197122,105148.87773921971
1205,Kitchen tools,32617,32617,1.0,0.9960937499999007,false,248694.90799999994,1581.0223055441472,250275.93030554408
1209,Cooking pans,13941,10611,0.7611362169141381,0.9999999403952553,false,526608.3059999997,5366.091208213555,531974.3972082133
1218,Personal care,7639,7639,1.0,0.9374999999999125,false,30143.651999999976,94.38688459958924,30238.038884599566
1243,Photo frames & albums,17610,17610,1.0,0.9843749999999032,false,126346.633,236.07094948665292,126582.70394948665
1245,Clocks,11810,11810,1.0,0.9843749999999032,false,115583.27200000001,3554.0370965092434,119137.30909650926
1248,Coffee makers and kettles,22220,22220,1.0,0.9999980926512673,false,3719079.3009999967,16312.205273100617,3735391.5062730974
1253,Frying pans,5926,5926,1.0,0.9921874999999016,false,116719.74299999997,365.38718439425037,117085.13018439422
1262,Construction,274,274,1.0,0.74999999999995,true,4651.542,30.339195893223827,4681.881195893224
1272,Hobby and creative,16598,16598,1.0,0.9960937499999007,false,502904.16399999993,1212.4557815195037,504116.61978151946
1282,Table paper,17848,17848,1.0,0.9998779296874001,false,676202.3939999999,13655.648968377824,689858.0429683777
1283,Measuring and weighing,17922,17922,1.0,0.5,false,359462.85199999996,34724.244825872665,394187.0968258726
1284,Ironing boards,5848,5848,1.0,0.9999961853026345,false,1275867.9780000006,2931.6097108829567,1278799.5877108835
1286,Ironing boards,16453,16453,1.0,0.9921874999999016,false,435758.71499999997,8669.147527720743,444427.8625277207
1288,Drying racks,4537,4537,1.0,0.5,false,974416.7789999997,176015.08598932225,1150431.864989322
1289,Bicycle accessories,5244,5244,1.0,0.9980468749999003,false,253684.11599999998,1183.666095277207,254867.7820952772
1290,Window and squeegees,50817,42066,0.8277938485152606,0.9999999403952553,false,1258497.2539999997,11021.012535523598,1269518.2665355233
1293,Table textiles,904,904,1.0,0.9843749999999032,false,42208.31999999999,388.2279917864475,42596.54799178644
1294,Bed textile,3886,3073,0.7907874420998456,0.9999999403952553,false,319170.03999999986,5253.64477207392,324423.68477207376
1296,Bath textiles and bath mats,26880,26880,1.0,0.5,false,435195.94999999995,8489.215488706375,443685.1654887063
1304,Tableware,5563,5563,1.0,0.9374999999999125,true,178270.7850000001,1108.4812484599577,179379.26624846004
1307,Suitcases,491,491,1.0,0.9687499999999063,false,186065.49499999994,636.2829901437366,186701.7779901437
1314,Dishwashing articles,284,284,1.0,0.5,false,135986.66199999998,5745.151954004107,141731.8139540041
1316,Cutlery,2105,2105,1.0,0.9687499999999063,false,4599.685999999999,17.408701026694043,4617.094701026693
1318,Foods,634,634,1.0,0.74999999999995,false,29849.840999999993,75.55596468172496,29925.396964681717
1321,Vases,434,434,1.0,0.9374999999999125,false,21931.98,101.9150611909651,22033.895061190964
1322,"Glasses (drink, beer, wine etc)",417,417,1.0,0.5,false,12106.919999999996,43.53620533880908,12150.456205338805
1327,Tableware,4841,4841,1.0,0.9374999999999125,false,30283.708,82.09356509240246,30365.801565092403
1330,Cutlery,2487,2487,1.0,0.9921874999999016,false,33926.92799999999,113.095461190965,34040.023461190955
1333,Cutlery,418,418,1.0,0.874999999999925,true,4224.597999999999,20.256562628336756,4244.854562628336
1334,Hobby and creative,1836,1836,1.0,0.9374999999999125,true,10744.271999999997,55.98273141683778,10800.254731416835
1337,Hobby and creative,6390,6390,1.0,0.9843749999999032,false,181102.36200000017,435.3334669404514,181537.6954669406
1340,Games,5073,5073,1.0,0.9980468749999003,true,136098.298,1119.215663655031,137217.51366365503
1347,Stuffed animals,3581,3581,1.0,0.9960937499999007,false,41505.554999999986,157.32199589322406,41662.87699589321
1356,"Glasses (drink, beer, wine etc)",8720,8720,1.0,0.9999389648436501,false,123802.70000000001,873.1603080082133,124675.86030800822
1357,"Glasses (drink, beer, wine etc)",1325,1325,1.0,0.9374999999999125,false,34341.55200000001,144.9754275154004,34486.52742751541
1361,Light bulbs,1538,1538,1.0,0.9687499999999063,false,16531.430999999993,85.03107556468164,16616.462075564676
1362,Batteries,114318,114318,1.0,0.9999847412108376,false,924730.3799999997,2971.7464804928118,927702.1264804924
1368,"Glasses (drink, beer, wine etc)",5144,5144,1.0,0.9374999999999125,false,53304.237,115.86848747433261,53420.105487474335
1369,"Glasses (drink, beer, wine etc)",1827,1827,1.0,0.9960937499999007,true,17139.521000000004,78.77610841889113,17218.297108418894
1373,Wash treatment and accessories,8522,8522,1.0,0.9999998807906105,false,28401.576000000005,181.8912197125258,28583.46721971253
1378,Drink & food To Go,7829,7804,0.9968067441563419,0.9999999403952553,false,273109.74600000004,1447.2428821355281,274556.9888821356
1379,Window and squeegees,74989,68096,0.9080798517115843,0.9999999403952553,false,419412.89599999995,864.7579420944544,420277.6539420944
1380,Window and squeegees,115118,99054,0.8604562275230633,0.9999999403952553,false,4220839.700000003,10607.707117043117,4231447.407117046
1382,Others,3977,3977,1.0,0.9687499999999063,false,117132.932,998.6167400410674,118131.54874004106
1383,Table textiles,36285,36285,1.0,0.9999694824217751,false,531634.9079999999,6736.07966406571,538370.9876640657
1384,Baskets,2516,2516,1.0,0.9843749999999032,false,184411.13600000003,597.6019215605747,185008.7379215606
1389,Tea and coffee,2698,2698,1.0,0.874999999999925,true,54199.53000000001,145.36996016427094,54344.899960164286
1393,Kitchen helpers,9099,9099,1.0,0.9999389648436501,false,189753.47999999995,1028.6909075975368,190782.1709075975
1397,Tableware,8845,8845,1.0,0.5,false,56511.455,1750.8608160164274,58262.31581601643
1399,Store kitchen,40,40,1.0,0.5,true,229798.74400000004,567.3640344969195,230366.10803449695
1403,Mugs and cups,25804,5792,0.22446132382576345,0.9999999403952553,false,607370.596,12942.341839014382,620312.9378390145
1433,Puzzles,9388,9388,1.0,0.9990234374999001,true,557662.8749999999,8844.671898151943,566507.5468981519
1438,Measuring and weighing,45133,9185,0.2035096271021204,0.9999999403952553,false,466394.54399999994,24825.212560164266,491219.7565601642
1440,"TV, Audio & Video",13952,7483,0.536338876146789,0.9999999403952553,true,874839.3150000001,6694.7182279260805,881534.0332279261
1444,Planks,19061,19061,1.0,0.74999999999995,false,1062187.1679999996,31250.80062094455,1093437.968620944
1445,Kitchen tools,8382,8382,1.0,0.9990234374999001,false,437459.91799999966,2641.3210533880874,440101.2390533877
1446,Cutlery trays,45371,45371,1.0,0.9843749999999032,false,2441194.1399999983,2404.2833852156064,2443598.423385214
1448,Store kitchen,9369,9369,1.0,0.9921874999999016,false,288357.46799999976,958.60818973306,289316.0761897328
1449,Drying racks,2043,1530,0.748898678414097,0.9999999403952553,true,198293.55700000003,3257.7245034907596,201551.28150349078
1453,Bathroom accessories,35159,35159,1.0,0.9990234374999001,false,646748.5849999998,11147.10992607803,657895.6949260778
1456,Baskets,2884,2884,1.0,0.9843749999999032,false,42423.50000000001,302.5933552361394,42726.093355236146
1458,Baskets,8054,8054,1.0,0.74999999999995,false,31074.288,143.58317207392187,31217.871172073923
1460,Baskets,10458,10458,1.0,0.9921874999999016,false,86649.46500000001,219.96278234086213,86869.42778234088
1461,Baskets,12061,12061,1.0,0.9843749999999032,false,153262.34,265.45891581108833,153527.7989158111
1462,Storage boxes,6753,6753,1.0,0.9990234374999001,false,660646.3219999997,1759.7852353182745,662406.1072353179
1463,Bed textile,734,734,1.0,0.5,true,42453.71199999999,1405.9792361396303,43859.691236139624
1466,Cleaning products,6666,6666,1.0,0.9999995231627419,false,318545.97600000026,1067.2930529774126,319613.2690529777
1468,Cleaning products,5087,5087,1.0,0.9921874999999016,false,153806.00199999998,590.0423843942507,154396.04438439422
1469,Cleaning products,84368,58554,0.6940309121941969,0.9999999403952553,true,1757824.9569999992,71023.44098809037,1828848.3979880896
1470,Cleaning products,7796,7796,1.0,0.9687499999999063,false,29580.6,78.6670636550308,29659.26706365503
1471,Window and squeegees,10616,9957,0.9379238884702336,0.9999999403952553,false,3309406.275,20324.00202258727,3329730.277022587
1474,Ironing,6607,4036,0.610867261994854,0.9999999403952553,false,2159547.572,45032.177109651,2204579.749109651
1477,Frying pans,1118,598,0.5348837209302325,0.9999999403952553,false,257700.02300000007,1761.251475154006,259461.2744751541
1490,Easter,22451,16764,0.7466927976482116,0.9999999403952553,false,339835.9440000001,7715.408977823407,347551.35297782347
1508,Teletoys,946,946,1.0,0.874999999999925,false,27407.41499999999,167.01198234086243,27574.426982340854
1512,Hobby and creative,304,304,1.0,0.74999999999995,true,5489.6939999999995,16.88738932238193,5506.581389322381
1514,Tableware,2077,2077,1.0,0.9374999999999125,false,18553.164000000004,83.05608377823404,18636.220083778237
1527,Wash treatment and accessories,8366,6116,0.7310542672722926,0.9999999403952553,false,217259.532,2211.574704722791,219471.1067047228
1531,Drink & food To Go,1940,1940,1.0,0.9374999999999125,false,154020.825,1503.8137774127304,155524.63877741274
1533,"Cloths, mops, sponges and brush",12046,12046,1.0,0.9843749999999032,false,423916.528,1851.145130184805,425767.6731301848
1537,Cutlery,3376,3376,1.0,0.9374999999999125,false,289158.10000000003,726.5731930184803,289884.67319301853
1538,Drying racks,26,26,1.0,0.5,false,1885467.780000001,5074.586439425078,1890542.366439426
1540,Bicycle accessories,1653,1653,1.0,0.5,true,68045.544,2039.4827002053396,70085.02670020533
1548,Ironing board textiles,33710,33710,1.0,0.9999961853026345,false,1382799.1450000003,8021.8044024640685,1390820.9494024643
1559,Tea and coffee,17942,17942,1.0,0.9999998807906105,false,277005.32999999996,1471.1694024640665,278476.499402464
1561,Tea and coffee,502,502,1.0,0.874999999999925,false,407190.4900000001,436.63707392197136,407627.1270739221
1564,Tableware,6517,6517,1.0,0.9843749999999032,false,51252.319999999985,442.1712739219712,51694.49127392196
1570,Kitchen tools,523,523,1.0,0.74999999999995,false,9997.575,121.02961190965094,10118.604611909652
1571,Tableware,3657,3657,1.0,0.9843749999999032,false,13245.679999999997,40.5562751540041,13286.236275154
1575,"Cloths, mops, sponges and brush",2108,2108,1.0,0.9374999999999125,false,94254.21599999999,274.7548640657083,94528.97086406569
1582,Light bulbs,7425,7425,1.0,0.9374999999999125,false,28190.833999999995,60.29681560574946,28251.130815605746
1584,Light bulbs,845,845,1.0,0.9843749999999032,false,14973.797999999997,121.90255071868584,15095.700550718682
1585,Boys toys,1697,1697,1.0,0.9374999999999125,false,45502.498999999996,601.8746669404521,46104.373666940446
1589,Planks,346,346,1.0,0.74999999999995,false,28966.034999999993,92.06876919917849,29058.10376919917
1593,Puzzles,510,510,1.0,0.5,false,33424.649999999994,190.70398973305961,33615.353989733056
1597,Hobby and creative,3078,3078,1.0,0.9921874999999016,false,78713.32000000002,243.8728936344967,78957.19289363452
1605,Puzzles,4065,4065,1.0,0.9960937499999007,false,51007.823999999986,92.63789075975352,51100.46189075974
1606,Games,5212,5210,0.9996162701458173,0.9999999403952553,false,53717.734,294.2540870636554,54011.988087063655
1607,Hobby and creative,3304,3304,1.0,0.9843749999999032,false,44365.67099999998,135.59815564681728,44501.2691556468
1612,Foodprep,20935,20935,1.0,0.5,false,3941773.3459999994,186671.9013893228,4128445.247389322
1617,"Glasses (drink, beer, wine etc)",1191,1191,1.0,0.9374999999999125,false,18696.93,148.95989938398358,18845.889899383983
1618,"Glasses (drink, beer, wine etc)",13542,13469,0.9946093634618225,0.9999999403952553,false,91973.7,854.9687310061596,92828.66873100615
1619,Residential odors,233,233,1.0,0.74999999999995,false,41429.24799999992,56.8023523613962,41486.050352361315
1621,Waste bins,2342,1566,0.6686592655849701,0.9999999403952553,true,108151.10599999999,631.1771268993838,108782.28312689938
1623,Kitchen helpers,15885,15885,1.0,0.5,false,364521.1500000001,7013.800909650918,371534.950909651
1624,Cutlery,24225,23524,0.971062951496388,0.9999999403952553,false,275014.74,7167.687342915809,282182.4273429158
1626,Drying racks,13613,13613,1.0,0.9921874999999016,false,2716201.1240000017,5313.5927490759705,2721514.7167490777
1631,Tea and coffee,22966,4209,0.18327092223286598,0.9999999403952553,false,253736.28699999998,5869.709879260773,259605.99687926075
1636,Tableware,195,195,1.0,0.74999999999995,true,58035.70499999996,665.8601174537959,58701.565117453756
1637,Tea and coffee,12599,12599,1.0,0.874999999999925,false,522366.894,22301.299379055472,544668.1933790555
1643,Light bulbs,9442,9442,1.0,0.874999999999925,false,43285.19999999999,53.3241889117043,43338.524188911695
1646,Tea and coffee,63365,44558,0.7031957705357847,0.9999999403952553,false,524744.451,2082.397549897332,526826.8485498973
1650,Hobby and creative,11074,11074,1.0,0.9374999999999125,false,560434.8749999993,920.7840246406565,561355.65902464
1661,Coffee makers and kettles,2701,2221,0.8222880414661237,0.9999999403952553,true,478611.25200000004,20422.722988090318,499033.97498809034
1662,Batteries,19629,19629,1.0,0.9998779296874001,false,480625.1450000003,1056.1847084188905,481681.3297084192
1663,Hobby and creative,389,389,1.0,0.74999999999995,true,5044.816,15.425090759753589,5060.241090759753
1665,Bakeware,25086,24549,0.9785936378856733,0.9999999403952553,false,534208.9130000001,4982.520915811078,539191.4339158111
1666,Electric personal care,74624,74624,1.0,0.9921874999999016,false,8563755.774000002,28605.351746611916,8592361.125746613
1668,"Cloths, mops, sponges and brush",132035,104898,0.794471162949218,0.9999999403952553,false,2657802.7419999996,15306.674582751555,2673109.416582751
1669,Store kitchen,8023,8023,1.0,0.9960937499999007,false,420329.945,1520.8167774127298,421850.7617774127
1670,Bathroom accessories,3440,3440,1.0,0.9687499999999063,true,57264.75300000003,412.88067802875025,57677.63367802878
1672,Watering cans,78661,77490,0.9851133344351076,0.9999999403952553,false,885763.228,16106.741802053393,901869.9698020534
1675,Baskets,14826,14826,1.0,0.9980468749999003,false,112328.48199999999,356.993600821355,112685.47560082134
1678,Wash treatment and accessories,3277,3277,1.0,0.9374999999999125,false,63262.18499999999,166.11350718685839,63428.298507186846
1679,Cleaning products,6798,6798,1.0,0.9999923706053688,false,334455.96799999994,1407.6422176591366,335863.6102176591
1680,Cleaning products,93767,81757,0.871916559130611,0.9999999403952553,false,867059.1720000001,4423.484331416837,871482.6563314169
1681,Cleaning products,9638,9638,1.0,0.9999961853026345,false,144580.107,1729.6614640657062,146309.76846406568
1688,Personal care,158518,107104,0.6756582848635486,0.9999999403952553,false,455686.56,2820.692971663244,458507.25297166326
1689,Personal care,174664,140684,0.8054550451151926,0.9999999403952553,false,866554.2200000007,5033.657511293628,871587.8775112943
1693,Coffee makers and kettles,11342,10754,0.9481572914829836,0.9999999403952553,false,2015938.7779999997,9556.475772484597,2025495.2537724844
1694,Electric personal care,71697,47962,0.6689540706026752,0.9999999403952553,false,5266676.352,34795.16709240243,5301471.519092402
1711,Small garden,7132,7132,1.0,0.74999999999995,false,53968.29900000002,629.0180279260779,54597.317027926096
1738,Partyfun,38737,38737,1.0,0.9997558593749001,false,47200.06200000002,75.83704558521552,47275.89904558523
1739,Vases,5588,5461,0.9772727272727273,0.9999999403952553,false,103063.00200000005,495.8495737166324,103558.85157371669
1753,Others,1373,1373,1.0,0.9687499999999063,false,48269.969999999994,232.68629568788486,48502.65629568788
1760,Kitchen tools,172,172,1.0,0.874999999999925,true,10327.667,126.2059724845996,10453.8729724846
1762,Teletoys,337,337,1.0,0.9687499999999063,false,5078.15,49.0429659137577,5127.192965913758
1763,Hobby and creative,16,16,1.0,0.5,true,1877.4209999999998,163.81098726899364,2041.2319872689934
1766,Puzzles,37,37,1.0,0.5,true,8825.901,31.59430595482563,8857.495305954826
1771,Cleaning products,7304,7153,0.9793263964950711,0.9999999403952553,false,286823.5789999997,4384.762907186857,291208.34190718655
1772,Window and squeegees,22402,21974,0.9808945629854477,0.9999999403952553,false,1353651.2220000008,4463.146604517449,1358114.3686045182
1773,Cleaning products,2604,2604,1.0,0.9980468749999003,false,31675.959,785.8889420944577,32461.847942094457
1774,"Cloths, mops, sponges and brush",6943,6943,1.0,0.9960937499999007,false,205946.0480000001,1437.9412591375776,207383.98925913768
1783,Personal care,261084,261084,1.0,0.9999995231627419,false,1082780.6360000004,3578.4150809034913,1086359.051080904
1784,Cutlery,4160,4160,1.0,0.9995117187499001,false,144892.71299999996,431.0512837782339,145323.7642837782
1786,Racks and pockets,26438,26438,1.0,0.9960937499999007,false,4511138.653,75526.86025995892,4586665.5132599585
1787,Stairs,9565,9565,1.0,0.999999761581321,false,1314900.5029999972,7354.656144147834,1322255.159144145
1795,"Cloths, mops, sponges and brush",2776,2776,1.0,0.9687499999999063,false,20381.746,126.7632213552361,20508.509221355234
1797,Kitchen textile,4896,4896,1.0,0.9843749999999032,false,89332.18,296.6251006160162,89628.80510061601
1799,Bath textiles and bath mats,69817,69817,1.0,0.5,false,590043.3,12202.233552361398,602245.5335523614
1806,Mugs and cups,54526,54526,1.0,0.9990234374999001,false,936538.1829999998,33373.392254209466,969911.5752542093
1813,Tea and coffee,17580,16915,0.9621729237770194,0.9999999403952553,false,357319.05299999996,1913.887995893222,359232.94099589315
1815,Light bulbs,1805,1805,1.0,0.9374999999999125,false,14164.499999999998,40.79849527720741,14205.298495277206
1821,"Glasses (drink, beer, wine etc)",24,24,1.0,0.5,true,5977.167,31.55839466119094,6008.725394661191
1823,Drinks,467,467,1.0,0.74999999999995,false,29010.421999999995,123.29091088295685,29133.71291088295
1826,"Cloths, mops, sponges and brush",691,691,1.0,0.5,false,39013.352,152.1677995893222,39165.51979958932
1828,Foods,79,79,1.0,0.5,false,19444.90800000001,25.81119342915812,19470.71919342917
1829,"Glasses (drink, beer, wine etc)",1635,1635,1.0,0.9960937499999007,false,9109.946999999998,60.62016098562631,9170.567160985625
1831,Bakeware,417,417,1.0,0.874999999999925,true,33528.495,126.96462012320346,33655.459620123205
1832,Tableware,5985,5985,1.0,0.9995117187499001,false,80221.21100000001,445.5464496919923,80666.757449692
1833,Special pans,482,482,1.0,0.9921874999999016,true,107403.63200000001,926.9082743326478,108330.54027433266
1850,Girls toys,833,833,1.0,0.9374999999999125,true,49486.227000000006,147.62756221765923,49633.85456221767
1862,Coffee makers and kettles,210,210,1.0,0.5,false,768127.8499999997,81050.5857905544,849178.4357905542
1868,Small storage,26244,26244,1.0,0.9990234374999001,false,186870.2919999999,692.1944969199182,187562.48649691982
1872,Toilet accessories,11682,11563,0.9898133881184729,0.9999999403952553,false,533369.8439999999,4027.5850583162182,537397.4290583162
1874,Serve and present,619,619,1.0,0.9980468749999003,false,13090.525000000003,86.2697535934293,13176.794753593433
1876,Bathroom accessories,635,635,1.0,0.9374999999999125,false,16836.28099999999,46.02089199178641,16882.301891991778
1878,Bathroom accessories,1466,1466,1.0,0.874999999999925,false,23683.380000000012,54.06088213552355,23737.440882135536
1879,Travel accessories,565,565,1.0,0.9843749999999032,false,9149.909999999998,106.6166981519507,9256.526698151949
1880,Laundry baskets,20385,16434,0.8061810154525386,0.9999999403952553,false,1839411.357000001,7289.212448459953,1846700.569448461
1882,Baskets,17633,17633,1.0,0.9921874999999016,false,215069.00099999996,547.8321659137574,215616.8331659137
1883,Baskets,10058,10058,1.0,0.9960937499999007,false,77625.62499999997,166.49550308008207,77792.12050308005
1884,Storage boxes,28789,28789,1.0,0.874999999999925,false,744200.2539999994,3122.9848726899368,747323.2388726893
1886,Personal care,58240,57670,0.9902129120879121,0.9999999403952553,false,126948.70299999996,478.65042422997976,127427.35342422995
1887,Foods,976,976,1.0,0.74999999999995,false,20958.209999999985,31.5595071868583,20989.769507186844
1889,Tools,4587,3274,0.7137562677131023,0.9999999403952553,false,157455.42399999994,823.5685190965098,158278.99251909644
1891,Toilet cleaners and odors,5007,5007,1.0,0.9997558593749001,false,82094.012,338.99599425051287,82433.00799425051
1892,Wash treatment and accessories,11153,11153,1.0,0.9374999999999125,false,584485.9020000005,1277.13268829569,585763.0346882961
1893,Cleaning products,5100,5100,1.0,0.9843749999999032,false,133318.829,709.1210517453796,134027.95005174537
1894,Cleaning products,3566,3566,1.0,0.9687499999999063,false,112024.584,935.6756464065718,112960.25964640657
1898,Cleaning products,24615,23275,0.9455616494007719,0.9999999403952553,false,252818.21600000004,1119.5632574948663,253937.7792574949
1903,Residential odors,5082,5082,1.0,0.9843749999999032,false,100243.14299999995,350.26582176591376,100593.40882176587
1904,Dishwashing articles,47415,43676,0.9211430981756829,0.9999999403952553,false,487971.939,2720.133880903493,490692.0728809035
1905,Stationary,75818,75818,1.0,0.9960937499999007,false,172806.56400000004,1394.1336262833659,174200.69762628342
1906,Drink & food To Go,15968,15968,1.0,0.9921874999999016,false,90657.19600000003,714.5813047227908,91371.77730472281
1908,Drink & food To Go,9567,8022,0.8385073690812167,0.9999999403952553,false,258595.5400000001,2206.239836550312,260801.7798365504
1917,Frying pans,23580,18459,0.7828244274809161,0.9999999403952553,false,1960711.2349999978,9222.634221765886,1969933.8692217637
1944,Candles & Tealights,14263,14263,1.0,0.5,false,516928.1599999999,81920.29477946609,598848.454779466
1947,Candles & Tealights,15118,8748,0.5786479693081096,0.9999999403952553,true,147615.03399999999,2263.7196969199144,149878.7536969199
1948,Candles & Tealights,16364,16364,1.0,0.9999990463255837,false,193728.36699999994,636.3859462012323,194364.75294620116
1965,Residential odors,15343,12602,0.8213517565013361,0.9999999403952553,false,104089.62200000018,507.2994751540037,104596.92147515419
1970,Photo frames & albums,2322,2322,1.0,0.9921874999999016,false,35750.532999999996,150.98520492813134,35901.51820492813
1982,Drink & food To Go,17276,1023,0.05921509608705719,0.9999999403952553,true,407006.25,3476.172689938398,410482.4226899384
1997,"Glasses (drink, beer, wine etc)",2163,1695,0.7836338418862691,0.9999999403952553,false,5144.356,14.386583983572898,5158.742583983572
2004,Knives,215,215,1.0,0.9374999999999125,true,27677.467999999997,332.60512648870656,28010.073126488704
2006,Fans and electric blankets,778,778,1.0,0.9687499999999063,false,69894.95800000001,319.44085462012333,70214.39885462014
2007,Table textiles,296,296,1.0,0.74999999999995,true,6226.674999999999,63.10902464065705,6289.784024640657
2009,Hobby and creative,414,414,1.0,0.74999999999995,false,13391.937999999986,30.343372895277206,13422.281372895262
2011,Boys toys,9799,9799,1.0,0.9921874999999016,false,59809.56800000003,210.69373880903487,60020.261738809066
2014,"Glasses (drink, beer, wine etc)",2430,2430,1.0,0.74999999999995,false,30244.368000000013,55.2489388090349,30299.61693880905
2019,Shoe maintenance,1403,1403,1.0,0.9374999999999125,false,374043.31299999997,1236.1081605749494,375279.4211605749
2021,Baskets,4366,4366,1.0,0.9374999999999125,false,54141.88499999999,121.35965544147832,54263.244655441464
2023,Vacuuming,140,140,1.0,0.5,false,11758446.224000005,65968.28249815202,11824414.506498158
2024,Toilet accessories,15767,15544,0.9858565358026258,0.9999999403952553,false,1785700.2239999997,5661.123206570833,1791361.3472065704
2025,Knives,62750,62101,0.9896573705179282,0.9999999403952553,false,613479.3209999998,9756.653245995898,623235.9742459956
2030,Ironing board textiles,18520,18520,1.0,0.9998779296874001,false,647483.6620000005,4277.082246406566,651760.7442464071
2035,Bed textile,660,660,1.0,0.5,true,143764.25,1302.7266488706334,145066.97664887062
2045,Shopping bags and trolleys,6342,6342,1.0,0.9687499999999063,false,23541.819000000007,105.82954743326482,23647.648547433273
2049,Hobby and creative,10656,10656,1.0,0.9843749999999032,false,620042.2760000007,1238.7213683778245,621280.9973683784
2050,Boys toys,2569,2569,1.0,0.9687499999999063,false,42853.89500000003,168.50677412730985,43022.40177412734
2055,Hobby and creative,5984,5984,1.0,0.9960937499999007,false,83174.36399999984,251.48999753593438,83425.85399753577
2062,Hobby and creative,2094,2094,1.0,0.874999999999925,false,182486.36699999977,855.3518854209458,183341.7188854207
2069,Hobby and creative,2593,2593,1.0,0.9998779296874001,false,30390.415999999983,179.79969445585184,30570.215694455834
2072,Foodprep,3883,3883,1.0,0.9374999999999125,false,185570.38500000004,1394.6622628336727,186965.04726283372
2077,Small storage,41641,41641,1.0,0.9843749999999032,false,314224.68,1041.6561437371645,315266.33614373713
2078,Racks and pockets,23620,23620,1.0,0.9960937499999007,false,578880.7569999999,1724.1158542094454,580604.8728542093
2082,Waste bins,5133,5133,1.0,0.9990234374999001,false,391254.25500000024,683.9147186858319,391938.1697186861
2085,"Cloths, mops, sponges and brush",13906,13906,1.0,0.9997558593749001,false,405553.204,1891.2957618069822,407444.49976180703
2086,Cutlery,2392,2392,1.0,0.9843749999999032,false,7533.889999999999,84.02817248459955,7617.918172484599
2087,Cleaning products,11109,11109,1.0,0.9999847412108376,false,271272.4839999999,893.4786258726886,272165.9626258726
2088,Cleaning products,3531,3531,1.0,0.9998779296874001,false,96717.285,387.31378603696174,97104.59878603696
2092,Cleaning products,2657,2657,1.0,0.9990234374999001,false,14717.395,39.72643737166326,14757.121437371663
2093,Cleaning products,4446,4446,1.0,0.9997558593749001,false,30735.004999999997,474.1571601642715,31209.16216016427
2094,Wash treatment and accessories,22885,22885,1.0,0.874999999999925,false,1028214.4949999996,6145.146557700204,1034359.6415576999
2097,Shoe maintenance,6599,6599,1.0,0.9843749999999032,false,4091443.5869999975,11449.715547843936,4102893.3025478413
2101,Coffee makers and kettles,13360,12911,0.9663922155688622,0.9999999403952553,false,1450607.5639999995,5701.679602464065,1456309.2436024635
2102,Electric personal care,44172,40415,0.9149461197138459,0.9999999403952553,false,4460913.407999996,29689.06625051336,4490602.474250509
2103,Coffee makers and kettles,1880,1880,1.0,0.74999999999995,true,105617.58899999993,335.16838275154066,105952.75738275147
2109,Pan sets,3333,3333,1.0,0.9687499999999063,false,878576.5170000006,1708.1639149897335,880284.6809149903
2114,Construction,382,382,1.0,0.874999999999925,false,20088.432,161.41867761806984,20249.85067761807
2135,Watering cans,6662,6662,1.0,0.9843749999999032,false,145598.607,267.34159958932224,145865.94859958932
2153,Teletoys,446,446,1.0,0.74999999999995,false,27398.216999999997,267.46009075975354,27665.67709075975
2159,Phones,35,24,0.6857142857142857,0.9999999403952553,true,379.1760000000001,4.633281314168378,383.80928131416846
2161,Boys toys,830,830,1.0,0.74999999999995,false,21615.103999999978,46.62215030800818,21661.726150307986
2163,Boys toys,1938,1938,1.0,0.9687499999999063,true,7243.768,236.83746529774143,7480.605465297742
2164,Foods,794,794,1.0,0.74999999999995,false,7889.4199999999955,15.091732648870634,7904.511732648866
2165,Games,404,370,0.9158415841584159,0.9999999403952553,false,112825.314,4373.742650513346,117199.05665051335
2167,Games,1476,1476,1.0,0.74999999999995,true,118418.74799999996,1412.2757203285412,119831.0237203285
2170,"Glasses (drink, beer, wine etc)",895,895,1.0,0.874999999999925,false,63410.655,187.04874209445595,63597.703742094454
2179,Window and squeegees,7822,7439,0.9510355407824086,0.9999999403952553,false,873701.3879999999,6320.503106365501,880021.8911063654
2182,Cleaning products,49145,48972,0.9964798046596806,0.9999999403952553,false,412604.451,2934.4165872689964,415538.867587269
2183,"Cloths, mops, sponges and brush",8299,8299,1.0,0.9921874999999016,false,136332.19599999994,447.6578882956881,136779.85388829562
2185,Special pans,23039,23039,1.0,0.5,false,486768.28199999995,13736.592685010264,500504.87468501023
2188,Cutlery,4779,4779,1.0,0.9921874999999016,false,113604.93200000002,678.9517273100614,114283.88372731008
2189,Toilet accessories,12701,12701,1.0,0.9999998807906105,false,1088648.6730000007,3589.2879121149845,1092237.9609121156
2190,Window and squeegees,56073,56073,1.0,0.9921874999999016,false,1657261.297999998,2377.1545934291566,1659638.4525934272
2192,Clothes hangers,51913,51913,1.0,0.9374999999999125,false,868187.7329999998,39992.60253141682,908180.3355314166
2194,Wash treatment and accessories,24294,24294,1.0,0.74999999999995,false,706001.751,10026.337841889123,716028.0888418892
2195,Table textiles,885,885,1.0,0.9843749999999032,false,50122.799999999996,465.5905544147835,50588.39055441478
2196,Table textiles,3060,3060,1.0,0.9843749999999032,false,76466.852,319.8889839835727,76786.74098398357
2200,Bath textiles and bath mats,14253,14113,0.9901775064898618,0.9999999403952553,false,106047.12299999998,1709.5005498973294,107756.62354989731
2202,Bed textile,2926,2926,1.0,0.5,false,234036.64899999995,5459.2904501026605,239495.9394501026
2212,Thermos jugs,1159,1159,1.0,0.9921874999999016,false,60928.252,558.3650069815194,61486.61700698152
2218,Tableware,1039,1039,1.0,0.9997558593749001,false,22132.418000000012,114.88203942505127,22247.300039425063
2219,Thermos jugs,1998,1913,0.9574574574574575,0.9999999403952553,false,73569.19499999999,510.4309416837784,74079.62594168377
2221,Planks,2424,2424,1.0,0.9999923706053688,false,30598.93200000001,279.69191950718704,30878.623919507198
2223,Cutlery,1504,1504,1.0,0.9843749999999032,false,23822.161999999997,341.5227757700204,24163.684775770016
2224,Personal care,121,121,1.0,0.74999999999995,false,91920.63300000002,188.80527351129467,92109.43827351132
2225,Personal care,167,167,1.0,0.74999999999995,false,1378.3910000000005,2.4384147843942463,1380.8294147843949
2228,Tableware,7343,7343,1.0,0.9921874999999016,false,64426.22199999997,694.4394903490761,65120.66149034905
2232,"Cloths, mops, sponges and brush",380,380,1.0,0.5,false,38925.459999999985,224.55070882956875,39150.010708829555
2246,Baby / Toddler,479,479,1.0,0.74999999999995,false,11943.882999999989,46.340204106776156,11990.223204106765
2256,Baby / Toddler,1235,1235,1.0,0.9843749999999032,true,45915.70899999999,605.3852488706367,46521.09424887063
2264,Personal care,6516,5774,0.8861264579496624,0.9999999403952553,false,23154.012,375.05183572895305,23529.063835728954
2265,Drink & food To Go,13824,13707,0.9915364583333334,0.9999999403952553,false,263698.25999999995,1444.2276098562638,265142.48760985624
2269,Baskets,4362,4362,1.0,0.9687499999999063,false,139632.31100000013,366.08320862423005,139998.39420862438
2270,Euro articles,1960,1960,1.0,0.74999999999995,false,19554.150000000005,34.21835728952768,19588.36835728953
2271,"Cloths, mops, sponges and brush",69775,62187,0.8912504478681477,0.9999999403952553,false,917387.709,5793.436439014376,923181.1454390144
2273,Tea and coffee,3785,3785,1.0,0.9374999999999125,true,122128.86,799.5837363449695,122928.44373634497
2282,"Cloths, mops, sponges and brush",1592,1592,1.0,0.9374999999999125,false,157121.496,460.16917946611903,157581.66517946613
2283,Ironing board textiles,50860,50860,1.0,0.9999961853026345,false,1338312.6539999999,8233.49610554415,1346546.150105544
2288,Bed textile,12367,12367,1.0,0.5,false,352263.527,8008.635990965092,360272.16299096507
2291,Mugs and cups,29430,5997,0.2037716615698267,0.9999999403952553,false,850664.4160000002,18184.52645256675,868848.9424525669
2330,Store kitchen,3359,3359,1.0,0.9999694824217751,false,16866.080000000005,61.58077371663243,16927.660773716638
2336,Vacuuming,12394,12394,1.0,0.5,false,336064.83400000003,19132.057905544138,355196.89190554415
2337,Light bulbs,4048,4048,1.0,0.874999999999925,false,42530.537000000004,68.66544928131408,42599.20244928132
2342,Drink & food To Go,19763,19277,0.9754085918129839,0.9999999403952553,false,812578.4099999995,5007.787078028746,817586.1970780282
2344,"Cloths, mops, sponges and brush",46435,36523,0.7865403251857435,0.9999999403952553,false,1017658.5440000002,5847.372790143744,1023505.9167901439
2345,Kitchen tools,8390,8230,0.9809296781883194,0.9999999403952553,false,346815.54600000026,1492.6062944558494,348308.1522944561
2350,Baskets,11259,11259,1.0,0.9921874999999016,false,134722.16800000003,486.88887227926085,135209.0568722793
2353,Cleaning products,12814,12814,1.0,0.9990234374999001,false,582282.0499999995,1628.2233601642722,583910.2733601638
2354,Cleaning products,6489,6489,1.0,0.9999389648436501,false,205907.73000000004,853.269498973306,206760.99949897334
2355,Suitcases,367,367,1.0,0.9980468749999003,false,145534.61999999994,663.3055112936354,146197.92551129358
2356,Cleaning products,4859,4859,1.0,0.9921874999999016,false,53298.314999999995,131.75509527720754,53430.0700952772
2359,Foods,466,466,1.0,0.74999999999995,false,15003.87000000001,46.5985141683778,15050.468514168388
2361,Cleaning products,34,34,1.0,0.5,false,15620.177999999998,60.81200410677597,15680.990004106774
2363,Residential odors,7433,7433,1.0,0.9843749999999032,false,130679.05199999997,1266.9887137577011,131946.04071375765
2364,Personal care,67167,67167,1.0,0.9999980926512673,false,324760.8979999999,1194.9387515400385,325955.83675153996
2369,Window and squeegees,1748,1193,0.6824942791762014,0.9999999403952553,false,256633.31400000007,2086.70264476386,258720.01664476393
2370,Ironing,18545,15028,0.8103531949312484,0.9999999403952553,false,4125716.0349999974,17847.17383983574,4143563.2088398333
2379,Pan sets,5909,5909,1.0,0.9997558593749001,false,1891082.6550000003,11544.712898562624,1902627.367898563
2391,Foods,638,638,1.0,0.74999999999995,false,40830.71999999994,76.489,40907.208999999944
2394,Residential odors,10216,10216,1.0,0.9960937499999007,false,40956.299999999996,172.20241478439422,41128.50241478439
2402,Baby / Toddler,86,86,1.0,0.5,true,18748.687999999995,144.42338480492808,18893.111384804924
2406,Partyfun,2088,2088,1.0,0.9921874999999016,false,9360.778,206.8855835728951,9567.663583572896
2408,Construction,324,324,1.0,0.874999999999925,false,3916.184999999998,22.472644763860366,3938.6576447638586
2410,Construction,446,446,1.0,0.9687499999999063,false,15223.194,124.65394168377824,15347.847941683778
2412,Electric personal care,242,242,1.0,0.74999999999995,true,82401.42399999998,329.62283039014335,82731.04683039013
2415,Batteries,1114,1114,1.0,0.9921874999999016,false,20672.035999999996,61.22894537987675,20733.264945379873
2421,Ironing,1645,962,0.5848024316109423,0.9999999403952553,false,127995.87499999999,589.5916332648869,128585.46663326488
2423,Store kitchen,13821,13821,1.0,0.9980468749999003,false,66284.39999999995,170.67954825462027,66455.07954825457
2430,Baskets,3902,3902,1.0,0.9843749999999032,false,125810.05499999986,421.1709893223821,126231.22598932225
2435,Vacuuming,258,258,1.0,0.5,false,3486525.8750000023,13013.925621355222,3499539.8006213577
2436,Bakeware,53806,53806,1.0,0.9999961853026345,false,588344.4000000001,2636.3336640657108,590980.7336640658
2437,Knives,56854,56854,1.0,0.5,false,325030.86,9343.203874743327,334374.0638747433
2441,Window and squeegees,28572,28419,0.994645107097858,0.9999999403952553,false,555956.1280000006,3477.8213322381985,559433.9493322388
2443,Drying racks,20986,18688,0.8904984275231106,0.9999999403952553,false,2094751.372,86324.60201149888,2181075.974011499
2445,Partyfun,45597,45597,1.0,0.9374999999999125,false,479290.56000000006,1156.0572616016418,480446.61726160167
2449,Tableware,42050,39363,0.9360998810939358,0.9999999403952553,false,699041.5460000001,26110.591021355227,725152.1370213553
2451,Mugs and cups,14992,6370,0.42489327641408753,0.9999999403952553,false,210242.928,4121.503638603694,214364.4316386037
2454,Tableware,11828,5139,0.4344775109908691,0.9999999403952553,false,261281.79000000004,6136.964667351131,267418.75466735114
2463,Tableware,995,548,0.5507537688442211,0.9999999403952553,false,427261.716,6795.916526488699,434057.63252648874
2465,Tableware,7123,6208,0.8715428892320651,0.9999999403952553,false,152924.24,804.9037967145784,153729.14379671458
2471,Vases,270,270,1.0,0.9374999999999125,false,17809.351,93.518326899384,17902.86932689938
2474,Tableware,2818,2818,1.0,0.74999999999995,false,45237.654,1327.6556008213547,46565.309600821354
2478,Kitchen tools,935,935,1.0,0.9843749999999032,false,8203.222999999998,114.63608788501034,8317.859087885008
2486,Dishwashing articles,169,169,1.0,0.5,false,69239.499,336.28013798767967,69575.77913798767
2494,Oven dishes,1096,1096,1.0,0.5,false,6637.574999999999,196.1343626283366,6833.709362628336
2495,Drinks,707,707,1.0,0.74999999999995,false,17589.662999999997,80.2091938398358,17669.872193839834
2497,Table paper,1154,1154,1.0,0.9843749999999032,false,20173.566,232.15616427104717,20405.722164271046
2498,Thermos jugs,1093,1093,1.0,0.9843749999999032,false,16702.875,100.97722792607802,16803.85222792608
2505,Pan sets,102,102,1.0,0.9374999999999125,true,36089.886,441.2622455852155,36531.14824558522
2511,Games,3273,3273,1.0,0.9843749999999032,false,135159.18500000006,557.0590369609858,135716.24403696106
2519,"Glasses (drink, beer, wine etc)",1498,1498,1.0,0.5,true,17651.27,109.57084188911712,17760.840841889116
2525,Table paper,7359,7328,0.995787471123794,0.9999999403952553,false,17126.675999999992,127.98718357289512,17254.663183572888
2526,Table paper,10145,10145,1.0,0.9843749999999032,false,23203.340999999997,89.53081355236144,23292.87181355236
2529,Store kitchen,5932,5932,1.0,0.9999923706053688,false,721272.6639999996,1613.996289938398,722886.6602899381
2531,Drying racks,7029,7029,1.0,0.9999389648436501,false,1635353.7199999993,5008.955416837785,1640362.675416837
2532,Ironing boards,209,209,1.0,0.74999999999995,false,934744.7479999999,1799.3679786447603,936544.1159786447
2544,Mugs and cups,22605,10676,0.4722848927228489,0.9999999403952553,false,765375.5340000002,15524.25415687883,780899.788156879
2549,Serve and present,10114,10114,1.0,0.9843749999999032,false,243223.35099999994,680.3146804928136,243903.66568049276
2579,Coffee makers and kettles,16662,16662,1.0,0.9980468749999003,false,2815055.103000002,5964.275107186853,2821019.3781071887
2580,Vacuuming,35919,35919,1.0,0.5,false,785001.1050000002,43549.26374537984,828550.3687453801
2584,Store kitchen,59182,59182,1.0,0.9999990463255837,false,1256643.976,4069.678464476379,1260713.6544644765
2585,Store kitchen,35781,35781,1.0,0.9998779296874001,false,541795.338,1999.3208082135532,543794.6588082135
2587,Bathroom accessories,27717,27717,1.0,0.9843749999999032,false,445139.4149999999,1426.886948254621,446566.3019482545
2588,Watering cans,37586,37586,1.0,0.9990234374999001,false,356277.81000000023,819.7799926078022,357097.58999260806
2589,Bathroom accessories,4163,4163,1.0,0.9960937499999007,false,134554.98,314.94946201232074,134869.92946201234
2591,Tea and coffee,15093,15093,1.0,0.5,false,1569466.9619999998,51190.26709281314,1620657.2290928129
2592,Storage boxes,1447,1447,1.0,0.74999999999995,false,272672.0149999999,332.0335728952773,273004.0485728952
2594,Cleaning products,4592,4592,1.0,0.9843749999999032,false,54805.527,300.88082464065695,55106.40782464066
2596,Cleaning products,7201,7201,1.0,0.9921874999999016,false,228191.71199999994,1939.3646324435322,230131.07663244347
2597,Cleaning products,3028,2996,0.9894319682959049,0.9999999403952553,false,42654.276000000005,397.8854390143747,43052.16143901438
2599,Wash treatment and accessories,48483,46009,0.9489718045500485,0.9999999403952553,false,961436.1189999994,10101.657686652978,971537.7766866523
2600,Cleaning products,2342,2342,1.0,0.9374999999999125,false,12313.643999999998,41.62331663244354,12355.267316632442
2601,Wash treatment and accessories,4662,4015,0.8612183612183613,0.9999999403952553,false,50597.399999999994,955.0442094455854,51552.44420944558
2602,Foils and bags,15789,15789,1.0,0.874999999999925,false,622064.8979999997,1379.0209913757685,623443.9189913755
2604,Cleaning products,57483,52784,0.9182540925143086,0.9999999403952553,false,213335.22000000003,1443.9231457905541,214779.1431457906
2605,Vacuuming,124528,123963,0.9954628677887704,0.9999999403952553,false,672181.902,5290.539055441473,677472.4410554415
2606,Personal care,134990,98529,0.7298985110008148,0.9999999403952553,false,665725.3120000002,3980.067324845996,669705.3793248462
2608,Coffee makers and kettles,9533,9533,1.0,0.9374999999999125,false,2198804.790000002,4182.463048049283,2202987.253048051
2613,Cooking pans,1807,543,0.30049806308799115,0.9999999403952553,true,175451.5490000001,177.01716139630386,175628.5661613964
2634,Candles & Tealights,7570,288,0.038044914134742404,0.9999999403952553,true,66483.69000000002,803.7440821355232,67287.43408213554
2637,Vases,1740,1740,1.0,0.9687499999999063,false,32431.706999999995,124.16631047227916,32555.873310472274
2645,Partyfun,13099,13099,1.0,0.9999999403952553,false,76886.712,396.48241190965143,77283.19441190964
2646,Photo frames & albums,12645,12645,1.0,0.9687499999999063,false,80641.16200000004,179.81876837782346,80820.98076837786
2652,Construction,345,345,1.0,0.874999999999925,false,51990.939000000006,356.1383273100616,52347.077327310064
2654,Tableware,3460,214,0.061849710982658956,0.9999999403952553,true,535043.2499999999,92.93039014373726,535136.1803901437
2658,Fans and electric blankets,536,536,1.0,0.9687499999999063,false,16679.543999999998,77.99973798767964,16757.54373798768
2660,Electric personal care,1660,1660,1.0,0.874999999999925,false,53873.064000000006,143.4376065708419,54016.50160657085
2661,Phones,48,42,0.875,0.9999999403952553,true,364.0,6.778644763860366,370.77864476386037
2667,Store kitchen,688,688,1.0,0.9687499999999063,true,24052.895999999997,155.48904804928134,24208.385048049277
2671,Games,10032,10032,1.0,0.874999999999925,false,380900.1000000001,1570.8148767967148,382470.9148767968
2672,Tea and coffee,13687,13687,1.0,0.9999847412108376,false,75206.03999999998,622.7224722792599,75828.76247227924
2674,Stuffed animals,2175,2175,1.0,0.874999999999925,false,124067.01999999993,355.4738677618074,124422.49386776173
2677,"Glasses (drink, beer, wine etc)",1833,1704,0.9296235679214403,0.9999999403952553,false,60460.39999999996,1022.7278850102662,61483.127885010224
2680,Drink & food To Go,16441,16441,1.0,0.9960937499999007,false,255687.29199999993,1692.1311264887063,257379.42312648863
2686,Kitchen tools,4880,4880,1.0,0.999999761581321,false,238059.591,1219.1181055441477,239278.70910554414
2688,Foils and bags,70520,70520,1.0,0.9843749999999032,false,373771.16000000027,532.2152751540045,374303.37527515425
2689,Vacuuming,150,150,1.0,0.74999999999995,false,5852697.305,33246.28867761809,5885943.593677618
2690,Gift,37683,32657,0.8666242072021867,0.9999999403952553,false,164553.711,5272.261040657082,169825.9720406571
2691,Toilet accessories,3832,3832,1.0,0.9960937499999007,false,374109.11999999994,1227.1491581108833,375336.26915811084
2694,Bathroom accessories,8885,8885,1.0,0.9843749999999032,false,645603.6229999997,1216.1183195071872,646819.7413195069
2698,Kitchen helpers,5042,5042,1.0,0.9374999999999125,false,149950.49299999993,400.4741223819301,150350.96712238187
2699,Window and squeegees,26092,26092,1.0,0.9997558593749001,false,280767.76000000007,1259.5781256673524,282027.3381256674
2701,Ironing board textiles,23297,23297,1.0,0.9999980926512673,false,347387.27099999995,2393.5267540041095,349780.7977540041
2702,Table textiles,533,533,1.0,0.9843749999999032,false,26230.147999999997,332.8356061601641,26562.98360616016
2718,Bathroom accessories,1192,1192,1.0,0.9374999999999125,false,83794.98399999997,311.8343154004106,84106.81831540038
2719,Light bulbs,4294,4294,1.0,0.9374999999999125,false,63613.36800000001,171.99680164271066,63785.36480164272
2720,Cleaning products,4467,4467,1.0,0.9687499999999063,false,21569.212,59.208420533880926,21628.42042053388
2730,Kitchen tools,1890,1890,1.0,0.9843749999999032,false,29288.986999999997,390.36286817248435,29679.34986817248
2732,Cutlery,2954,2954,1.0,0.9843749999999032,false,4680.6900000000005,17.146297330595473,4697.836297330596
2736,Oven dishes,886,870,0.981941309255079,0.9999999403952553,true,16220.623999999996,312.41125913757696,16533.035259137574
2745,Stuffed animals,2455,2455,1.0,0.9995117187499001,true,72585.744,541.0213527720736,73126.76535277208
2748,Stuffed animals,79,79,1.0,0.74999999999995,true,24535.069999999996,114.162094455852,24649.23209445585
2758,Baby / Toddler,165,165,1.0,0.74999999999995,true,4811.974999999999,68.80897946611903,4880.783979466119
2761,Kitchen helpers,1990,1990,1.0,0.9997558593749001,true,107681.91,1311.631971252564,108993.54197125256
2763,Dishwashing articles,103294,82174,0.7955350746413151,0.9999999403952553,false,367212.5800000003,2025.303761806981,369237.8837618073
2764,"Cloths, mops, sponges and brush",18354,18354,1.0,0.9990234374999001,false,695398.8509999998,3627.2118566735107,699026.0628566733
2773,Foils and bags,18944,18944,1.0,0.9687499999999063,false,296351.4119999999,569.6091400410679,296921.02114004095
2777,Ironing board textiles,8787,8787,1.0,0.9960937499999007,false,153566.616,1383.1758406570843,154949.7918406571
2778,Kitchen tools,73547,73547,1.0,0.9997558593749001,false,1691148.9559999995,61839.79942546212,1752988.7554254616
2781,Ironing boards,9738,9662,0.9921955226945984,0.9999999403952553,false,3200860.1169999987,67990.87583696104,3268850.9928369597
2783,Drying racks,10981,10981,1.0,0.9374999999999125,true,1711686.2069999995,12465.870041889126,1724152.0770418886
2784,Table textiles,1154,1154,1.0,0.9687499999999063,false,51525.459999999985,372.2629006160166,51897.722900616
2786,Bed textile,12586,12586,1.0,0.9960937499999007,false,232873.312,8215.56026283367,241088.87226283367
2787,Bath textiles and bath mats,8616,8616,1.0,0.9990234374999001,false,95615.156,2210.9526102669406,97826.10861026694
2791,Table textiles,7090,7090,1.0,0.5,false,264150.488,23332.089573716596,287482.5775737166
2793,Baskets,5909,5909,1.0,0.74999999999995,false,52098.19999999999,259.1615720739219,52357.36157207391
2794,Fans and electric blankets,1860,1860,1.0,0.9921874999999016,false,171297.6160000001,1047.3547359342929,172344.9707359344
2796,Tableware,5092,5092,1.0,0.9687499999999063,false,87963.86200000001,440.8921195071863,88404.7541195072
2805,Light bulbs,6226,6226,1.0,0.9687499999999063,false,16692.647999999997,45.44272936344967,16738.09072936345
2817,Foodprep,10476,10476,1.0,0.5,false,901324.41,81180.04531416843,982504.4553141685
2823,Batteries,120724,120724,1.0,0.5,false,2476969.9499999993,238046.03877289518,2715015.9887728943
2826,Wash treatment and accessories,7714,7714,1.0,0.9921874999999016,false,103009.26999999996,521.8766776180697,103531.14667761803
2828,Store kitchen,23882,23882,1.0,0.9999847412108376,false,1252236.3070000003,5489.089148254615,1257725.3961482549
2829,"Cloths, mops, sponges and brush",136452,110775,0.8118239380881189,0.9999999403952553,false,1537518.4650000008,8863.884868583164,1546382.349868584
2832,Window and squeegees,16086,16086,1.0,0.9980468749999003,false,597524.5850000001,2202.743843942503,599727.3288439426
2833,Racks and pockets,34281,34281,1.0,0.9990234374999001,false,470148.10499999986,1203.2331047227929,471351.3381047227
2835,Clothes hangers,50901,47403,0.9312783638828314,0.9999999403952553,false,511530.01199999964,4059.0264825461995,515589.0384825458
2838,Thermos jugs,9835,9835,1.0,0.5,false,553746.102,16650.532504312134,570396.6345043121
2839,Thermos jugs,8942,8942,1.0,0.5,false,887954.2840000001,13784.114377002055,901738.3983770021
2842,Baskets,9006,9006,1.0,0.9921874999999016,false,41360.109,113.94677330595489,41474.055773305954
2844,Cleaning products,10724,10724,1.0,0.9999389648436501,false,195706.24500000002,721.1305650924021,196427.37556509243
2845,Cleaning products,4523,4523,1.0,0.9960937499999007,false,48236.93,195.64666529774107,48432.57666529774
2846,Cleaning products,5239,5239,1.0,0.9999694824217751,false,180723.48000000007,609.5876550308013,181333.06765503087
2847,Personal care,11466,11466,1.0,0.9995117187499001,false,58629.234999999964,282.47987720739263,58911.714877207356
2853,Cleaning products,71,71,1.0,0.5,false,73807.776,65.06753839835737,73872.84353839836
2854,"Cloths, mops, sponges and brush",15206,15206,1.0,0.9995117187499001,false,265996.96199999994,2254.344937577,268251.30693757697
2855,Window and squeegees,52599,52599,1.0,0.9995117187499001,false,505562.39999999997,2363.682726899382,507926.08272689936
2894,Residential odors,13450,13309,0.9895167286245353,0.9999999403952553,false,89824.91000000003,360.162234907598,90185.07223490762
2905,Pan sets,2757,2352,0.85310119695321,0.9999999403952553,false,603746.1849999998,4479.885030390144,608226.0700303899
2909,Kitchen tools,490,490,1.0,0.74999999999995,false,10124.386999999999,191.76831745379877,10316.155317453798
2911,Teletoys,241,238,0.9875518672199171,0.9999999403952553,true,9909.563999999998,344.720620123203,10254.284620123202
2912,Construction,84,84,1.0,0.5,true,8087.758,157.6692620123202,8245.42726201232
2917,Construction,140,140,1.0,0.5,false,1774.864,26.087927720739227,1800.9519277207391
2922,Pan sets,1219,1219,1.0,0.874999999999925,false,187947.37499999994,528.56167761807,188475.936677618
2925,Kitchen helpers,765,765,1.0,0.5,false,43977.56999999999,2209.0743363449687,46186.64433634496
2929,Thermos jugs,4070,4070,1.0,0.9999694824217751,false,528772.811,1888.952190554413,530661.7631905545
2938,Personal care,35090,35090,1.0,0.874999999999925,false,818156.1920000004,833.4925815195082,818989.6845815199
2940,Ironing boards,1521,220,0.14464168310322156,0.9999999403952553,true,182663.48100000006,722.6196390143747,183386.10063901445
2943,Knives,24107,24107,1.0,0.9980468749999003,false,718086.5369999999,8743.984131006155,726830.5211310061
2947,Kitchen helpers,19958,19958,1.0,0.5,false,1452150.0,18279.16324435318,1470429.1632443531
2949,Kitchen textile,6536,6536,1.0,0.5,false,81313.05,1051.6992751540042,82364.74927515401
2950,Kitchen textile,3369,3369,1.0,0.874999999999925,false,131066.95000000001,3585.822345790554,134652.77234579055
2951,Racks and pockets,16599,16599,1.0,0.9960937499999007,false,231711.58499999993,1759.5390566735107,233471.12405667343
2952,Table textiles,419,419,1.0,0.9687499999999063,true,29746.331999999995,464.9947466119098,30211.326746611903
2953,Bath textiles and bath mats,32620,32620,1.0,0.5,false,321418.67100000003,15883.111637782338,337301.7826377824
2957,Mugs and cups,14904,8311,0.5576355340848095,0.9999999403952553,false,219438.4009999999,4205.156297741266,223643.55729774115
2968,Tea and coffee,72275,63902,0.8841508128675198,0.9999999403952553,false,1072638.336000001,5855.210237371664,1078493.5462373728
2969,Tea and coffee,75168,75168,1.0,0.9980468749999003,false,1521284.6599999985,3013.0126965092427,1524297.6726965078
2974,Foils and bags,542,542,1.0,0.74999999999995,false,17200.644999999997,30.045609856262843,17230.69060985626
2978,Tools,1633,1633,1.0,0.9687499999999063,false,68894.462,257.90311868583143,69152.36511868583
2979,Tableware,1158,1158,1.0,0.9687499999999063,false,18966.857,51.601248870636546,19018.458248870636
2980,Light bulbs,6031,6031,1.0,0.9374999999999125,false,123810.79899999997,270.35735195071874,124081.15635195069
2985,Cutlery,3224,3224,1.0,0.9687499999999063,false,8710.338,88.8233420944559,8799.161342094456
2987,Tableware,4401,4401,1.0,0.874999999999925,false,16753.415000000005,22.737753593429144,16776.152753593433
2996,Baby / Toddler,4645,4645,1.0,0.74999999999995,false,725231.5839999999,4260.429128542094,729492.013128542
2997,Games,1296,1296,1.0,0.9687499999999063,false,169585.14299999984,427.4219174537994,170012.56491745362
3014,Phones,9792,9792,1.0,0.9843749999999032,false,2467900.2529999996,9173.542983162217,2477073.795983162
3015,Batteries,34161,34161,1.0,0.9995117187499001,false,741704.4600000002,2138.4119178644755,743842.8719178647
3021,"Glasses (drink, beer, wine etc)",668,668,1.0,0.9374999999999125,false,18367.166999999998,64.396196714579,18431.56319671458
3027,Kitchen helpers,28049,26129,0.9315483617954294,0.9999999403952553,false,408734.732,7368.1243108829585,416102.85631088295
3030,Vacuuming,183,183,1.0,0.74999999999995,false,272518.246,1009.7909018480505,273528.03690184804
3031,Vacuuming,105,105,1.0,0.74999999999995,false,3252202.1000000006,15880.929681724794,3268083.0296817254
3033,Kitchen helpers,17842,17842,1.0,0.9960937499999007,false,609557.8230000001,6411.848972484592,615969.6719724847
3034,Measuring and weighing,39713,2986,0.07518948455165815,0.9999999403952553,false,636455.75,11691.84342915811,648147.5934291581
3036,Ironing boards,20693,20693,1.0,0.9990234374999001,false,3814753.2850000006,63677.74310472277,3878431.0281047234
3037,Drying racks,8537,7238,0.8478388192573504,0.9999999403952553,false,2583401.9119999986,15186.573903901426,2598588.4859039
3042,Bed textile,3261,3261,1.0,0.5,false,212132.41699999996,3581.5997618069796,215714.01676180694
3046,Others,548,548,1.0,0.9997558593749001,false,28540.070999999964,203.48353182751495,28743.554531827478
3047,Bath textiles and bath mats,21094,21094,1.0,0.5,false,217299.54399999997,6055.880947843947,223355.42494784392
3058,"Glasses (drink, beer, wine etc)",7658,7658,1.0,0.9999847412108376,false,86589.99300000003,1274.299542505134,87864.29254250517
3059,Games,2181,2181,1.0,0.9374999999999125,false,250606.4050000006,337.4533839835728,250943.8583839842
3063,Games,94,94,1.0,0.5,true,46934.81099999991,80.07048172484582,47014.881481724755
3075,Boys toys,1226,1226,1.0,0.9960937499999007,true,26536.124999999996,359.8880390143732,26896.01303901437
3080,Batteries,50340,49502,0.9833531982518872,0.9999999403952553,false,1156400.364,4617.22951786447,1161017.5935178646
3082,Batteries,13532,13532,1.0,0.9843749999999032,false,331314.9840000001,502.5949059548252,331817.57890595496
3083,"Cloths, mops, sponges and brush",57325,57325,1.0,0.9999694824217751,false,92162.04199999997,279.4360041067763,92441.47800410674
3087,Coffee makers and kettles,9201,3645,0.39615259210955334,0.9999999403952553,true,350759.1499999999,9274.42877700206,360033.57877700194
3090,Personal care,27052,27052,1.0,0.9921874999999016,true,250776.52599999998,2169.9065478439397,252946.43254784393
3091,"Cloths, mops, sponges and brush",27805,27805,1.0,0.9999389648436501,false,1012051.7959999994,4743.748960985628,1016795.5449609851
3092,Cutlery,2866,2866,1.0,0.9921874999999016,false,6165.348,59.81296755646817,6225.160967556468
3093,Bathroom accessories,8434,8434,1.0,0.9998779296874001,false,393661.933,1290.5485088295682,394952.4815088296
3097,Laundry baskets,14879,10763,0.7233685059479804,0.9999999403952553,false,453434.43599999987,1410.0647322381917,454844.50073223806
3098,Baskets,13833,13833,1.0,0.9687499999999063,false,200521.42600000006,308.8920156057496,200830.31801560582
3104,Cleaning products,6600,6600,1.0,0.9999990463255837,false,323647.5479999999,1415.2270324435312,325062.7750324434
3106,Baskets,3698,3698,1.0,0.9374999999999125,false,45128.096999999994,279.9195560574948,45408.01655605749
3108,Light bulbs,8382,8382,1.0,0.874999999999925,false,17017.287,22.11182710472279,17039.398827104724
3110,Ironing boards,2324,1667,0.7172977624784854,0.9999999403952553,false,228610.70400000003,2373.2100862422994,230983.91408624232
3112,Dishwashing articles,11331,4107,0.36245697643632513,0.9999999403952553,false,158393.08800000005,869.2771305954818,159262.36513059554
3114,"Cloths, mops, sponges and brush",21918,21918,1.0,0.5,false,2056095.5519999997,157189.55725010266,2213285.109250102
3120,Electric personal care,11613,11210,0.9652975114096272,0.9999999403952553,false,1785800.2470000004,7294.308250102658,1793094.5552501031
3121,Electric personal care,8571,8489,0.9904328549760821,0.9999999403952553,false,1021541.8220000009,3161.137563449689,1024702.9595634505
3123,Alarm clocks,18502,18502,1.0,0.874999999999925,false,997447.5979999998,63361.26090143734,1060808.8589014371
3128,Stationary,32283,32283,1.0,0.9980468749999003,false,105340.20000000007,181.54952772073912,105521.7495277208
3159,Pan sets,3411,3411,1.0,0.9980468749999003,true,1025792.4599999997,9030.037317043118,1034822.4973170429
3162,Kitchen tools,244,244,1.0,0.9921874999999016,true,9671.9,194.2082443531827,9866.108244353183
3163,Tea and coffee,1833,1833,1.0,0.9843749999999032,false,3222.884,79.55799260780289,3302.441992607803
3165,Construction,448,448,1.0,0.874999999999925,true,15463.895999999999,172.16644312114994,15636.062443121149
3170,Stationary,4116,4116,1.0,0.874999999999925,false,4115.622000000001,5.3479453798768,4120.969945379878
3171,Batteries,1515,1515,1.0,0.9374999999999125,false,33229.189,47.69754866529781,33276.886548665294
3173,Construction,296,296,1.0,0.874999999999925,true,6508.914999999999,50.24870800821355,6559.163708008213
3176,Girls toys,8,8,1.0,0.5,true,1511.6009999999999,113.84845133470219,1625.4494513347022
3179,Baby / Toddler,12321,12321,1.0,0.9374999999999125,false,639843.2740000008,1245.0737806981494,641088.3477806989
3185,Kitchen appliances,8227,8227,1.0,0.5,false,6165944.064000001,606838.8868780293,6772782.950878031
3188,Personal care,12110,12110,1.0,0.9921874999999016,false,269424.5399999998,1737.815371663242,271162.35537166306
3189,Wash treatment and accessories,13808,10125,0.7332705677867902,0.9999999403952553,false,346845.303,2961.273189733061,349806.57618973305
3196,"Cloths, mops, sponges and brush",8363,8363,1.0,0.9995117187499001,false,439694.8079999998,2339.842977823406,442034.6509778232
3201,Oven dishes,2419,2419,1.0,0.74999999999995,false,26591.165999999997,382.5957026694045,26973.761702669402
3205,Partyfun,28055,28055,1.0,0.9990234374999001,false,398363.595,1252.2422464065692,399615.83724640653
3210,Knives,57,50,0.8771929824561403,0.9999999403952553,true,38860.20599999999,489.07879712525755,39349.28479712525
3212,Table textiles,1724,1724,1.0,0.9687499999999063,false,45299.898,219.7393946611907,45519.63739466119
3218,Mugs and cups,20254,3314,0.16362200059247556,0.9999999403952553,false,533947.2809999998,15831.767393839842,549779.0483938397
3228,Vases,9090,9090,1.0,0.9960937499999007,false,120017.17000000003,277.25588501026664,120294.42588501029
3229,Tea and coffee,9999,9758,0.9758975897589759,0.9999999403952553,false,23897.208999999995,319.4982028747433,24216.70720287474
3230,Hobby and creative,195,195,1.0,0.874999999999925,true,4362.581999999999,29.04134127310059,4391.6233412731
3235,Cutlery,2192,2192,1.0,0.9843749999999032,false,29372.727999999985,90.97086735112924,29463.698867351115
3237,Oven dishes,855,855,1.0,0.9843749999999032,false,12572.447999999999,105.65732156057521,12678.105321560573
3244,Serve and present,709,709,1.0,0.9960937499999007,false,11834.507999999998,68.21427843942499,11902.722278439423
3246,Kitchen helpers,779,779,1.0,0.9687499999999063,true,116679.23400000001,1962.426818069814,118641.66081806982
3247,Cutlery,1348,1348,1.0,0.9843749999999032,false,16682.974,54.20000533880901,16737.174005338806
3249,Shopping bags and trolleys,6110,6110,1.0,0.5,false,19902.96,837.4073839835736,20740.367383983572
3251,Laundry baskets,167,167,1.0,0.874999999999925,false,45014.024999999994,196.32734702258674,45210.35234702258
3252,Thermos jugs,1068,1068,1.0,0.9843749999999032,false,56506.807,323.17354496919927,56829.9805449692
3259,Hobby and creative,5394,5394,1.0,0.9687499999999063,false,167757.135,857.0966217659136,168614.2316217659
3264,Hobby and creative,3170,3170,1.0,0.9999694824217751,false,164581.81599999993,687.5680862422994,165269.38408624224
3279,Table textiles,6665,6665,1.0,0.9999923706053688,true,30654.505,616.3334702258729,31270.838470225874
3281,Vacuuming,396,396,1.0,0.74999999999995,false,1157279.865,5483.8476919917875,1162763.7126919918
3285,Knives,13611,13611,1.0,0.74999999999995,false,144502.53999999998,1917.3987761806984,146419.93877618067
3286,Knives,24629,22656,0.9198911851881928,0.9999999403952553,false,180042.80000000005,4462.562381930185,184505.36238193023
3287,Drying racks,10459,10459,1.0,0.9960937499999007,false,7297479.112000001,178552.13480985627,7476031.246809857
3288,Bicycle accessories,1823,1823,1.0,0.9921874999999016,true,88960.375,2569.030184804928,91529.40518480493
3291,Kitchen textile,11083,11083,1.0,0.74999999999995,false,50171.59,2415.117950718686,52586.707950718686
3293,Bed textile,3772,3772,1.0,0.5,false,264503.09899999993,6856.581427104721,271359.68042710464
3295,Mugs and cups,21626,5185,0.23975769906593913,0.9999999403952553,false,333279.40799999994,7494.023260780291,340773.43126078026
3296,Mugs and cups,16197,10922,0.674322405383713,0.9999999403952553,false,525881.9999999999,11772.921603285415,537654.9216032852
3297,Mugs and cups,23104,5865,0.25385214681440443,0.9999999403952553,false,702849.5109999998,18857.209474332645,721706.7204743325
3298,Mugs and cups,13180,6459,0.4900606980273141,0.9999999403952553,false,142555.35000000003,2627.523731416837,145182.87373141688
3321,Puzzles,1176,1176,1.0,0.74999999999995,true,39211.172,311.71501067761784,39522.887010677616
3322,Foodprep,7318,7318,1.0,0.5,false,1599628.6739999999,139657.88105420952,1739286.5550542094
3329,Baby / Toddler,273,273,1.0,0.5,false,9179.352,130.20990061601645,9309.561900616018
3330,Moisture treatment and climate,14282,14282,1.0,0.9687499999999063,false,368396.27999999997,1617.9266562628345,370014.2066562628
3332,Cleaning products,88246,88246,1.0,0.9921874999999016,false,1038300.046,3768.9840525667314,1042069.0300525667
3333,Bathroom accessories,3072,3072,1.0,0.9960937499999007,false,164352.04799999998,436.71919671458,164788.76719671456
3335,Bathroom accessories,634,634,1.0,0.9687499999999063,false,339949.70099999994,2044.3904361396335,341994.0914361396
3336,Thermos jugs,4674,4674,1.0,0.9999847412108376,false,570837.0779999996,2817.9810997946615,573655.0590997942
3337,Cleaning products,11582,11582,1.0,0.9999990463255837,false,130329.77999999996,358.89473757700193,130688.67473757696
3339,Baskets,7856,7856,1.0,0.9980468749999003,false,102734.45699999997,281.0959958932233,103015.55299589319
3341,Cleaning products,4412,4412,1.0,0.9921874999999016,false,187166.90999999992,702.1060168377822,187869.0160168377
3342,Cleaning products,6561,6561,1.0,0.9980468749999003,false,89311.06800000001,468.19725092402484,89779.26525092404
3343,Cleaning products,10488,9921,0.9459382151029748,0.9999999403952553,false,154615.18799999982,650.395933059548,155265.58393305936
3346,Window and squeegees,1143,1143,1.0,0.9843749999999032,false,29087.87,242.28175770020545,29330.151757700205
3348,Wash treatment and accessories,31574,11167,0.3536770760752518,0.9999999403952553,false,444508.3439999998,6862.682675975355,451371.0266759752
3349,Waste bins,2949,2949,1.0,0.9999694824217751,false,106248.576,297.248773305955,106545.82477330595
3350,Cleaning products,1938,1938,1.0,0.9687499999999063,false,26424.468,126.92879507186863,26551.39679507187
3352,Cleaning products,4422,4422,1.0,0.9999980926512673,false,50069.66999999999,344.17197535934275,50413.84197535933
3353,Bathroom accessories,42047,42047,1.0,0.9960937499999007,false,233485.13999999996,1344.4022225872693,234829.54222258722
3354,Bathroom accessories,24788,24788,1.0,0.74999999999995,false,536222.4,6118.20813141684,542340.6081314168
3355,Toilet accessories,40666,27601,0.6787242413810063,0.9999999403952553,false,398178.40300000005,8169.427773305946,406347.830773306
3356,Residential odors,12863,12863,1.0,0.9687499999999063,false,342393.86999999994,561.8529560574954,342955.7229560574
3359,Electric personal care,6266,6266,1.0,0.9999990463255837,false,2725691.899000002,26348.970904312104,2752040.869904314
3363,Electric personal care,2970,2970,1.0,0.9999847412108376,false,626422.7130000009,1629.5090287474327,628052.2220287484
3368,Bathroom scales,13306,11394,0.8563054261235533,0.9999999403952553,false,427071.01499999996,3504.983885010269,430575.99888501025
3370,Special pans,7773,7773,1.0,0.74999999999995,true,1174405.162,21861.792359753577,1196266.9543597535
3410,Foods,950,950,1.0,0.74999999999995,false,7980.972999999999,12.24698151950721,7993.219981519506
3411,Construction,393,393,1.0,0.874999999999925,false,16594.809,213.34524394250516,16808.154243942507
3414,Electric personal care,1671,1671,1.0,0.5,true,94118.38799999999,354.7350788501028,94473.1230788501
3416,Construction,511,511,1.0,0.74999999999995,true,14797.237000000001,251.51060657084196,15048.747606570843
3428,Store kitchen,24307,9661,0.3974575225243757,0.9999999403952553,false,623061.166,20512.117265708417,643573.2832657084
3429,Sockets and security,1249,1249,1.0,0.874999999999925,false,20640.38900000001,30.167366735112914,20670.556366735123
3436,Toilet cleaners and odors,3691,2981,0.8076402059062585,0.9999999403952553,false,40320.33599999997,345.7225889117044,40666.05858891167
3438,Cooking books,9539,9539,1.0,0.9843749999999032,false,238378.13999999998,1539.6560944558512,239917.79609445584
3441,"Glasses (drink, beer, wine etc)",4202,753,0.1792003807710614,0.9999999403952553,true,62414.35199999998,1162.746800821355,63577.09880082133
3442,Window and squeegees,29425,29425,1.0,0.9999998807906105,false,2614865.792000002,8635.4807704312,2623501.272770433
3443,Window and squeegees,33103,29500,0.8911579010965773,0.9999999403952553,false,3731709.807000003,16626.04625995893,3748335.8532599616
3444,Kitchen tools,19156,19156,1.0,0.9374999999999125,false,436644.80999999994,16602.496609856284,453247.3066098562
3445,Cutlery,7377,7377,1.0,0.9999961853026345,false,223534.81500000006,1189.4385770020529,224724.25357700212
3453,Ironing board textiles,51921,51921,1.0,0.9999389648436501,false,2256915.695999998,12815.106303080083,2269730.802303078
3457,Bath textiles and bath mats,35178,35178,1.0,0.5,false,388933.622,9396.37384804928,398329.99584804924
3465,Tableware,37656,35911,0.9536594433821968,0.9999999403952553,false,537806.0800000007,4154.357355236138,541960.4373552368
3467,Cutlery,687,687,1.0,0.9960937499999007,false,11734.778999999999,290.5378459958933,12025.316845995892
3468,Tableware,698,698,1.0,0.874999999999925,false,29259.958000000006,71.91612279260775,29331.874122792615
3469,Baby / Toddler,850,850,1.0,0.9997558593749001,true,12035.869999999999,184.38271375770023,12220.2527137577
3471,Cutlery,3263,3263,1.0,0.9960937499999007,false,14136.695999999998,53.14747268993839,14189.843472689936
3473,Serve and present,2628,2628,1.0,0.9995117187499001,false,57241.73699999998,280.15600657084195,57521.89300657082
3474,Cutlery,3624,3624,1.0,0.9843749999999032,false,13258.335999999998,104.97371334702261,13363.30971334702
3476,Light bulbs,5182,5182,1.0,0.9374999999999125,false,41865.810000000005,83.42057248459957,41949.2305724846
3477,Tableware,5323,5323,1.0,0.9687499999999063,false,43444.674000000006,132.81926488706358,43577.49326488707
3478,Baskets,2631,2631,1.0,0.9374999999999125,false,31117.94,190.7170841889117,31308.65708418891
3482,Drink & food To Go,4388,4388,1.0,0.874999999999925,false,86359.56,256.61025462012304,86616.17025462013
3483,Light bulbs,4844,4844,1.0,0.9374999999999125,false,18262.608000000004,39.47776919917863,18302.085769199184
3485,Frying pans,1675,1675,1.0,0.9999847412108376,false,168596.88300000003,2422.7252143737155,171019.60821437376
3490,Hobby and creative,5656,5656,1.0,0.9960937499999007,false,208919.8020000001,671.846833675566,209591.6488336757
3499,Hobby and creative,62,62,1.0,0.5,false,25284.84000000001,71.83724845995872,25356.67724845997
3504,Games,2890,2890,1.0,0.9980468749999003,true,177573.6199999999,1503.6504661190957,179077.270466119
3514,Drink & food To Go,5723,5723,1.0,0.9921874999999016,false,46246.84399999999,527.0049207392196,46773.84892073921
3517,Measuring and weighing,22004,22004,1.0,0.9687499999999063,false,94855.90799999997,241.25017330595463,95097.15817330593
3519,"Glasses (drink, beer, wine etc)",411,411,1.0,0.74999999999995,false,8824.409999999994,18.540110882956842,8842.950110882952
3526,Window and squeegees,2399,2399,1.0,0.9960937499999007,false,453416.94999999995,1341.8750414784395,454758.8250414784
3528,Toilet cleaners and odors,4347,3543,0.8150448585231194,0.9999999403952553,false,40779.662,330.8363342915809,41110.49833429158
3529,Kitchen helpers,54710,54710,1.0,0.9687499999999063,false,872227.1040000002,6680.285032854215,878907.3890328543
3531,Vacuuming,141,141,1.0,0.5,false,1024822.5260000003,2500.27337330595,1027322.7993733062
3532,Kitchen tools,39401,36110,0.9164742011624071,0.9999999403952553,false,472315.4099999999,4806.339468172488,477121.7494681724
3533,Tea and coffee,8223,8223,1.0,0.5,false,148470.175,9222.54779260781,157692.7227926078
3541,"Cloths, mops, sponges and brush",123,123,1.0,0.5,false,59047.58999999999,64.23102258726895,59111.82102258726
3543,Bath textiles and bath mats,7761,7761,1.0,0.5,false,66014.81599999999,1415.8374899383978,67430.65348993838
3546,Bed textile,1544,1544,1.0,0.5,false,223310.75200000004,8474.6665449692,231785.41854496923
3549,Mugs and cups,35436,7942,0.22412236144034314,0.9999999403952553,false,1203105.967,27388.969065708407,1230494.9360657083
3556,Tea and coffee,11594,11594,1.0,0.9999999403952553,false,201569.19299999977,1011.7921946611905,202580.98519466096
3558,Kitchen helpers,1919,1919,1.0,0.9960937499999007,false,18994.667999999998,496.7207704312115,19491.38877043121
3560,Oven dishes,81,81,1.0,0.5,true,23519.216,210.69805667351145,23729.91405667351
3561,Oven dishes,408,408,1.0,0.874999999999925,true,4651.352999999999,37.68411622176592,4689.037116221765
3576,Hobby and creative,1799,1799,1.0,0.9687499999999063,true,41543.138000000006,219.82090513346984,41762.95890513348
3579,Batteries,9980,9980,1.0,0.74999999999995,true,72722.15999999997,408.60421848049293,73130.76421848047
3583,Baby / Toddler,962,962,1.0,0.9843749999999032,false,29636.34800000001,151.0930882956882,29787.441088295698
3587,Bakeware,25737,25737,1.0,0.9998779296874001,false,430564.3790000001,21299.588673511305,451863.96767351136
3588,Drink & food To Go,27154,27154,1.0,0.9843749999999032,false,576918.223,1606.2425839835757,578524.4655839836
3589,Dishwashing articles,98839,86531,0.8754742561134775,0.9999999403952553,false,1175107.947999999,9066.907967145795,1184174.8559671447
3591,Dishwashing articles,94783,91586,0.9662703227371997,0.9999999403952553,false,579461.7150000001,11783.317158110887,591245.032158111
3592,"Glasses (drink, beer, wine etc)",1868,1868,1.0,0.9843749999999032,false,7741.6849999999995,38.987369609856266,7780.672369609856
3593,Cleaning products,17337,17337,1.0,0.9921874999999016,false,625371.5299999999,5147.971139219712,630519.5011392196
3594,Clothes hangers,112663,112663,1.0,0.9999923706053688,false,2250771.8310000002,23032.737781930202,2273804.5687819305
3597,Oven dishes,807,807,1.0,0.9687499999999063,false,14964.740000000002,102.3987597535934,15067.138759753596
3601,Personal care,74,74,1.0,0.74999999999995,false,48904.00200000005,124.15404394250506,49028.15604394256
3602,Wash treatment and accessories,1980,1980,1.0,0.74999999999995,false,176761.62000000008,394.4302792607799,177156.05027926087
3603,Cleaning products,54259,54259,1.0,0.9999999403952553,false,1119740.5310000004,3538.1737425051347,1123278.7047425054
3605,Baskets,2813,2813,1.0,0.74999999999995,false,29878.659999999993,148.49449281314165,30027.154492813133
3607,Cleaning products,1537,1537,1.0,0.9374999999999125,false,88351.68999999999,432.7759860369609,88784.46598603694
3611,Wash treatment and accessories,16452,16452,1.0,0.9921874999999016,false,429050.00599999994,870.1981236139627,429920.2041236139
3612,Dishwashing articles,5264,5264,1.0,0.9921874999999016,false,11467.225,122.56373018480492,11589.788730184806
3616,Cleaning products,7345,7345,1.0,0.9843749999999032,false,199432.26800000004,940.8220837782353,200373.09008377828
3619,Ironing,11892,11892,1.0,0.9990234374999001,false,13142900.498000009,106147.1124172485,13249047.610417258
3622,Alarm clocks,20563,440,0.02139765598404902,0.9999999403952553,false,1302220.0799999998,45515.563998357306,1347735.6439983572
3623,Electric personal care,2232,1995,0.8938172043010753,0.9999999403952553,true,370214.95000000007,12557.256160164285,382772.2061601644
3646,Party lights,12601,12601,1.0,0.9997558593749001,false,221448.76599999997,14161.609048870629,235610.3750488706
3647,Residential odors,9449,9449,1.0,0.9921874999999016,false,19805.631999999994,102.67493059548262,19908.306930595478
3651,Vases,16851,15399,0.9138330069432081,0.9999999403952553,false,406129.1079999999,2372.940280082136,408502.048280082
3661,Kitchen tools,8058,8058,1.0,0.9960937499999007,false,42351.37900000002,208.06614579055415,42559.445145790574
3670,Construction,279,279,1.0,0.9374999999999125,false,3154.228,43.825680492813106,3198.0536804928133
3671,Hobby and creative,327,327,1.0,0.74999999999995,false,5224.45,8.696314168377823,5233.146314168378
3674,Puzzles,231,231,1.0,0.874999999999925,false,125961.94799999999,278.3257207392195,126240.2737207392
3675,Construction,549,549,1.0,0.5,true,34894.691999999995,587.3297248459958,35482.02172484599
3678,Boys toys,34,34,1.0,0.5,true,2803.437,214.86389322381945,3018.3008932238195
3687,"Glasses (drink, beer, wine etc)",2020,2020,1.0,0.74999999999995,false,31238.906999999985,46.74769897330596,31285.654698973292
3690,"Glasses (drink, beer, wine etc)",1354,1354,1.0,0.874999999999925,false,21065.967999999968,43.477710061601634,21109.44571006157
3691,"Glasses (drink, beer, wine etc)",1249,1249,1.0,0.9843749999999032,true,29659.132999999994,190.55765092402422,29849.690650924018
3692,Cleaning products,7893,7893,1.0,0.9980468749999003,false,256651.4649999999,1344.4397638603702,257995.90476386028
3696,Drink & food To Go,453,453,1.0,0.9843749999999032,false,33312.216,313.74715811088294,33625.963158110884
3698,Cooking books,146,146,1.0,0.74999999999995,false,102012.74999999999,455.3722792607794,102468.12227926076
3700,Clocks,3076,3076,1.0,0.9687499999999063,false,35866.71900000002,105.56492156057504,35972.28392156059
3719,Mugs and cups,9911,4831,0.4874381999798204,0.9999999403952553,false,200728.83599999998,4865.791336344973,205594.62733634494
3720,Mugs and cups,11289,5499,0.4871113473292586,0.9999999403952553,false,366264.53500000003,10102.353814373722,376366.88881437376
3721,Mugs and cups,24620,21299,0.8651096669374492,0.9999999403952553,false,453018.0479999999,9492.826201232045,462510.8742012319
3722,Mugs and cups,23861,4465,0.1871254348099409,0.9999999403952553,false,641552.9609999999,13459.272480492806,655012.2334804927
3733,Oven dishes,163,163,1.0,0.5,false,37079.966,140.72304969199172,37220.689049691995
3735,Tableware,1036,1036,1.0,0.9374999999999125,false,7190.400000000001,18.283919507186845,7208.683919507187
3736,"Cloths, mops, sponges and brush",11383,11383,1.0,0.9687499999999063,false,81990.81799999998,380.1429084188909,82370.96090841887
3738,Puzzles,3111,3111,1.0,0.9990234374999001,false,15917.628999999995,42.81419630390147,15960.443196303897
3741,Kitchen helpers,762,594,0.7795275590551181,0.9999999403952553,false,36048.50199999999,304.7468599589323,36353.24885995893
3746,Cutlery,2515,2515,1.0,0.9687499999999063,false,6536.480999999998,22.545076796714596,6559.026076796713
3752,Cooking books,537,537,1.0,0.74999999999995,false,43137.24099999996,150.15813552361396,43287.39913552357
3753,Light bulbs,2303,2303,1.0,0.9843749999999032,false,33522.174,167.05804435318288,33689.23204435318
3754,Special pans,607,553,0.9110378912685337,0.9999999403952553,false,14991.55,265.0168665297741,15256.566866529773
3755,Personal care,462,462,1.0,0.874999999999925,false,7087.751999999996,19.999123613963054,7107.751123613959
3756,Wash treatment and accessories,3081,3081,1.0,0.999999761581321,false,28708.204,392.98947802874716,29101.19347802875
3757,Cutlery,1565,1565,1.0,0.9687499999999063,false,12267.640000000001,133.496180698152,12401.136180698153
3758,Light bulbs,5072,5072,1.0,0.9999961853026345,true,28575.03599999999,816.4454427104722,29391.48144271046
3759,Personal care,762,762,1.0,0.874999999999925,false,3808.279999999999,8.426459137577009,3816.7064591375756
3772,"Glasses (drink, beer, wine etc)",773,773,1.0,0.9374999999999125,false,15188.565,122.57195482546197,15311.136954825462
3779,Vacuuming,368,368,1.0,0.5,false,1184500.3029999998,3608.1225030800865,1188108.42550308
3782,Ironing boards,4727,4727,1.0,0.9374999999999125,false,1630308.5749999995,3078.027204517456,1633386.602204517
3783,Clothes hangers,82972,68942,0.8309068119365569,0.9999999403952553,false,822650.8499999999,19600.712680492823,842251.5626804926
3788,Bath textiles and bath mats,47222,47222,1.0,0.9999694824217751,false,101457.08999999998,2151.3141683778226,103608.4041683778
3797,Vehicles,4008,4008,1.0,0.9990234374999001,false,296396.8560000005,752.5152131416838,297149.3712131422
3803,Hobby and creative,1932,1932,1.0,0.9687499999999063,false,100935.19800000005,473.5905338809038,101408.78853388096
3815,Tea and coffee,3722,3556,0.9554003224073079,0.9999999403952553,false,8829.8,93.46322381930176,8923.263223819302
3822,Batteries,93369,93369,1.0,0.9997558593749001,false,311026.12799999974,875.9933043121143,311902.12130431185
3827,Personal care,482,482,1.0,0.9374999999999125,false,1680.230999999999,5.8881671457905576,1686.1191671457896
3828,Drink & food To Go,17461,17021,0.9748009850524025,0.9999999403952553,false,559089.2160000001,2895.7360361396336,561984.9520361398
3831,Baskets,12429,12429,1.0,0.9843749999999032,false,152672.26799999998,226.01604599589322,152898.28404599588
3832,Tools,7314,7314,1.0,0.874999999999925,false,298208.32999999955,586.5890357289533,298794.9190357285
3835,Personal care,13812,13514,0.9784245583550536,0.9999999403952553,false,91086.84199999999,641.4291285420936,91728.27112854208
3836,Personal care,114,114,1.0,0.74999999999995,false,40241.22200000001,103.06868418891176,40344.29068418892
3837,Wash treatment and accessories,2881,2881,1.0,0.9843749999999032,false,62400.61799999999,435.08715893223837,62835.70515893223
3844,Wash treatment and accessories,29869,22511,0.7536576383541465,0.9999999403952553,false,318536.8829999999,3240.4439671457912,321777.3269671457
3845,Personal care,19686,19686,1.0,0.9960937499999007,false,169013.22899999996,1018.4356114989715,170031.66461149894
3886,Gift,3367,3367,1.0,0.9960937499999007,false,25971.225,3276.532201232041,29247.757201232038
3891,Residential odors,6970,6970,1.0,0.9921874999999016,false,65683.23999999999,462.1492796714566,66145.38927967145
3909,Construction,226,226,1.0,0.5,true,19866.0,377.50410677618055,20243.50410677618
3910,Kitchen tools,1981,1981,1.0,0.874999999999925,false,38024.97999999998,58.11293347022595,38083.09293347021
3911,Teletoys,585,585,1.0,0.74999999999995,false,38695.005999999994,271.0085819301846,38966.014581930176
3912,Hobby and creative,505,505,1.0,0.74999999999995,true,7138.956999999996,26.402407392197123,7165.359407392193
3915,Construction,305,305,1.0,0.5,false,12352.641,181.32992895277224,12533.970928952773
3918,Special pans,4185,4185,1.0,0.9374999999999125,false,168167.63600000006,338.28874414784406,168505.9247441479
3921,Teletoys,355,355,1.0,0.9687499999999063,false,3864.042,33.646941683778245,3897.688941683778
3922,Vehicles,4419,4419,1.0,0.9374999999999125,false,205512.11099999998,262.22043696098535,205774.33143696096
3923,Games,1944,1944,1.0,0.9374999999999125,true,49268.471,142.66558275154017,49411.13658275154
3925,"Glasses (drink, beer, wine etc)",3405,3405,1.0,0.9687499999999063,false,64363.93599999998,153.09880246406559,64517.03480246405
3947,Bath textiles and bath mats,13253,13253,1.0,0.9843749999999032,false,495944.58199999994,962.3419236139639,496906.9239236139
3948,Bath textiles and bath mats,14811,14811,1.0,0.9687499999999063,false,1645610.1620000002,2738.374575770018,1648348.5365757702
3951,Window and squeegees,60373,60373,1.0,0.9980468749999003,false,424429.4600000001,2916.12134702259,427345.5813470227
3965,Oven dishes,248,248,1.0,0.874999999999925,true,4502.505,48.86424887063653,4551.3692488706365
3967,Ironing boards,127,127,1.0,0.74999999999995,false,145812.8699999998,602.6214332648865,146415.4914332647
3970,Foods,124,124,1.0,0.74999999999995,false,8395.45,22.960833675564647,8418.410833675565
3973,Light bulbs,2433,2433,1.0,0.9374999999999125,false,18014.303999999996,47.27920164271046,18061.58320164271
3975,Table paper,1674,1674,1.0,0.9843749999999032,false,7622.887999999999,78.32159999999999,7701.209599999999
3979,Special pans,680,637,0.9367647058823529,0.9999999403952553,false,11309.683,195.35537043121153,11505.038370431212
3987,Travel accessories,1130,1130,1.0,0.9960937499999007,false,10433.038,120.11781806981524,10553.155818069816
3989,Tea and coffee,13674,12560,0.9185315196723709,0.9999999403952553,false,814079.0,54425.83655030804,868504.836550308
4006,Hobby and creative,5386,5386,1.0,0.9374999999999125,false,50180.49400000002,238.73085749486657,50419.22485749489
4016,Hobby and creative,510,510,1.0,0.74999999999995,false,6341.320999999999,38.35793305954823,6379.6789330595475
4028,Window and squeegees,68609,59967,0.8740398489994025,0.9999999403952553,false,2118076.6950000003,4506.716642710468,2122583.4116427107
4029,Shoe maintenance,3407,3407,1.0,0.9843749999999032,false,31164.672,886.6696640657079,32051.341664065705
4036,Vacuuming,164,164,1.0,0.5,false,898678.375,2971.7518993839826,901650.126899384
4040,Kitchen textile,12795,12795,1.0,0.9999995231627419,false,94164.0,3033.0043860369606,97197.00438603696
4042,Window and squeegees,14677,13920,0.9484227021870955,0.9999999403952553,false,988177.9739999993,5536.223301848043,993714.1973018474
4043,Table textiles,2570,2570,1.0,0.9843749999999032,false,47405.043,218.36847843942508,47623.411478439426
4046,Tableware,12066,4482,0.37145698657384385,0.9999999403952553,false,275495.14999999997,6797.2712320328565,282292.4212320328
4047,Tableware,15264,15264,1.0,0.9998779296874001,false,365692.53,10257.284529774117,375949.8145297741
4054,Light bulbs,7689,7689,1.0,0.9374999999999125,false,29982.644999999997,54.273141683778235,30036.918141683775
4055,Thermos jugs,1959,1959,1.0,0.9999389648436501,false,16872.148999999998,93.53874332648869,16965.687743326485
4059,Foods,300,300,1.0,0.74999999999995,false,14380.463999999998,48.19876878850103,14428.6627687885
4073,Hobby and creative,6489,6489,1.0,0.9997558593749001,false,26083.133999999995,75.93812731006146,26159.072127310057
4074,Puzzles,4263,4263,1.0,0.9960937499999007,false,38722.83799999999,66.6487967145791,38789.48679671457
4076,Vehicles,162,162,1.0,0.74999999999995,false,35418.43200000001,258.37503080082126,35676.80703080083
4077,Puzzles,4444,4444,1.0,0.9960937499999007,false,60078.94200000004,173.66949979466105,60252.6114997947
4079,Foodprep,7093,7093,1.0,0.5,false,2148945.351,181513.19824681716,2330458.549246817
4085,Vacuuming,5287,5287,1.0,0.9999923706053688,false,1362659.6830000004,6689.38180164271,1369349.0648016431
4086,Fans and electric blankets,13284,8701,0.6549984944293887,0.9999999403952553,true,2484542.557,97044.2764427104,2581586.8334427103
4094,Bathroom accessories,2958,2958,1.0,0.9921874999999016,false,103154.68799999998,285.38078357289515,103440.06878357287
4097,Cleaning products,26319,26319,1.0,0.9980468749999003,false,704088.8749999999,2581.1775564681693,706670.052556468
4098,Cooking pans,79,79,1.0,0.5,true,51229.696,407.5898480492812,51637.28584804929
4103,Wash treatment and accessories,2154,2154,1.0,0.9374999999999125,false,32431.27999999999,69.93454209445572,32501.214542094447
4104,Cleaning products,5399,5399,1.0,0.9998779296874001,false,138020.02200000003,606.2910948665296,138626.31309486655
4105,(Steam) cleaners,156,156,1.0,0.9374999999999125,true,9344.895,123.95687967145788,9468.851879671458
4108,Wash treatment and accessories,39177,11680,0.2981341092988233,0.9999999403952553,false,358774.9199999999,5956.1754948665275,364731.09549486643
4113,Residential odors,5318,5318,1.0,0.9980468749999003,false,99846.243,1381.6595544147824,101227.90255441479
4114,Window and squeegees,78016,61789,0.7920042042657917,0.9999999403952553,false,2181608.2819999987,6707.645819301842,2188315.9278193004
4117,Coffee makers and kettles,37998,37990,0.9997894626032949,0.9999999403952553,false,6282257.813999997,15980.462736344958,6298238.276736342
4122,Electric personal care,18647,17875,0.9585992384834021,0.9999999403952553,false,1729382.5780000007,4880.108245174536,1734262.6862451753
4123,Electric personal care,21869,21869,1.0,0.9995117187499001,false,1613444.0139999997,7098.938140862422,1620542.9521408621
4133,Special pans,22939,22316,0.9728410131217577,0.9999999403952553,false,3761640.7500000014,16627.60078028747,3778268.3507802887
4134,Frying pans,8230,8230,1.0,0.9999980926512673,false,1076706.624,32412.777737987664,1109119.4017379878
4153,Stationary,37286,37286,1.0,0.9374999999999125,false,247791.54399999988,274.347300205339,248065.89130020523
4160,Hobby and creative,7105,5304,0.7465165376495426,0.9999999403952553,true,143359.174,6479.634189733062,149838.80818973307
4164,Kitchen tools,821,821,1.0,0.9843749999999032,false,12940.087999999998,143.72915441478452,13083.817154414783
4166,Girls toys,161,161,1.0,0.9921874999999016,true,2362.031,52.855648870636436,2414.8866488706362
4168,Vehicles,16241,11029,0.6790838002586048,0.9999999403952553,false,546585.7320000001,2374.6947301848027,548960.4267301849
4171,"Glasses (drink, beer, wine etc)",2323,2323,1.0,0.9374999999999125,false,19420.716,74.198045174538,19494.914045174537
4172,Tea and coffee,21777,21777,1.0,0.999999761581321,false,130673.98399999997,651.2937527720736,131325.27775277203
4176,Window and squeegees,68404,61313,0.8963364715513713,0.9999999403952553,false,1427585.6139999998,3187.6208747433275,1430773.2348747433
4187,Knives,32835,32835,1.0,0.9687499999999063,false,181523.10400000002,2115.3078012320284,183638.41180123205
4191,Cutlery,22975,22975,1.0,0.5,false,293560.96,16870.284484599582,310431.2444845996
4192,Window and squeegees,48815,48815,1.0,0.9990234374999001,false,934095.5750000002,2293.270934291582,936388.8459342917
4194,Stairs,3218,3218,1.0,0.9374999999999125,false,725103.0989999996,936.4601494866519,726039.5591494862
4203,Bed textile,842,842,1.0,0.874999999999925,false,79466.83499999999,1656.8682973305952,81123.70329733059
4206,Mugs and cups,12408,12408,1.0,0.9843749999999032,false,462970.54300000006,11062.751899794664,474033.29489979474
4215,Tea and coffee,15330,10114,0.6597521200260926,0.9999999403952553,false,1506511.4399999992,97519.80823613936,1604031.2482361386
4217,Tableware,4585,4585,1.0,0.9687499999999063,false,23742.285,68.15839630390144,23810.4433963039
4221,Large garden,57,57,1.0,0.5,true,6504.33,76.88061190965058,6581.210611909651
4223,"Glasses (drink, beer, wine etc)",559,559,1.0,0.874999999999925,false,53825.575999999994,143.56066858316228,53969.13666858315
4224,Cutlery,628,628,1.0,0.9921874999999016,false,5882.73,156.2285585215607,6038.95855852156
4227,Special pans,2738,2314,0.8451424397370343,0.9999999403952553,false,14982.303000000002,260.6214989733059,15242.924498973307
4233,Bakeware,548,548,1.0,0.74999999999995,true,41993.154,139.9030004106776,42133.05700041068
4239,Baby / Toddler,4329,4329,1.0,0.9960937499999007,false,166654.02599999993,538.2965014373714,167192.3225014373
4255,Boys toys,7956,7956,1.0,0.9843749999999032,false,103521.47400000002,397.959365913758,103919.43336591378
4261,Foodprep,9502,9502,1.0,0.5,false,1204622.265,101979.2684796715,1306601.5334796715
4262,Batteries,37008,35106,0.9486057068741893,0.9999999403952553,false,1045289.2939999994,3439.7042250513346,1048728.9982250507
4264,Cooking pans,1274,1274,1.0,0.9687499999999063,false,242429.58600000004,1311.0734747433285,243740.65947474336
4265,Window and squeegees,53684,50661,0.9436889948588034,0.9999999403952553,false,2543371.81,8720.267104722787,2552092.0771047226
4266,Kitchen helpers,38994,38994,1.0,0.9995117187499001,false,330766.128,7845.496808213558,338611.62480821356
4267,Hobby and creative,531,531,1.0,0.74999999999995,false,19200.944000000003,19.761666940451732,19220.705666940456
4279,"Cloths, mops, sponges and brush",34302,31498,0.9182554953063962,0.9999999403952553,false,761787.684,4751.758829568792,766539.4428295688
4281,Wash treatment and accessories,3710,3710,1.0,0.74999999999995,false,108285.35200000001,163.81737207392203,108449.16937207394
4282,Bakeware,17999,17999,1.0,0.9990234374999001,false,805036.2320000001,3198.0554168377757,808234.2874168379
4283,Tea and coffee,8061,8061,1.0,0.5,false,55696.431000000004,2095.4366554414796,57791.867655441485
4284,Cutlery,11933,9072,0.7602446995726138,0.9999999403952553,false,115167.63999999997,616.4485749486652,115784.08857494863
4286,Bathroom accessories,11458,11458,1.0,0.9990234374999001,false,456532.4119999999,864.9354431211508,457397.347443121
4287,Kitchen textile,5286,5286,1.0,0.9687499999999063,false,73420.62,207.31648459958933,73627.93648459959
4303,"Cloths, mops, sponges and brush",24399,24399,1.0,0.9997558593749001,false,83403.31299999998,278.20442669404537,83681.51742669403
4309,Vehicles,10016,9541,0.9525758785942492,0.9999999403952553,false,345432.17100000003,1474.4169971252566,346906.5879971253
4312,Hobby and creative,9797,9797,1.0,0.9374999999999125,false,266266.9729999999,361.31251457905523,266628.2855145789
4317,Puzzles,2221,2221,1.0,0.9999990463255837,false,41457.77300000003,153.07551704312144,41610.84851704315
4323,Vacuuming,162,162,1.0,0.74999999999995,false,1458468.9280000008,8241.074437782327,1466710.0024377832
4326,Foodprep,19024,19024,1.0,0.9960937499999007,false,2853739.321999999,3886.5043646817307,2857625.826364681
4329,Small storage,47997,47997,1.0,0.9960937499999007,false,661473.288,1532.4681696098583,663005.7561696098
4331,Window and squeegees,32145,31086,0.9670555296313579,0.9999999403952553,false,2656387.6220000004,9941.046360574925,2666328.6683605756
4332,Tableware,4676,4314,0.9225834046193327,0.9999999403952553,true,74055.982,2028.1221946611918,76084.1041946612
4336,Racks and pockets,25511,17308,0.6784524322841128,0.9999999403952553,false,242834.89999999997,7738.033325667351,250572.9333256673
4337,Racks and pockets,135898,125060,0.9202490102871271,0.9999999403952553,false,700063.6859999998,19031.444648870645,719095.1306488704
4341,Baskets,8912,8912,1.0,0.9843749999999032,false,104421.91199999998,218.17456262833653,104640.08656262832
4343,Baskets,10270,10270,1.0,0.9980468749999003,false,262833.19999999995,647.5432936344973,263480.74329363444
4345,Wash treatment and accessories,3589,1906,0.5310671496238507,0.9999999403952553,true,117194.07699999999,453.0300275154005,117647.10702751539
4346,Wash treatment and accessories,2549,2549,1.0,0.9843749999999032,false,42305.759999999995,318.3404229979464,42624.100422997944
4347,Wash treatment and accessories,12445,12445,1.0,0.9687499999999063,false,371787.41599999985,873.2927646817243,372660.7087646816
4348,Cleaning products,5424,5424,1.0,0.9999847412108376,false,66226.51699999999,232.30691006160166,66458.82391006159
4355,Drink & food To Go,11928,8321,0.6976022803487593,0.9999999403952553,true,184565.88500000004,3271.0628698151936,187836.94786981522
4356,Personal care,1187,1187,1.0,0.74999999999995,false,127612.51299999999,707.2580714579054,128319.7710714579
4362,Measuring and weighing,4226,4226,1.0,0.9999847412108376,false,540244.8450000003,2568.904256673508,542813.7492566739
4363,Pan sets,47,47,1.0,0.74999999999995,false,1935943.5340000002,6905.171238603688,1942848.705238604
4389,Vases,5005,5005,1.0,0.9843749999999032,false,64951.28499999998,205.9498747433265,65157.234874743306
4402,Photo frames & albums,3255,3255,1.0,0.9374999999999125,false,110013.11300000001,198.44063696098556,110211.55363696099
4404,Photo frames & albums,24984,24984,1.0,0.9843749999999032,false,89400.07999999999,187.84270020533884,89587.92270020532
4411,Construction,204,204,1.0,0.74999999999995,true,3092.0049999999997,56.37532361396299,3148.3803236139624
4418,Hobby and creative,1189,1189,1.0,0.874999999999925,false,9023.532000000001,17.94060616016429,9041.472606160165
4422,Construction,348,348,1.0,0.5,true,7629.027,44.25854209445586,7673.285542094456
4425,Boys toys,7473,7473,1.0,0.9374999999999125,false,243079.52899999986,662.7557913757709,243742.28479137563
4429,Store kitchen,5989,5989,1.0,0.9921874999999016,false,58751.49000000002,121.47603080082139,58872.96603080084
4433,Drink & food To Go,12802,12412,0.9695360099984377,0.9999999403952553,false,690422.2920000001,4145.541057905543,694567.8330579057
4437,Wash treatment and accessories,31796,31796,1.0,0.9999847412108376,false,181223.686,667.2153375770013,181890.901337577
4438,Racks and pockets,1609,1609,1.0,0.9995117187499001,false,54530.74900000004,406.26084845995905,54937.00984846
4440,"Cloths, mops, sponges and brush",75021,63301,0.8437770757521227,0.9999999403952553,false,405081.28499999974,2423.8735219712535,407505.15852197097
4441,Kitchen helpers,8390,7795,0.9290822407628129,0.9999999403952553,false,197974.0910000001,1278.2332866529575,199252.32428665305
4442,"Cloths, mops, sponges and brush",17238,17238,1.0,0.9998779296874001,false,419879.712,2198.6537999999987,422078.36579999997
4445,Vacuuming,13968,13968,1.0,0.9999980926512673,false,244371.2740000001,2495.2231593429215,246866.497159343
4447,Store kitchen,8777,8777,1.0,0.9921874999999016,false,369374.9849999999,969.6449014373707,370344.6299014373
4448,Bakeware,23702,23702,1.0,0.9980468749999003,false,1082069.625,4228.08609856263,1086297.7110985627
4452,Waste bins,22533,21515,0.9548218168907824,0.9999999403952553,false,5912017.65,50031.11365503085,5962048.763655031
4453,Window and squeegees,11698,11698,1.0,0.9999694824217751,false,1599214.0499999993,6209.542176591373,1605423.5921765908
4456,"Cloths, mops, sponges and brush",7448,7448,1.0,0.9921874999999016,false,254678.627,1070.4031601642723,255749.0301601643
4474,Tableware,5096,5096,1.0,0.9960937499999007,false,57826.614999999954,242.18181149897327,58068.79681149893
4477,Tableware,6219,6219,1.0,0.9921874999999016,false,29593.409999999996,322.7891975359341,29916.19919753593
4479,Bicycle accessories,21,21,1.0,0.5,false,35394.407999999996,102.56296509240251,35496.9709650924
4481,"Glasses (drink, beer, wine etc)",414,414,1.0,0.5,false,8518.027,41.47610102669406,8559.503101026694
4482,Bed textile,2211,2211,1.0,0.5,false,122479.81199999999,1975.5185515400408,124455.33055154003
4485,Table textiles,72505,72505,1.0,0.74999999999995,false,70017.02399999999,1225.657729774128,71242.68172977412
4489,Vehicles,3311,3311,1.0,0.9374999999999125,false,92800.45600000005,326.6238291581108,93127.07982915816
4490,Construction,1460,1460,1.0,0.9374999999999125,false,31046.743000000028,207.20852361396263,31253.95152361399
4492,Foods,491,491,1.0,0.74999999999995,false,21769.985999999983,78.47572361396318,21848.461723613946
4496,Hobby and creative,3126,3126,1.0,0.9960937499999007,false,199295.83799999973,595.0172628336763,199890.85526283341
4499,Cleaning products,4420,4420,1.0,0.74999999999995,false,30071.579999999998,129.90832854209447,30201.48832854209
4503,Games,3000,3000,1.0,0.74999999999995,true,84573.853,244.25719219712528,84818.11019219713
4513,Measuring and weighing,37116,37116,1.0,0.5,false,1018939.2219999996,195752.28072854222,1214691.5027285418
4516,Vacuuming,30461,30461,1.0,0.9921874999999016,false,1007085.8699999998,42424.758694866454,1049510.6286948663
4517,Knives,6337,6337,1.0,0.9998779296874001,false,454389.04000000004,9738.554833675544,464127.5948336756
4518,Foodprep,4625,4625,1.0,0.9843749999999032,false,507383.0300000002,1161.7820398357296,508544.81203983596
4520,Vacuuming,3260,3260,1.0,0.9980468749999003,false,1898657.712,10079.087625462014,1908736.7996254622
4526,Insecticides,124,124,1.0,0.74999999999995,false,316338.96,487.70820862422966,316826.66820862424
4527,Tea and coffee,11301,11301,1.0,0.9921874999999016,false,108173.17,1173.8058377823388,109346.97583778233
4531,Store kitchen,21322,21322,1.0,0.9687499999999063,false,204180.039,276.7531958932239,204456.7921958932
4535,Laundry baskets,10558,10558,1.0,0.874999999999925,false,1217861.19,1135.5689630390152,1218996.758963039
4536,Drying racks,14843,14112,0.9507511958498955,0.9999999403952553,false,658109.5080000003,2521.3636632443568,660630.8716632447
4537,Small storage,18639,18639,1.0,0.9687499999999063,false,81181.71600000003,261.61196303901465,81443.32796303905
4539,Bathroom accessories,4938,4938,1.0,0.874999999999925,false,754266.7999999999,32032.4936279261,786299.293627926
4544,Bakeware,503,503,1.0,0.9374999999999125,false,39427.58400000002,95.45656509240241,39523.04056509242
4546,Wash treatment and accessories,1144,1144,1.0,0.5,false,43373.60999999999,588.7389096509244,43962.348909650915
4547,Cleaning products,17454,17454,1.0,0.9999961853026345,false,276175.33999999997,2329.605821355232,278504.9458213552
4548,Wash treatment and accessories,2291,2291,1.0,0.874999999999925,false,28374.359999999975,61.41572895277281,28435.775728952747
4552,Cleaning products,10344,8698,0.8408739365815932,0.9999999403952553,false,322776.13200000004,1544.6390940451743,324320.7710940452
4556,Euro articles,5133,5133,1.0,0.9843749999999032,false,124182.36600000001,871.6461691991783,125054.01216919918
4558,Cleaning products,6892,6892,1.0,0.9687499999999063,false,65836.148,245.9117880903488,66082.05978809035
4559,Cleaning products,2921,2921,1.0,0.9374999999999125,false,12072.521999999999,45.66817823408623,12118.190178234085
4560,Waste bins,11524,11524,1.0,0.9990234374999001,false,1623401.6960000002,10425.05152895277,1633826.747528953
4562,Window and squeegees,540,540,1.0,0.74999999999995,false,7196927.135999991,31817.539416016425,7228744.675416007
4563,Stationary,81457,81457,1.0,0.9995117187499001,false,193533.98399999997,1559.2131630390136,195093.19716303897
4564,Residential odors,11759,11759,1.0,0.9960937499999007,false,373732.88400000014,1973.2370833675543,375706.1210833677
4566,Personal care,29339,29339,1.0,0.74999999999995,false,763983.2760000007,974.5958476386036,764957.8718476392
4567,Window and squeegees,36509,30582,0.8376564682680983,0.9999999403952553,false,1405791.975,5129.468650102673,1410921.4436501027
4576,Electric personal care,10559,10313,0.9767023392366702,0.9999999403952553,false,2286381.748000002,8318.724566735114,2294700.4725667373
4581,Measuring and weighing,5752,4258,0.7402642559109874,0.9999999403952553,false,617831.4239999998,6158.648180698144,623990.0721806979
4589,Other Holidays,15412,12958,0.8407734233065144,0.9999999403952553,false,212147.46,5519.552167967151,217667.01216796716
4596,Personal care,714,714,1.0,0.9687499999999063,false,30788.79999999999,190.57708418891173,30979.3770841889
4620,Candles & Tealights,39765,39765,1.0,0.5,false,215469.56199999998,23229.495414784367,238699.05741478433
4628,Drinks,1331,1331,1.0,0.74999999999995,false,153671.33600000004,326.61775770020523,153997.95375770025
4638,Residential odors,12006,11961,0.9962518740629686,0.9999999403952553,false,90050.86999999998,403.6602665297744,90454.53026652975
4652,Photo frames & albums,29513,29513,1.0,0.9687499999999063,false,78494.325,135.32137823408627,78629.64637823409
4654,Photo frames & albums,9297,9297,1.0,0.9843749999999032,false,126058.24000000003,250.93967967145812,126309.17967967149
4683,Personal care,1978,1637,0.8276036400404448,0.9999999403952553,false,34302.33800000001,658.768740862423,34961.10674086244
4685,Boys toys,17,17,1.0,0.5,true,4269.026999999999,118.34317002053395,4387.370170020533
4690,Hobby and creative,13822,13747,0.9945738677470699,0.9999999403952553,false,4828.362000000002,11.435211498973299,4839.797211498975
4701,Residential odors,13673,13673,1.0,0.9999923706053688,false,72310.34999999998,268.11868583162214,72578.4686858316
4706,Foils and bags,4367,4255,0.9743531028165789,0.9999999403952553,false,22307.900999999998,535.7115667351125,22843.61256673511
4707,Boys toys,1379,1379,1.0,0.5,false,412517.42699999997,2904.276102258729,415421.7031022587
4711,"Glasses (drink, beer, wine etc)",5346,5346,1.0,0.9374999999999125,false,53258.07199999999,134.1898620123203,53392.26186201231
4715,Drink & food To Go,6125,6125,1.0,0.9980468749999003,false,252443.79299999998,1399.7216414784405,253843.51464147842
4716,Wash treatment and accessories,5160,5160,1.0,0.9980468749999003,false,38078.424999999996,135.81803901437362,38214.24303901437
4718,Window and squeegees,21050,18345,0.8714964370546319,0.9999999403952553,false,806869.3919999998,5387.860800000003,812257.2527999998
4720,Wash treatment and accessories,17964,17964,1.0,0.9687499999999063,false,52999.33099999998,76.39626940451753,53075.727269404495
4726,Drying racks,22840,21795,0.954246935201401,0.9999999403952553,false,2760418.842999999,21278.49744640655,2781697.3404464056
4729,Knives,2520,2520,1.0,0.9980468749999003,false,571184.4600000001,2927.3999137576957,574111.8599137578
4730,Ironing board textiles,2861,2861,1.0,0.874999999999925,false,191905.23799999984,215.83243449691972,192121.07043449677
4731,Mugs and cups,27558,9607,0.34861020393352204,0.9999999403952553,false,512016.11999999976,11804.112499383997,523820.23249938374
4742,Light bulbs,2813,2813,1.0,0.9843749999999032,false,32827.256,141.57156468172482,32968.82756468173
4746,Hobby and creative,135,135,1.0,0.9374999999999125,false,12685.519,59.6666747433265,12745.185674743327
4757,Games,1912,1776,0.9288702928870293,0.9999999403952553,true,88227.78999999996,1863.3455811088302,90091.1355811088
4764,Construction,1014,1014,1.0,0.9843749999999032,false,31132.150000000005,324.59540451745386,31456.74540451746
4770,Vacuuming,9202,9202,1.0,0.5,false,234981.09600000002,20477.046176180687,255458.1421761807
4773,Tableware,16644,15795,0.9489906272530642,0.9999999403952553,false,249516.25300000003,11075.890733059543,260592.14373305958
4776,Store kitchen,19440,19440,1.0,0.874999999999925,false,1000640.7950000002,1126.3320620123202,1001767.1270620124
4782,Thermos jugs,13465,13465,1.0,0.9921874999999016,false,597697.3520000001,14863.674109240244,612561.0261092404
4783,Baskets,12952,12952,1.0,0.9960937499999007,false,85516.82299999999,143.1555712525667,85659.97857125256
4784,Tools,20852,20852,1.0,0.9999847412108376,false,869954.2109999995,2550.8543901437365,872505.0653901433
4785,Cleaning products,5066,5066,1.0,0.9999961853026345,false,105009.97500000003,511.22000698151965,105521.19500698155
4786,Personal care,10404,10332,0.9930795847750865,0.9999999403952553,false,149094.26000000013,1002.288862422997,150096.54886242314
4787,Cleaning products,4255,4255,1.0,0.9980468749999003,false,76606.60700000002,276.91517905544134,76883.52217905546
4788,Cleaning products,3152,3152,1.0,0.9374999999999125,false,77767.9,514.2162628336754,78282.11626283368
4793,Personal care,13829,13829,1.0,0.9843749999999032,false,141713.1519999999,912.1364632443524,142625.28846324427
4794,Wash treatment and accessories,7814,7814,1.0,0.9921874999999016,false,65714.90099999997,332.83282053388166,66047.73382053385
4797,Cleaning products,5054,5054,1.0,0.9960937499999007,false,258720.021,2191.9795429158125,260912.00054291583
4798,Wash treatment and accessories,3232,2933,0.9074876237623762,0.9999999403952553,false,102799.69700000003,1626.8177314168358,104426.51473141687
4806,Electric personal care,9313,8916,0.9573714162997959,0.9999999403952553,false,493696.33600000053,1417.7077979466117,495114.0437979471
4812,Cooking pans,2493,2055,0.8243080625752106,0.9999999403952553,false,479204.9570000003,3692.105527720744,482897.06252772105
4818,Other Holidays,8297,8297,1.0,0.9995117187499001,true,50195.376,5665.3122825462,55860.688282546194
4841,Stationary,10586,10586,1.0,0.9843749999999032,false,322852.65599999996,2737.6955728952803,325590.35157289525
4849,Kitchen tools,1784,1784,1.0,0.9374999999999125,false,16652.180999999993,29.886630800821354,16682.067630800815
4850,Kitchen tools,1093,1093,1.0,0.9843749999999032,false,18493.713,57.057051745379866,18550.77005174538
4851,Kitchen tools,803,803,1.0,0.9687499999999063,false,56020.37700000001,339.6808386036962,56360.0578386037
4852,Hobby and creative,519,248,0.47784200385356457,0.9999999403952553,false,127104.71199999998,5412.270866529773,132516.98286652975
4857,Hobby and creative,2225,2225,1.0,0.74999999999995,false,3547.0889999999995,5.038171663244352,3552.1271716632436
4858,Tableware,2241,2241,1.0,0.874999999999925,false,28841.987999999994,66.59789075975358,28908.585890759747
4859,Tableware,2130,2130,1.0,0.9687499999999063,false,13784.763999999996,61.0176891170431,13845.781689117039
4864,"Glasses (drink, beer, wine etc)",490,490,1.0,0.74999999999995,true,29238.754999999994,76.73917453798765,29315.49417453798
4866,Serve and present,985,985,1.0,0.9843749999999032,false,18447.029999999995,201.00725667351142,18648.037256673506
4873,Toilet cleaners and odors,28709,28424,0.9900727994705493,0.9999999403952553,false,129605.95199999999,569.4915572895276,130175.44355728952
4875,Table paper,4997,4997,1.0,0.9843749999999032,false,29780.911999999997,180.33853921971252,29961.25053921971
4876,Moisture treatment and climate,27466,27466,1.0,0.9999847412108376,false,340093.208,3064.6518603696095,343157.8598603696
4880,Window and squeegees,51536,51536,1.0,0.9995117187499001,false,811545.0209999997,1544.9851182751552,813090.0061182749
4881,Window and squeegees,31522,31522,1.0,0.9999990463255837,false,1852069.687999999,5186.393015195068,1857256.081015194
4882,Stairs,5598,5598,1.0,0.9374999999999125,false,1864050.5099999986,2285.471999999998,1866335.9819999987
4886,Kitchen textile,10402,10402,1.0,0.5,false,214226.88,4068.697133470221,218295.57713347021
4887,Kitchen textile,15698,15698,1.0,0.874999999999925,false,110778.35999999999,2560.9845831622197,113339.34458316221
4892,Ironing board textiles,10387,10387,1.0,0.9999847412108376,false,262441.767,2053.3538599589324,264495.12085995893
4894,Bed textile,4659,3794,0.8143378407383559,0.9999999403952553,false,188136.8719999999,4466.911477618069,192603.78347761795
4901,Serve and present,3669,3669,1.0,0.9843749999999032,false,74464.54399999995,147.446105544148,74611.9901055441
4902,Tea and coffee,4644,4644,1.0,0.9843749999999032,false,62919.28999999998,317.36665544147877,63236.65665544146
4903,Tea and coffee,259,259,1.0,0.74999999999995,false,756646.0439999998,842.9199572895272,757488.9639572892
4904,Light bulbs,4044,4044,1.0,0.9374999999999125,false,56028.94499999999,131.4302751540043,56160.375275153994
4906,Cleaning products,643,643,1.0,0.9374999999999125,true,23545.809,105.39097946611906,23651.19997946612
4907,Tools,26,26,1.0,0.5,true,2693.600000000001,38.07310061601651,2731.673100616017
4915,Light bulbs,6610,6610,1.0,0.874999999999925,false,21622.335,34.43304024640659,21656.768040246407
4917,Personal care,227,227,1.0,0.74999999999995,false,24105.585,63.357431211498934,24168.942431211497
4918,Tools,72,72,1.0,0.9980468749999003,true,14563.668000000001,509.8193716632441,15073.487371663246
4921,Baskets,2689,2689,1.0,0.74999999999995,false,29123.934000000005,154.38465215605734,29278.318652156064
4922,Light bulbs,1322,1322,1.0,0.9687499999999063,false,14482.062,71.46274989733053,14553.524749897331
4930,Kitchen tools,1419,1419,1.0,0.74999999999995,false,29392.068999999996,92.71364599589313,29484.78264599589
4951,Games,2569,2569,1.0,0.9374999999999125,true,45092.075,817.8725860369611,45909.94758603696
4953,Puzzles,3889,3889,1.0,0.9921874999999016,false,54978.923999999985,95.5813174537988,55074.50531745378
4962,"Glasses (drink, beer, wine etc)",672,672,1.0,0.9374999999999125,true,26929.266000000003,126.56616344969204,27055.832163449697
4965,"Glasses (drink, beer, wine etc)",658,658,1.0,0.874999999999925,false,16247.322000000013,32.14325544147843,16279.465255441492
4966,Store kitchen,7858,7858,1.0,0.9687499999999063,false,22123.75199999997,29.495108008213528,22153.247108008185
4970,"Cloths, mops, sponges and brush",24494,24494,1.0,0.9999847412108376,false,263926.3900000001,1801.9822299794628,265728.37222997955
4974,Kitchen tools,31833,31438,0.9875914931046398,0.9999999403952553,false,342991.10999999987,6297.817621355239,349288.9276213551
4978,Window and squeegees,38501,38501,1.0,0.9990234374999001,false,1109708.334,2332.3546537987677,1112040.6886537988
4982,Ironing board textiles,37696,37696,1.0,0.9999923706053688,false,915586.5739999999,4847.653120328544,920434.2271203285
4985,Personal care,14144,13718,0.969881221719457,0.9999999403952553,false,358193.62600000016,4330.588383572895,362524.21438357304
5001,Shopping bags and trolleys,5129,5129,1.0,0.9374999999999125,false,15282.119999999992,30.691219712525662,15312.811219712517
5008,Measuring and weighing,954,954,1.0,0.9374999999999125,false,6825.826,110.21167104722794,6936.037671047228
5015,Construction,841,841,1.0,0.9374999999999125,true,68340.93,651.866614373717,68992.79661437371
5025,Tea and coffee,12603,12603,1.0,0.9374999999999125,false,263721.49999999994,4160.771226694043,267882.271226694
5027,Small storage,33261,33261,1.0,0.9999995231627419,false,323228.0239999999,1032.9322234086228,324260.9562234085
5033,Bathroom accessories,5936,5936,1.0,0.9999923706053688,false,732529.2799999996,2988.2648131416804,735517.5448131412
5038,Storage boxes,2197,2197,1.0,0.9687499999999063,false,1584092.4329999965,3208.919787679672,1587301.352787676
5039,Baskets,13201,13201,1.0,0.9960937499999007,false,177101.295,349.7420636550316,177451.03706365504
5040,Wash treatment and accessories,4593,3813,0.8301763553233181,0.9999999403952553,false,26122.319999999992,234.07291663244365,26356.392916632438
5042,Personal care,82981,80022,0.9643412347404827,0.9999999403952553,false,240785.04800000016,1621.4475527720772,242406.49555277222
5045,Cleaning products,22896,22896,1.0,0.874999999999925,false,161037.42200000002,946.6119232032858,161984.0339232033
5047,Cleaning products,7653,7653,1.0,0.9921874999999016,false,44495.13600000001,181.74826447638608,44676.8842644764
5051,Cleaning products,5931,5931,1.0,0.74999999999995,false,218510.39699999997,503.81639014373667,219014.2133901437
5052,Commercial non-trade goods,72275,72275,1.0,0.9999961853026345,false,171543.96000000002,1505.244588911703,173049.20458891173
5057,Foodprep,7670,7670,1.0,0.9960937499999007,false,1523655.98,3843.900001642708,1527499.8800016427
5062,Electric personal care,2404,2404,1.0,0.9999694824217751,true,412379.786,2660.7210344969208,415040.5070344969
5063,Pan sets,3446,320,0.09286128845037725,0.9999999403952553,true,2711896.949999999,7600.54854209445,2719497.498542093
5066,Bakeware,13569,13569,1.0,0.5,false,724510.08,100644.20699383986,825154.2869938398
5067,"BBQ, beach and camping",72603,32679,0.4501053675467956,0.9999999403952553,false,903161.8749999998,13572.001026694037,916733.8760266938
5068,Other Holidays,8607,8607,1.0,0.9995117187499001,true,155065.93899999998,11468.70950882955,166534.64850882953
5088,Residential odors,15277,15277,1.0,0.9990234374999001,false,192678.52800000002,476.9600262833674,193155.4880262834
5096,Vases,3339,3339,1.0,0.999999761581321,false,128170.34999999998,672.636899383983,128842.98689938396
5108,Games,2450,2450,1.0,0.9687499999999063,false,30321.178999999993,246.7505059548255,30567.929505954817
5114,"Glasses (drink, beer, wine etc)",902,902,1.0,0.9374999999999125,false,19585.643,55.34371909650925,19640.98671909651
5117,Store kitchen,11318,11318,1.0,0.9921874999999016,false,51794.10599999997,112.89026488706368,51906.996264887035
5119,Personal care,6790,6790,1.0,0.9921874999999016,false,34325.67599999999,377.1218119096507,34702.797811909644
5121,Wash treatment and accessories,11114,11114,1.0,0.9999961853026345,false,102327.14099999996,351.87785420944596,102679.01885420941
5124,Bakeware,47314,46153,0.9754618083442533,0.9999999403952553,false,1086462.8110000014,5202.563368788502,1091665.3743687898
5125,Foils and bags,40126,40126,1.0,0.9990234374999001,false,355220.6280000002,1794.6957963039033,357015.3237963041
5126,Gift,107362,107362,1.0,0.9687499999999063,false,957620.2159999994,2193.601389733059,959813.8173897325
5128,Cutlery,14997,14997,1.0,0.9843749999999032,false,307300.5249999997,763.6552689938407,308064.18026899354
5129,Cutlery,2581,2581,1.0,0.9960937499999007,false,103520.71799999996,309.8126751540037,103830.53067515396
5134,Kitchen helpers,15008,15008,1.0,0.9997558593749001,false,443910.2849999999,10341.694215195057,454251.979215195
5139,Bed textile,1500,1500,1.0,0.9990234374999001,false,52287.116,1677.8140911704324,53964.930091170434
5142,Bath textiles and bath mats,47167,47167,1.0,0.9687499999999063,false,298797.02999999997,3376.4241043121096,302173.45410431206
5144,Bed textile,2056,2056,1.0,0.5,false,229817.83999999994,9327.31650225873,239145.15650225867
5153,Planks,929,929,1.0,0.74999999999995,false,24143.237999999998,53.279164681724836,24196.51716468172
5155,Cutlery,4430,4430,1.0,0.9374999999999125,false,14918.925,32.359232032854166,14951.284232032853
5156,Clocks,133,133,1.0,0.74999999999995,false,66632.65700000004,142.93536303901416,66775.59236303905
5157,Tableware,4676,3369,0.7204875962360993,0.9999999403952553,false,10835.775999999996,92.06899055441478,10927.844990554411
5159,Home decoration,370,370,1.0,0.74999999999995,false,61182.17700000005,113.06434496919913,61295.24134496925
5160,Waste bins,720,720,1.0,0.9687499999999063,false,20307.672000000002,400.2361971252566,20707.90819712526
5161,Light bulbs,480,480,1.0,0.9687499999999063,true,6847.848,115.09611868583168,6962.944118685831
5162,Baby / Toddler,583,583,1.0,0.874999999999925,false,17622.009999999987,52.89053388090347,17674.90053388089
5165,Personal care,1247,612,0.4907778668805132,0.9999999403952553,false,5576.704000000001,67.58599753593428,5644.289997535935
5175,Toilet cleaners and odors,4229,4186,0.9898321116103098,0.9999999403952553,false,33291.02699999999,175.57911704312116,33466.606117043106
5179,Hobby and creative,641,641,1.0,0.9374999999999125,false,5193.803999999998,14.511560574948659,5208.315560574947
5181,Shopping bags and trolleys,6174,6174,1.0,0.874999999999925,false,19401.102,71.90168008213556,19473.003680082136
5186,Hobby and creative,3799,3799,1.0,0.9374999999999125,true,62620.72600000001,145.86449363449685,62766.5904936345
5190,Wash treatment and accessories,4126,4126,1.0,0.9687499999999063,false,21322.539000000004,87.75305790554417,21410.29205790555
5198,Hobby and creative,190,190,1.0,0.5,false,17907.994999999995,444.02332443531833,18352.018324435314
5200,Outdoor toys,745,745,1.0,0.9374999999999125,false,73791.01099999998,363.54599178644776,74154.55699178643
5204,Oven dishes,314,314,1.0,0.74999999999995,true,6356.455,77.48969815195102,6433.944698151951
5205,Coffee makers and kettles,3772,3772,1.0,0.5,true,785916.684,52037.71881560574,837954.4028156057
5206,"Glasses (drink, beer, wine etc)",6865,6865,1.0,0.9999998807906105,false,45126.899999999994,502.26704435318294,45629.16704435318
5210,Vacuuming,4550,4550,1.0,0.874999999999925,false,1318318.2319999996,4506.087306776177,1322824.3193067757
5212,Batteries,81361,81361,1.0,0.9374999999999125,false,406456.78499999986,629.634755236138,407086.419755236
5219,Drink & food To Go,43097,43097,1.0,0.9999998807906105,false,1024432.0239999997,5870.90201806982,1030302.9260180696
5221,Toilet accessories,14478,14478,1.0,0.9999923706053688,false,585449.2629999995,3909.2466919917783,589358.5096919913
5222,Toilet accessories,34827,34827,1.0,0.5,false,1767620.2880000002,40242.05572731007,1807862.3437273102
5223,"Glasses (drink, beer, wine etc)",765,765,1.0,0.74999999999995,false,25032.385000000002,93.20695482546206,25125.591954825464
5227,Wash treatment and accessories,1921,1921,1.0,0.74999999999995,false,32519.634000000002,194.11542751540048,32713.749427515402
5228,Toilet cleaners and odors,57774,39796,0.68882196143594,0.9999999403952553,false,957837.9440000004,5505.526154414788,963343.4701544151
5236,Wash treatment and accessories,274,274,1.0,0.5,false,19736.871,33.02495359342913,19769.89595359343
5239,Residential odors,6530,6530,1.0,0.9960937499999007,false,138122.29199999996,1504.54710143737,139626.83910143733
5241,Phones,12802,12802,1.0,0.9980468749999003,false,2011309.1249999984,6172.9452221765905,2017482.070222175
5243,Electrical tools,14697,12856,0.8747363407498129,0.9999999403952553,false,5651300.087999992,49268.750864887115,5700568.838864879
5255,Cooking pans,5253,5253,1.0,0.9997558593749001,false,195777.792,1754.9979597535898,197532.78995975357
5271,Candles & Tealights,36006,36006,1.0,0.9687499999999063,false,1068448.0519999987,1731.5385248459952,1070179.5905248448
5273,Candles & Tealights,36715,36715,1.0,0.9960937499999007,false,203592.31199999998,817.6445815195071,204409.95658151948
5275,Candles & Tealights,50,50,1.0,0.5,false,30885.12,28.350028747433317,30913.470028747433
5276,Candles & Tealights,16017,4029,0.25154523318973593,0.9999999403952553,true,204094.80000000002,3730.7841067761783,207825.5841067762
5283,Other Holidays,12263,12263,1.0,0.9960937499999007,true,62413.36499999999,3846.548626283367,66259.91362628336
5293,Photo frames & albums,17860,17860,1.0,0.9843749999999032,false,125256.159,291.16506036961,125547.3240603696
5294,Photo frames & albums,24384,24384,1.0,0.9921874999999016,false,100007.33399999996,230.4590020533879,100237.79300205335
5311,Drying racks,6568,6568,1.0,0.9995117187499001,false,373725.44999999966,848.1763564681726,374573.62635646784
5315,Hobby and creative,401,401,1.0,0.9687499999999063,false,42395.094,450.1583112936345,42845.25231129363
5318,Teletoys,360,360,1.0,0.5,false,14246.442,141.3386817248459,14387.780681724846
5320,"Cloths, mops, sponges and brush",18502,17473,0.9443843908766619,0.9999999403952553,false,73570.11199999998,468.7094669404519,74038.82146694043
5323,Construction,2,2,1.0,0.5,true,19986.54,500.37426735113087,20486.91426735113
5330,"Glasses (drink, beer, wine etc)",887,887,1.0,0.9374999999999125,false,60369.911,172.83398726899372,60542.74498726899
5335,Commercial non-trade goods,124,124,1.0,0.874999999999925,false,115970.211,441.75210472279275,116411.96310472279
5336,Table paper,7275,7275,1.0,0.9960937499999007,false,27742.147999999997,150.1771893223819,27892.32518932238
5337,Cutlery,7965,7965,1.0,0.9921874999999016,false,146336.33699999997,555.5623305954821,146891.89933059545
5341,Drying racks,9953,9953,1.0,0.9921874999999016,false,1097464.662,4147.77579712525,1101612.4377971252
5343,Kitchen tools,20206,20206,1.0,0.9960937499999007,false,588309.456,4316.9687063655,592626.4247063654
5346,Kitchen helpers,243,243,1.0,0.74999999999995,false,282641.9749999996,846.2699848049282,283488.24498480454
5347,Kitchen helpers,21447,18061,0.842122441367091,0.9999999403952553,false,3833319.6230000006,17487.04379917864,3850806.6667991793
5349,Cutlery,1834,1834,1.0,0.874999999999925,false,120556.04399999995,691.8385347022586,121247.8825347022
5353,Bed textile,3577,3577,1.0,0.5,false,258130.87299999996,7177.171201642712,265308.0442016427
5360,Mugs and cups,15648,14640,0.9355828220858896,0.9999999403952553,false,187529.85299999994,4264.318357289531,191794.17135728948
5375,Tea and coffee,2481,2481,1.0,0.9921874999999016,false,321844.01200000005,784.0298484599588,322628.04184846
5376,Vehicles,88368,88368,1.0,0.9687499999999063,false,847261.4499999993,1135.2967967145778,848396.7467967138
5377,Boys toys,1711,1711,1.0,0.5,false,410805.67499999993,5961.199246817237,416766.87424681714
5394,Foodprep,6430,6430,1.0,0.5,false,2058163.632,310307.5773646823,2368471.2093646824
5397,Batteries,60496,60496,1.0,0.9843749999999032,false,340648.9099999997,737.3653819301842,341386.2753819299
5400,Coffee makers and kettles,32824,30146,0.9184133560809165,0.9999999403952553,false,6520393.187000004,29294.09280862425,6549687.279808627
5401,Bakeware,4209,2598,0.617248752672844,0.9999999403952553,true,66903.928,966.6239745379878,67870.55197453799
5404,Store kitchen,6919,6919,1.0,0.9998779296874001,false,499157.9459999995,2371.5936036960975,501529.53960369556
5405,"Cloths, mops, sponges and brush",53557,43718,0.8162891872210916,0.9999999403952553,false,479919.4469999995,2663.1666332648883,482582.6136332644
5411,Cleaning products,6120,6120,1.0,0.9843749999999032,false,327698.78399999964,650.2556254620106,328349.0396254616
5414,Cleaning products,1356,1271,0.9373156342182891,0.9999999403952553,false,18883.339999999982,108.5881367556468,18991.92813675563
5415,"Cloths, mops, sponges and brush",10826,10826,1.0,0.9921874999999016,false,82425.364,451.94041067761844,82877.30441067762
5423,Measuring and weighing,1351,1351,1.0,0.9843749999999032,false,278501.30000000016,1164.0186447638591,279665.318644764
5424,Special pans,21921,18136,0.8273345194106109,0.9999999403952553,false,3106901.1959999986,14823.433498151928,3121724.6294981507
5441,Candles & Tealights,15284,7574,0.4955509029049987,0.9999999403952553,true,158594.968,3175.3821897330577,161770.35018973306
5451,Party lights,10105,10105,1.0,0.5,false,130282.57200000001,9309.617449281313,139592.18944928132
5457,Photo frames & albums,1960,1960,1.0,0.9960937499999007,false,39267.90000000001,141.41221765913775,39409.31221765915
5458,Stationary,20388,20388,1.0,0.9960937499999007,false,669060.2939999999,3473.4241823408665,672533.7181823407
5462,Ironing boards,6969,6432,0.9229444683598794,0.9999999403952553,true,861275.9820000001,42380.86526817249,903656.8472681725
5467,Teletoys,442,442,1.0,0.5,false,31664.114999999994,228.59831581108858,31892.713315811085
5468,Tea and coffee,2119,2119,1.0,0.9843749999999032,false,20504.442,147.32152854209463,20651.763528542095
5469,Cooking books,214,214,1.0,0.9374999999999125,true,5357.197999999998,40.19703572895275,5397.3950357289505
5472,Bath textiles and bath mats,3683,2152,0.58430627206082,0.9999999403952553,true,27985.426,319.6980722792607,28305.12407227926
5474,Hobby and creative,2211,2211,1.0,0.9921874999999016,false,10797.304,41.97925010266924,10839.28325010267
5484,Wash treatment and accessories,8770,6422,0.7322690992018244,0.9999999403952553,false,174554.26800000004,1632.5273051334702,176186.7953051335
5488,Bakeware,31413,30944,0.9850698755292395,0.9999999403952553,false,526703.45,10406.95203285422,537110.4020328542
5491,Vacuuming,251,251,1.0,0.74999999999995,false,657471.0730000002,2719.564658726899,660190.6376587271
5492,Bakeware,31111,31111,1.0,0.9999694824217751,false,1177748.992,5203.332170020538,1182952.3241700206
5494,Kitchen tools,34433,34433,1.0,0.9980468749999003,false,510108.31199999986,2336.514539630388,512444.82653963024
5495,Kitchen tools,95779,95779,1.0,0.9921874999999016,false,773351.0190000004,1380.5568258726903,774731.5758258732
5497,Racks and pockets,15302,15302,1.0,0.5,false,523009.20000000007,5691.576110061599,528700.7761100617
5498,Cutlery,16818,16818,1.0,0.9687499999999063,false,531047.517,23031.82942915813,554079.3464291581
5499,Stairs,4067,4067,1.0,0.874999999999925,false,1481803.959999999,1618.6564271047216,1483422.6164271038
5508,Bath textiles and bath mats,18024,18024,1.0,0.9999990463255837,false,38183.59999999999,877.4369486652975,39061.036948665285
5516,Mugs and cups,30443,5602,0.18401602995762573,0.9999999403952553,false,1020888.3859999998,22746.76232607802,1043635.1483260778
5523,Oven dishes,314,314,1.0,0.74999999999995,true,2919.9939999999997,37.997776591375754,2957.9917765913756
5524,Planks,2666,2666,1.0,0.9999961853026345,false,18376.322999999997,107.55864229979463,18483.88164229979
5527,Tableware,5551,5551,1.0,0.9995117187499001,false,96250.42000000003,553.1400143737164,96803.56001437374
5530,Foods,460,460,1.0,0.74999999999995,false,24854.339999999975,60.491355236139654,24914.831355236114
5536,"Glasses (drink, beer, wine etc)",308,308,1.0,0.9374999999999125,false,15482.908000000001,105.14923080082136,15588.057230800823
5540,Wash treatment and accessories,1461,1461,1.0,0.74999999999995,false,74981.08799999996,572.2133815195076,75553.30138151947
5554,Baby / Toddler,36,36,1.0,0.5,true,6057.925999999999,76.54492238193123,6134.47092238193
5563,Electrical tools,5912,5393,0.9122124492557511,0.9999999403952553,false,284724.2720000001,2710.7548640657083,287435.02686406585
5566,"Cloths, mops, sponges and brush",26005,24542,0.9437415881561239,0.9999999403952553,false,728208.383000001,5036.203360985632,733244.5863609866
5568,"Cloths, mops, sponges and brush",12087,12087,1.0,0.9980468749999003,false,567232.0639999997,1892.768354825464,569124.8323548251
5569,Small storage,13872,13872,1.0,0.9687499999999063,false,155424.19199999998,438.8373880903486,155863.02938809033
5573,Home decoration,19584,19584,1.0,0.5,false,201854.42199999993,30537.835680903514,232392.25768090345
5581,Puzzles,1034,1034,1.0,0.5,true,39393.375,241.705503901438,39635.08050390144
5582,Puzzles,3290,3290,1.0,0.9990234374999001,false,23326.996000000014,57.46645256673516,23384.46245256675
5583,Hobby and creative,2981,2774,0.930560214693056,0.9999999403952553,false,46196.27600000001,211.27709609856282,46407.55309609858
5588,Batteries,78336,78196,0.9982128267973857,0.9999999403952553,false,448802.75999999995,1948.5181026694024,450751.27810266934
5593,Foodprep,32042,32042,1.0,0.9999990463255837,false,22635832.401000034,112862.9932521561,22748695.39425219
5596,Kitchen tools,8926,7138,0.7996863096571812,0.9999999403952553,false,968430.6449999999,5800.587549897328,974231.2325498973
5597,Buckets,164,164,1.0,0.874999999999925,false,467621.308,440.6311416837791,468061.9391416838
5598,Window and squeegees,17484,17484,1.0,0.9997558593749001,false,399235.93500000023,1062.0113963039007,400297.9463963041
5599,Window and squeegees,15144,15144,1.0,0.9999389648436501,false,358311.8910000001,1447.2126369609866,359759.1036369611
5602,Cleaning products,14925,14925,1.0,0.9374999999999125,false,310565.08699999994,805.9496053388078,311371.03660533874
5603,Bathroom accessories,10899,10899,1.0,0.9997558593749001,false,395458.9800000001,1365.1357022587274,396824.11570225883
5604,Table textiles,1746,1746,1.0,0.9843749999999032,false,100171.617,1209.4212944558544,101381.03829445585
5606,Bathroom accessories,5908,5848,0.989844278943805,0.9999999403952553,false,235145.925,1174.7028410677603,236320.62784106776
5608,Laundry baskets,20500,14984,0.7309268292682927,0.9999999403952553,false,1142095.4509999992,3167.8004135523615,1145263.2514135516
5609,Storage boxes,16324,16039,0.9825410438617985,0.9999999403952553,false,606470.256,3605.6909991786424,610075.9469991787
5610,Baskets,13421,13421,1.0,0.9980468749999003,false,148660.22500000003,522.0876406570841,149182.31264065712
5611,Baskets,8788,8788,1.0,0.9997558593749001,false,117816.33499999998,346.4512501026693,118162.78625010265
5613,Baskets,10314,10314,1.0,0.9960937499999007,false,111683.54400000008,226.8380845995893,111910.38208459967
5614,Baskets,8319,8319,1.0,0.9990234374999001,false,96581.02999999996,291.82510718685836,96872.85510718681
5615,Drink & food To Go,11290,9943,0.8806908768821966,0.9999999403952553,false,271938.30299999996,5388.167650102669,277326.47065010265
5616,Personal care,68357,61784,0.9038430592331437,0.9999999403952553,false,143274.25,600.9014887063656,143875.15148870635
5617,Cleaning products,11644,11549,0.9918412916523531,0.9999999403952553,false,359105.488,2471.9031581108843,361577.39115811087
5618,Others,4868,4868,1.0,0.9687499999999063,false,125607.37700000004,496.5899236139626,126103.966923614
5620,Oven dishes,184,184,1.0,0.5,false,12271.853999999998,138.2476657084188,12410.101665708416
5621,Personal care,2795,2764,0.9889087656529517,0.9999999403952553,false,14658.839999999995,232.25862012320337,14891.098620123197
5622,Wash treatment and accessories,4894,4894,1.0,0.9921874999999016,false,80943.91899999997,231.30243737166327,81175.22143737163
5625,Wash treatment and accessories,8941,7756,0.8674644894307124,0.9999999403952553,false,240354.13500000007,5110.6797186858375,245464.8147186859
5629,Cleaning products,2749,2749,1.0,0.9921874999999016,false,25206.72000000001,65.55476427104726,25272.274764271056
5634,Stationary,10037,10037,1.0,0.9843749999999032,false,152057.19199999995,1549.4010287474332,153606.5930287474
5635,Window and squeegees,69857,66075,0.9458608299812474,0.9999999403952553,false,1197137.1999999997,3083.445483367553,1200220.6454833674
5638,Electric personal care,35727,35727,1.0,0.9999389648436501,false,3017929.2779999976,5290.278034496929,3023219.5560344947
5640,Electric personal care,3106,2481,0.7987765614938828,0.9999999403952553,false,432797.4000000002,1162.926357289529,433960.32635728974
5642,Electric personal care,16096,16096,1.0,0.9999999403952553,false,1201742.1989999996,3665.9092422997905,1205408.1082422994
5644,Electric personal care,17241,17241,1.0,0.9843749999999032,false,1377505.6539999992,2462.84074250513,1379968.4947425043
5650,Pan sets,1792,1051,0.5864955357142857,0.9999999403952553,true,318769.1079999997,11856.691770431187,330625.7997704309
5652,Partyfun,23400,23400,1.0,0.9980468749999003,false,156769.56399999987,378.25835893223865,157147.8223589321
5653,Pan sets,1992,1992,1.0,0.9687499999999063,false,428532.0900000003,5866.801650924024,434398.89165092434
5660,Personal care,1930,1930,1.0,0.9999389648436501,false,48533.848999999995,582.9412537987677,49116.79025379876
5677,Foods,125,125,1.0,0.74999999999995,false,19378.128,47.9627609856263,19426.090760985626
5709,"TV, Audio & Video",5730,4199,0.7328097731239093,0.9999999403952553,true,296251.38200000004,1587.4220188911713,297838.8040188912
5710,Drink & food To Go,7956,0,0.0,0.9999999403952553,true,178733.78600000002,2207.8350862423017,180941.62108624232
5713,Electric personal care,20758,18527,0.8925233644859814,0.9999999403952553,false,1207965.051999999,3581.6765634496887,1211546.7285634486
5725,"Cloths, mops, sponges and brush",16396,16396,1.0,0.9999961853026345,false,54878.991999999984,343.04125831622156,55222.03325831621
5726,Kitchen helpers,276,276,1.0,0.874999999999925,true,6572.873999999999,163.83468665297738,6736.708686652976
5727,Hobby and creative,806,806,1.0,0.9374999999999125,false,35382.668999999994,101.86997371663254,35484.538973716626
5736,Planks,16247,16247,1.0,0.5,false,982860.0599999999,20358.35874127311,1003218.418741273
5742,Storage boxes,3139,3139,1.0,0.9374999999999125,false,1064458.6190000016,1569.2086340862486,1066027.8276340878
5746,Planks,1069,1069,1.0,0.74999999999995,true,75964.294,400.36295030800784,76364.656950308
5747,Wash treatment and accessories,1501,1501,1.0,0.9374999999999125,false,24236.086000000003,84.01834086242297,24320.104340862425
5748,Personal care,91,91,1.0,0.74999999999995,false,63008.505000000005,176.95864312114946,63185.463643121155
5749,Cleaning products,20223,14170,0.7006873362013549,0.9999999403952553,false,190147.72000000006,1358.114012320326,191505.83401232038
5751,Cleaning products,2492,2492,1.0,0.9374999999999125,false,150563.95199999993,642.8594858316216,151206.81148583157
5753,Wash treatment and accessories,15747,15747,1.0,0.9687499999999063,false,619186.197,1070.86158110883,620257.0585811089
5757,Cleaning products,46232,26581,0.5749480879044817,0.9999999403952553,false,106451.62500000004,837.0910127310067,107288.71601273105
5761,Bathroom accessories,34955,34955,1.0,0.9990234374999001,false,262170.489,1777.6095523613958,263948.0985523614
5772,Foodprep,5605,5605,1.0,0.9843749999999032,false,1042810.4399999997,2732.339673100619,1045542.7796731003
5773,Electric personal care,10193,4371,0.4288237025409595,0.9999999403952553,false,579996.3540000002,3353.2893055441473,583349.6433055443
5804,Others,783,783,1.0,0.9687499999999063,false,53116.391999999985,188.24596632443527,53304.63796632442
5805,Candles & Tealights,9363,9363,1.0,0.9990234374999001,false,57423.43599999999,266.8609856262833,57690.29698562627
5807,Drink & food To Go,4519,4519,1.0,0.874999999999925,false,11269.999999999993,33.708941273100606,11303.708941273093
5815,Residential odors,20367,18903,0.9281190160553837,0.9999999403952553,false,258298.09600000005,1302.9408000000012,259601.03680000006
5820,Photo frames & albums,13267,13267,1.0,0.9687499999999063,false,59229.17,131.20211827515402,59360.372118275154
5821,Photo frames & albums,2988,2988,1.0,0.9687499999999063,false,58934.05000000001,166.93418891170438,59100.984188911716
5827,Foodprep,2734,2686,0.9824433065106072,0.9999999403952553,true,724748.983,28086.36932032857,752835.3523203286
5837,Drying racks,2915,2915,1.0,0.9995117187499001,true,104220.795,1510.3439034907576,105731.13890349076
5838,Hobby and creative,10,10,1.0,0.5,true,5317.871999999999,387.03745708419,5704.90945708419
5839,"Cloths, mops, sponges and brush",20371,20371,1.0,0.9990234374999001,false,83925.45,358.09976755646824,84283.54976755647
5840,Construction,406,406,1.0,0.5,true,19093.843999999997,366.5595794661192,19460.403579466118
5843,Kitchen tools,1089,1089,1.0,0.9843749999999032,false,19718.397999999997,218.80930020533867,19937.207300205337
5845,Kitchen tools,1017,1017,1.0,0.9687499999999063,false,58525.011999999995,381.58340492813136,58906.59540492813
5848,Bath textiles and bath mats,3905,2269,0.5810499359795135,0.9999999403952553,true,44222.009999999995,672.0598809034907,44894.06988090349
5850,Tableware,1482,1482,1.0,0.9999999403952553,true,79317.65799999998,1625.6567490759728,80943.31474907596
5851,Hobby and creative,930,930,1.0,0.9843749999999032,true,971.152,13.602583983572883,984.754583983573
5857,Bathroom accessories,7208,7208,1.0,0.9990234374999001,false,581445.2279999999,1648.4212147843941,583093.6492147843
5858,Racks and pockets,19847,19847,1.0,0.9960937499999007,false,584157.0839999992,738.1048952772076,584895.1888952764
5859,Waste bags,32709,32515,0.9940689106973616,0.9999999403952553,false,794789.4080000002,2804.868389322381,797594.2763893226
5861,Construction,694,694,1.0,0.9687499999999063,false,59067.140999999996,404.57933921971284,59471.72033921971
5863,Baskets,7560,7560,1.0,0.9843749999999032,false,111249.72599999998,508.12728624229953,111757.85328624229
5864,Storage boxes,3305,3305,1.0,0.9921874999999016,true,96846.21099999998,3766.484788090362,100612.69578809035
5866,Storage boxes,140,140,1.0,0.74999999999995,false,205842.04199999993,557.5174119096515,206399.55941190958
5867,Storage boxes,6104,6104,1.0,0.9995117187499001,false,161100.24000000008,482.8961067761805,161583.13610677625
5868,Cleaning products,13087,13055,0.9975548253992511,0.9999999403952553,false,483782.60000000003,1962.007002053388,485744.6070020534
5869,Cleaning products,3231,3231,1.0,0.9960937499999007,true,49142.41500000001,481.5419876796716,49623.95698767968
5870,Cleaning products,23645,22847,0.9662507929794882,0.9999999403952553,false,299177.92800000013,1301.0832960985663,300479.0112960987
5871,Cleaning products,16862,12521,0.7425572292729213,0.9999999403952553,false,142263.12100000007,525.3072611909649,142788.42826119103
5872,Baskets,3880,3880,1.0,0.9374999999999125,false,43369.82299999999,248.62121067761785,43618.444210677604
5874,Cleaning products,4646,4646,1.0,0.9921874999999016,false,262692.507,2341.798659958929,265034.3056599589
5878,Dishwashing articles,88,88,1.0,0.9374999999999125,false,187612.88699999993,318.0151601642706,187930.9021601642
5880,Residential odors,8291,8291,1.0,0.9960937499999007,false,182136.843,1149.1509609856257,183285.99396098562
5895,Electric personal care,8199,8199,1.0,0.9843749999999032,false,428454.15200000035,550.2716041067762,429004.4236041071
5896,Electric personal care,4295,4295,1.0,0.9843749999999032,false,639236.4299999999,716.378096919917,639952.8080969199
5897,"TV, Audio & Video",235,235,1.0,0.74999999999995,false,124880.616,578.2884616016422,125458.90446160163
5899,Frying pans,16590,12574,0.7579264617239301,0.9999999403952553,false,2574837.650000001,11325.392106776177,2586163.042106777
5915,Candles & Tealights,18492,7539,0.40768981181051267,0.9999999403952553,true,203948.27599999995,3435.917831622176,207384.19383162213
5918,Candles & Tealights,22346,22346,1.0,0.9960937499999007,false,275684.18499999994,605.5062669404512,276289.6912669404
5919,Residential odors,2090,1763,0.8435406698564594,0.9999999403952553,false,25596.186000000005,81.8686767967145,25678.05467679672
5922,Drinks,1618,1618,1.0,0.74999999999995,false,157778.13799999998,373.56271868583184,158151.7007186858
5924,Cooking books,103,103,1.0,0.5,false,16196.138,421.9413055441478,16618.07930554415
5931,Residential odors,8151,8151,1.0,0.9998779296874001,false,157845.709,1239.0897236139642,159084.79872361396
5941,Kitchen helpers,7753,7753,1.0,0.874999999999925,false,52065.13900000001,60.70688911704313,52125.84588911705
5943,Stationary,40808,40808,1.0,0.9843749999999032,false,839312.9850000003,1635.620704312115,840948.6057043124
5946,Clocks,5990,5990,1.0,0.9999961853026345,false,306209.085,1113.5491909650923,307322.6341909651
5948,Stationary,11671,11671,1.0,0.5,true,85147.804,2699.1144131416827,87846.91841314168
5951,Stationary,31596,31596,1.0,0.9960937499999007,false,71504.30000000002,100.07053388090354,71604.37053388092
5955,Racks and pockets,2665,2665,1.0,0.9997558593749001,true,208102.34900000002,13634.27754004106,221736.62654004106
5959,Construction,972,972,1.0,0.5,true,7464.408,49.5616098562628,7513.969609856264
5971,Construction,340,340,1.0,0.9374999999999125,false,21849.218999999997,123.01181642710469,21972.2308164271
5974,Girls toys,657,657,1.0,0.74999999999995,true,15222.984000000006,57.530168377823365,15280.51416837783
5977,Cleaning products,26230,23527,0.8969500571864277,0.9999999403952553,false,623505.246,2249.4463030800816,625754.6923030801
5981,Window and squeegees,9923,9923,1.0,0.9999961853026345,false,1124942.993999999,3401.666771252569,1128344.6607712517
5982,"Glasses (drink, beer, wine etc)",503,503,1.0,0.874999999999925,false,43061.759999999995,138.06081314168372,43199.820813141676
5983,"Glasses (drink, beer, wine etc)",940,940,1.0,0.9687499999999063,false,33601.421,176.43309117043128,33777.85409117043
5987,Baskets,8440,8440,1.0,0.9990234374999001,false,207559.26800000004,554.3661757700205,208113.63417577007
5989,Baskets,13532,13532,1.0,0.9843749999999032,false,102852.33000000005,150.47516221765903,103002.8051622177
5991,Cleaning products,47876,47876,1.0,0.9687499999999063,false,380932.3979999998,740.4945486652982,381672.8925486651
5992,Cleaning products,28447,28447,1.0,0.9687499999999063,false,308683.90700000006,684.3069285420951,309368.21392854216
5993,Wash treatment and accessories,589,589,1.0,0.74999999999995,false,354268.40400000016,421.558484599589,354689.96248459973
5994,Wash treatment and accessories,3293,3293,1.0,0.9921874999999016,false,108445.93200000003,328.35566365503115,108774.28766365506
5995,Toilet cleaners and odors,22789,22789,1.0,0.9997558593749001,false,209019.52400000006,1291.2369034907592,210310.76090349082
5997,Cleaning products,6986,6986,1.0,0.9990234374999001,false,168166.21499999988,471.6264517453798,168637.84145174525
5999,Cleaning products,7591,7591,1.0,0.9998779296874001,false,417834.18599999987,1217.4829084188925,419051.66890841874
6000,Cleaning products,26946,26946,1.0,0.74999999999995,false,124471.07400000001,743.1024870636539,125214.17648706367
6001,Wash treatment and accessories,18385,18385,1.0,0.9999389648436501,false,420926.99599999987,3904.268898562628,424831.2648985625
6003,Waste bins,2949,456,0.15462868769074262,0.9999999403952553,true,330609.37,1091.9577815195064,331701.3277815195
6006,Residential odors,3854,3854,1.0,0.9687499999999063,false,160536.60000000003,1090.3180595482543,161626.91805954828
6009,Cleaning products,7102,7102,1.0,0.9960937499999007,false,207064.87199999997,1777.4301511293645,208842.30215112935
6010,Personal care,15172,15172,1.0,0.9999694824217751,false,194206.01199999984,2177.747042299794,196383.75904229964
6015,Coffee makers and kettles,4407,4407,1.0,0.9999980926512673,false,159764.64,573.9117338809042,160338.55173388091
6018,Coffee makers and kettles,10818,10818,1.0,0.9843749999999032,false,3746677.0110000046,5168.830851745387,3751845.84185175
6024,Measuring and weighing,41584,7118,0.1711716044632551,0.9999999403952553,false,1071604.38,28268.96428583162,1099873.3442858316
6029,Partyfun,24657,24657,1.0,0.9960937499999007,false,153129.89999999997,320.0581798767969,153449.95817987676
6040,Personal care,1830,1830,1.0,0.9997558593749001,false,48969.689999999995,516.5396102669405,49486.229610266935
6052,Candles & Tealights,55909,55909,1.0,0.9687499999999063,false,2162307.573999998,3004.551211498974,2165312.1252114973
6053,Candles & Tealights,74177,74177,1.0,0.9960937499999007,false,462054.7889999998,681.167685831622,462735.9566858314
6069,Clocks,16793,16409,0.9771333293634252,0.9999999403952553,false,391544.87400000007,5042.924700616018,396587.7987006161
6071,Photo frames & albums,21370,21370,1.0,0.9921874999999016,false,88043.73899999999,241.42531416837764,88285.16431416836
6075,Stationary,27641,27641,1.0,0.9374999999999125,false,425680.43700000015,719.5689901437364,426400.00599014387
6078,Drink & food To Go,9077,8178,0.9009584664536742,0.9999999403952553,true,444670.1979999999,8537.125685010264,453207.3236850102
6080,Drink & food To Go,11945,939,0.07861029719547928,0.9999999403952553,true,187886.076,2704.4766287474363,190590.55262874745
6082,Electric personal care,5430,5430,1.0,0.874999999999925,true,489918.0719999999,523.3412903490752,490441.413290349
6095,Construction,597,597,1.0,0.5,false,11255.496,88.86245585215607,11344.358455852156
6098,Batteries,309,309,1.0,0.9687499999999063,true,5764.682,44.244674332648856,5808.926674332649
6107,Ironing,982,945,0.9623217922606925,0.9999999403952553,true,178706.37400000004,2662.756769609855,181369.13076960988
6108,Ironing,3357,2816,0.8388442061364313,0.9999999403952553,false,161408.67400000003,414.80894661190933,161823.48294661194
6109,Hobby and creative,1146,1146,1.0,0.9687499999999063,false,3399.8439999999996,61.47951950718683,3461.3235195071866
6139,Foods,795,795,1.0,0.74999999999995,false,12452.159999999998,21.07810102669403,12473.238101026693
6140,Store kitchen,6400,6400,1.0,0.9995117187499001,false,192237.36000000002,990.9438948665296,193228.30389486655
6143,Drink & food To Go,12860,12465,0.9692846034214619,0.9999999403952553,false,897746.7100000005,5478.289433264889,903224.9994332654
6144,Bathroom accessories,79927,79927,1.0,0.5,false,317019.62600000005,3529.374426283375,320549.0004262834
6145,Cooking pans,943,825,0.8748674443266172,0.9999999403952553,false,14905.673999999999,208.83519712525668,15114.509197125255
6152,Storage boxes,14736,13958,0.9472041259500543,0.9999999403952553,false,1190133.895999999,7512.245954004091,1197646.1419540031
6154,Thermos jugs,2099,2099,1.0,0.9997558593749001,false,40014.590000000004,193.47364681724855,40208.06364681725
6155,Storage boxes,6880,6880,1.0,0.9999694824217751,false,241228.55399999983,862.7660065708394,242091.32000657066
6157,Wash treatment and accessories,14196,14196,1.0,0.9999995231627419,false,445190.1929999998,1413.6893408624242,446603.88234086224
6158,Personal care,74272,74272,1.0,0.9960937499999007,false,1493740.864000001,7485.720542094459,1501226.5845420954
6159,Cleaning products,7450,7450,1.0,0.9999961853026345,false,149179.21200000006,740.6168229979452,149919.828822998
6162,Wash treatment and accessories,22734,14894,0.6551420779449283,0.9999999403952553,false,458171.8539999999,2765.7370439425017,460937.5910439424
6168,"Cloths, mops, sponges and brush",10657,10657,1.0,0.9980468749999003,false,585044.7539999998,1513.9546903490755,586558.7086903489
6174,Coffee makers and kettles,25984,25984,1.0,0.9998779296874001,false,1618671.1449999996,4749.713357700199,1623420.8583576998
6184,Special pans,13360,11051,0.8271706586826347,0.9999999403952553,false,4514379.029999997,22206.6344895277,4536585.664489524
6190,Bags and backpacks,18716,18716,1.0,0.9921874999999016,false,757218.8470000005,1852.271388501027,759071.1183885016
6215,Vases,2031,2031,1.0,0.9374999999999125,false,62224.28099999998,135.97717330595486,62360.258173305934
6216,Candles & Tealights,10442,10442,1.0,0.5,false,241860.1009999999,42007.34824065706,283867.449240657
6227,Clocks,10540,10540,1.0,0.9997558593749001,false,206450.7129999999,533.1292164271044,206983.842216427
6233,"Glasses (drink, beer, wine etc)",205,205,1.0,0.5,false,51382.142000000014,141.17515482546182,51523.317154825476
6238,Batteries,234,234,1.0,0.9997558593749001,true,2314.1999999999994,24.826858316221763,2339.026858316221
6245,Storage boxes,410,410,1.0,0.74999999999995,false,559275.9479999999,641.2621749486655,559917.2101749486
6246,"Glasses (drink, beer, wine etc)",548,548,1.0,0.74999999999995,false,7603.021999999995,13.2723593429158,7616.294359342911
6248,Storage boxes,8281,8281,1.0,0.9980468749999003,false,318735.1999999999,814.3184229979468,319549.51842299785
6250,Cleaning products,5549,5549,1.0,0.9999980926512673,false,131402.45299999998,667.8711613963031,132070.32416139627
6251,Storage boxes,884,884,1.0,0.9921874999999016,false,107040.35999999997,528.0210102669394,107568.38101026691
6256,Light bulbs,777,777,1.0,0.9374999999999125,false,22459.941000000003,69.97248870636547,22529.913488706366
6257,Wash treatment and accessories,29816,19756,0.6625972632143815,0.9999999403952553,false,499735.0399999998,2767.8487901437375,502502.88879014354
6258,Cleaning products,5109,5109,1.0,0.9921874999999016,false,157215.058,1369.9449149897334,158585.00291498972
6259,Wash treatment and accessories,47852,42190,0.8816768369138176,0.9999999403952553,false,1951115.3200000003,14399.984611088297,1965515.3046110887
6261,Cleaning products,3273,3273,1.0,0.9921874999999016,false,38343.89999999999,290.8211088295688,38634.72110882956
6264,Waste bins,6155,6155,1.0,0.9999998807906105,false,526931.9999999997,1588.2356057494867,528520.2356057492
6266,Shoe maintenance,2141,2141,1.0,0.9843749999999032,false,47240.501000000004,585.7231400410676,47826.22414004107
6267,Residential odors,4928,4928,1.0,0.9990234374999001,false,68847.05799999999,979.6114324435316,69826.66943244352
6268,Residential odors,5989,5989,1.0,0.9960937499999007,false,90638.93999999999,746.5378283367555,91385.47782833675
6269,Window and squeegees,74367,74367,1.0,0.9687499999999063,false,474318.0119999999,1317.0523112936357,475635.06431129354
6272,Foodprep,58678,53710,0.9153345376461366,0.9999999403952553,false,8422580.200999998,29745.32142997942,8452325.522429977
6273,Sockets and security,7321,7321,1.0,0.9687499999999063,false,369908.17500000005,1130.1986607802876,371038.3736607803
6274,Coffee makers and kettles,162,162,1.0,0.74999999999995,false,4874427.921999998,23616.729489938403,4898044.651489937
6297,Candles & Tealights,6563,6563,1.0,0.9999990463255837,false,92143.16999999998,514.0652525667348,92657.23525256672
6301,Candles & Tealights,784,784,1.0,0.9374999999999125,false,134212.498,383.8115121149891,134596.30951211497
6307,Foods,4556,4556,1.0,0.9374999999999125,false,21327.767999999996,77.73780862422988,21405.505808624228
6308,Others,18875,18875,1.0,0.9997558593749001,false,71666.42,272.0233691991785,71938.44336919917
6309,Other Holidays,30035,30035,1.0,0.9980468749999003,true,30965.452,3035.364745790548,34000.81674579055
6332,Photo frames & albums,1483,1483,1.0,0.9843749999999032,false,56454.559,189.587163449692,56644.146163449695
6334,Photo frames & albums,16563,16563,1.0,0.9374999999999125,false,91713.3,160.28483572895277,91873.58483572895
6347,Window and squeegees,2949,2949,1.0,0.9999995231627419,true,69657.30799999999,610.4903388090348,70267.79833880902
6349,Store kitchen,868,868,1.0,0.9960937499999007,true,58610.328,767.317645995893,59377.64564599589
6351,Tableware,6217,4859,0.7815666720283094,0.9999999403952553,true,1421043.9319999996,25232.127090759786,1446276.0590907594
6367,Store kitchen,927,927,1.0,0.9990234374999001,true,33004.293,285.99287679671454,33290.28587679671
6369,Drink & food To Go,450,450,1.0,0.74999999999995,false,19625.984000000026,72.15069897330595,19698.134698973332
6371,Thermos jugs,2081,2081,1.0,0.9999389648436501,false,180333.972,1008.0755022587266,181342.04750225873
6375,Bathroom scales,1323,1323,1.0,0.9980468749999003,false,188977.705,2309.866525667352,191287.57152566733
6380,Hobby and creative,4532,4532,1.0,0.9997558593749001,false,119289.91200000001,452.79624476385965,119742.70824476387
6387,Baby / Toddler,2500,1735,0.694,0.9999999403952553,false,67821.39,1238.78161724846,69060.17161724846
6403,Small storage,32297,32297,1.0,0.9980468749999003,false,462336.4620000001,1035.1015564681725,463371.5635564683
6406,Foils and bags,45165,44997,0.9962803055463301,0.9999999403952553,false,256417.97999999998,1737.7034004106781,258155.68340041066
6407,Shoe maintenance,16182,16182,1.0,0.5,false,130682.706,2433.4283121149883,133116.134312115
6408,Cleaning products,9609,9609,1.0,0.9980468749999003,false,257814.83699999994,1827.5792004106772,259642.41620041063
6411,Buckets,30120,30120,1.0,0.9999847412108376,false,1117148.4799999993,3672.6748386036993,1120821.154838603
6414,Baskets,4342,4342,1.0,0.9995117187499001,false,128317.88200000006,430.33431129363385,128748.21631129368
6417,Wash treatment and accessories,4960,4960,1.0,0.9990234374999001,false,44210.69100000001,127.13622505133458,44337.82722505135
6418,Cleaning products,33663,33663,1.0,0.9999999403952553,false,783695.2479999998,2409.596074743325,786104.8440747431
6419,Personal care,10361,10361,1.0,0.9999847412108376,false,54491.52799999996,303.1215605749488,54794.64956057491
6420,Cleaning products,22293,22277,0.9992822859193469,0.9999999403952553,false,193743.61999999994,848.5958418891164,194592.21584188906
6421,Cleaning products,7599,7599,1.0,0.9999961853026345,false,268890.755,826.6476078028744,269717.4026078029
6423,Personal care,8314,8314,1.0,0.9374999999999125,false,157939.21499999997,654.2973593429158,158593.5123593429
6428,Cleaning products,5201,5201,1.0,0.9980468749999003,true,146053.152,1899.6987400410665,147952.85074004106
6429,Wash treatment and accessories,16387,16387,1.0,0.874999999999925,false,581540.9669999997,3665.8810295687845,585206.8480295684
6430,Waste bins,4577,4577,1.0,0.9999923706053688,false,492786.0630000004,1228.2848685831611,494014.3478685835
6433,Shoe maintenance,1581,1581,1.0,0.9921874999999016,false,395990.30100000004,5086.965469404523,401077.26646940457
6434,Phones,9897,9897,1.0,0.9997558593749001,false,34152.719999999994,2196.242577412731,36348.96257741273
6437,Electric personal care,26464,25322,0.9568470374848851,0.9999999403952553,false,5719436.449999996,29764.52740041066,5749200.977400407
6440,Electric personal care,3671,3671,1.0,0.9687499999999063,false,745693.6339999997,1876.8631215605774,747570.4971215603
6442,Electric personal care,17955,15536,0.8652742968532442,0.9999999403952553,false,1156184.064,4178.537586036957,1160362.601586037
6513,Reading glasses,2979,2197,0.7374958039610607,0.9999999403952553,true,46654.278999999995,1433.7005815195066,48087.9795815195
6515,Construction,393,393,1.0,0.874999999999925,false,23106.993000000002,289.8643540041066,23396.857354004107
6517,Ironing,6282,5940,0.9455587392550143,0.9999999403952553,true,288306.417,1357.847960574949,289664.264960575
6520,Insecticides,46,46,1.0,0.5,true,18278.16899999999,56.18104558521569,18334.350045585208
6522,Kitchen tools,801,801,1.0,0.874999999999925,false,29261.007999999994,55.714943326488715,29316.722943326484
6523,Bathroom accessories,13412,13412,1.0,0.9999999403952553,false,73610.16599999995,398.7803149897331,74008.94631498969
6524,Foodprep,13168,13168,1.0,0.5,false,1200174.7099999997,116541.89573921917,1316716.6057392189
6526,Batteries,8920,8920,1.0,0.9990234374999001,false,98225.69400000002,273.1001618069816,98498.794161807
6527,Batteries,32806,32806,1.0,0.9995117187499001,false,648358.4099999999,2011.3421683778206,650369.7521683777
6528,Sockets and security,25950,25950,1.0,0.9687499999999063,false,219833.5510000001,350.7211811088291,220184.2721811089
6533,Bath textiles and bath mats,27411,26783,0.9770894896209551,0.9999999403952553,false,2827714.484,10226.954423819312,2837941.4384238194
6534,Hobby and creative,613,613,1.0,0.9374999999999125,false,19442.219999999998,65.81349979466125,19508.03349979466
6538,Home decoration,1097,1042,0.9498632634457612,0.9999999403952553,false,37428.14599999997,270.409321560575,37698.55532156055
6540,Cleaning products,17557,17557,1.0,0.9999990463255837,false,204142.638,853.4343885010272,204996.07238850102
6541,Personal care,314,314,1.0,0.74999999999995,false,25497.297000000013,51.900719507186864,25549.1977195072
6544,Wash treatment and accessories,10465,10465,1.0,0.9921874999999016,false,456497.328,1476.8238184804916,457974.15181848046
6545,Foods,849,849,1.0,0.74999999999995,false,19152.630000000005,34.69924435318274,19187.329244353186
6546,Cleaning products,7365,7365,1.0,0.9843749999999032,false,209177.47200000004,478.56390308008145,209656.03590308013
6547,Cleaning products,79621,73833,0.9273056103289333,0.9999999403952553,false,550064.6410000002,6192.015151129371,556256.6561511295
6548,Cleaning products,3068,3068,1.0,0.9921874999999016,false,104895.76999999999,677.1467507186856,105572.91675071868
6549,Cleaning products,18329,18329,1.0,0.9997558593749001,false,116801.30000000003,494.627195482546,117295.92719548258
6552,Cleaning products,3488,3488,1.0,0.9980468749999003,false,24151.68,63.93079589322388,24215.610795893223
6553,Cleaning products,8772,8772,1.0,0.9374999999999125,false,39845.399999999994,248.36492156057497,40093.76492156057
6558,Cleaning products,2632,2632,1.0,0.9374999999999125,false,17406.76,63.411847227926074,17470.171847227924
6559,Personal care,27167,25583,0.9416939669451908,0.9999999403952553,false,136059.59500000003,1584.9658209445568,137644.56082094458
6562,Shoe maintenance,4917,4917,1.0,0.874999999999925,false,3343720.967999998,5806.328541683779,3349527.296541682
6563,Residential odors,22580,22580,1.0,0.9843749999999032,false,517609.31599999993,1241.82589281314,518851.1418928131
6564,Sockets and security,8203,8203,1.0,0.5,false,423606.58199999994,58492.76667104721,482099.34867104713
6565,Coffee makers and kettles,151,151,1.0,0.74999999999995,false,2518362.252000001,7313.645464065702,2525675.8974640663
6566,Electric personal care,8990,8990,1.0,0.9999694824217751,false,1151122.0139999997,3805.759557289528,1154927.7735572893
6567,(Steam) cleaners,369,369,1.0,0.874999999999925,false,445399.4999999999,1111.704209445585,446511.20420944545
6568,Electric personal care,9237,9237,1.0,0.9999980926512673,false,998006.8559999997,2917.0840324435326,1000923.9400324433
6578,Frying pans,6815,6815,1.0,0.9998779296874001,false,1448966.365,9158.633149897336,1458124.9981498974
6583,Partyfun,8893,8893,1.0,0.9980468749999003,true,54965.06399999999,2865.061392197127,57830.12539219712
6587,Personal care,93,93,1.0,0.74999999999995,false,24839.471999999998,63.088082135523535,24902.560082135522
6619,Candles & Tealights,39432,39432,1.0,0.9374999999999125,false,80720.24799999999,96.24044435318274,80816.48844435318
6625,Photo frames & albums,10658,10658,1.0,0.9687499999999063,false,153395.97,406.5080246406574,153802.47802464064
6628,Photo frames & albums,1548,1548,1.0,0.9990234374999001,false,87400.026,367.7887305954828,87767.81473059548
6632,Stationary,11831,11831,1.0,0.874999999999925,false,37014.032999999996,32.58855030800819,37046.621550308
6633,Clocks,2577,2577,1.0,0.5,false,370652.4359999999,13654.904806570845,384307.3408065708
6654,Hobby and creative,395,395,1.0,0.74999999999995,false,11863.425,177.6099190965091,12041.034919096508
6661,Fans and electric blankets,102,102,1.0,0.5,true,53077.695999999996,526.6994102669398,53604.39541026694
6663,Others,2163,2163,1.0,0.5,true,99167.45999999998,663.5597535934293,99831.01975359341
6665,Tea and coffee,12809,12809,1.0,0.9687499999999063,false,214698.8479999999,398.2714480492818,215097.1194480492
6668,Waste bags,54218,54218,1.0,0.9921874999999016,false,503391.29399999994,1217.9895301848044,504609.28353018477
6673,Baskets,8938,8938,1.0,0.9999389648436501,false,108358.43199999999,338.0244517453798,108696.45645174537
6674,Baskets,6857,6857,1.0,0.9921874999999016,false,37077.655999999995,123.53268829568803,37201.18868829568
6675,Baskets,6918,6918,1.0,0.9980468749999003,false,84447.28600000001,263.03964681724835,84710.32564681726
6678,Baby / Toddler,167,167,1.0,0.9374999999999125,true,3121.9649999999997,45.37200492813143,3167.337004928131
6682,Cleaning products,15077,15077,1.0,0.9921874999999016,false,285331.28400000004,1355.366896098559,286686.6508960986
6683,Cleaning products,3182,3182,1.0,0.9990234374999001,false,22620.15,155.1402209445586,22775.29022094456
6684,Waste bins,7964,7964,1.0,0.9999980926512673,false,973621.1099999993,6170.8329671457905,979791.9429671451
6686,Waste bins,2923,2854,0.976394115634622,0.9999999403952553,false,545023.5839999997,2045.9738907597539,547069.5578907594
6688,Drink & food To Go,7695,7695,1.0,0.9960937499999007,false,129188.38800000004,413.9921199178644,129602.3801199179
6690,Cleaning products,21236,21236,1.0,0.9921874999999016,false,145094.48799999998,1355.7016542094466,146450.18965420942
6692,Electric personal care,39721,39721,1.0,0.9999990463255837,false,5852211.379000002,51379.2682398357,5903590.647239837
6711,Personal care,1354,1354,1.0,0.9843749999999032,false,21931.469,664.8599712525665,22596.328971252566
6735,Vases,51074,51074,1.0,0.5,false,826501.788,64123.78114702257,890625.5691470226
6743,Wash treatment and accessories,4955,4906,0.9901109989909183,0.9999999403952553,false,158444.2019999999,1270.65355728953,159714.85555728944
6751,Cleaning products,39370,39370,1.0,0.9999847412108376,false,235761.87599999996,1713.045030800821,237474.9210308008
6753,Hobby and creative,1029,1029,1.0,0.9843749999999032,false,1661.9679999999996,29.948432032854196,1691.916432032854
6762,"Cloths, mops, sponges and brush",21892,21892,1.0,0.9999389648436501,false,51720.479999999996,248.19733552361407,51968.67733552361
6763,Planks,1315,1315,1.0,0.9843749999999032,false,49722.05699999999,357.42729609856246,50079.484296098555
6765,Tableware,2417,2417,1.0,0.9999694824217751,false,18729.445,131.95809240246408,18861.403092402463
6768,Store kitchen,27003,27003,1.0,0.9999389648436501,false,913140.7739999997,3717.8083318275194,916858.5823318273
6770,Cleaning products,19013,19013,1.0,0.9374999999999125,false,529388.8599999999,1250.5753667351137,530639.435366735
6771,Cleaning products,16897,16897,1.0,0.9687499999999063,false,191472.07799999995,505.15673347022584,191977.23473347016
6772,Thermometers,12532,12532,1.0,0.9843749999999032,false,120869.65799999998,4537.072992197122,125406.7309921971
6773,Measuring and weighing,23497,23497,1.0,0.9999995231627419,false,546416.3459999996,2577.9498234086204,548994.2958234082
6775,Bathroom accessories,1432,1432,1.0,0.9843749999999032,false,99760.913,938.3404127310057,100699.253412731
6776,"Cloths, mops, sponges and brush",155,155,1.0,0.5,false,54200.76199999999,278.702622587269,54479.46462258726
6779,Waste bags,86173,86173,1.0,0.9998779296874001,false,693434.6159999999,5756.81172320328,699191.4277232032
6782,Storage boxes,8082,8082,1.0,0.9374999999999125,false,699020.0000000008,881.0651334702275,699901.065133471
6784,Cleaning products,11148,11148,1.0,0.9999847412108376,false,144148.00400000002,611.5646735112936,144759.5686735113
6786,Cleaning products,5631,5631,1.0,0.9960937499999007,false,268471.19599999994,993.5021720739214,269464.69817207387
6787,Personal care,74762,70250,0.9396484845242236,0.9999999403952553,false,324276.12000000005,2544.8809034907613,326821.0009034908
6791,Cleaning products,21107,20446,0.9686833751835884,0.9999999403952553,false,59452.95300000002,519.8214603696098,59972.774460369634
6792,Window and squeegees,6671,6671,1.0,0.9980468749999003,false,127765.15499999997,389.96133264886976,128155.11633264885
6794,Cleaning products,8492,8492,1.0,0.9999980926512673,false,219224.3409999999,1864.0473893223827,221088.3883893223
6796,"Cloths, mops, sponges and brush",1716,1716,1.0,0.74999999999995,false,68929.86799999994,132.25530349075967,69062.1233034907
6798,Cleaning products,2066,2066,1.0,0.9374999999999125,false,18678.338,81.11693141683772,18759.454931416836
6801,Partyfun,40498,40498,1.0,0.9995117187499001,false,210751.0019999998,373.9169100616014,211124.91891006142
6803,Residential odors,13898,13898,1.0,0.9921874999999016,false,283257.91199999995,673.3826250513337,283931.29462505126
6815,Partyfun,84619,84619,1.0,0.9995117187499001,false,1001645.5679999992,2196.5165864476407,1003842.0845864468
6833,Residential odors,10611,10611,1.0,0.9999998807906105,false,61225.24099999999,231.79681560574943,61457.037815605734
6838,Greeting cards,3512,3512,1.0,0.9960937499999007,false,36113.05599999999,962.0740895277229,37075.13008952771
6846,Photo frames & albums,16384,16384,1.0,0.9687499999999063,false,129901.33799999993,224.28628993839823,130125.62428993834
6848,Photo frames & albums,12640,12640,1.0,0.9374999999999125,false,104918.58999999997,156.3505108829568,105074.94051088292
6850,Photo frames & albums,2128,2128,1.0,0.9843749999999032,false,38424.673,113.26485831622175,38537.937858316225
6872,Drink & food To Go,892,892,1.0,0.74999999999995,false,32553.39500000001,93.81729158110869,32647.21229158112
6873,Reading glasses,1216,1216,1.0,0.5,true,8587.005000000001,292.6135112936345,8879.618511293636
6875,Racks and pockets,2126,2126,1.0,0.5,false,112167.51699999999,3618.307281724846,115785.82428172484
6882,Teletoys,969,969,1.0,0.74999999999995,false,66035.66199999998,360.17605667351114,66395.8380566735
6883,Electric personal care,6298,4619,0.7334074309304541,0.9999999403952553,false,416391.2060000003,5984.166551540038,422375.3725515403
6884,Batteries,36242,36242,1.0,0.5,false,1029990.9829999998,79397.23156509234,1109388.2145650922
6887,Batteries,29964,29964,1.0,0.9374999999999125,false,453226.48000000004,675.8723942505127,453902.35239425057
6893,Serve and present,2737,2737,1.0,0.9999694824217751,true,32867.75100000001,1086.3803913757706,33954.131391375784
6896,Store kitchen,31045,31045,1.0,0.9999961853026345,false,1018158.3649999998,5039.887036960988,1023198.2520369608
6897,Store kitchen,36435,36435,1.0,0.9998779296874001,false,723565.9899999998,1873.5954065708443,725439.5854065706
6898,Shoe maintenance,18709,18709,1.0,0.9995117187499001,false,292908.28,7517.346470225869,300425.6264702259
6899,Cleaning products,18825,18825,1.0,0.9999923706053688,false,351637.40499999985,2061.2093059548274,353698.61430595466
6900,Dishwashing articles,23249,23249,1.0,0.9921874999999016,false,380867.21400000015,2284.78385544148,383151.99785544164
6902,Shoe maintenance,16731,16731,1.0,0.9960937499999007,false,301413.06299999997,8142.302129363451,309555.36512936343
6905,Racks and pockets,36135,36135,1.0,0.5,false,1536683.6099999999,87991.1806743327,1624674.7906743325
6908,Vacuuming,561,561,1.0,0.74999999999995,false,432542.28500000015,1344.789893223817,433887.074893224
6910,Baskets,9335,9335,1.0,0.9921874999999016,false,31547.376,87.84814579055434,31635.224145790555
6911,Baskets,11083,11083,1.0,0.9997558593749001,false,110020.61,282.4163655030794,110303.02636550309
6912,Storage boxes,93,93,1.0,0.74999999999995,false,201256.86,893.0537963038995,202149.91379630388
6913,Personal care,20866,11006,0.5274609412441292,0.9999999403952553,false,44701.125,246.40179671457918,44947.52679671458
6915,Hobby and creative,360,360,1.0,0.74999999999995,false,18546.604999999996,74.83771293634496,18621.44271293634
6916,Cleaning products,2785,2785,1.0,0.74999999999995,true,56800.79999999998,529.1966193018483,57329.996619301826
6921,Wash treatment and accessories,23831,23831,1.0,0.9374999999999125,false,402754.96099999995,1447.4963827515398,404202.4573827515
6922,Wash treatment and accessories,30316,17628,0.58147512864494,0.9999999403952553,false,475287.45600000024,2855.1654045174528,478142.6214045177
6924,Residential odors,5146,5146,1.0,0.9843749999999032,false,101957.84199999998,838.9080057494874,102796.75000574946
6932,Others,1571,1571,1.0,0.9843749999999032,false,51134.53800000011,137.59356960985636,51272.13156960996
6934,Cooking pans,1497,1497,1.0,0.9999694824217751,true,326649.48399999994,4818.653468583168,331468.1374685831
6954,Candles & Tealights,7157,7157,1.0,0.9999923706053688,false,64549.83499999999,280.3498275154008,64830.18482751539
6964,Residential odors,34997,27191,0.776952310198017,0.9999999403952553,false,961111.0389999994,5342.250708829572,966453.289708829
6969,Gift,22531,22531,1.0,0.9374999999999125,false,134697.10799999998,497.8842652977412,135194.9922652977
6973,Gift,56661,56661,1.0,0.9687499999999063,false,215098.5199999999,762.5190841889121,215861.03908418881
6977,Photo frames & albums,4362,4362,1.0,0.9843749999999032,false,104253.96799999998,280.77584722792574,104534.7438472279
6978,Vases,17077,17077,1.0,0.9843749999999032,false,724199.5320000001,15763.685445585208,739963.2174455853
6985,Storage boxes,35698,35698,1.0,0.9999980926512673,true,825074.6559999995,11336.261568788505,836410.917568788
6987,Store kitchen,3523,3523,1.0,0.9687499999999063,true,767726.2670000001,15887.80682669406,783614.0738266942
7000,Hobby and creative,357,357,1.0,0.874999999999925,true,4342.38,100.3371289527722,4442.717128952772
7005,Kitchen tools,1041,1041,1.0,0.9687499999999063,false,18946.962999999996,50.90430472279262,18997.86730472279
7006,Drinks,3869,3869,1.0,0.9687499999999063,false,136643.43,2411.955704312112,139055.3857043121
7011,Others,3066,3066,1.0,0.5,true,134870.568,33303.514381930196,168174.0823819302
7020,Bathroom accessories,7966,7966,1.0,0.9960937499999007,false,492471.62999999995,1234.6967679671448,493706.3267679671
7027,Toilet cleaners and odors,5782,5782,1.0,0.74999999999995,false,187878.74,946.8517314168371,188825.59173141682
7028,Light bulbs,1793,1793,1.0,0.9374999999999125,false,27946.625,88.57881930184801,28035.20381930185
7029,Cleaning products,4738,4738,1.0,0.9843749999999032,false,213548.41199999995,393.8729815195074,213942.28498151945
7030,Cleaning products,5480,5480,1.0,0.9995117187499001,false,157221.42799999999,636.5013585215611,157857.92935852153
7036,"Cloths, mops, sponges and brush",2667,2667,1.0,0.5,false,33807.228,1207.8982841889128,35015.12628418892
7050,Phones,8354,8354,1.0,0.74999999999995,false,1390968.2710000009,4344.9005347022585,1395313.171534703
7055,Electric personal care,9820,5217,0.5312627291242362,0.9999999403952553,true,530278.3709999999,6612.805883778235,536891.1768837782
7080,Others,29051,29051,1.0,0.9999995231627419,false,75584.992,419.63417166324433,76004.62617166324
7091,Gift,17523,17523,1.0,0.9843749999999032,false,62161.554000000004,831.7407991786444,62993.29479917865
7093,Partyfun,5855,5855,1.0,0.9995117187499001,false,37275.74899999999,148.54916468172493,37424.29816468171
7096,Others,8249,8249,1.0,0.5,true,8687.559999999998,420.5683396303909,9108.128339630388
7103,Vases,15130,15130,1.0,0.9843749999999032,false,155225.65799999994,389.8682887063653,155615.5262887063
7115,Window and squeegees,1697,1697,1.0,0.9687499999999063,true,38275.27899999999,170.3716891170431,38445.65068911703
7133,Games,138,138,1.0,0.874999999999925,true,4969.691999999998,21.931396714579055,4991.623396714577
7134,Tableware,3004,3004,1.0,0.9999990463255837,true,48901.12499999999,1829.1411088295697,50730.266108829564
7135,"Cloths, mops, sponges and brush",21985,21985,1.0,0.9999995231627419,false,65495.429999999986,328.2276944558522,65823.65769445583
7136,"Cloths, mops, sponges and brush",12591,12591,1.0,0.9980468749999003,false,20917.785,106.17971416837783,21023.964714168378
7141,Laundry baskets,26948,21094,0.7827668101528871,0.9999999403952553,false,1778732.5080000025,7283.205399178645,1786015.7133991811
7142,Baskets,8946,8946,1.0,0.9921874999999016,false,57691.95600000001,249.36406735112928,57941.320067351146
7143,Baskets,12453,12453,1.0,0.9921874999999016,false,253431.682,486.37795852156006,253918.05995852157
7144,Personal care,89392,58612,0.6556738858063361,0.9999999403952553,false,106163.064,803.2596763860371,106966.32367638603
7145,Storage boxes,6963,6963,1.0,0.9921874999999016,false,303965.8159999999,757.5161022587264,304723.3321022586
7146,Storage boxes,6513,6513,1.0,0.9921874999999016,false,120800.70800000004,252.6099860369608,121053.317986037
7148,Wash treatment and accessories,3033,3033,1.0,0.9960937499999007,false,77820.95999999999,202.95124435318252,78023.91124435318
7149,Wash treatment and accessories,1917,1917,1.0,0.874999999999925,false,75490.94699999999,185.95278357289519,75676.89978357288
7158,Cleaning products,18242,18242,1.0,0.9999995231627419,false,135702.273,834.5398016427108,136536.8128016427
7161,Bathroom accessories,24507,24507,1.0,0.874999999999925,false,206076.71699999995,2522.2136932238186,208598.93069322375
7162,Measuring and weighing,12537,12274,0.979022094599984,0.9999999403952553,false,161474.964,1387.6486250513335,162862.61262505135
7163,Shoe maintenance,16679,16679,1.0,0.9843749999999032,false,329673.8339999999,1540.1806833675578,331214.01468336745
7168,Electric personal care,6733,6733,1.0,0.9990234374999001,false,358716.638,642.9011552361399,359359.5391552361
7177,Moisture treatment and climate,38435,38435,1.0,0.9843749999999032,false,2390286.394999998,4272.529946611903,2394558.92494661
7216,Photo frames & albums,13263,13263,1.0,0.9843749999999032,false,156826.05399999997,319.6744648870635,157145.72846488704
7225,Storage boxes,27545,27545,1.0,0.74999999999995,true,645282.6449999999,1893.5536427104712,647176.1986427103
7228,Kitchen helpers,2376,2342,0.9856902356902357,0.9999999403952553,true,119994.59499999994,3080.8281129363468,123075.42311293629
7230,Construction,1465,1465,1.0,0.9843749999999032,false,115819.725,646.6367145790543,116466.36171457906
7236,Boys toys,18,18,1.0,0.5,true,4347.965999999999,392.2358094455848,4740.201809445584
7239,"Cloths, mops, sponges and brush",13469,13469,1.0,0.9999847412108376,false,67974.984,270.2073880903492,68245.19138809034
7240,Hobby and creative,226,226,1.0,0.5,true,7481.2919999999995,135.96756591375762,7617.259565913757
7242,Batteries,6646,6646,1.0,0.9374999999999125,false,25826.835999999985,38.82293141683778,25865.658931416823
7244,Cleaning products,2,2,1.0,0.5,true,4066.111,290.4156636550316,4356.526663655031
0,total,20350013,18842289,0.925910415880324,0.9136393596495245,false,711509664.81,8804081.428676385,720313746.2386763
