article_id,article_name,total_demand,demand_satisfied_from_stock,achieved_fill_rate,target_fill_rate,slow_mover,purchasing_cost,holding_cost,total_cost
1111,Puzzles,92,92,1.0,0.874999999999925,true,20666.91199999999,77.33852977412734,20744.250529774115
1126,Table paper,3940,3940,1.0,0.5,false,88467.12,3285.264078850103,91752.3840788501
1127,Table paper,16478,16478,1.0,0.9687499999999063,false,76829.44499999999,363.9990973305952,77193.44409733059
1129,Kitchen tools,5969,5969,1.0,0.9998779296874001,false,420272.97199999995,2226.09906940452,422499.0710694045
1131,Bicycle accessories,5319,5319,1.0,0.874999999999925,false,89015.766,1108.238071047229,90124.00407104724
1134,Ironing boards,4323,4323,1.0,0.5,false,2034548.3969999999,554517.2777383983,2589065.6747383983
1135,"Cloths, mops, sponges and brush",9812,9812,1.0,0.9687499999999063,false,116771.36799999999,528.2024410677615,117299.57044106774
1136,Kitchen textile,9291,9291,1.0,0.5,false,133525.97999999998,9709.38924024641,143235.3692402464
1137,Table textiles,2134,2134,1.0,0.9374999999999125,false,71751.288,814.3655515400416,72565.65355154005
1138,Table textiles,1839,1839,1.0,0.9687499999999063,false,53377.27500000001,362.30006365503056,53739.57506365504
1139,Table textiles,1671,1671,1.0,0.9843749999999032,false,66397.632,427.4685055441472,66825.10050554415
1141,Bath textiles and bath mats,40275,40275,1.0,0.5,false,404690.64999999997,78256.47884188911,482947.1288418891
1162,Light bulbs,3278,3278,1.0,0.74999999999995,false,30946.783000000007,250.61349404517446,31197.39649404518
1164,Batteries,72564,70119,0.9663056060856623,0.9999999403952553,false,1241256.9259999997,4399.9483190965075,1245656.8743190963
1166,Batteries,23330,23330,1.0,0.9687499999999063,false,348117.5110000003,765.7573704312106,348883.2683704315
1167,Batteries,59284,59284,1.0,0.9687499999999063,false,1830167.2619999999,3506.4021252566727,1833673.6641252565
1170,Tableware,2968,2968,1.0,0.5,false,57410.30399999999,3626.708149897331,61037.01214989732
1171,Stairs,9932,6652,0.6697543294401933,0.9999999403952553,false,1633140.3060000008,13057.367425872711,1646197.6734258735
1172,"Cloths, mops, sponges and brush",22256,20775,0.9334561466570812,0.9999999403952553,false,653010.2180000001,4893.13860287473,657903.3566028748
1173,Racks and pockets,14647,14647,1.0,0.5,false,251331.549,24009.029716632424,275340.57871663244
1174,Store kitchen,3367,3367,1.0,0.9687499999999063,false,826184.9049999994,8323.535941273116,834508.4409412725
1178,Baskets,7854,7854,1.0,0.874999999999925,false,153703.34699999998,834.7867219712525,154538.13372197124
1182,Laundry baskets,15616,14621,0.9362832991803278,0.9999999403952553,false,974343.8529999998,15251.106489938411,989594.9594899382
1183,Baskets,6644,6644,1.0,0.9687499999999063,false,85438.50700000003,634.5410106776172,86073.04801067764
1184,Baskets,7237,7237,1.0,0.5,false,59111.36,3125.4823030800826,62236.842303080084
1186,Cleaning products,612,612,1.0,0.9374999999999125,true,26045.25,840.4377659137585,26885.687765913757
1187,Suitcases,691,691,1.0,0.874999999999925,false,120015.35700000002,1338.0206833675554,121353.37768336758
1188,Cleaning products,6544,6544,1.0,0.9995117187499001,false,237443.07999999996,1214.6741519507182,238657.75415195068
1189,Wash treatment and accessories,308,308,1.0,0.74999999999995,false,1276864.3930000002,21561.805272689955,1298426.1982726902
1191,Cleaning products,39534,39534,1.0,0.9995117187499001,false,501743.3399999999,9426.179146611923,511169.51914661186
1201,Electric personal care,10934,10934,1.0,0.9921874999999016,false,410969.56599999993,617.6882045174541,411587.2542045174
1202,Kitchen appliances,308,308,1.0,0.5,false,1549869.167,224089.1980821346,1773958.3650821345
1205,Kitchen tools,32617,32617,1.0,0.9980468749999003,false,252753.29099999994,1673.242726078028,254426.53372607796
1209,Cooking pans,13941,13941,1.0,0.5,false,613093.698,70924.33295852153,684018.0309585215
1218,Personal care,7639,7639,1.0,0.5,false,60342.74399999999,6291.681826694049,66634.42582669405
1243,Photo frames & albums,17610,17610,1.0,0.9843749999999032,false,126602.60200000004,309.47614332648857,126912.07814332654
1245,Clocks,11810,11810,1.0,0.5,false,518089.845,91277.31939383988,609367.1643938399
1248,Coffee makers and kettles,22220,22220,1.0,0.9980468749999003,false,3719114.574000001,22735.324415195057,3741849.898415196
1253,Frying pans,5926,5926,1.0,0.9374999999999125,false,115963.49799999999,713.8170887063651,116677.31508870635
1262,Construction,274,274,1.0,0.74999999999995,true,4651.542,30.339195893223827,4681.881195893224
1272,Hobby and creative,16598,16598,1.0,0.9921874999999016,false,509522.9579999998,1562.294045585216,511085.252045585
1282,Table paper,17848,17848,1.0,0.874999999999925,false,694925.973,23532.19272073921,718458.1657207392
1283,Measuring and weighing,17922,17922,1.0,0.5,false,878406.557,282841.4345724844,1161247.9915724844
1284,Ironing boards,5848,5848,1.0,0.9999847412108376,false,1278540.1859999998,3225.5800262833645,1281765.7660262831
1286,Ironing boards,16453,16453,1.0,0.74999999999995,false,441176.54000000004,18845.41740657084,460021.9574065709
1288,Drying racks,4537,4537,1.0,0.5,false,3173185.322999999,1119075.8234303903,4292261.146430389
1289,Bicycle accessories,5244,5244,1.0,0.9960937499999007,false,253718.70299999992,1522.1783679671462,255240.88136796706
1290,Window and squeegees,50817,44908,0.8837200149556251,0.9999999403952553,false,1258782.0839999998,13754.846057494877,1272536.9300574947
1293,Table textiles,904,904,1.0,0.9843749999999032,false,43058.399999999994,458.49373305954794,43516.89373305954
1294,Bed textile,3886,3886,1.0,0.5,false,346646.902,9868.114789322386,356515.01678932237
1296,Bath textiles and bath mats,26880,26880,1.0,0.5,false,575702.47,77450.67762217658,653153.1476221766
1304,Tableware,5563,5563,1.0,0.9374999999999125,true,178270.7850000001,1108.4812484599577,179379.26624846004
1307,Suitcases,491,491,1.0,0.874999999999925,false,185167.96199999994,797.3881080082125,185965.35010800816
1314,Dishwashing articles,284,284,1.0,0.5,false,992446.3639999997,105104.75054702259,1097551.1145470224
1316,Cutlery,2105,2105,1.0,0.874999999999925,false,4597.019000000001,47.05456919917865,4644.0735691991795
1318,Foods,634,634,1.0,0.5,false,94701.663,10222.11174332648,104923.77474332647
1321,Vases,434,434,1.0,0.74999999999995,false,22147.65,240.83774537987665,22388.487745379876
1322,"Glasses (drink, beer, wine etc)",417,417,1.0,0.5,false,12232.78,154.5117618069816,12387.291761806982
1327,Tableware,4841,4841,1.0,0.874999999999925,false,30406.201,218.58286529774108,30624.78386529774
1330,Cutlery,2487,2487,1.0,0.74999999999995,false,33759.096000000005,239.84059466119086,33998.936594661194
1333,Cutlery,418,418,1.0,0.874999999999925,true,4224.597999999999,20.256562628336756,4244.854562628336
1334,Hobby and creative,1836,1836,1.0,0.9374999999999125,true,10744.271999999997,55.98273141683778,10800.254731416835
1337,Hobby and creative,6390,6390,1.0,0.9687499999999063,false,181012.65000000008,500.64331170431103,181513.2933117044
1340,Games,5073,5073,1.0,0.9980468749999003,true,136098.298,1119.215663655031,137217.51366365503
1347,Stuffed animals,3581,3581,1.0,0.874999999999925,false,41661.71099999997,508.23574743326475,42169.946747433234
1356,"Glasses (drink, beer, wine etc)",8720,8720,1.0,0.9960937499999007,false,126867.15999999999,1725.0372525667372,128592.19725256672
1357,"Glasses (drink, beer, wine etc)",1325,1325,1.0,0.874999999999925,false,33529.104,254.1327548254619,33783.23675482546
1361,Light bulbs,1538,1538,1.0,0.9374999999999125,false,17033.792999999998,121.75786776180696,17155.550867761805
1362,Batteries,114318,114318,1.0,0.9997558593749001,false,924556.4999999999,3161.1376755646784,927717.6376755646
1368,"Glasses (drink, beer, wine etc)",5144,5144,1.0,0.74999999999995,false,54163.242,5886.786570431205,60050.028570431205
1369,"Glasses (drink, beer, wine etc)",1827,1827,1.0,0.9960937499999007,true,17139.521000000004,78.77610841889113,17218.297108418894
1373,Wash treatment and accessories,8522,8522,1.0,0.9374999999999125,false,27997.032,336.1819367556465,28333.213936755645
1378,Drink & food To Go,7829,7829,1.0,0.9990234374999001,false,272739.0960000001,1814.4223195071932,274553.51831950725
1379,Window and squeegees,74989,74989,1.0,0.74999999999995,false,425624.1149999996,22250.28985010265,447874.40485010226
1380,Window and squeegees,115118,115118,1.0,0.9921874999999016,false,4270738.080000001,75288.02506365505,4346026.105063656
1382,Others,3977,3977,1.0,0.9687499999999063,false,117850.537,1428.5029363449692,119279.03993634497
1383,Table textiles,36285,36285,1.0,0.874999999999925,false,528952.676,7541.694180698151,536494.3701806981
1384,Baskets,2516,2516,1.0,0.74999999999995,false,186281.29100000008,3021.5810874743356,189302.87208747442
1389,Tea and coffee,2698,2698,1.0,0.874999999999925,true,54199.53000000001,145.36996016427094,54344.899960164286
1393,Kitchen helpers,9099,9099,1.0,0.9999389648436501,false,189250.7399999999,1166.8226119096505,190417.56261190955
1397,Tableware,8845,8845,1.0,0.5,false,76981.905,11393.56698973306,88375.47198973307
1399,Store kitchen,40,40,1.0,0.5,true,229798.74400000004,567.3640344969195,230366.10803449695
1403,Mugs and cups,25804,25804,1.0,0.5,false,1069782.287,97456.17111827519,1167238.4581182753
1433,Puzzles,9388,9388,1.0,0.9990234374999001,true,557662.8749999999,8844.671898151943,566507.5468981519
1438,Measuring and weighing,45133,45133,1.0,0.5,false,597382.128,147394.00229322375,744776.1302932238
1440,"TV, Audio & Video",13952,7483,0.536338876146789,0.9999999403952553,true,874839.3150000001,6694.7182279260805,881534.0332279261
1444,Planks,19061,19061,1.0,0.5,false,1537115.9719999996,254998.9868123202,1792114.9588123197
1445,Kitchen tools,8382,8382,1.0,0.9960937499999007,false,437909.9689999997,3689.555679260778,441599.52467926044
1446,Cutlery trays,45371,45371,1.0,0.9374999999999125,false,2441698.4130000016,3083.65229815195,2444782.0652981536
1448,Store kitchen,9369,9369,1.0,0.9843749999999032,false,288238.8180000001,1190.3143416837786,289429.13234168384
1449,Drying racks,2043,1530,0.748898678414097,0.9999999403952553,true,198293.55700000003,3257.7245034907596,201551.28150349078
1453,Bathroom accessories,35159,35159,1.0,0.5,false,664518.8200000001,39129.45803901435,703648.2780390144
1456,Baskets,2884,2884,1.0,0.5,false,41993.84,1381.050381930185,43374.890381930185
1458,Baskets,8054,8054,1.0,0.5,false,56833.0,4371.582551129362,61204.582551129366
1460,Baskets,10458,10458,1.0,0.9374999999999125,false,87085.17999999998,535.7288439425047,87620.90884394248
1461,Baskets,12061,12061,1.0,0.9843749999999032,false,154070.56000000003,564.2259876796718,154634.7859876797
1462,Storage boxes,6753,6753,1.0,0.9843749999999032,false,661022.7399999998,2714.9950587269045,663737.7350587266
1463,Bed textile,734,734,1.0,0.5,true,42453.71199999999,1405.9792361396303,43859.691236139624
1466,Cleaning products,6666,6666,1.0,0.9980468749999003,false,317894.86400000035,1012.6745856262821,318907.53858562664
1468,Cleaning products,5087,5087,1.0,0.5,false,278597.144,33796.62674291579,312393.77074291575
1469,Cleaning products,84368,58554,0.6940309121941969,0.9999999403952553,true,1757824.9569999992,71023.44098809037,1828848.3979880896
1470,Cleaning products,7796,7796,1.0,0.9374999999999125,false,29962.8,117.20960985626279,30080.00960985626
1471,Window and squeegees,10616,10616,1.0,0.9999389648436501,false,3339760.9000000004,63717.89412731009,3403478.7941273106
1474,Ironing,6607,6607,1.0,0.5,false,7167870.346,1865718.1907186867,9033588.536718687
1477,Frying pans,1118,1118,1.0,0.9960937499999007,false,302247.85500000004,20817.640685831593,323065.49568583164
1490,Easter,22451,22336,0.9948777337312369,0.9999999403952553,false,345287.229,14490.518626694044,359777.74762669404
1508,Teletoys,946,946,1.0,0.5,false,53619.13199999998,2593.857983162218,56212.9899831622
1512,Hobby and creative,304,304,1.0,0.74999999999995,true,5489.6939999999995,16.88738932238193,5506.581389322381
1514,Tableware,2077,2077,1.0,0.5,false,26015.107999999997,1221.4770250513345,27236.585025051332
1527,Wash treatment and accessories,8366,8366,1.0,0.5,false,272996.63300000003,33211.27261067767,306207.90561067767
1531,Drink & food To Go,1940,1940,1.0,0.5,false,170524.305,5153.036876796713,175677.3418767967
1533,"Cloths, mops, sponges and brush",12046,12046,1.0,0.9921874999999016,false,423106.9359999999,2931.3932714579014,426038.32927145786
1537,Cutlery,3376,3376,1.0,0.74999999999995,false,292122.39,19204.39813347021,311326.7881334702
1538,Drying racks,26,26,1.0,0.5,false,1932550.6199999996,16326.4790636551,1948877.0990636547
1540,Bicycle accessories,1653,1653,1.0,0.5,true,68045.544,2039.4827002053396,70085.02670020533
1548,Ironing board textiles,33710,33710,1.0,0.9999389648436501,false,1387163.6800000004,11163.826170431226,1398327.5061704316
1559,Tea and coffee,17942,17942,1.0,0.9999923706053688,false,276952.19999999995,1932.4859753593448,278884.6859753593
1561,Tea and coffee,502,502,1.0,0.74999999999995,false,407293.67000000004,466.30926899383957,407759.9792689939
1564,Tableware,6517,6517,1.0,0.5,false,60243.988,2993.340592197129,63237.328592197126
1570,Kitchen tools,523,523,1.0,0.5,false,23892.015000000003,1300.7631416837776,25192.778141683782
1571,Tableware,3657,3657,1.0,0.5,false,17821.125000000004,361.27692813141704,18182.40192813142
1575,"Cloths, mops, sponges and brush",2108,2108,1.0,0.74999999999995,false,93063.453,415.85891786447667,93479.31191786447
1582,Light bulbs,7425,7425,1.0,0.874999999999925,false,28466.172000000006,198.1444090349078,28664.316409034913
1584,Light bulbs,845,845,1.0,0.9374999999999125,false,14595.532,165.6209084188911,14761.15290841889
1585,Boys toys,1697,1697,1.0,0.74999999999995,false,45529.414,608.8891470225876,46138.30314702258
1589,Planks,346,346,1.0,0.5,false,126165.9,13332.902664887055,139498.80266488704
1593,Puzzles,510,510,1.0,0.5,false,36317.784999999996,463.0002669404523,36780.785266940446
1597,Hobby and creative,3078,3078,1.0,0.9960937499999007,false,78785.028,323.9896788501025,79109.01767885011
1605,Puzzles,4065,4065,1.0,0.74999999999995,false,51032.52,392.9844271047231,51425.50442710472
1606,Games,5212,5212,1.0,0.74999999999995,false,54575.793999999994,3285.009198357288,57860.80319835728
1607,Hobby and creative,3304,3304,1.0,0.74999999999995,false,44887.100999999995,1022.9071281314166,45910.00812813141
1612,Foodprep,20935,20935,1.0,0.5,false,5639062.302999999,954160.2232135512,6593222.526213551
1617,"Glasses (drink, beer, wine etc)",1191,1191,1.0,0.74999999999995,false,17872.015,471.28200000000044,18343.297
1618,"Glasses (drink, beer, wine etc)",13542,13542,1.0,0.5,false,92805.43999999999,9719.847901437359,102525.28790143735
1619,Residential odors,233,233,1.0,0.74999999999995,false,41683.71199999995,167.4066529774125,41851.11865297736
1621,Waste bins,2342,1566,0.6686592655849701,0.9999999403952553,true,108151.10599999999,631.1771268993838,108782.28312689938
1623,Kitchen helpers,15885,15885,1.0,0.5,false,480124.29499999987,51784.650250513296,531908.9452505131
1624,Cutlery,24225,24225,1.0,0.5,false,2492483.84,417269.44149486645,2909753.281494866
1626,Drying racks,13613,13613,1.0,0.9843749999999032,false,2717616.1179999993,5709.381005338817,2723325.499005338
1631,Tea and coffee,22966,22966,1.0,0.5,false,382213.29299999995,53153.951579466135,435367.24457946606
1636,Tableware,195,195,1.0,0.74999999999995,true,58035.70499999996,665.8601174537959,58701.565117453756
1637,Tea and coffee,12599,12599,1.0,0.5,false,742697.6129999999,147142.36898685835,889839.9819868582
1643,Light bulbs,9442,9442,1.0,0.874999999999925,false,43612.8,271.0026283367555,43883.80262833676
1646,Tea and coffee,63365,44482,0.7019963702359346,0.9999999403952553,false,525948.5000000001,2258.601630390144,528207.1016303903
1650,Hobby and creative,11074,11074,1.0,0.9374999999999125,false,560371.3499999997,1103.2621663244333,561474.6121663242
1661,Coffee makers and kettles,2701,2221,0.8222880414661237,0.9999999403952553,true,478611.25200000004,20422.722988090318,499033.97498809034
1662,Batteries,19629,19629,1.0,0.9998779296874001,false,480922.7149999994,1217.2638788501026,482139.9788788495
1663,Hobby and creative,389,389,1.0,0.74999999999995,true,5044.816,15.425090759753589,5060.241090759753
1665,Bakeware,25086,24549,0.9785936378856733,0.9999999403952553,false,535200.8969999999,6551.054427926073,541751.951427926
1666,Electric personal care,74624,74624,1.0,0.9374999999999125,false,8556155.727,43340.63162587272,8599496.358625872
1668,"Cloths, mops, sponges and brush",132035,113784,0.8617714999810656,0.9999999403952553,false,2662734.8579999995,22856.433306776213,2685591.2913067755
1669,Store kitchen,8023,8023,1.0,0.9843749999999032,false,419866.1039999998,2573.8974788501014,422440.0014788499
1670,Bathroom accessories,3440,3440,1.0,0.9687499999999063,true,57264.75300000003,412.88067802875025,57677.63367802878
1672,Watering cans,78661,78661,1.0,0.9980468749999003,false,870909.1439999999,43509.38743326489,914418.5314332647
1675,Baskets,14826,14826,1.0,0.9687499999999063,false,113111.80999999997,540.5594217659135,113652.36942176588
1678,Wash treatment and accessories,3277,3277,1.0,0.9687499999999063,false,63360.955,236.2355544147847,63597.19055441479
1679,Cleaning products,6798,6798,1.0,0.9995117187499001,false,335542.5920000002,1626.5324418891164,337169.1244418893
1680,Cleaning products,93767,83231,0.8876363752706176,0.9999999403952553,false,868969.0729999995,6238.727048049275,875207.8000480488
1681,Cleaning products,9638,9638,1.0,0.9999389648436501,false,143492.83200000002,2678.5708792607807,146171.4028792608
1688,Personal care,158518,140971,0.8893059463278619,0.9999999403952553,false,470167.7399999997,10127.173028747427,480294.91302874713
1689,Personal care,174664,165160,0.9455869555260386,0.9999999403952553,false,878977.6800000002,20688.247137576975,899665.9271375771
1693,Coffee makers and kettles,11342,10943,0.964821019220596,0.9999999403952553,false,2016954.5619999992,11971.80230308009,2028926.3643030792
1694,Electric personal care,71697,59241,0.8262688815431608,0.9999999403952553,false,5301985.605000003,95312.1161827515,5397297.721182755
1711,Small garden,7132,7132,1.0,0.5,false,56502.523,1439.4718041067772,57941.99480410678
1738,Partyfun,38737,38737,1.0,0.874999999999925,false,47128.53599999998,204.58833018480487,47333.124330184786
1739,Vases,5588,5588,1.0,0.9374999999999125,false,103953.09400000004,1361.0297437371676,105314.1237437372
1753,Others,1373,1373,1.0,0.874999999999925,false,48469.89,570.7924188911699,49040.68241889117
1760,Kitchen tools,172,172,1.0,0.874999999999925,true,10327.667,126.2059724845996,10453.8729724846
1762,Teletoys,337,337,1.0,0.9687499999999063,false,5798.323999999999,82.30451663244344,5880.628516632442
1763,Hobby and creative,16,16,1.0,0.5,true,1877.4209999999998,163.81098726899364,2041.2319872689934
1766,Puzzles,37,37,1.0,0.5,true,8825.901,31.59430595482563,8857.495305954826
1771,Cleaning products,7304,7304,1.0,0.9687499999999063,false,287748.2300000002,14021.872596714587,301770.1025967148
1772,Window and squeegees,22402,22402,1.0,0.9999923706053688,false,1359762.635,11019.162664065727,1370781.7976640658
1773,Cleaning products,2604,2604,1.0,0.5,false,36751.932,6492.3092377823405,43244.24123778234
1774,"Cloths, mops, sponges and brush",6943,6943,1.0,0.9374999999999125,false,206146.78699999992,4338.2157330595555,210485.0027330595
1783,Personal care,261084,261084,1.0,0.9998779296874001,false,1082816.028000002,4529.223295687878,1087345.25129569
1784,Cutlery,4160,4160,1.0,0.874999999999925,false,145450.80200000003,2384.518711293634,147835.32071129367
1786,Racks and pockets,26438,26438,1.0,0.9999961853026345,false,4606553.658,198833.17711088285,4805386.835110882
1787,Stairs,9565,9565,1.0,0.9999980926512673,false,1314524.0709999967,9226.883595482539,1323750.9545954792
1795,"Cloths, mops, sponges and brush",2776,2776,1.0,0.9374999999999125,false,20577.942,255.06747761806992,20833.00947761807
1797,Kitchen textile,4896,4896,1.0,0.9687499999999063,false,89133.23999999999,405.848271047228,89539.08827104722
1799,Bath textiles and bath mats,69817,69817,1.0,0.5,false,1261460.8999999997,215798.24373716643,1477259.1437371662
1806,Mugs and cups,54526,54526,1.0,0.5,false,1099374.0169999998,235914.60279342925,1335288.619793429
1813,Tea and coffee,17580,17580,1.0,0.9998779296874001,false,357501.62699999975,2419.176611088293,359920.803611088
1815,Light bulbs,1805,1805,1.0,0.874999999999925,false,14305.648,104.31162546201233,14409.959625462012
1821,"Glasses (drink, beer, wine etc)",24,24,1.0,0.5,true,5977.167,31.55839466119094,6008.725394661191
1823,Drinks,467,467,1.0,0.5,false,264725.65,30456.641088295688,295182.2910882957
1826,"Cloths, mops, sponges and brush",691,691,1.0,0.5,false,39228.532,299.1051186858319,39527.63711868583
1828,Foods,79,79,1.0,0.5,false,19419.34399999999,174.07738275154009,19593.42138275153
1829,"Glasses (drink, beer, wine etc)",1635,1635,1.0,0.9921874999999016,false,8860.781999999997,70.94051827515399,8931.722518275152
1831,Bakeware,417,417,1.0,0.874999999999925,true,33528.495,126.96462012320346,33655.459620123205
1832,Tableware,5985,5985,1.0,0.74999999999995,false,79833.64899999999,1633.2972418891152,81466.9462418891
1833,Special pans,482,482,1.0,0.9921874999999016,true,107403.63200000001,926.9082743326478,108330.54027433266
1850,Girls toys,833,833,1.0,0.9374999999999125,true,49486.227000000006,147.62756221765923,49633.85456221767
1862,Coffee makers and kettles,210,210,1.0,0.5,false,1676897.95,434281.12143737165,2111179.0714373714
1868,Small storage,26244,26244,1.0,0.9921874999999016,false,185503.02399999998,683.0901733059554,186186.11417330592
1872,Toilet accessories,11682,11682,1.0,0.9997558593749001,false,534479.463,6760.90908665297,541240.3720866529
1874,Serve and present,619,619,1.0,0.74999999999995,false,31421.249999999993,1234.4803285420935,32655.730328542086
1876,Bathroom accessories,635,635,1.0,0.74999999999995,false,17183.550999999996,448.882615195072,17632.433615195067
1878,Bathroom accessories,1466,1466,1.0,0.74999999999995,false,24069.863999999987,814.6634611909641,24884.52746119095
1879,Travel accessories,565,565,1.0,0.9687499999999063,false,9602.669999999998,124.76561396303889,9727.435613963036
1880,Laundry baskets,20385,20385,1.0,0.999999761581321,false,1878438.337999999,37874.86765338815,1916313.2056533871
1882,Baskets,17633,17633,1.0,0.874999999999925,false,214120.32600000003,1998.1460069815207,216118.47200698155
1883,Baskets,10058,10058,1.0,0.9374999999999125,false,77309.92500000002,298.80268993839803,77608.72768993842
1884,Storage boxes,28789,28789,1.0,0.74999999999995,false,779196.2779999999,69479.32879137578,848675.6067913757
1886,Personal care,58240,58240,1.0,0.9843749999999032,false,126504.63699999999,934.2381942505137,127438.8751942505
1887,Foods,976,976,1.0,0.74999999999995,false,21158.54999999998,130.3723552361397,21288.92235523612
1889,Tools,4587,4587,1.0,0.9687499999999063,false,165585.95200000002,5157.014840246402,170742.96684024643
1891,Toilet cleaners and odors,5007,5007,1.0,0.9995117187499001,false,82056.05100000004,373.8124533880902,82429.86345338813
1892,Wash treatment and accessories,11153,11153,1.0,0.9374999999999125,false,585504.6120000007,1813.2824550307992,587317.8944550315
1893,Cleaning products,5100,5100,1.0,0.9687499999999063,false,132945.93899999995,682.3416648870634,133628.28066488702
1894,Cleaning products,3566,3566,1.0,0.9687499999999063,false,113741.77499999997,1049.6534008213562,114791.42840082131
1898,Cleaning products,24615,24615,1.0,0.874999999999925,false,256216.11399999994,13447.714477207392,269663.82847720734
1903,Residential odors,5082,5082,1.0,0.9687499999999063,false,99864.76499999998,365.74263203285403,100230.50763203284
1904,Dishwashing articles,47415,44858,0.9460719181693557,0.9999999403952553,false,489666.99600000004,4685.171624229972,494352.16762423003
1905,Stationary,75818,75818,1.0,0.9687499999999063,false,172440.52000000002,1362.5751195071855,173803.0951195072
1906,Drink & food To Go,15968,15968,1.0,0.5,false,166014.205,55654.33212895281,221668.5371289528
1908,Drink & food To Go,9567,9567,1.0,0.9999990463255837,false,263059.811,7739.08804599589,270798.8990459959
1917,Frying pans,23580,20410,0.8655640373197625,0.9999999403952553,false,1976529.3100000005,12729.532915811084,1989258.8429158116
1944,Candles & Tealights,14263,14263,1.0,0.5,false,1147012.9440000001,312496.0663540038,1459509.0103540039
1947,Candles & Tealights,15118,8748,0.5786479693081096,0.9999999403952553,true,147615.03399999999,2263.7196969199144,149878.7536969199
1948,Candles & Tealights,16364,16364,1.0,0.9999923706053688,false,193952.91299999994,831.6244094455849,194784.53740944553
1965,Residential odors,15343,15343,1.0,0.9999980926512673,false,105832.45400000004,1664.0224123203304,107496.47641232038
1970,Photo frames & albums,2322,2322,1.0,0.9687499999999063,false,35851.48,237.28920533880915,36088.76920533881
1982,Drink & food To Go,17276,1023,0.05921509608705719,0.9999999403952553,true,407006.25,3476.172689938398,410482.4226899384
1997,"Glasses (drink, beer, wine etc)",2163,2024,0.9357374017568192,0.9999999403952553,false,5537.903,57.65769199178644,5595.560691991786
2004,Knives,215,215,1.0,0.9374999999999125,true,27677.467999999997,332.60512648870656,28010.073126488704
2006,Fans and electric blankets,778,778,1.0,0.874999999999925,false,73921.232,657.3973474332654,74578.62934743326
2007,Table textiles,296,296,1.0,0.74999999999995,true,6226.674999999999,63.10902464065705,6289.784024640657
2009,Hobby and creative,414,414,1.0,0.74999999999995,false,13583.982999999993,130.19099917864472,13714.173999178638
2011,Boys toys,9799,9799,1.0,0.874999999999925,false,60342.1,1011.1454722792614,61353.24547227926
2014,"Glasses (drink, beer, wine etc)",2430,2430,1.0,0.74999999999995,false,30981.720000000005,840.0701264887063,31821.79012648871
2019,Shoe maintenance,1403,1403,1.0,0.9374999999999125,false,373934.98099999997,1899.691711293633,375834.6727112936
2021,Baskets,4366,4366,1.0,0.874999999999925,false,54272.169000000016,220.27286365503107,54492.44186365505
2023,Vacuuming,140,140,1.0,0.5,false,11777570.090999994,116378.12055400379,11893948.211553998
2024,Toilet accessories,15767,15767,1.0,0.9995117187499001,false,1784047.1040000003,6608.813943326499,1790655.9179433268
2025,Knives,62750,62750,1.0,0.9999847412108376,false,689156.951,30531.595127720775,719688.5461277207
2030,Ironing board textiles,18520,18520,1.0,0.9980468749999003,false,651952.1120000002,6980.28777864476,658932.3997786449
2035,Bed textile,660,660,1.0,0.5,true,143764.25,1302.7266488706334,145066.97664887062
2045,Shopping bags and trolleys,6342,6342,1.0,0.5,false,45918.194,3448.015194250513,49366.209194250514
2049,Hobby and creative,10656,10656,1.0,0.9843749999999032,false,620189.5700000004,1362.030944969198,621551.6009449696
2050,Boys toys,2569,2569,1.0,0.9374999999999125,false,42881.86000000003,230.51145174538004,43112.37145174541
2055,Hobby and creative,5984,5984,1.0,0.9960937499999007,false,83240.1359999998,321.2698841889116,83561.4058841887
2062,Hobby and creative,2094,2094,1.0,0.74999999999995,false,183419.46700000006,10624.035181930178,194043.50218193023
2069,Hobby and creative,2593,2593,1.0,0.874999999999925,false,30189.04,410.29344065708364,30599.333440657083
2072,Foodprep,3883,3883,1.0,0.5,false,294354.05999999994,31461.90069609856,325815.9606960985
2077,Small storage,41641,41641,1.0,0.9921874999999016,false,313894.8400000001,1187.3665195071865,315082.2065195073
2078,Racks and pockets,23620,23620,1.0,0.9960937499999007,false,580260.0440000001,2032.8515355236123,582292.8955355238
2082,Waste bins,5133,5133,1.0,0.9999694824217751,false,391662.70500000013,862.2516488706353,392524.9566488708
2085,"Cloths, mops, sponges and brush",13906,13906,1.0,0.9995117187499001,false,407446.5639999999,2420.4035170431193,409866.967517043
2086,Cutlery,2392,2392,1.0,0.874999999999925,false,6848.45,201.05917453798773,7049.509174537988
2087,Cleaning products,11109,11109,1.0,0.9999847412108376,false,270890.97,1029.8672640657078,271920.8372640657
2088,Cleaning products,3531,3531,1.0,0.9980468749999003,false,96932.66099999995,524.1921626283371,97456.8531626283
2092,Cleaning products,2657,2657,1.0,0.9687499999999063,false,14696.325000000006,54.17938193018478,14750.504381930192
2093,Cleaning products,4446,4446,1.0,0.9960937499999007,false,30806.831999999995,893.116434086242,31699.948434086236
2094,Wash treatment and accessories,22885,22885,1.0,0.5,false,1084473.39,27120.405363860376,1111593.7953638602
2097,Shoe maintenance,6599,6599,1.0,0.874999999999925,false,4100507.3339999993,19469.847806981525,4119977.1818069806
2101,Coffee makers and kettles,13360,13360,1.0,0.9997558593749001,false,1455623.9880000001,15021.882992197125,1470645.8709921972
2102,Electric personal care,44172,44172,1.0,0.9999961853026345,false,4483718.624,55049.50636550307,4538768.130365503
2103,Coffee makers and kettles,1880,1880,1.0,0.74999999999995,true,105617.58899999993,335.16838275154066,105952.75738275147
2109,Pan sets,3333,3333,1.0,0.874999999999925,false,879424.1820000006,4275.202198767968,883699.3841987685
2114,Construction,382,382,1.0,0.5,false,23052.392999999996,690.6722858316214,23743.065285831617
2135,Watering cans,6662,6662,1.0,0.874999999999925,false,145542.85199999996,534.0207030800822,146076.87270308004
2153,Teletoys,446,446,1.0,0.5,false,93838.14299999998,5877.491671457908,99715.63467145788
2159,Phones,35,24,0.6857142857142857,0.9999999403952553,true,379.1760000000001,4.633281314168378,383.80928131416846
2161,Boys toys,830,830,1.0,0.74999999999995,false,21733.76799999998,115.55635646817235,21849.32435646815
2163,Boys toys,1938,1938,1.0,0.9687499999999063,true,7243.768,236.83746529774143,7480.605465297742
2164,Foods,794,794,1.0,0.74999999999995,false,8000.8179999999975,75.3051232032854,8076.123123203283
2165,Games,404,404,1.0,0.9843749999999032,false,79227.526,1991.6824369609863,81219.20843696098
2167,Games,1476,1476,1.0,0.74999999999995,true,118418.74799999996,1412.2757203285412,119831.0237203285
2170,"Glasses (drink, beer, wine etc)",895,895,1.0,0.874999999999925,false,64324.00799999998,309.94212484599603,64633.95012484598
2179,Window and squeegees,7822,7822,1.0,0.874999999999925,false,882167.9160000003,51918.988731006044,934086.9047310064
2182,Cleaning products,49145,49145,1.0,0.9960937499999007,false,413321.2019999999,4691.088354825456,418012.2903548253
2183,"Cloths, mops, sponges and brush",8299,8299,1.0,0.9687499999999063,false,136602.46599999993,621.1692139630388,137223.63521396296
2185,Special pans,23039,23039,1.0,0.5,false,938293.3559999997,169214.24150020516,1107507.5975002048
2188,Cutlery,4779,4779,1.0,0.9374999999999125,false,112984.59199999998,1455.2046965092381,114439.79669650922
2189,Toilet accessories,12701,12701,1.0,0.9999923706053688,false,1088363.927,3961.3340484599603,1092325.26104846
2190,Window and squeegees,56073,56073,1.0,0.9687499999999063,false,1656552.0509999993,2843.3072492813185,1659395.3582492806
2192,Clothes hangers,51913,51913,1.0,0.5,false,2365539.582,750771.3295145787,3116310.9115145784
2194,Wash treatment and accessories,24294,24294,1.0,0.5,false,1057333.662,267279.87314661185,1324613.5351466117
2195,Table textiles,885,885,1.0,0.9374999999999125,false,50908.19999999999,755.9749897330586,51664.17498973305
2196,Table textiles,3060,3060,1.0,0.874999999999925,false,76461.16800000002,564.5437503080079,77025.71175030802
2200,Bath textiles and bath mats,14253,14253,1.0,0.5,false,127782.83699999998,6731.999382751536,134514.83638275153
2202,Bed textile,2926,2926,1.0,0.5,false,337114.547,34265.51803449697,371380.065034497
2212,Thermos jugs,1159,1159,1.0,0.9843749999999032,false,55192.087999999996,803.1702833675554,55995.258283367555
2218,Tableware,1039,1039,1.0,0.9687499999999063,false,22132.418,189.89888624229997,22322.3168862423
2219,Thermos jugs,1998,1998,1.0,0.74999999999995,false,72369.045,1777.937204106776,74146.98220410677
2221,Planks,2424,2424,1.0,0.5,false,34596.744000000006,1495.1119868583146,36091.85598685832
2223,Cutlery,1504,1504,1.0,0.9921874999999016,false,26020.084999999995,389.9302164271049,26410.015216427102
2224,Personal care,121,121,1.0,0.5,false,201200.95799999998,16016.22019096507,217217.17819096506
2225,Personal care,167,167,1.0,0.74999999999995,false,1397.6200000000003,10.131170431211503,1407.751170431212
2228,Tableware,7343,7343,1.0,0.5,false,565771.2829999998,74985.739863655,640757.0228636549
2232,"Cloths, mops, sponges and brush",380,380,1.0,0.5,false,39994.836,538.1585741273101,40532.99457412731
2246,Baby / Toddler,479,479,1.0,0.5,false,22249.108,1044.1980119096506,23293.30601190965
2256,Baby / Toddler,1235,1235,1.0,0.9843749999999032,true,45915.70899999999,605.3852488706367,46521.09424887063
2264,Personal care,6516,6516,1.0,0.9374999999999125,false,23585.66,579.5820616016418,24165.242061601642
2265,Drink & food To Go,13824,13824,1.0,0.9999923706053688,false,263247.60000000003,1697.066919917867,264944.6669199179
2269,Baskets,4362,4362,1.0,0.74999999999995,false,139685.18200000018,1598.7421141683772,141283.92411416856
2270,Euro articles,1960,1960,1.0,0.5,false,31654.349999999995,2506.479363449691,34160.82936344969
2271,"Cloths, mops, sponges and brush",69775,64837,0.9292296667860982,0.9999999403952553,false,917046.6480000004,8386.559465297745,925433.2074652981
2273,Tea and coffee,3785,3785,1.0,0.9374999999999125,true,122128.86,799.5837363449695,122928.44373634497
2282,"Cloths, mops, sponges and brush",1592,1592,1.0,0.9374999999999125,false,157115.952,496.00099219712496,157611.95299219713
2283,Ironing board textiles,50860,50860,1.0,0.9998779296874001,false,1341488.4840000009,12492.574650924014,1353981.0586509248
2288,Bed textile,12367,12367,1.0,0.5,false,691032.825,38551.28533757699,729584.110337577
2291,Mugs and cups,29430,29430,1.0,0.5,false,1556730.8399999999,517158.9527885011,2073889.792788501
2330,Store kitchen,3359,3359,1.0,0.74999999999995,false,16935.07199999999,440.1301026694048,17375.202102669395
2336,Vacuuming,12394,12394,1.0,0.5,false,507853.024,95453.52540780292,603306.5494078029
2337,Light bulbs,4048,4048,1.0,0.74999999999995,false,42960.771,437.5900139630388,43398.36101396304
2342,Drink & food To Go,19763,19763,1.0,0.9687499999999063,false,816498.2700000004,27774.2869835729,844272.5569835732
2344,"Cloths, mops, sponges and brush",46435,41088,0.8848497900290729,0.9999999403952553,false,1016779.6239999997,8612.764606160168,1025392.3886061598
2345,Kitchen tools,8390,8390,1.0,0.9960937499999007,false,348527.7179999999,2826.183334702297,351353.90133470215
2350,Baskets,11259,11259,1.0,0.874999999999925,false,135122.88999999998,1274.9958973305968,136397.8858973306
2353,Cleaning products,12814,12814,1.0,0.9960937499999007,false,581000.6999999998,1822.059402874741,582822.7594028746
2354,Cleaning products,6489,6489,1.0,0.9990234374999001,false,204966.9999999999,860.7429404517451,205827.74294045166
2355,Suitcases,367,367,1.0,0.874999999999925,false,145729.18499999997,1589.9995626283371,147319.1845626283
2356,Cleaning products,4859,4859,1.0,0.9921874999999016,false,53334.092,148.3672537987679,53482.45925379876
2359,Foods,466,466,1.0,0.5,false,45617.67,4622.920037782341,50240.59003778234
2361,Cleaning products,34,34,1.0,0.5,false,15125.690999999997,120.02341437371678,15245.714414373713
2363,Residential odors,7433,7433,1.0,0.9921874999999016,false,131476.54799999998,1383.268292402463,132859.81629240245
2364,Personal care,67167,67167,1.0,0.9990234374999001,false,324798.06799999997,1207.2497133470229,326005.317713347
2369,Window and squeegees,1748,1323,0.7568649885583524,0.9999999403952553,false,268296.098,3296.6972406570853,271592.79524065705
2370,Ironing,18545,15375,0.829064437853869,0.9999999403952553,false,4123979.0549999997,20979.228671457888,4144958.283671458
2379,Pan sets,5909,5909,1.0,0.74999999999995,false,1906258.6619999993,230663.36232443564,2136922.024324435
2391,Foods,638,638,1.0,0.5,false,215035.27500000002,29039.82595277205,244075.10095277207
2394,Residential odors,10216,10216,1.0,0.9921874999999016,false,40963.86000000001,177.0550965092404,41140.91509650925
2402,Baby / Toddler,86,86,1.0,0.5,true,18748.687999999995,144.42338480492808,18893.111384804924
2406,Partyfun,2088,2088,1.0,0.9843749999999032,false,9361.814,209.61683696098572,9571.430836960986
2408,Construction,324,324,1.0,0.74999999999995,false,3932.0399999999995,66.69952156057491,3998.7395215605743
2410,Construction,446,446,1.0,0.5,false,17368.169,394.408615195072,17762.577615195074
2412,Electric personal care,242,242,1.0,0.74999999999995,true,82401.42399999998,329.62283039014335,82731.04683039013
2415,Batteries,1114,1114,1.0,0.9687499999999063,false,20792.001999999993,112.08063080082144,20904.082630800815
2421,Ironing,1645,963,0.5854103343465046,0.9999999403952553,false,137211.57799999998,736.9508094455848,137948.52880944556
2423,Store kitchen,13821,13821,1.0,0.74999999999995,false,66235.04999999997,387.92519507186853,66622.97519507185
2430,Baskets,3902,3902,1.0,0.74999999999995,false,128162.69899999996,3635.8908275153985,131798.58982751536
2435,Vacuuming,258,258,1.0,0.5,false,3485459.5439999965,28535.120904722804,3513994.664904719
2436,Bakeware,53806,53806,1.0,0.9990234374999001,false,585866.2880000003,3330.835728952772,589197.1237289531
2437,Knives,56854,56854,1.0,0.5,false,636695.1359999998,46383.80200410676,683078.9380041066
2441,Window and squeegees,28572,28572,1.0,0.9999961853026345,false,554229.312,4288.577143326492,558517.8891433266
2443,Drying racks,20986,20986,1.0,0.9990234374999001,false,2181254.796,151279.49937659153,2332534.2953765914
2445,Partyfun,45597,45597,1.0,0.874999999999925,false,480110.2319999997,1653.8863145790551,481764.1183145788
2449,Tableware,42050,42050,1.0,0.5,false,926980.481,130766.41929034895,1057746.900290349
2451,Mugs and cups,14992,14992,1.0,0.9990234374999001,false,355428.55600000004,22332.692346611897,377761.2483466119
2454,Tableware,11828,11828,1.0,0.5,false,887026.1399999999,329773.1201889115,1216799.2601889113
2463,Tableware,995,780,0.7839195979899497,0.9999999403952553,false,445083.492,10019.874921560564,455103.3669215606
2465,Tableware,7123,7044,0.98890916748561,0.9999999403952553,false,155644.33499999996,1712.9234981519508,157357.2584981519
2471,Vases,270,270,1.0,0.74999999999995,false,17809.350999999995,90.36751334702265,17899.71851334702
2474,Tableware,2818,2818,1.0,0.5,false,781286.9819999998,55862.908251334695,837149.8902513345
2478,Kitchen tools,935,935,1.0,0.9843749999999032,false,8299.767,149.60479055441493,8449.371790554414
2486,Dishwashing articles,169,169,1.0,0.5,false,72223.79500000001,1683.616274743328,73907.41127474334
2494,Oven dishes,1096,1096,1.0,0.5,false,15395.407999999998,836.9103696098564,16232.318369609853
2495,Drinks,707,707,1.0,0.5,false,36965.565,2610.1957158110886,39575.76071581109
2497,Table paper,1154,1154,1.0,0.9843749999999032,false,20829.69,272.61508336755645,21102.305083367555
2498,Thermos jugs,1093,1093,1.0,0.874999999999925,false,16372.125,247.9968480492814,16620.121848049283
2505,Pan sets,102,102,1.0,0.9374999999999125,true,36089.886,441.2622455852155,36531.14824558522
2511,Games,3273,3273,1.0,0.5,false,134737.71499999997,20219.12976180698,154956.84476180695
2519,"Glasses (drink, beer, wine etc)",1498,1498,1.0,0.5,true,17651.27,109.57084188911712,17760.840841889116
2525,Table paper,7359,7359,1.0,0.9921874999999016,false,17351.179999999993,139.9227728952771,17491.10277289527
2526,Table paper,10145,10145,1.0,0.9687499999999063,false,23298.596999999994,155.2338887063656,23453.83088870636
2529,Store kitchen,5932,5932,1.0,0.9999980926512673,false,722141.0770000004,2013.2294258726872,724154.3064258731
2531,Drying racks,7029,7029,1.0,0.9980468749999003,false,1633916.6480000007,5596.1778562628315,1639512.8258562635
2532,Ironing boards,209,209,1.0,0.5,false,1062720.0080000001,65585.30672854211,1128305.3147285422
2544,Mugs and cups,22605,22605,1.0,0.5,false,1266422.8500000003,50039.35110554411,1316462.2011055443
2549,Serve and present,10114,10114,1.0,0.9921874999999016,false,244996.99,766.6284895277203,245763.6184895277
2579,Coffee makers and kettles,16662,16662,1.0,0.9921874999999016,false,2813411.2089999993,6165.050633675566,2819576.2596336748
2580,Vacuuming,35919,35919,1.0,0.5,false,1041510.2599999999,211424.18063039012,1252934.44063039
2584,Store kitchen,59182,59182,1.0,0.9999694824217751,false,1256013.7729999993,4894.391174537993,1260908.1641745374
2585,Store kitchen,35781,35781,1.0,0.9921874999999016,false,544841.2619999999,2427.898501848056,547269.160501848
2587,Bathroom accessories,27717,27717,1.0,0.9843749999999032,false,445062.492,1498.6109088295682,446561.1029088296
2588,Watering cans,37586,37586,1.0,0.9374999999999125,false,355772.75999999983,944.284430390145,356717.04443039
2589,Bathroom accessories,4163,4163,1.0,0.9687499999999063,false,134731.37999999998,328.510891170431,135059.89089117042
2591,Tea and coffee,15093,15093,1.0,0.5,false,2261169.4560000002,334421.63762833737,2595591.0936283376
2592,Storage boxes,1447,1447,1.0,0.5,false,343052.199,36748.729429568826,379800.9284295688
2594,Cleaning products,4592,4592,1.0,0.9960937499999007,false,54839.862,341.60622381930136,55181.468223819305
2596,Cleaning products,7201,7201,1.0,0.9921874999999016,false,227753.45600000003,2260.0864985626254,230013.54249856266
2597,Cleaning products,3028,3028,1.0,0.9960937499999007,false,42230.15999999999,333.49845585215587,42563.65845585214
2599,Wash treatment and accessories,48483,48483,1.0,0.74999999999995,false,966778.9179999998,124080.49017618073,1090859.4081761804
2600,Cleaning products,2342,2342,1.0,0.74999999999995,false,12427.408,75.90450431211498,12503.312504312114
2601,Wash treatment and accessories,4662,4662,1.0,0.5,false,72199.04999999999,7976.280369609854,80175.33036960984
2602,Foils and bags,15789,15789,1.0,0.874999999999925,false,622252.3999999999,1828.6290308008208,624081.0290308007
2604,Cleaning products,57483,56903,0.9899100603656733,0.9999999403952553,false,214828.74000000014,2215.072468172484,217043.81246817263
2605,Vacuuming,124528,124528,1.0,0.9843749999999032,false,673650.2849999996,17847.182645174522,691497.4676451741
2606,Personal care,134990,115252,0.8537817616119713,0.9999999403952553,false,671755.392,11770.227646817253,683525.6196468172
2608,Coffee makers and kettles,9533,9533,1.0,0.74999999999995,false,2201273.97,14572.606862012319,2215846.5768620125
2613,Cooking pans,1807,543,0.30049806308799115,0.9999999403952553,true,175451.5490000001,177.01716139630386,175628.5661613964
2634,Candles & Tealights,7570,288,0.038044914134742404,0.9999999403952553,true,66483.69000000002,803.7440821355232,67287.43408213554
2637,Vases,1740,1740,1.0,0.9921874999999016,false,32647.999999999996,191.54387186858295,32839.54387186858
2645,Partyfun,13099,13099,1.0,0.74999999999995,false,77841.55400000002,3258.8690049281336,81100.42300492815
2646,Photo frames & albums,12645,12645,1.0,0.9687499999999063,false,80325.37100000001,271.55709733059547,80596.92809733062
2652,Construction,345,345,1.0,0.5,false,56278.59299999999,904.3064242299794,57182.899424229974
2654,Tableware,3460,214,0.061849710982658956,0.9999999403952553,true,535043.2499999999,92.93039014373726,535136.1803901437
2658,Fans and electric blankets,536,536,1.0,0.5,false,16686.424999999996,158.7575277207394,16845.182527720735
2660,Electric personal care,1660,1660,1.0,0.5,false,57662.695999999996,1238.492343326489,58901.18834332649
2661,Phones,48,42,0.875,0.9999999403952553,true,364.0,6.778644763860366,370.77864476386037
2667,Store kitchen,688,688,1.0,0.9687499999999063,true,24052.895999999997,155.48904804928134,24208.385048049277
2671,Games,10032,10032,1.0,0.874999999999925,false,382364.8499999999,2555.9035318275173,384920.7535318274
2672,Tea and coffee,13687,13687,1.0,0.9980468749999003,false,74463.214,775.4470004106779,75238.66100041069
2674,Stuffed animals,2175,2175,1.0,0.74999999999995,false,123888.99600000001,319.69489281314173,124208.69089281316
2677,"Glasses (drink, beer, wine etc)",1833,1833,1.0,0.5,false,115488.09999999998,14314.21030800823,129802.31030800821
2680,Drink & food To Go,16441,16441,1.0,0.9999694824217751,false,253576.813,2665.9777125256646,256242.79071252566
2686,Kitchen tools,4880,4880,1.0,0.9999990463255837,false,239521.12800000008,1535.2728640657087,241056.4008640658
2688,Foils and bags,70520,70520,1.0,0.874999999999925,false,374274.3339999999,936.1414611909659,375210.47546119086
2689,Vacuuming,150,150,1.0,0.5,false,5833887.605000001,62501.305396304146,5896388.910396306
2690,Gift,37683,37683,1.0,0.74999999999995,false,180883.647,8228.475581930179,189112.1225819302
2691,Toilet accessories,3832,3832,1.0,0.9843749999999032,false,374702.0199999999,1315.8462012320338,376017.86620123195
2694,Bathroom accessories,8885,8885,1.0,0.9687499999999063,false,646924.0189999999,1310.273867761806,648234.2928677617
2698,Kitchen helpers,5042,5042,1.0,0.9374999999999125,false,149991.61099999998,881.6222673511288,150873.2332673511
2699,Window and squeegees,26092,26092,1.0,0.9687499999999063,false,280424.8720000003,1311.610542915812,281736.48254291614
2701,Ironing board textiles,23297,23297,1.0,0.9999389648436501,false,347843.18799999997,3655.2547622176685,351498.44276221766
2702,Table textiles,533,533,1.0,0.9843749999999032,false,26979.826999999997,438.0585540041067,27417.885554004104
2718,Bathroom accessories,1192,1192,1.0,0.874999999999925,false,83967.52,758.1486924024639,84725.66869240247
2719,Light bulbs,4294,4294,1.0,0.874999999999925,false,64100.945999999996,403.5848131416841,64504.53081314168
2720,Cleaning products,4467,4467,1.0,0.9374999999999125,false,22000.019999999997,155.40731334702264,22155.42731334702
2730,Kitchen tools,1890,1890,1.0,0.74999999999995,false,34311.095,775.2067264887063,35086.30172648871
2732,Cutlery,2954,2954,1.0,0.874999999999925,false,4885.755,46.308958521560584,4932.06395852156
2736,Oven dishes,886,870,0.981941309255079,0.9999999403952553,true,16220.623999999996,312.41125913757696,16533.035259137574
2745,Stuffed animals,2455,2455,1.0,0.9995117187499001,true,72585.744,541.0213527720736,73126.76535277208
2748,Stuffed animals,79,79,1.0,0.74999999999995,true,24535.069999999996,114.162094455852,24649.23209445585
2758,Baby / Toddler,165,165,1.0,0.74999999999995,true,4811.974999999999,68.80897946611903,4880.783979466119
2761,Kitchen helpers,1990,1990,1.0,0.9997558593749001,true,107681.91,1311.631971252564,108993.54197125256
2763,Dishwashing articles,103294,86271,0.8351985594516622,0.9999999403952553,false,368044.9850000002,3200.4776324435293,371245.46263244376
2764,"Cloths, mops, sponges and brush",18354,18354,1.0,0.9843749999999032,false,688766.4629999999,4166.420318685822,692932.8833186857
2773,Foils and bags,18944,18944,1.0,0.9374999999999125,false,296656.66799999995,707.0310702258731,297363.6990702258
2777,Ironing board textiles,8787,8787,1.0,0.9921874999999016,false,153467.49599999998,1846.0224813141663,155313.51848131415
2778,Kitchen tools,73547,73547,1.0,0.5,false,2232391.2939999998,430136.58607679687,2662527.8800767967
2781,Ironing boards,9738,9738,1.0,0.5,false,4199489.658,1073128.1155704302,5272617.7735704295
2783,Drying racks,10981,10981,1.0,0.9374999999999125,true,1711686.2069999995,12465.870041889126,1724152.0770418886
2784,Table textiles,1154,1154,1.0,0.9687499999999063,false,51923.33999999999,434.72679260780313,52358.066792607795
2786,Bed textile,12586,12586,1.0,0.5,false,312184.152,18322.922265297726,330507.07426529774
2787,Bath textiles and bath mats,8616,8616,1.0,0.5,false,175434.525,29528.325537987705,204962.8505379877
2791,Table textiles,7090,7090,1.0,0.5,false,5982891.6559999995,2442415.6949190986,8425307.350919098
2793,Baskets,5909,5909,1.0,0.5,false,52503.99,1736.0834250513328,54240.073425051334
2794,Fans and electric blankets,1860,1860,1.0,0.874999999999925,false,173258.83400000003,1917.56488747433,175176.39888747435
2796,Tableware,5092,5092,1.0,0.9921874999999016,false,88148.90699999999,572.0199371663243,88720.92693716631
2805,Light bulbs,6226,6226,1.0,0.9687499999999063,false,16936.528,80.52585544147843,17017.053855441478
2817,Foodprep,10476,10476,1.0,0.5,false,18003936.825,7188719.863780286,25192656.688780285
2823,Batteries,120724,120724,1.0,0.5,false,4392879.372,1018122.8283659139,5411002.200365914
2826,Wash treatment and accessories,7714,7714,1.0,0.9921874999999016,false,103495.94500000004,954.2042669404528,104450.14926694048
2828,Store kitchen,23882,23882,1.0,0.9999694824217751,false,1254605.9959999993,6655.160681724841,1261261.1566817241
2829,"Cloths, mops, sponges and brush",136452,118969,0.8718743587488641,0.9999999403952553,false,1536952.6549999998,13350.742310061602,1550303.3973100614
2832,Window and squeegees,16086,16086,1.0,0.9997558593749001,false,595436.5550000002,3056.425049281314,598492.9800492815
2833,Racks and pockets,34281,34281,1.0,0.9921874999999016,false,469186.54999999993,1136.7915195071857,470323.3415195071
2835,Clothes hangers,50901,48794,0.9586059212982063,0.9999999403952553,false,520409.98799999984,8030.736595071889,528440.7245950717
2838,Thermos jugs,9835,9835,1.0,0.5,false,686115.9689999999,134543.94751416848,820659.9165141684
2839,Thermos jugs,8942,8942,1.0,0.5,false,1218708.4980000001,90188.42817002047,1308896.9261700206
2842,Baskets,9006,9006,1.0,0.9374999999999125,false,41443.401999999995,205.45637905544146,41648.85837905543
2844,Cleaning products,10724,10724,1.0,0.9980468749999003,false,194810.03500000006,758.7895503080074,195568.82455030808
2845,Cleaning products,4523,4523,1.0,0.9843749999999032,false,48160.98,245.2723819301845,48406.252381930186
2846,Cleaning products,5239,5239,1.0,0.9999961853026345,false,181114.18499999997,767.1585462012314,181881.3435462012
2847,Personal care,11466,11466,1.0,0.9687499999999063,false,58610.020000000026,368.54466447638606,58978.56466447641
2853,Cleaning products,71,71,1.0,0.74999999999995,false,73937.808,364.0320591375778,74301.84005913758
2854,"Cloths, mops, sponges and brush",15206,15206,1.0,0.9843749999999032,false,266196.85400000005,4053.657821765909,270250.511821766
2855,Window and squeegees,52599,52599,1.0,0.9960937499999007,false,505266.44,3087.987646817253,508354.42764681723
2894,Residential odors,13450,13450,1.0,0.9921874999999016,false,90180.70599999999,631.4287301848052,90812.1347301848
2905,Pan sets,2757,2757,1.0,0.9374999999999125,false,623944.4679999999,26102.295115811103,650046.7631158109
2909,Kitchen tools,490,490,1.0,0.5,false,12353.432,457.181421355236,12810.613421355236
2911,Teletoys,241,238,0.9875518672199171,0.9999999403952553,true,9909.563999999998,344.720620123203,10254.284620123202
2912,Construction,84,84,1.0,0.5,true,8087.758,157.6692620123202,8245.42726201232
2917,Construction,140,140,1.0,0.5,false,1765.96,25.485795482546187,1791.4457954825461
2922,Pan sets,1219,1219,1.0,0.5,false,469456.68000000005,30027.48319096509,499484.16319096513
2925,Kitchen helpers,765,765,1.0,0.5,false,115724.74199999998,24218.1688804928,139942.9108804928
2929,Thermos jugs,4070,4070,1.0,0.9995117187499001,false,530460.3430000002,2598.1125486652995,533058.4555486655
2938,Personal care,35090,35090,1.0,0.874999999999925,false,818309.0440000001,914.2090496919928,819223.2530496921
2940,Ironing boards,1521,220,0.14464168310322156,0.9999999403952553,true,182663.48100000006,722.6196390143747,183386.10063901445
2943,Knives,24107,24107,1.0,0.874999999999925,false,724160.3879999999,28649.332378644798,752809.7203786448
2947,Kitchen helpers,19958,19958,1.0,0.5,false,3816671.25,1018487.3331622188,4835158.583162218
2949,Kitchen textile,6536,6536,1.0,0.5,false,175374.885,24999.99569815195,200374.88069815194
2950,Kitchen textile,3369,3369,1.0,0.5,false,144834.613,15373.41917741273,160208.03217741274
2951,Racks and pockets,16599,16599,1.0,0.9960937499999007,false,229248.41099999993,1831.064297741274,231079.4752977412
2952,Table textiles,419,419,1.0,0.9687499999999063,true,29746.331999999995,464.9947466119098,30211.326746611903
2953,Bath textiles and bath mats,32620,32620,1.0,0.5,false,4334935.871,915156.0186956876,5250091.889695688
2957,Mugs and cups,14904,14904,1.0,0.999999761581321,false,277645.249,36541.76426160163,314187.0132616016
2968,Tea and coffee,72275,64641,0.8943756485645106,0.9999999403952553,false,1070694.912,6993.590932238179,1077688.5029322382
2969,Tea and coffee,75168,75168,1.0,0.9960937499999007,false,1523184.6839999992,4736.779881724847,1527921.463881724
2974,Foils and bags,542,542,1.0,0.74999999999995,false,17235.259999999995,54.52241067761812,17289.782410677613
2978,Tools,1633,1633,1.0,0.874999999999925,false,69255.55000000002,554.6004903490756,69810.15049034909
2979,Tableware,1158,1158,1.0,0.74999999999995,false,19080.396999999997,189.38332114989717,19269.780321149894
2980,Light bulbs,6031,6031,1.0,0.874999999999925,false,122687.20799999998,503.1338340862422,123190.34183408623
2985,Cutlery,3224,3224,1.0,0.874999999999925,false,8889.530999999999,180.58253593429149,9070.11353593429
2987,Tableware,4401,4401,1.0,0.74999999999995,false,16851.83499999999,107.04039219712523,16958.875392197115
2996,Baby / Toddler,4645,4645,1.0,0.5,false,741710.368,6521.336561806983,748231.704561807
2997,Games,1296,1296,1.0,0.9374999999999125,false,169812.8249999999,450.0031096509237,170262.8281096508
3014,Phones,9792,9792,1.0,0.9374999999999125,false,2468224.64,10863.626636960968,2479088.266636961
3015,Batteries,34161,34161,1.0,0.9990234374999001,false,742841.1200000003,2446.8059301848057,745287.9259301851
3021,"Glasses (drink, beer, wine etc)",668,668,1.0,0.874999999999925,false,18695.677000000003,83.94277248459962,18779.619772484602
3027,Kitchen helpers,28049,28049,1.0,0.9999980926512673,false,419521.75999999995,9455.484515811082,428977.24451581103
3030,Vacuuming,183,183,1.0,0.74999999999995,false,272552.434,1573.7407991786426,274126.17479917867
3031,Vacuuming,105,105,1.0,0.74999999999995,false,3255769.8249999997,37311.024845995955,3293080.8498459957
3033,Kitchen helpers,17842,17842,1.0,0.9843749999999032,false,602691.6840000001,12444.817770431175,615136.5017704313
3034,Measuring and weighing,39713,39713,1.0,0.5,false,1251470.5,62439.984907597616,1313910.4849075975
3036,Ironing boards,20693,20693,1.0,0.5,false,3803717.8899999997,119625.17536139641,3923343.065361396
3037,Drying racks,8537,7655,0.896685018156261,0.9999999403952553,false,2593711.1199999996,21091.308057494876,2614802.4280574946
3042,Bed textile,3261,3261,1.0,0.5,false,311568.21499999997,12676.479659958924,324244.6946599589
3046,Others,548,548,1.0,0.9374999999999125,false,28511.59499999999,362.09836016427147,28873.693360164263
3047,Bath textiles and bath mats,21094,21094,1.0,0.5,false,527616.6279999999,90667.21552689941,618283.8435268993
3058,"Glasses (drink, beer, wine etc)",7658,7658,1.0,0.5,false,293474.4959999999,97509.32391498964,390983.8199149896
3059,Games,2181,2181,1.0,0.9374999999999125,false,250745.07500000065,442.72705954825494,251187.8020595489
3063,Games,94,94,1.0,0.5,true,46934.81099999991,80.07048172484582,47014.881481724755
3075,Boys toys,1226,1226,1.0,0.9960937499999007,true,26536.124999999996,359.8880390143732,26896.01303901437
3080,Batteries,50340,47683,0.9472189114024633,0.9999999403952553,false,1157836.5960000004,5248.870524845997,1163085.4665248464
3082,Batteries,13532,13532,1.0,0.9687499999999063,false,331370.6759999999,714.5204895277209,332085.19648952765
3083,"Cloths, mops, sponges and brush",57325,57325,1.0,0.9921874999999016,false,92519.46199999998,402.50663490759746,92921.96863490758
3087,Coffee makers and kettles,9201,3645,0.39615259210955334,0.9999999403952553,true,350759.1499999999,9274.42877700206,360033.57877700194
3090,Personal care,27052,27052,1.0,0.9921874999999016,true,250776.52599999998,2169.9065478439397,252946.43254784393
3091,"Cloths, mops, sponges and brush",27805,27805,1.0,0.9995117187499001,false,1010528.414,5433.620671047224,1015962.0346710472
3092,Cutlery,2866,2866,1.0,0.9374999999999125,false,5984.201999999999,106.84580944558523,6091.047809445585
3093,Bathroom accessories,8434,8434,1.0,0.874999999999925,false,394561.097,3139.5963527720733,397700.6933527721
3097,Laundry baskets,14879,12410,0.8340614288594663,0.9999999403952553,false,462596.5890000002,5733.330290759748,468329.91929075995
3098,Baskets,13833,13833,1.0,0.9374999999999125,false,200387.26399999997,697.2462948665296,201084.5102948665
3104,Cleaning products,6600,6600,1.0,0.9990234374999001,false,322583.26800000016,1167.3768566735118,323750.64485667367
3106,Baskets,3698,3698,1.0,0.5,false,68142.81599999999,4561.942986036963,72704.75898603695
3108,Light bulbs,8382,8382,1.0,0.74999999999995,false,17282.811,230.46260698151946,17513.273606981522
3110,Ironing boards,2324,2324,1.0,0.5,false,239591.18399999998,12812.557601642708,252403.7416016427
3112,Dishwashing articles,11331,11331,1.0,0.9999923706053688,false,176293.782,15435.82536468171,191729.60736468172
3114,"Cloths, mops, sponges and brush",21918,21918,1.0,0.5,false,4983918.015999999,1449474.7006160172,6433392.716616016
3120,Electric personal care,11613,11613,1.0,0.9921874999999016,false,1794093.8399999999,19712.054769609855,1813805.8947696097
3121,Electric personal care,8571,8571,1.0,0.999999761581321,false,1022082.5860000008,3554.393073100616,1025636.9790731014
3123,Alarm clocks,18502,18502,1.0,0.5,false,1786209.5509999997,464081.7823289525,2250291.333328952
3128,Stationary,32283,32283,1.0,0.9995117187499001,false,105376.32,235.9885995893223,105612.30859958933
3159,Pan sets,3411,3411,1.0,0.9980468749999003,true,1025792.4599999997,9030.037317043118,1034822.4973170429
3162,Kitchen tools,244,244,1.0,0.9921874999999016,true,9671.9,194.2082443531827,9866.108244353183
3163,Tea and coffee,1833,1833,1.0,0.9843749999999032,false,3228.96,126.11451827515396,3355.074518275154
3165,Construction,448,448,1.0,0.874999999999925,true,15463.895999999999,172.16644312114994,15636.062443121149
3170,Stationary,4116,4116,1.0,0.74999999999995,false,4101.006,13.010090759753586,4114.016090759754
3171,Batteries,1515,1515,1.0,0.9687499999999063,false,33208.385,73.11730266940457,33281.5023026694
3173,Construction,296,296,1.0,0.874999999999925,true,6508.914999999999,50.24870800821355,6559.163708008213
3176,Girls toys,8,8,1.0,0.5,true,1511.6009999999999,113.84845133470219,1625.4494513347022
3179,Baby / Toddler,12321,12321,1.0,0.9374999999999125,false,640034.57,1575.5160164271047,641610.086016427
3185,Kitchen appliances,8227,8227,1.0,0.5,false,11419025.562,3261509.3378402484,14680534.899840249
3188,Personal care,12110,12110,1.0,0.5,false,339381.735,60726.53555852156,400108.27055852156
3189,Wash treatment and accessories,13808,13808,1.0,0.5,false,412967.646,60964.73811868579,473932.3841186858
3196,"Cloths, mops, sponges and brush",8363,8363,1.0,0.9687499999999063,false,438279.65999999986,1980.5177733059495,440260.1777733058
3201,Oven dishes,2419,2419,1.0,0.5,false,25548.67,387.46619342915824,25936.136193429156
3205,Partyfun,28055,28055,1.0,0.9999980926512673,false,401499.73499999975,2267.585821355241,403767.320821355
3210,Knives,57,50,0.8771929824561403,0.9999999403952553,true,38860.20599999999,489.07879712525755,39349.28479712525
3212,Table textiles,1724,1724,1.0,0.9374999999999125,false,44823.114,505.58506447638626,45328.69906447639
3218,Mugs and cups,20254,20254,1.0,0.5,false,680697.5839999999,113140.6311014374,793838.2151014373
3228,Vases,9090,9090,1.0,0.9687499999999063,false,120670.09499999997,480.83951540041085,121150.93451540038
3229,Tea and coffee,9999,9999,1.0,0.9921874999999016,false,25526.746,606.8967515400406,26133.64275154004
3230,Hobby and creative,195,195,1.0,0.874999999999925,true,4362.581999999999,29.04134127310059,4391.6233412731
3235,Cutlery,2192,2192,1.0,0.74999999999995,false,29524.26399999999,250.78118932238178,29775.04518932237
3237,Oven dishes,855,855,1.0,0.5,false,28391.789999999994,1477.9360509240244,29869.72605092402
3244,Serve and present,709,709,1.0,0.9687499999999063,false,11869.395999999995,85.76164271047234,11955.157642710468
3246,Kitchen helpers,779,779,1.0,0.9687499999999063,true,116679.23400000001,1962.426818069814,118641.66081806982
3247,Cutlery,1348,1348,1.0,0.74999999999995,false,16515.785999999996,147.570751540041,16663.35675154004
3249,Shopping bags and trolleys,6110,6110,1.0,0.5,false,206951.21999999997,19302.76197535934,226253.98197535932
3251,Laundry baskets,167,167,1.0,0.5,false,145416.91499999998,15902.99624024638,161319.91124024635
3252,Thermos jugs,1068,1068,1.0,0.9687499999999063,false,56934.997,376.29724065708393,57311.29424065709
3259,Hobby and creative,5394,5394,1.0,0.874999999999925,false,167411.244,1143.1987503080084,168554.44275030802
3264,Hobby and creative,3170,3170,1.0,0.9999847412108376,false,164968.398,847.5178677618085,165815.9158677618
3279,Table textiles,6665,6665,1.0,0.9999923706053688,true,30654.505,616.3334702258729,31270.838470225874
3281,Vacuuming,396,396,1.0,0.5,false,1153084.4569999997,8896.376502669456,1161980.8335026691
3285,Knives,13611,13611,1.0,0.5,false,192657.91999999998,37733.53006981517,230391.45006981515
3286,Knives,24629,24629,1.0,0.5,false,1214449.6,369867.0492813134,1584316.6492813134
3287,Drying racks,10459,10459,1.0,0.5,false,9856386.077999998,545209.1990156055,10401595.277015604
3288,Bicycle accessories,1823,1823,1.0,0.9921874999999016,true,88960.375,2569.030184804928,91529.40518480493
3291,Kitchen textile,11083,11083,1.0,0.5,false,78699.45999999999,9198.062238193008,87897.52223819299
3293,Bed textile,3772,3772,1.0,0.5,false,433836.71099999995,36991.756409856265,470828.4674098562
3295,Mugs and cups,21626,21626,1.0,0.5,false,616041.8879999999,98953.01331252564,714994.9013125256
3296,Mugs and cups,16197,16197,1.0,0.5,false,831405.6029999999,98720.427880082,930126.0308800819
3297,Mugs and cups,23104,23104,1.0,0.5,false,1228476.5219999999,351515.6333133469,1579992.1553133468
3298,Mugs and cups,13180,11374,0.8629742033383915,0.9999999403952553,false,193372.75999999998,8149.198399999994,201521.95839999997
3321,Puzzles,1176,1176,1.0,0.74999999999995,true,39211.172,311.71501067761784,39522.887010677616
3322,Foodprep,7318,7318,1.0,0.5,false,8626630.236,3231609.432555647,11858239.668555647
3329,Baby / Toddler,273,273,1.0,0.5,false,25831.259999999995,1556.9448985626275,27388.20489856262
3330,Moisture treatment and climate,14282,14282,1.0,0.9687499999999063,false,369163.64799999987,2286.9282529774146,371450.5762529773
3332,Cleaning products,88246,88246,1.0,0.9687499999999063,false,1032241.014,7092.573384394245,1039333.5873843943
3333,Bathroom accessories,3072,3072,1.0,0.9843749999999032,false,163991.9959999999,569.7845223819307,164561.78052238183
3335,Bathroom accessories,634,634,1.0,0.9843749999999032,false,343907.43099999987,2621.021409856263,346528.45240985614
3336,Thermos jugs,4674,4674,1.0,0.9990234374999001,false,571617.1439999999,5123.690079671463,576740.8340796713
3337,Cleaning products,11582,11582,1.0,0.9999694824217751,false,129805.40999999999,356.69558767967123,130162.10558767966
3339,Baskets,7856,7856,1.0,0.9374999999999125,false,102897.165,768.5980509240264,103665.76305092403
3341,Cleaning products,4412,4412,1.0,0.9374999999999125,false,186136.55900000015,717.0059494866518,186853.5649494868
3342,Cleaning products,6561,6561,1.0,0.9999923706053688,false,90589.19100000004,669.0750406570842,91258.26604065712
3343,Cleaning products,10488,10041,0.9573798627002288,0.9999999403952553,false,154669.76699999993,757.610704312115,155427.37770431204
3346,Window and squeegees,1143,1143,1.0,0.9374999999999125,false,29432.389,350.9664743326486,29783.35547433265
3348,Wash treatment and accessories,31574,31574,1.0,0.9990234374999001,false,497109.3119999999,30649.277908829536,527758.5899088294
3349,Waste bins,2949,2949,1.0,0.874999999999925,false,107060.98199999995,910.8675860369601,107971.8495860369
3350,Cleaning products,1938,1938,1.0,0.874999999999925,false,26641.062,127.76943039014371,26768.831430390146
3352,Cleaning products,4422,4422,1.0,0.9995117187499001,false,50087.310000000005,345.42102258726857,50432.73102258727
3353,Bathroom accessories,42047,42047,1.0,0.9921874999999016,false,235391.33799999996,1692.4617765913765,237083.79977659133
3354,Bathroom accessories,24788,24788,1.0,0.5,false,588665.28,81762.69397946614,670427.9739794661
3355,Toilet accessories,40666,40666,1.0,0.5,false,489217.32999999996,74573.79046160182,563791.1204616018
3356,Residential odors,12863,12863,1.0,0.9374999999999125,false,343117.2569999999,635.5055704312115,343752.76257043116
3359,Electric personal care,6266,6266,1.0,0.9995117187499001,false,2757509.447,42206.13683080082,2799715.583830801
3363,Electric personal care,2970,2970,1.0,0.9995117187499001,false,627741.8560000005,2441.4936661190927,630183.3496661196
3368,Bathroom scales,13306,13306,1.0,0.9960937499999007,false,436143.36500000005,13323.672163038998,449467.03716303903
3370,Special pans,7773,7773,1.0,0.74999999999995,true,1174405.162,21861.792359753577,1196266.9543597535
3410,Foods,950,950,1.0,0.74999999999995,false,8064.272999999998,42.31195277207388,8106.584952772072
3411,Construction,393,393,1.0,0.5,false,19429.564,543.7997404517452,19973.363740451743
3414,Electric personal care,1671,1671,1.0,0.5,true,94118.38799999999,354.7350788501028,94473.1230788501
3416,Construction,511,511,1.0,0.74999999999995,true,14797.237000000001,251.51060657084196,15048.747606570843
3428,Store kitchen,24307,24307,1.0,0.5,false,6748368.507999999,1189596.17738809,7937964.685388089
3429,Sockets and security,1249,1249,1.0,0.874999999999925,false,20719.160000000025,85.22815359342903,20804.388153593456
3436,Toilet cleaners and odors,3691,3691,1.0,0.9843749999999032,false,41110.60799999999,1246.3360689938397,42356.944068993835
3438,Cooking books,9539,9539,1.0,0.5,false,308107.8,46294.16503490754,354401.9650349075
3441,"Glasses (drink, beer, wine etc)",4202,753,0.1792003807710614,0.9999999403952553,true,62414.35199999998,1162.746800821355,63577.09880082133
3442,Window and squeegees,29425,29425,1.0,0.9999847412108376,false,2617559.028000002,10906.78233839836,2628465.8103384003
3443,Window and squeegees,33103,29955,0.9049028788931517,0.9999999403952553,false,3734597.2999999984,22362.142318275157,3756959.4423182737
3444,Kitchen tools,19156,19156,1.0,0.5,false,634159.1549999999,91445.35826899405,725604.5132689939
3445,Cutlery,7377,7377,1.0,0.9921874999999016,false,223785.009,2070.2578078028723,225855.26680780287
3453,Ironing board textiles,51921,51921,1.0,0.9921874999999016,false,2260591.3400000003,21112.93169281311,2281704.2716928134
3457,Bath textiles and bath mats,35178,35178,1.0,0.5,false,582665.4959999998,40535.425114989725,623200.9211149896
3465,Tableware,37656,36371,0.965875292118122,0.9999999403952553,false,538339.1999999997,5497.5938234086225,543836.7938234083
3467,Cutlery,687,687,1.0,0.9374999999999125,false,11430.845999999998,298.49578521560613,11729.341785215604
3468,Tableware,698,698,1.0,0.74999999999995,false,29487.367,299.55637864476415,29786.923378644762
3469,Baby / Toddler,850,850,1.0,0.9997558593749001,true,12035.869999999999,184.38271375770023,12220.2527137577
3471,Cutlery,3263,3263,1.0,0.74999999999995,false,13863.275999999996,78.01009281314171,13941.286092813138
3473,Serve and present,2628,2628,1.0,0.9990234374999001,false,57560.53799999996,411.87991663244367,57972.4179166324
3474,Cutlery,3624,3624,1.0,0.874999999999925,false,12135.76,227.60957371663238,12363.369573716633
3476,Light bulbs,5182,5182,1.0,0.9374999999999125,false,42252.37799999998,212.3701971252567,42464.74819712524
3477,Tableware,5323,5323,1.0,0.74999999999995,false,43599.46500000002,490.65432320328534,44090.119323203304
3478,Baskets,2631,2631,1.0,0.5,false,31169.355000000003,1205.8478275154005,32375.202827515404
3482,Drink & food To Go,4388,4388,1.0,0.5,false,182430.77999999997,17377.295519507188,199808.07551950717
3483,Light bulbs,4844,4844,1.0,0.9374999999999125,false,18257.428000000004,56.742592197125234,18314.17059219713
3485,Frying pans,1675,1675,1.0,0.5,false,361442.172,27532.522228336748,388974.6942283368
3490,Hobby and creative,5656,5656,1.0,0.9960937499999007,false,208956.38400000002,786.785925256674,209743.1699252567
3499,Hobby and creative,62,62,1.0,0.5,false,25493.159999999993,292.90054004106713,25786.06054004106
3504,Games,2890,2890,1.0,0.9980468749999003,true,177573.6199999999,1503.6504661190957,179077.270466119
3514,Drink & food To Go,5723,5723,1.0,0.9921874999999016,false,46683.21000000001,549.569333059547,47232.77933305955
3517,Measuring and weighing,22004,22004,1.0,0.9374999999999125,false,94907.33699999998,380.29361396303926,95287.63061396302
3519,"Glasses (drink, beer, wine etc)",411,411,1.0,0.74999999999995,false,9048.927999999996,272.8197449691989,9321.747744969196
3526,Window and squeegees,2399,2399,1.0,0.874999999999925,false,455489.04799999995,3026.1580266940464,458515.206026694
3528,Toilet cleaners and odors,4347,4347,1.0,0.9921874999999016,false,41600.67799999998,1014.3378258726905,42615.015825872666
3529,Kitchen helpers,54710,54710,1.0,0.9843749999999032,false,876651.468,10060.369062012305,886711.8370620123
3531,Vacuuming,141,141,1.0,0.5,false,1023942.4019999997,4285.259494045176,1028227.6614940448
3532,Kitchen tools,39401,37725,0.9574630085530824,0.9999999403952553,false,472295.5650000001,5866.485357289523,478162.0503572896
3533,Tea and coffee,8223,8223,1.0,0.5,false,2288526.4499999997,572335.2386550311,2860861.688655031
3541,"Cloths, mops, sponges and brush",123,123,1.0,0.5,false,59061.869999999995,84.83758521560567,59146.7075852156
3543,Bath textiles and bath mats,7761,7761,1.0,0.5,false,81919.488,10079.615888295686,91999.10388829568
3546,Bed textile,1544,1544,1.0,0.5,false,447553.645,66083.86693511292,513637.51193511294
3549,Mugs and cups,35436,35436,1.0,0.5,false,1788046.5049999994,283573.4061511293,2071619.9111511288
3556,Tea and coffee,11594,11594,1.0,0.9999998807906105,false,201631.96200000003,1160.799061601642,202792.76106160166
3558,Kitchen helpers,1919,1919,1.0,0.74999999999995,false,16870.769999999997,773.0180032854214,17643.78800328542
3560,Oven dishes,81,81,1.0,0.5,true,23519.216,210.69805667351145,23729.91405667351
3561,Oven dishes,408,408,1.0,0.874999999999925,true,4651.352999999999,37.68411622176592,4689.037116221765
3576,Hobby and creative,1799,1799,1.0,0.9687499999999063,true,41543.138000000006,219.82090513346984,41762.95890513348
3579,Batteries,9980,9980,1.0,0.74999999999995,true,72722.15999999997,408.60421848049293,73130.76421848047
3583,Baby / Toddler,962,962,1.0,0.874999999999925,false,29812.922999999995,798.3220431211506,30611.245043121147
3587,Bakeware,25737,25737,1.0,0.5,false,642200.9160000001,94778.95220205336,736979.8682020535
3588,Drink & food To Go,27154,27154,1.0,0.9687499999999063,false,575119.5310000002,2183.7755026694067,577303.3065026696
3589,Dishwashing articles,98839,93976,0.950798773763393,0.9999999403952553,false,1175398.0840000005,14562.03163285419,1189960.1156328546
3591,Dishwashing articles,94783,94783,1.0,0.5,false,667111.4099999998,50888.1525893224,717999.5625893222
3592,"Glasses (drink, beer, wine etc)",1868,1868,1.0,0.874999999999925,false,7698.32,120.37465913757698,7818.694659137576
3593,Cleaning products,17337,17337,1.0,0.9843749999999032,false,629200.2779999997,5530.69377330595,634730.9717733057
3594,Clothes hangers,112663,112663,1.0,0.9999847412108376,false,2262932.8959999997,44285.37416386038,2307218.27016386
3597,Oven dishes,807,807,1.0,0.5,false,24393.11,1168.3752032854206,25561.48520328542
3601,Personal care,74,74,1.0,0.74999999999995,false,49589.79900000001,619.4966020533899,50209.295602053404
3602,Wash treatment and accessories,1980,1980,1.0,0.74999999999995,false,176990.05800000016,818.5971794661203,177808.6551794663
3603,Cleaning products,54259,54259,1.0,0.9999961853026345,false,1118895.2249999982,3684.655960985618,1122579.880960984
3605,Baskets,2813,2813,1.0,0.5,false,39999.484000000004,2310.554707597534,42310.03870759754
3607,Cleaning products,1537,1537,1.0,0.5,false,305060.06299999997,39365.369667351144,344425.4326673511
3611,Wash treatment and accessories,16452,16452,1.0,0.5,false,4870168.688,949972.2427741275,5820140.930774128
3612,Dishwashing articles,5264,5264,1.0,0.5,false,31330.452999999998,4481.6161059548185,35812.06910595482
3616,Cleaning products,7345,7345,1.0,0.874999999999925,false,200118.59000000005,2152.1763786447623,202270.76637864482
3619,Ironing,11892,11892,1.0,0.9960937499999007,false,13176031.596000005,136001.52487145772,13312033.120871462
3622,Alarm clocks,20563,20563,1.0,0.9997558593749001,false,3286346.1119999997,156745.4801248461,3443091.592124846
3623,Electric personal care,2232,1995,0.8938172043010753,0.9999999403952553,true,370214.95000000007,12557.256160164285,382772.2061601644
3646,Party lights,12601,12601,1.0,0.5,false,1036696.7659999997,319468.35920698126,1356165.1252069809
3647,Residential odors,9449,9449,1.0,0.9990234374999001,false,19683.663999999997,117.87937905544146,19801.543379055438
3651,Vases,16851,16851,1.0,0.9999694824217751,false,412805.28800000006,6391.3209392197095,419196.6089392198
3661,Kitchen tools,8058,8058,1.0,0.74999999999995,false,42129.89200000001,423.3598735112937,42553.2518735113
3670,Construction,279,279,1.0,0.5,false,4633.243999999999,158.27386365503077,4791.51786365503
3671,Hobby and creative,327,327,1.0,0.5,false,7244.999999999999,278.01096509240267,7523.010965092401
3674,Puzzles,231,231,1.0,0.5,false,128659.85999999999,510.7908049281316,129170.65080492811
3675,Construction,549,549,1.0,0.5,true,34894.691999999995,587.3297248459958,35482.02172484599
3678,Boys toys,34,34,1.0,0.5,true,2803.437,214.86389322381945,3018.3008932238195
3687,"Glasses (drink, beer, wine etc)",2020,2020,1.0,0.74999999999995,false,31308.290999999987,132.8645593429158,31441.155559342904
3690,"Glasses (drink, beer, wine etc)",1354,1354,1.0,0.74999999999995,false,21072.127999999986,81.51387597535935,21153.641875975347
3691,"Glasses (drink, beer, wine etc)",1249,1249,1.0,0.9843749999999032,true,29659.132999999994,190.55765092402422,29849.690650924018
3692,Cleaning products,7893,7893,1.0,0.874999999999925,false,259050.50499999998,3117.847160164269,262168.3521601643
3696,Drink & food To Go,453,453,1.0,0.5,false,34295.268,290.1898151950719,34585.45781519507
3698,Cooking books,146,146,1.0,0.5,false,102178.12499999999,3451.9504620123157,105630.0754620123
3700,Clocks,3076,3076,1.0,0.74999999999995,false,36055.02600000003,648.0166028747432,36703.04260287477
3719,Mugs and cups,9911,9911,1.0,0.5,false,276206.7,54366.211947433265,330572.91194743325
3720,Mugs and cups,11289,11289,1.0,0.5,false,518190.57499999995,143538.29453059525,661728.8695305951
3721,Mugs and cups,24620,24620,1.0,0.5,false,646854.6419999999,77921.96680903509,724776.6088090349
3722,Mugs and cups,23861,23861,1.0,0.5,false,2331163.1909999996,901563.9898439422,3232727.180843942
3733,Oven dishes,163,163,1.0,0.5,false,37506.854,277.74017002053387,37784.59417002054
3735,Tableware,1036,1036,1.0,0.74999999999995,false,7206.527999999997,56.698585626283304,7263.22658562628
3736,"Cloths, mops, sponges and brush",11383,11383,1.0,0.9374999999999125,false,83004.684,932.0956394250512,83936.77963942505
3738,Puzzles,3111,3111,1.0,0.874999999999925,false,15889.566000000004,61.54389075975359,15951.109890759757
3741,Kitchen helpers,762,762,1.0,0.9999847412108376,false,39912.20099999999,553.4577540041065,40465.65875400409
3746,Cutlery,2515,2515,1.0,0.74999999999995,false,6531.2660000000005,88.64943162217641,6619.915431622177
3752,Cooking books,537,537,1.0,0.5,false,67059.223,4154.030732648874,71213.25373264887
3753,Light bulbs,2303,2303,1.0,0.9374999999999125,false,31404.688,234.842611909651,31639.53061190965
3754,Special pans,607,607,1.0,0.5,false,16778.72,614.4562628336756,17393.176262833676
3755,Personal care,462,462,1.0,0.5,false,31180.463999999996,3550.613610677621,34731.07761067762
3756,Wash treatment and accessories,3081,3081,1.0,0.5,false,30661.582000000002,422.4471568788504,31084.029156878853
3757,Cutlery,1565,1565,1.0,0.9374999999999125,false,12979.12,237.43068583162224,13216.550685831624
3758,Light bulbs,5072,5072,1.0,0.9999961853026345,true,28575.03599999999,816.4454427104722,29391.48144271046
3759,Personal care,762,762,1.0,0.74999999999995,false,3839.1359999999986,20.942930595482547,3860.0789305954813
3772,"Glasses (drink, beer, wine etc)",773,773,1.0,0.74999999999995,false,14719.109999999997,630.2222895277198,15349.332289527716
3779,Vacuuming,368,368,1.0,0.5,false,1183284.06,9553.292100616003,1192837.352100616
3782,Ironing boards,4727,4727,1.0,0.874999999999925,false,1635867.4639999997,6656.87114250514,1642524.335142505
3783,Clothes hangers,82972,82972,1.0,0.5,false,853183.8349999998,90573.10292443533,943756.9379244351
3788,Bath textiles and bath mats,47222,47222,1.0,0.5,false,651745.71,133086.6927720739,784832.4027720739
3797,Vehicles,4008,4008,1.0,0.9960937499999007,false,296535.90399999986,1014.4508090349051,297550.3548090348
3803,Hobby and creative,1932,1932,1.0,0.74999999999995,false,100969.59599999998,2644.7706332648895,103614.36663326487
3815,Tea and coffee,3722,3722,1.0,0.9960937499999007,false,9483.95,142.03661190965084,9625.986611909651
3822,Batteries,93369,93369,1.0,0.9995117187499001,false,311159.01600000024,999.7469798767951,312158.762979877
3827,Personal care,482,482,1.0,0.74999999999995,false,1679.0129999999995,11.531983983572907,1690.5449839835724
3828,Drink & food To Go,17461,17461,1.0,0.9990234374999001,false,562560.768,11770.582551129353,574331.3505511294
3831,Baskets,12429,12429,1.0,0.874999999999925,false,152841.22,557.7993149897336,153399.01931498974
3832,Tools,7314,7314,1.0,0.874999999999925,false,298368.6439999998,821.0977634496909,299189.7417634495
3835,Personal care,13812,13812,1.0,0.9999694824217751,false,90934.21399999998,673.8701297741269,91608.0841297741
3836,Personal care,114,114,1.0,0.5,false,1311116.5549999997,256948.87847022523,1568065.433470225
3837,Wash treatment and accessories,2881,2881,1.0,0.9843749999999032,false,62337.11400000001,443.9401207392189,62781.05412073923
3844,Wash treatment and accessories,29869,29869,1.0,0.9687499999999063,false,323968.43499999994,11670.918402464049,335639.353402464
3845,Personal care,19686,19686,1.0,0.5,false,899798.97,274680.12433552346,1174479.0943355234
3886,Gift,3367,3367,1.0,0.9921874999999016,false,25965.345,3258.461765913754,29223.806765913756
3891,Residential odors,6970,6970,1.0,0.9687499999999063,false,65549.00800000002,434.3117831622189,65983.31978316224
3909,Construction,226,226,1.0,0.5,true,19866.0,377.50410677618055,20243.50410677618
3910,Kitchen tools,1981,1981,1.0,0.874999999999925,false,38498.319999999985,138.76864394250512,38637.08864394249
3911,Teletoys,585,585,1.0,0.5,false,85671.59999999999,4357.435838603699,90029.0358386037
3912,Hobby and creative,505,505,1.0,0.74999999999995,true,7138.956999999996,26.402407392197123,7165.359407392193
3915,Construction,305,305,1.0,0.5,false,26781.027,1356.4922402464058,28137.519240246405
3918,Special pans,4185,4185,1.0,0.874999999999925,false,169803.634,812.6140796714577,170616.24807967144
3921,Teletoys,355,355,1.0,0.9687499999999063,false,3881.2409999999995,55.060344147843956,3936.3013441478433
3922,Vehicles,4419,4419,1.0,0.9687499999999063,false,205727.31900000008,362.44303613963075,206089.7620361397
3923,Games,1944,1944,1.0,0.9374999999999125,true,49268.471,142.66558275154017,49411.13658275154
3925,"Glasses (drink, beer, wine etc)",3405,3405,1.0,0.5,false,116180.064,23381.791172073907,139561.8551720739
3947,Bath textiles and bath mats,13253,13253,1.0,0.9843749999999032,false,496319.93600000005,1299.0748164271029,497619.0108164271
3948,Bath textiles and bath mats,14811,14811,1.0,0.9374999999999125,false,1646013.3480000002,4125.8664065708435,1650139.2144065711
3951,Window and squeegees,60373,60373,1.0,0.9921874999999016,false,422827.86000000016,4433.172069815198,427261.0320698154
3965,Oven dishes,248,248,1.0,0.874999999999925,true,4502.505,48.86424887063653,4551.3692488706365
3967,Ironing boards,127,127,1.0,0.5,false,320773.73999999993,27811.80061601644,348585.54061601637
3970,Foods,124,124,1.0,0.5,false,12202.743,593.8013268993836,12796.544326899384
3973,Light bulbs,2433,2433,1.0,0.874999999999925,false,18084.527999999995,103.81054620123206,18188.338546201227
3975,Table paper,1674,1674,1.0,0.9843749999999032,false,7701.624,89.02494784394251,7790.648947843943
3979,Special pans,680,680,1.0,0.9960937499999007,false,10900.575,287.1869186858315,11187.761918685832
3987,Travel accessories,1130,1130,1.0,0.9374999999999125,false,10555.545,129.18079712525662,10684.725797125257
3989,Tea and coffee,13674,13674,1.0,0.5,false,1427629.0,234133.18562628343,1661762.1856262835
4006,Hobby and creative,5386,5386,1.0,0.74999999999995,false,50577.98199999999,2469.4617305954825,53047.44373059547
4016,Hobby and creative,510,510,1.0,0.5,false,9823.59,381.24549322381944,10204.83549322382
4028,Window and squeegees,68609,65352,0.9525280939818391,0.9999999403952553,false,2134058.5349999988,17422.24742094457,2151480.7824209435
4029,Shoe maintenance,3407,3407,1.0,0.9843749999999032,false,31202.864,898.679789733059,32101.54378973306
4036,Vacuuming,164,164,1.0,0.5,false,897232.875,7105.299332648867,904338.1743326489
4040,Kitchen textile,12795,12795,1.0,0.5,false,218028.71999999997,34030.18142094455,252058.90142094452
4042,Window and squeegees,14677,14677,1.0,0.999999761581321,false,988155.1959999999,7070.342649281315,995225.5386492811
4043,Table textiles,2570,2570,1.0,0.9843749999999032,false,47549.971000000005,310.2578895277207,47860.22888952772
4046,Tableware,12066,12066,1.0,0.5,false,509158.4749999999,157263.11561601673,666421.5906160166
4047,Tableware,15264,15264,1.0,0.5,false,477803.3399999999,79977.87747433268,557781.2174743325
4054,Light bulbs,7689,7689,1.0,0.874999999999925,false,29922.584999999992,195.26709856262835,30117.85209856262
4055,Thermos jugs,1959,1959,1.0,0.9374999999999125,false,16628.318,156.85999589322364,16785.177995893224
4059,Foods,300,300,1.0,0.5,false,34158.935999999994,3034.255574948662,37193.19157494866
4073,Hobby and creative,6489,6489,1.0,0.9687499999999063,false,26070.043999999998,119.24318028747435,26189.287180287472
4074,Puzzles,4263,4263,1.0,0.9921874999999016,false,38780.43399999998,87.60999917864477,38868.043999178626
4076,Vehicles,162,162,1.0,0.5,false,37865.1,870.3091778234079,38735.40917782341
4077,Puzzles,4444,4444,1.0,0.9374999999999125,false,60278.52600000006,414.6388336755642,60693.164833675626
4079,Foodprep,7093,7093,1.0,0.5,false,3947064.0019999994,1126342.5390517444,5073406.541051744
4085,Vacuuming,5287,5287,1.0,0.9960937499999007,false,1359233.4280000008,6406.463661190957,1365639.8916611918
4086,Fans and electric blankets,13284,8701,0.6549984944293887,0.9999999403952553,true,2484542.557,97044.2764427104,2581586.8334427103
4094,Bathroom accessories,2958,2958,1.0,0.9921874999999016,false,103649.72800000003,373.42483449692,104023.15283449696
4097,Cleaning products,26319,26319,1.0,0.9990234374999001,false,707335.9300000003,4155.441349075969,711491.3713490763
4098,Cooking pans,79,79,1.0,0.5,true,51229.696,407.5898480492812,51637.28584804929
4103,Wash treatment and accessories,2154,2154,1.0,0.9374999999999125,false,32551.05,83.56138603696103,32634.61138603696
4104,Cleaning products,5399,5399,1.0,0.9997558593749001,false,137761.72200000004,752.2205174537992,138513.94251745383
4105,(Steam) cleaners,156,156,1.0,0.9374999999999125,true,9344.895,123.95687967145788,9468.851879671458
4108,Wash treatment and accessories,39177,39177,1.0,0.5,false,521625.82499999995,33246.86813963038,554872.6931396304
4113,Residential odors,5318,5318,1.0,0.9960937499999007,false,99718.62599999999,1409.096343326488,101127.72234332647
4114,Window and squeegees,78016,63641,0.8157429245283019,0.9999999403952553,false,2186206.0500000017,11960.723599999998,2198166.773600002
4117,Coffee makers and kettles,37998,37998,1.0,0.9999990463255837,false,6285024.914000002,17729.997223408627,6302754.911223411
4122,Electric personal care,18647,18046,0.9677696144151874,0.9999999403952553,false,1733410.9099999995,7053.52520246407,1740464.4352024635
4123,Electric personal care,21869,21869,1.0,0.874999999999925,false,1627199.938,32838.39853675562,1660038.3365367558
4133,Special pans,22939,22354,0.9744975805396923,0.9999999403952553,false,3757590.8999999976,20288.703696098546,3777879.603696096
4134,Frying pans,8230,8230,1.0,0.5,false,12608346.66,2217313.5502028745,14825660.210202875
4153,Stationary,37286,37286,1.0,0.874999999999925,false,247816.1070000002,258.5444020533875,248074.65140205357
4160,Hobby and creative,7105,5304,0.7465165376495426,0.9999999403952553,true,143359.174,6479.634189733062,149838.80818973307
4164,Kitchen tools,821,821,1.0,0.9843749999999032,false,11130.14,157.1769967145791,11287.316996714579
4166,Girls toys,161,161,1.0,0.9921874999999016,true,2362.031,52.855648870636436,2414.8866488706362
4168,Vehicles,16241,11231,0.6915214580382981,0.9999999403952553,false,547002.2040000001,3156.1454193018453,550158.349419302
4171,"Glasses (drink, beer, wine etc)",2323,2323,1.0,0.9374999999999125,false,20479.172000000006,178.49467022587265,20657.666670225877
4172,Tea and coffee,21777,21777,1.0,0.9995117187499001,false,130757.08799999993,1002.6056016427103,131759.69360164265
4176,Window and squeegees,68404,63997,0.9355739430442664,0.9999999403952553,false,1432824.939,7494.459756057493,1440319.3987560575
4187,Knives,32835,32835,1.0,0.74999999999995,false,188243.16,4778.549603285418,193021.70960328542
4191,Cutlery,22975,22975,1.0,0.5,false,1726678.7999999998,281117.4564271047,2007796.2564271046
4192,Window and squeegees,48815,48815,1.0,0.9980468749999003,false,933187.8499999999,2551.17350102669,935739.0235010266
4194,Stairs,3218,3218,1.0,0.874999999999925,false,724985.5829999993,1350.794539219712,726336.377539219
4203,Bed textile,842,842,1.0,0.5,false,88572.26699999998,3178.0257634496916,91750.29276344967
4206,Mugs and cups,12408,12408,1.0,0.5,false,606809.4339999999,56436.684633675446,663246.1186336754
4215,Tea and coffee,15330,15330,1.0,0.5,false,6322461.074999999,1913543.496757698,8236004.5717576975
4217,Tableware,4585,4585,1.0,0.74999999999995,false,23984.100000000002,391.29787268993823,24375.39787268994
4221,Large garden,57,57,1.0,0.5,true,6504.33,76.88061190965058,6581.210611909651
4223,"Glasses (drink, beer, wine etc)",559,559,1.0,0.74999999999995,false,53702.23599999998,335.2340677618068,54037.47006776179
4224,Cutlery,628,628,1.0,0.74999999999995,false,5985.735000000001,197.0075400410678,6182.742540041068
4227,Special pans,2738,2738,1.0,0.5,false,42419.153,4298.31522422998,46717.468224229975
4233,Bakeware,548,548,1.0,0.74999999999995,true,41993.154,139.9030004106776,42133.05700041068
4239,Baby / Toddler,4329,4329,1.0,0.9843749999999032,false,166577.79599999997,564.6968131416845,167142.49281314167
4255,Boys toys,7956,7956,1.0,0.9960937499999007,false,103957.51799999998,556.8010718685827,104514.31907186857
4261,Foodprep,9502,9502,1.0,0.5,false,14046653.207999999,5210597.546488713,19257250.75448871
4262,Batteries,37008,34808,0.9405533938607868,0.9999999403952553,false,1046047.1280000003,3832.311103490758,1049879.439103491
4264,Cooking pans,1274,1274,1.0,0.9843749999999032,false,242727.975,1611.2534685831613,244339.22846858317
4265,Window and squeegees,53684,52102,0.9705312569853215,0.9999999403952553,false,2549401.260000001,13038.61968377821,2562439.8796837796
4266,Kitchen helpers,38994,38994,1.0,0.5,false,364349.44000000006,45801.763462833675,410151.2034628337
4267,Hobby and creative,531,531,1.0,0.74999999999995,false,19327.265999999985,65.86234168377828,19393.128341683765
4279,"Cloths, mops, sponges and brush",34302,32452,0.9460672847064311,0.9999999403952553,false,763836.3179999997,7508.475158932236,771344.793158932
4281,Wash treatment and accessories,3710,3710,1.0,0.74999999999995,false,109327.561,547.9175371663241,109875.47853716633
4282,Bakeware,17999,17999,1.0,0.9980468749999003,false,806005.9279999997,3912.5120755646826,809918.4400755644
4283,Tea and coffee,8061,8061,1.0,0.5,false,99856.14800000002,18196.26121806982,118052.40921806984
4284,Cutlery,11933,9880,0.8279560881588871,0.9999999403952553,false,115792.88000000003,889.4689281314165,116682.34892813145
4286,Bathroom accessories,11458,11458,1.0,0.9921874999999016,false,456303.59599999996,826.5801806981515,457130.1761806981
4287,Kitchen textile,5286,5286,1.0,0.74999999999995,false,73735.19999999998,870.1325420944562,74605.33254209445
4303,"Cloths, mops, sponges and brush",24399,24399,1.0,0.874999999999925,false,83573.112,756.2297667351127,84329.3417667351
4309,Vehicles,10016,9739,0.9723442492012779,0.9999999403952553,false,346036.5369999998,1717.0194324435292,347753.5564324433
4312,Hobby and creative,9797,9797,1.0,0.9687499999999063,false,266317.71600000013,505.23811457905515,266822.9541145792
4317,Puzzles,2221,2221,1.0,0.9990234374999001,false,41383.53799999999,182.33660657084175,41565.87460657083
4323,Vacuuming,162,162,1.0,0.5,false,13094942.671999998,2200619.756905145,15295562.428905144
4326,Foodprep,19024,19024,1.0,0.9960937499999007,false,2856360.920000002,4376.73062997946,2860737.6506299814
4329,Small storage,47997,47997,1.0,0.9921874999999016,false,665797.2300000002,1765.0444028747427,667562.274402875
4331,Window and squeegees,32145,31608,0.9832944470368642,0.9999999403952553,false,2665034.9319999986,16377.219255030788,2681412.1512550293
4332,Tableware,4676,4314,0.9225834046193327,0.9999999403952553,true,74055.982,2028.1221946611918,76084.1041946612
4336,Racks and pockets,25511,25511,1.0,0.5,false,300859.076,63180.29201149892,364039.36801149894
4337,Racks and pockets,135898,135898,1.0,0.5,false,835533.594,90778.82057741264,926312.4145774127
4341,Baskets,8912,8912,1.0,0.9374999999999125,false,104295.28199999996,547.654092813141,104842.9360928131
4343,Baskets,10270,10270,1.0,0.874999999999925,false,262516.016,1425.2465478439437,263941.262547844
4345,Wash treatment and accessories,3589,1906,0.5310671496238507,0.9999999403952553,true,117194.07699999999,453.0300275154005,117647.10702751539
4346,Wash treatment and accessories,2549,2549,1.0,0.9843749999999032,false,42351.119999999995,328.6954496919922,42679.81544969199
4347,Wash treatment and accessories,12445,12445,1.0,0.9374999999999125,false,370907.76800000004,1289.216091170431,372196.9840911705
4348,Cleaning products,5424,5424,1.0,0.9921874999999016,false,66030.58699999997,192.8008418891169,66223.38784188908
4355,Drink & food To Go,11928,8321,0.6976022803487593,0.9999999403952553,true,184565.88500000004,3271.0628698151936,187836.94786981522
4356,Personal care,1187,1187,1.0,0.5,false,400934.373,125943.361039425,526877.734039425
4362,Measuring and weighing,4226,4226,1.0,0.9687499999999063,false,539406.5249999998,3815.1951806981465,543221.720180698
4363,Pan sets,47,47,1.0,0.5,false,3169030.76,861889.2806956843,4030920.040695684
4389,Vases,5005,5005,1.0,0.9687499999999063,false,65063.039999999986,253.27530800821341,65316.3153080082
4402,Photo frames & albums,3255,3255,1.0,0.9374999999999125,false,111098.50500000002,274.8861104722793,111373.3911104723
4404,Photo frames & albums,24984,24984,1.0,0.9843749999999032,false,89437.11000000002,295.1371334702255,89732.24713347024
4411,Construction,204,204,1.0,0.74999999999995,true,3092.0049999999997,56.37532361396299,3148.3803236139624
4418,Hobby and creative,1189,1189,1.0,0.5,false,10869.936,297.010511704312,11166.946511704311
4422,Construction,348,348,1.0,0.5,true,7629.027,44.25854209445586,7673.285542094456
4425,Boys toys,7473,7473,1.0,0.874999999999925,false,243105.1699999999,741.6982468172487,243846.86824681715
4429,Store kitchen,5989,5989,1.0,0.74999999999995,false,59022.81000000001,590.7206427104718,59613.53064271048
4433,Drink & food To Go,12802,12802,1.0,0.9998779296874001,false,690804.2609999997,10409.83630595482,701214.0973059546
4437,Wash treatment and accessories,31796,31796,1.0,0.9843749999999032,false,180590.99800000002,591.5682291581111,181182.56622915814
4438,Racks and pockets,1609,1609,1.0,0.74999999999995,false,54376.50399999999,3134.097926078026,57510.601926078016
4440,"Cloths, mops, sponges and brush",75021,66924,0.8920702203383053,0.9999999403952553,false,405876.7019999999,3498.0603560574955,409374.76235605736
4441,Kitchen helpers,8390,8191,0.9762812872467223,0.9999999403952553,false,198464.72800000012,1833.2415765913822,200297.9695765915
4442,"Cloths, mops, sponges and brush",17238,17238,1.0,0.9921874999999016,false,417991.1260000001,2694.5324000000005,420685.65840000013
4445,Vacuuming,13968,13968,1.0,0.9998779296874001,false,245209.43999999992,3846.239617248457,249055.67961724836
4447,Store kitchen,8777,8777,1.0,0.9921874999999016,false,369500.66999999987,1037.8486755646811,370538.51867556456
4448,Bakeware,23702,23702,1.0,0.9999694824217751,false,1084724.5499999998,6051.955934291578,1090776.5059342913
4452,Waste bins,22533,22533,1.0,0.9921874999999016,false,5993375.849999997,78119.31437371674,6071495.164373714
4453,Window and squeegees,11698,11698,1.0,0.9960937499999007,false,1596996.9750000006,6516.3891170431125,1603513.3641170436
4456,"Cloths, mops, sponges and brush",7448,7448,1.0,0.9921874999999016,false,253949.04499999998,1190.8688250513342,255139.9138250513
4474,Tableware,5096,5096,1.0,0.74999999999995,false,57644.97899999998,761.2172250513348,58406.19622505131
4477,Tableware,6219,6219,1.0,0.5,false,99527.94599999998,11156.111244763852,110684.05724476383
4479,Bicycle accessories,21,21,1.0,0.5,false,35741.41200000001,279.5123716632445,36020.924371663255
4481,"Glasses (drink, beer, wine etc)",414,414,1.0,0.74999999999995,false,8722.588,122.021703080082,8844.609703080081
4482,Bed textile,2211,2211,1.0,0.5,false,166639.19999999998,8486.138328952773,175125.33832895276
4485,Table textiles,72505,72505,1.0,0.5,false,112384.272,5135.468483778236,117519.74048377824
4489,Vehicles,3311,3311,1.0,0.9687499999999063,false,92868.72000000003,558.620261190965,93427.340261191
4490,Construction,1460,1460,1.0,0.74999999999995,false,31394.49600000001,2937.7228784394224,34332.21887843943
4492,Foods,491,491,1.0,0.5,false,129234.52500000001,12030.232605338811,141264.75760533882
4496,Hobby and creative,3126,3126,1.0,0.9960937499999007,false,199459.93899999984,760.4423293634492,200220.3813293633
4499,Cleaning products,4420,4420,1.0,0.5,false,140556.56999999998,19659.919065708393,160216.48906570836
4503,Games,3000,3000,1.0,0.74999999999995,true,84573.853,244.25719219712528,84818.11019219713
4513,Measuring and weighing,37116,37116,1.0,0.5,false,2726871.8959999997,740547.34263655,3467419.2386365496
4516,Vacuuming,30461,30461,1.0,0.5,false,1167239.22,179667.74190308008,1346906.96190308
4517,Knives,6337,6337,1.0,0.9999980926512673,false,492203.18,19280.70950308007,511483.88950308005
4518,Foodprep,4625,4625,1.0,0.74999999999995,false,509918.25500000035,8428.63575811088,518346.89075811126
4520,Vacuuming,3260,3260,1.0,0.5,false,1935752.3640000003,61792.02449445586,1997544.3884944562
4526,Insecticides,124,124,1.0,0.74999999999995,false,318921.12,1215.6870505133468,320136.80705051334
4527,Tea and coffee,11301,11301,1.0,0.9960937499999007,false,108910.76,1324.3617946611907,110235.12179466119
4531,Store kitchen,21322,21322,1.0,0.74999999999995,false,205055.67599999983,1044.738831622176,206100.414831622
4535,Laundry baskets,10558,10558,1.0,0.874999999999925,false,1218741.1319999986,1388.833783983574,1220129.965783982
4536,Drying racks,14843,14319,0.9646971636461632,0.9999999403952553,false,660369.8640000005,3219.139416837782,663589.0034168384
4537,Small storage,18639,18639,1.0,0.74999999999995,false,82913.558,1519.0845232032875,84432.64252320329
4539,Bathroom accessories,4938,4938,1.0,0.5,false,1112245.1199999999,208541.17003367547,1320786.2900336753
4544,Bakeware,503,503,1.0,0.74999999999995,false,40018.94400000001,495.02914496919925,40513.97314496921
4546,Wash treatment and accessories,1144,1144,1.0,0.5,false,463403.115,50003.22078234086,513406.33578234084
4547,Cleaning products,17454,17454,1.0,0.9990234374999001,false,278009.13,3228.9658069815196,281238.09580698155
4548,Wash treatment and accessories,2291,2291,1.0,0.74999999999995,false,28378.64399999998,111.89362299794544,28490.537622997923
4552,Cleaning products,10344,8810,0.8517014694508894,0.9999999403952553,false,322381.5839999999,1986.807326488705,324368.39132648864
4556,Euro articles,5133,5133,1.0,0.874999999999925,false,120981.58799999996,1977.4225889117047,122959.01058891167
4558,Cleaning products,6892,6892,1.0,0.9687499999999063,false,65330.27199999998,444.24223901437364,65774.51423901436
4559,Cleaning products,2921,2921,1.0,0.874999999999925,false,11838.288,96.34910390143737,11934.637103901438
4560,Waste bins,11524,11524,1.0,0.9980468749999003,false,1621655.923999999,14848.962731006171,1636504.886731005
4562,Window and squeegees,540,540,1.0,0.74999999999995,false,7206364.214,65961.30525174546,7272325.519251745
4563,Stationary,81457,81457,1.0,0.9999923706053688,false,195863.05199999994,1852.3595712525669,197715.4115712525
4564,Residential odors,11759,11759,1.0,0.9843749999999032,false,372833.706,1913.201041478438,374746.90704147844
4566,Personal care,29339,29339,1.0,0.74999999999995,false,766697.7150000001,6768.566738809032,773466.2817388091
4567,Window and squeegees,36509,33793,0.925607384480539,0.9999999403952553,false,1416057.0690000006,13601.287140862403,1429658.356140863
4576,Electric personal care,10559,10439,0.988635287432522,0.9999999403952553,false,2297560.6080000005,10402.120170020526,2307962.728170021
4581,Measuring and weighing,5752,4906,0.8529207232267038,0.9999999403952553,false,622729.9679999999,11496.328450102677,634226.2964501026
4589,Other Holidays,15412,15412,1.0,0.9999923706053688,false,220503.185,11984.680701848067,232487.86570184806
4596,Personal care,714,714,1.0,0.5,false,41680.799999999996,2824.5641067761794,44505.36410677618
4620,Candles & Tealights,39765,39765,1.0,0.5,false,369319.8320000001,80654.724627926,449974.5566279261
4628,Drinks,1331,1331,1.0,0.5,false,1645815.024,244794.57631540037,1890609.6003154004
4638,Residential odors,12006,12006,1.0,0.9960937499999007,false,90361.81699999997,600.5574710472281,90962.3744710472
4652,Photo frames & albums,29513,29513,1.0,0.9687499999999063,false,78979.97100000002,432.6679675564685,79412.63896755649
4654,Photo frames & albums,9297,9297,1.0,0.874999999999925,false,126264.5999999999,538.8874250513338,126803.48742505124
4683,Personal care,1978,1978,1.0,0.5,false,60477.24199999999,7826.966201232032,68304.20820123202
4685,Boys toys,17,17,1.0,0.5,true,4269.026999999999,118.34317002053395,4387.370170020533
4690,Hobby and creative,13822,13822,1.0,0.9999847412108376,false,4754.274000000001,13.483914579055439,4767.757914579057
4701,Residential odors,13673,13673,1.0,0.9374999999999125,false,72760.79999999996,635.6411088295688,73396.44110882953
4706,Foils and bags,4367,4367,1.0,0.9843749999999032,false,23379.327999999998,503.1925047227921,23882.52050472279
4707,Boys toys,1379,1379,1.0,0.5,false,425035.01600000006,4131.969311293636,429166.9853112937
4711,"Glasses (drink, beer, wine etc)",5346,5346,1.0,0.74999999999995,false,53662.02799999996,1411.638007392197,55073.66600739216
4715,Drink & food To Go,6125,6125,1.0,0.9843749999999032,false,249689.33500000002,2512.9042796714575,252202.23927967148
4716,Wash treatment and accessories,5160,5160,1.0,0.9921874999999016,false,38134.250000000015,155.23247433264868,38289.48247433266
4718,Window and squeegees,21050,21050,1.0,0.9843749999999032,false,839882.1479999997,37082.60639999999,876964.7543999997
4720,Wash treatment and accessories,17964,17964,1.0,0.9687499999999063,false,53058.62099999996,147.5400952772073,53206.16109527717
4726,Drying racks,22840,22672,0.9926444833625219,0.9999999403952553,false,2781472.0219999994,34993.971574127296,2816465.9935741266
4729,Knives,2520,2520,1.0,0.874999999999925,false,571974.4799999999,5680.438466119089,577654.918466119
4730,Ironing board textiles,2861,2861,1.0,0.9687499999999063,false,193287.2619999999,413.3685248459951,193700.6305248459
4731,Mugs and cups,27558,27558,1.0,0.9843749999999032,false,938157.9759999997,40126.25922628341,978284.2352262831
4742,Light bulbs,2813,2813,1.0,0.9687499999999063,false,34211.212,212.9386661190965,34424.150666119094
4746,Hobby and creative,135,135,1.0,0.5,false,15972.529999999999,1020.1383018480489,16992.668301848047
4757,Games,1912,1776,0.9288702928870293,0.9999999403952553,true,88227.78999999996,1863.3455811088302,90091.1355811088
4764,Construction,1014,1014,1.0,0.874999999999925,false,31141.320000000003,398.6935236139628,31540.013523613965
4770,Vacuuming,9202,9202,1.0,0.5,false,367568.38999999996,100229.73285708416,467798.12285708415
4773,Tableware,16644,16644,1.0,0.5,false,346886.74299999996,41797.32533182745,388684.0683318274
4776,Store kitchen,19440,19440,1.0,0.874999999999925,false,1001613.9210000009,1863.1773166324458,1003477.0983166334
4782,Thermos jugs,13465,13465,1.0,0.5,false,687891.1200000001,84156.43355071866,772047.5535507188
4783,Baskets,12952,12952,1.0,0.874999999999925,false,85525.685,334.115597125257,85859.80059712526
4784,Tools,20852,20852,1.0,0.9995117187499001,false,869726.5500000004,2941.573680492812,872668.1236804932
4785,Cleaning products,5066,5066,1.0,0.9990234374999001,false,104421.996,442.1422792607806,104864.13827926078
4786,Personal care,10404,10404,1.0,0.9998779296874001,false,149066.81999999995,1220.171638603696,150286.99163860365
4787,Cleaning products,4255,4255,1.0,0.9990234374999001,false,76643.02799999999,336.58116673511256,76979.6091667351
4788,Cleaning products,3152,3152,1.0,0.9374999999999125,false,77846.30000000002,653.9980698151944,78500.29806981521
4793,Personal care,13829,13829,1.0,0.5,false,605829.5039999998,176598.94254127308,782428.4465412729
4794,Wash treatment and accessories,7814,7814,1.0,0.9374999999999125,false,65602.73999999999,431.9253696098557,66034.66536960985
4797,Cleaning products,5054,5054,1.0,0.9374999999999125,false,264258.477,3442.6783108829563,267701.15531088295
4798,Wash treatment and accessories,3232,3232,1.0,0.9843749999999032,false,103989.77399999999,4078.431675564684,108068.20567556468
4806,Electric personal care,9313,8996,0.9659615591109202,0.9999999403952553,false,493546.50100000016,1981.9447700205326,495528.4457700207
4812,Cooking pans,2493,2141,0.8588046530284797,0.9999999403952553,false,479792.17300000024,3961.2210739219736,483753.3940739222
4818,Other Holidays,8297,8297,1.0,0.9995117187499001,true,50195.376,5665.3122825462,55860.688282546194
4841,Stationary,10586,10586,1.0,0.9921874999999016,false,324494.8559999999,2785.8249856262846,327280.6809856262
4849,Kitchen tools,1784,1784,1.0,0.874999999999925,false,16773.813000000002,63.9176784394251,16837.730678439428
4850,Kitchen tools,1093,1093,1.0,0.74999999999995,false,18650.373,606.3449704312112,19256.71797043121
4851,Kitchen tools,803,803,1.0,0.9687499999999063,false,58151.73,364.2216283367559,58515.951628336756
4852,Hobby and creative,519,519,1.0,0.5,false,1592909.052,86511.88047720744,1679420.9324772074
4857,Hobby and creative,2225,2225,1.0,0.5,false,4560.471999999999,166.52847351129356,4727.0004735112925
4858,Tableware,2241,2241,1.0,0.74999999999995,false,28800.177000000003,104.81550184804921,28904.992501848054
4859,Tableware,2130,2130,1.0,0.874999999999925,false,13395.080999999996,165.41892032854213,13560.499920328539
4864,"Glasses (drink, beer, wine etc)",490,490,1.0,0.74999999999995,true,29238.754999999994,76.73917453798765,29315.49417453798
4866,Serve and present,985,985,1.0,0.9687499999999063,false,18517.589999999997,240.9815975359343,18758.57159753593
4873,Toilet cleaners and odors,28709,28709,1.0,0.9999998807906105,false,130477.71799999995,951.5701396303905,131429.28813963034
4875,Table paper,4997,4997,1.0,0.9374999999999125,false,29154.824999999993,214.87267843942496,29369.697678439417
4876,Moisture treatment and climate,27466,27466,1.0,0.9997558593749001,false,343721.896,3292.8544303901435,347014.7504303901
4880,Window and squeegees,51536,51536,1.0,0.9921874999999016,false,811198.8990000001,1686.3446993839814,812885.243699384
4881,Window and squeegees,31522,31522,1.0,0.9999694824217751,false,1854458.2560000003,6625.956474743324,1861084.2124747436
4882,Stairs,5598,5598,1.0,0.874999999999925,false,1864238.4600000011,2923.0200123203213,1867161.4800123214
4886,Kitchen textile,10402,10402,1.0,0.5,false,333984.0,40728.46828336758,374712.4682833676
4887,Kitchen textile,15698,15698,1.0,0.5,false,136724.28,15626.909987679677,152351.18998767968
4892,Ironing board textiles,10387,10387,1.0,0.9980468749999003,false,262306.8280000001,2122.8820053388094,264429.7100053389
4894,Bed textile,4659,4659,1.0,0.5,false,277692.79999999993,10311.07183408624,288003.8718340862
4901,Serve and present,3669,3669,1.0,0.74999999999995,false,75216.21100000001,1455.4385540041076,76671.64955400412
4902,Tea and coffee,4644,4644,1.0,0.9921874999999016,false,61877.353999999985,395.23805051334625,62272.59205051333
4903,Tea and coffee,259,259,1.0,0.74999999999995,false,757020.1800000002,1286.866960164273,758307.0469601644
4904,Light bulbs,4044,4044,1.0,0.874999999999925,false,56070.14,246.12878234086241,56316.26878234086
4906,Cleaning products,643,643,1.0,0.9374999999999125,true,23545.809,105.39097946611906,23651.19997946612
4907,Tools,26,26,1.0,0.5,true,2693.600000000001,38.07310061601651,2731.673100616017
4915,Light bulbs,6610,6610,1.0,0.874999999999925,false,22027.782,156.40442094455858,22184.18642094456
4917,Personal care,227,227,1.0,0.5,false,86279.095,10767.527882956902,97046.6228829569
4918,Tools,72,72,1.0,0.9980468749999003,true,14563.668000000001,509.8193716632441,15073.487371663246
4921,Baskets,2689,2689,1.0,0.74999999999995,false,29800.134000000002,1036.1619486652985,30836.2959486653
4922,Light bulbs,1322,1322,1.0,0.874999999999925,false,13531.014000000001,115.9380591375769,13646.952059137579
4930,Kitchen tools,1419,1419,1.0,0.74999999999995,false,29336.572999999993,199.37821149897314,29535.951211498967
4951,Games,2569,2569,1.0,0.9374999999999125,true,45092.075,817.8725860369611,45909.94758603696
4953,Puzzles,3889,3889,1.0,0.74999999999995,false,55115.05999999998,284.9548960985632,55400.014896098546
4962,"Glasses (drink, beer, wine etc)",672,672,1.0,0.9374999999999125,true,26929.266000000003,126.56616344969204,27055.832163449697
4965,"Glasses (drink, beer, wine etc)",658,658,1.0,0.874999999999925,false,16279.809000000016,51.7084422997947,16331.51744229981
4966,Store kitchen,7858,7858,1.0,0.74999999999995,false,22116.444000000003,49.934998767967144,22166.37899876797
4970,"Cloths, mops, sponges and brush",24494,24494,1.0,0.9999389648436501,false,264084.73000000004,4088.983564681726,268173.71356468176
4974,Kitchen tools,31833,31833,1.0,0.5,false,371842.674,15238.069606570827,387080.7436065708
4978,Window and squeegees,38501,38501,1.0,0.9980468749999003,false,1110274.3539999991,2972.4623893223793,1113246.8163893216
4982,Ironing board textiles,37696,37696,1.0,0.9999961853026345,false,918553.7129999996,7368.989907597542,925922.7029075972
4985,Personal care,14144,14144,1.0,0.5,false,1723465.03,436591.273701026,2160056.303701026
5001,Shopping bags and trolleys,5129,5129,1.0,0.5,false,24897.6,1769.7178644763856,26667.317864476383
5008,Measuring and weighing,954,954,1.0,0.5,false,8120.749000000002,447.71929281314215,8568.468292813144
5015,Construction,841,841,1.0,0.9374999999999125,true,68340.93,651.866614373717,68992.79661437371
5025,Tea and coffee,12603,12603,1.0,0.9997558593749001,false,262914.617,6641.528516632446,269556.1455166325
5027,Small storage,33261,33261,1.0,0.9999990463255837,false,323792.119,1110.7031691991767,324902.8221691992
5033,Bathroom accessories,5936,5936,1.0,0.9374999999999125,false,732434.3599999995,6070.254193018485,738504.6141930181
5038,Storage boxes,2197,2197,1.0,0.874999999999925,false,1584047.6959999974,3323.233386858312,1587370.9293868558
5039,Baskets,13201,13201,1.0,0.874999999999925,false,177430.04999999996,983.0714907597542,178413.12149075972
5040,Wash treatment and accessories,4593,4364,0.9501415197038973,0.9999999403952553,false,27255.479999999996,368.4870258726896,27623.967025872684
5042,Personal care,82981,82981,1.0,0.5,false,698043.0519999999,259489.63097494835,957532.6829749483
5045,Cleaning products,22896,22896,1.0,0.74999999999995,false,162053.97600000008,3995.034696098562,166049.01069609864
5047,Cleaning products,7653,7653,1.0,0.9687499999999063,false,44648.80000000002,236.24254291581133,44885.04254291583
5051,Cleaning products,5931,5931,1.0,0.74999999999995,false,218611.323,734.1999991786448,219345.52299917865
5052,Commercial non-trade goods,72275,72275,1.0,0.9960937499999007,false,170243.26200000002,1364.4309733059565,171607.69297330597
5057,Foodprep,7670,7670,1.0,0.9843749999999032,false,1522130.1199999994,4915.072520739227,1527045.1925207386
5062,Electric personal care,2404,2404,1.0,0.9999694824217751,true,412379.786,2660.7210344969208,415040.5070344969
5063,Pan sets,3446,320,0.09286128845037725,0.9999999403952553,true,2711896.949999999,7600.54854209445,2719497.498542093
5066,Bakeware,13569,13569,1.0,0.5,false,1725473.8199999996,447472.5175441471,2172946.337544147
5067,"BBQ, beach and camping",72603,34919,0.48095808713138577,0.9999999403952553,false,936023.5500000002,19675.698531827493,955699.2485318277
5068,Other Holidays,8607,8607,1.0,0.9995117187499001,true,155065.93899999998,11468.70950882955,166534.64850882953
5088,Residential odors,15277,15277,1.0,0.9374999999999125,false,192847.08799999987,890.7839737166324,193737.8719737165
5096,Vases,3339,3339,1.0,0.9374999999999125,false,127673.70000000003,1506.9643121149877,129180.66431211501
5108,Games,2450,2450,1.0,0.874999999999925,false,30260.824999999997,925.3261018480486,31186.151101848045
5114,"Glasses (drink, beer, wine etc)",902,902,1.0,0.874999999999925,false,19358.283,90.29681765913757,19448.579817659138
5117,Store kitchen,11318,11318,1.0,0.74999999999995,false,52817.40099999997,2496.0653843942464,55313.46638439422
5119,Personal care,6790,6790,1.0,0.9687499999999063,false,34407.688,969.9791852156051,35377.66718521561
5121,Wash treatment and accessories,11114,11114,1.0,0.9687499999999063,false,102114.87299999999,620.3384907597538,102735.21149075974
5124,Bakeware,47314,47314,1.0,0.9999990463255837,false,1089395.2299999997,7555.294418891167,1096950.524418891
5125,Foils and bags,40126,40126,1.0,0.9960937499999007,false,356998.9080000002,2328.921428336753,359327.829428337
5126,Gift,107362,107362,1.0,0.9374999999999125,false,958687.408,3133.6364320328494,961821.0444320329
5128,Cutlery,14997,14997,1.0,0.9687499999999063,false,307809.3899999997,997.6178932238187,308807.00789322355
5129,Cutlery,2581,2581,1.0,0.874999999999925,false,104295.541,1572.516241889117,105868.05724188911
5134,Kitchen helpers,15008,15008,1.0,0.5,false,517282.948,51086.5965466119,568369.5445466118
5139,Bed textile,1500,1500,1.0,0.5,false,67884.01199999999,4783.974197946612,72667.9861979466
5142,Bath textiles and bath mats,47167,47167,1.0,0.5,false,365744.61,19989.163007802887,385733.7730078029
5144,Bed textile,2056,2056,1.0,0.5,false,407908.8229999999,39155.74171950717,447064.56471950706
5153,Planks,929,929,1.0,0.5,false,45126.206999999995,3212.380038603699,48338.58703860369
5155,Cutlery,4430,4430,1.0,0.5,false,140920.808,12451.579606570844,153372.38760657085
5156,Clocks,133,133,1.0,0.5,false,120368.06599999999,7681.217766735125,128049.28376673511
5157,Tableware,4676,4676,1.0,0.9999990463255837,false,12265.791999999998,298.71920164271035,12564.511201642708
5159,Home decoration,370,370,1.0,0.5,false,66425.436,1496.2292759753577,67921.66527597536
5160,Waste bins,720,720,1.0,0.5,false,69508.208,7534.879998357292,77043.0879983573
5161,Light bulbs,480,480,1.0,0.9687499999999063,true,6847.848,115.09611868583168,6962.944118685831
5162,Baby / Toddler,583,583,1.0,0.5,false,17471.055,254.59238603696105,17725.647386036962
5165,Personal care,1247,791,0.6343223736968725,0.9999999403952553,false,5750.527999999998,97.68276632443508,5848.210766324433
5175,Toilet cleaners and odors,4229,4229,1.0,0.9687499999999063,false,33120.381,377.46315318275157,33497.844153182756
5179,Hobby and creative,641,641,1.0,0.74999999999995,false,5227.530000000001,50.66832566735112,5278.198325667352
5181,Shopping bags and trolleys,6174,6174,1.0,0.5,false,46206.027,3909.757352772075,50115.784352772076
5186,Hobby and creative,3799,3799,1.0,0.9374999999999125,true,62620.72600000001,145.86449363449685,62766.5904936345
5190,Wash treatment and accessories,4126,4126,1.0,0.874999999999925,false,21201.536999999997,121.42030965092414,21322.95730965092
5198,Hobby and creative,190,190,1.0,0.5,false,20120.624999999996,751.1070431211494,20871.732043121145
5200,Outdoor toys,745,745,1.0,0.74999999999995,false,75371.99599999998,1570.5485030800814,76942.54450308006
5204,Oven dishes,314,314,1.0,0.74999999999995,true,6356.455,77.48969815195102,6433.944698151951
5205,Coffee makers and kettles,3772,3772,1.0,0.5,true,785916.684,52037.71881560574,837954.4028156057
5206,"Glasses (drink, beer, wine etc)",6865,6865,1.0,0.9687499999999063,false,45128.629,1597.8700837782364,46726.49908377824
5210,Vacuuming,4550,4550,1.0,0.5,false,3985656.7519999994,582304.962917453,4567961.714917452
5212,Batteries,81361,81361,1.0,0.874999999999925,false,405680.5619999996,592.0008579055439,406272.56285790517
5219,Drink & food To Go,43097,43097,1.0,0.74999999999995,false,1027147.898,47343.84809445583,1074491.746094456
5221,Toilet accessories,14478,14478,1.0,0.9980468749999003,false,587358.0860000001,6328.010774537993,593686.0967745382
5222,Toilet accessories,34827,34827,1.0,0.5,false,2702240.5760000004,305587.0675843941,3007827.6435843944
5223,"Glasses (drink, beer, wine etc)",765,765,1.0,0.74999999999995,false,25351.935,611.4315154004096,25963.366515400412
5227,Wash treatment and accessories,1921,1921,1.0,0.874999999999925,false,32528.537999999993,246.38757535934297,32774.92557535934
5228,Toilet cleaners and odors,57774,42281,0.7318343891715997,0.9999999403952553,false,979560.3859999997,7567.326335112927,987127.7123351126
5236,Wash treatment and accessories,274,274,1.0,0.5,false,19773.894000000004,54.26492279260783,19828.158922792612
5239,Residential odors,6530,6530,1.0,0.9960937499999007,false,137827.14400000003,1535.0950554414765,139362.23905544152
5241,Phones,12802,12802,1.0,0.9921874999999016,false,2009256.27,6039.25171047227,2015295.5217104722
5243,Electrical tools,14697,14697,1.0,0.999999761581321,false,5703911.0449999925,127938.65677864483,5831849.701778637
5255,Cooking pans,5253,5253,1.0,0.9960937499999007,false,192136.89600000007,2356.486255441478,194493.38225544154
5271,Candles & Tealights,36006,36006,1.0,0.9843749999999032,false,1069423.7399999995,2145.992397535932,1071569.7323975354
5273,Candles & Tealights,36715,36715,1.0,0.9687499999999063,false,203020.02,880.232067351129,203900.25206735113
5275,Candles & Tealights,50,50,1.0,0.9374999999999125,false,30894.079999999994,96.56929774127333,30990.649297741267
5276,Candles & Tealights,16017,4029,0.25154523318973593,0.9999999403952553,true,204094.80000000002,3730.7841067761783,207825.5841067762
5283,Other Holidays,12263,12263,1.0,0.9960937499999007,true,62413.36499999999,3846.548626283367,66259.91362628336
5293,Photo frames & albums,17860,17860,1.0,0.874999999999925,false,124566.015,823.5786985626285,125389.59369856263
5294,Photo frames & albums,24384,24384,1.0,0.9843749999999032,false,100070.94999999994,352.7491687885008,100423.69916878844
5311,Drying racks,6568,6568,1.0,0.9843749999999032,false,373516.0799999998,1043.4020587269,374559.48205872666
5315,Hobby and creative,401,401,1.0,0.5,false,63603.077999999994,2843.621728952772,66446.69972895276
5318,Teletoys,360,360,1.0,0.5,false,20940.303999999996,730.9948242299793,21671.298824229976
5320,"Cloths, mops, sponges and brush",18502,18502,1.0,0.9995117187499001,false,77651.728,1047.034046817248,78698.76204681725
5323,Construction,2,2,1.0,0.5,true,19986.54,500.37426735113087,20486.91426735113
5330,"Glasses (drink, beer, wine etc)",887,887,1.0,0.74999999999995,false,59871.58100000001,448.89721026694025,60320.478210266956
5335,Commercial non-trade goods,124,124,1.0,0.5,false,116083.79299999996,315.4505901437373,116399.2435901437
5336,Table paper,7275,7275,1.0,0.874999999999925,false,28215.208000000002,255.3524106776179,28470.56041067762
5337,Cutlery,7965,7965,1.0,0.9374999999999125,false,146230.87499999994,1014.6215975359346,147245.49659753588
5341,Drying racks,9953,9953,1.0,0.9687499999999063,false,1090887.8119999997,6446.8513757700275,1097334.6633757697
5343,Kitchen tools,20206,20206,1.0,0.9687499999999063,false,591705.9119999998,5493.844721149906,597199.7567211497
5346,Kitchen helpers,243,243,1.0,0.5,false,509040.364,70365.3778731007,579405.7418731007
5347,Kitchen helpers,21447,19901,0.9279153261528419,0.9999999403952553,false,3873445.8069999996,42578.34244640655,3916024.149446406
5349,Cutlery,1834,1834,1.0,0.5,false,500725.22500000003,77315.64404024633,578040.8690402464
5353,Bed textile,3577,3577,1.0,0.5,false,440451.01099999994,46453.41515852156,486904.4261585215
5360,Mugs and cups,15648,15648,1.0,0.5,false,244607.349,16674.471515400382,261281.82051540038
5375,Tea and coffee,2481,2481,1.0,0.9687499999999063,false,322049.742,1157.216464476387,323206.9584644764
5376,Vehicles,88368,88368,1.0,0.9374999999999125,false,846889.0500000006,1108.355349075977,847997.4053490766
5377,Boys toys,1711,1711,1.0,0.5,false,436619.86199999985,8838.573512525661,445458.4355125255
5394,Foodprep,6430,6430,1.0,0.5,false,23879053.989,10007628.74366118,33886682.73266118
5397,Batteries,60496,60496,1.0,0.9843749999999032,false,340611.6700000003,821.1272525667346,341432.797252567
5400,Coffee makers and kettles,32824,30165,0.918992200828662,0.9999999403952553,false,6519248.12,37341.453538398404,6556589.573538398
5401,Bakeware,4209,2598,0.617248752672844,0.9999999403952553,true,66903.928,966.6239745379878,67870.55197453799
5404,Store kitchen,6919,6919,1.0,0.9995117187499001,false,500288.6070000002,2696.7007958932245,502985.3077958934
5405,"Cloths, mops, sponges and brush",53557,45271,0.8452863304516683,0.9999999403952553,false,480180.0570000002,3539.2777071868545,483719.3347071871
5411,Cleaning products,6120,6120,1.0,0.9921874999999016,false,328424.5439999999,770.8144952772075,329195.35849527706
5414,Cleaning products,1356,1296,0.9557522123893806,0.9999999403952553,false,18899.83199999999,120.92157905544155,19020.753579055432
5415,"Cloths, mops, sponges and brush",10826,10826,1.0,0.874999999999925,false,82123.216,2375.6504788501047,84498.8664788501
5423,Measuring and weighing,1351,1351,1.0,0.9374999999999125,false,279428.3799999999,1281.0403039014382,280709.4203039013
5424,Special pans,21921,19650,0.8964007116463665,0.9999999403952553,false,3109800.959999999,22546.62128131418,3132347.581281313
5441,Candles & Tealights,15284,7574,0.4955509029049987,0.9999999403952553,true,158594.968,3175.3821897330577,161770.35018973306
5451,Party lights,10105,10105,1.0,0.5,false,315865.872,91050.83621642696,406916.70821642695
5457,Photo frames & albums,1960,1960,1.0,0.9687499999999063,false,38619.875,135.72266940451743,38755.59766940452
5458,Stationary,20388,20388,1.0,0.9843749999999032,false,666730.7289999998,3350.547881314166,670081.276881314
5462,Ironing boards,6969,6432,0.9229444683598794,0.9999999403952553,true,861275.9820000001,42380.86526817249,903656.8472681725
5467,Teletoys,442,442,1.0,0.5,false,83473.383,4671.690222176587,88145.0732221766
5468,Tea and coffee,2119,2119,1.0,0.874999999999925,false,18726.820000000003,232.50465790554415,18959.32465790555
5469,Cooking books,214,214,1.0,0.9374999999999125,true,5357.197999999998,40.19703572895275,5397.3950357289505
5472,Bath textiles and bath mats,3683,2152,0.58430627206082,0.9999999403952553,true,27985.426,319.6980722792607,28305.12407227926
5474,Hobby and creative,2211,2211,1.0,0.874999999999925,false,10906.181999999993,640.9479080082134,11547.129908008206
5484,Wash treatment and accessories,8770,8770,1.0,0.5,false,199654.812,26404.131709240264,226058.94370924027
5488,Bakeware,31413,31413,1.0,0.9999847412108376,false,539982.45,16856.69726899383,556839.1472689938
5491,Vacuuming,251,251,1.0,0.5,false,656643.281,5881.753806160176,662525.0348061601
5492,Bakeware,31111,31111,1.0,0.9998779296874001,false,1180986.6669999997,5398.027019301849,1186384.6940193016
5494,Kitchen tools,34433,34433,1.0,0.9921874999999016,false,509412.3999999999,2768.9211268993863,512181.3211268993
5495,Kitchen tools,95779,95779,1.0,0.9921874999999016,false,773570.1330000008,1628.7490213552364,775198.882021356
5497,Racks and pockets,15302,15302,1.0,0.5,false,649449.374,56557.06010061601,706006.4341006159
5498,Cutlery,16818,16818,1.0,0.5,false,717536.82,114661.1430123203,832197.9630123202
5499,Stairs,4067,4067,1.0,0.874999999999925,false,1482811.33,2594.8147351129373,1485406.144735113
5508,Bath textiles and bath mats,18024,18024,1.0,0.5,false,131980.94,25959.0998644764,157940.0398644764
5516,Mugs and cups,30443,30443,1.0,0.5,false,1619863.7,182165.24486324438,1802028.9448632444
5523,Oven dishes,314,314,1.0,0.74999999999995,true,2919.9939999999997,37.997776591375754,2957.9917765913756
5524,Planks,2666,2666,1.0,0.74999999999995,false,18211.584999999995,517.1842542094455,18728.76925420944
5527,Tableware,5551,5551,1.0,0.74999999999995,false,96860.36499999998,2216.7777802874743,99077.14278028745
5530,Foods,460,460,1.0,0.74999999999995,false,24965.85000000001,114.22782833675566,25080.077828336765
5536,"Glasses (drink, beer, wine etc)",308,308,1.0,0.5,false,15039.857000000002,132.7970862422997,15172.6540862423
5540,Wash treatment and accessories,1461,1461,1.0,0.5,false,897296.3999999999,95327.07414209448,992623.4741420944
5554,Baby / Toddler,36,36,1.0,0.5,true,6057.925999999999,76.54492238193123,6134.47092238193
5563,Electrical tools,5912,5587,0.9450270635994588,0.9999999403952553,false,286401.75200000004,3045.406957289527,289447.1589572896
5566,"Cloths, mops, sponges and brush",26005,24908,0.9578158046529514,0.9999999403952553,false,732760.6229999999,8017.557282546206,740778.1802825461
5568,"Cloths, mops, sponges and brush",12087,12087,1.0,0.9980468749999003,false,568625.792,2851.8495145790516,571477.6415145791
5569,Small storage,13872,13872,1.0,0.874999999999925,false,155139.59999999998,1032.1569511293624,156171.75695112933
5573,Home decoration,19584,19584,1.0,0.5,false,401996.44099999993,126881.4172435317,528877.8582435317
5581,Puzzles,1034,1034,1.0,0.5,true,39393.375,241.705503901438,39635.08050390144
5582,Puzzles,3290,3290,1.0,0.74999999999995,false,23457.588000000003,267.99272607802874,23725.58072607803
5583,Hobby and creative,2981,2981,1.0,0.9999694824217751,false,46658.59099999999,430.67126283367645,47089.26226283367
5588,Batteries,78336,78336,1.0,0.9999998807906105,false,448978.17999999993,2082.126915811088,451060.30691581103
5593,Foodprep,32042,32042,1.0,0.9999847412108376,false,22675662.827999994,129378.2621174536,22805041.090117447
5596,Kitchen tools,8926,7302,0.8180596011651355,0.9999999403952553,false,969422.4539999999,6397.205225462005,975819.6592254619
5597,Buckets,164,164,1.0,0.74999999999995,false,467250.62300000014,516.0683823408625,467766.691382341
5598,Window and squeegees,17484,17484,1.0,0.9990234374999001,false,400330.83999999997,1360.7266796714575,401691.5666796714
5599,Window and squeegees,15144,15144,1.0,0.9997558593749001,false,357781.47300000023,1560.236982751538,359341.70998275175
5602,Cleaning products,14925,14925,1.0,0.9374999999999125,false,312024.55199999997,1171.071425051339,313195.6234250513
5603,Bathroom accessories,10899,10899,1.0,0.9843749999999032,false,394287.77499999997,1178.644864476386,395466.41986447637
5604,Table textiles,1746,1746,1.0,0.9687499999999063,false,102277.546,2204.4628110882913,104482.0088110883
5606,Bathroom accessories,5908,5908,1.0,0.9998779296874001,false,235973.54200000004,1712.4436344969213,237685.98563449696
5608,Laundry baskets,20500,16953,0.8269756097560975,0.9999999403952553,false,1170052.1559999986,13673.853312114994,1183726.0093121135
5609,Storage boxes,16324,16324,1.0,0.874999999999925,false,608573.5809999997,9198.912593018493,617772.4935930182
5610,Baskets,13421,13421,1.0,0.9374999999999125,false,148762.53000000003,978.3251314168366,149740.85513141687
5611,Baskets,8788,8788,1.0,0.9374999999999125,false,118045.949,688.6848377823416,118734.63383778234
5613,Baskets,10314,10314,1.0,0.74999999999995,false,111162.184,1171.6902537987658,112333.87425379876
5614,Baskets,8319,8319,1.0,0.9843749999999032,false,95989.50200000001,317.48430431211483,96306.98630431213
5615,Drink & food To Go,11290,11290,1.0,0.5,false,269977.36500000005,47759.11826488707,317736.4832648871
5616,Personal care,68357,67441,0.9865997630089091,0.9999999403952553,false,143867.5,1223.2011293634512,145090.70112936344
5617,Cleaning products,11644,11597,0.9959635863964273,0.9999999403952553,false,358853.44599999976,3521.32214373717,362374.76814373693
5618,Others,4868,4868,1.0,0.874999999999925,false,125902.60899999998,1108.9652000000008,127011.57419999999
5620,Oven dishes,184,184,1.0,0.74999999999995,false,13075.523999999998,281.5312694045175,13357.055269404515
5621,Personal care,2795,2795,1.0,0.5,false,29174.039999999997,3991.4140287474374,33165.45402874744
5622,Wash treatment and accessories,4894,4894,1.0,0.9921874999999016,false,81195.54800000002,299.9532455852161,81495.50124558524
5625,Wash treatment and accessories,8941,8941,1.0,0.5,false,1165800.202,310039.93747885025,1475840.1394788502
5629,Cleaning products,2749,2749,1.0,0.9374999999999125,false,25204.33300000003,119.97052197125252,25324.303521971284
5634,Stationary,10037,10037,1.0,0.9843749999999032,false,152911.017,1691.1629991786428,154602.17999917862
5635,Window and squeegees,69857,67651,0.9684212033153442,0.9999999403952553,false,1197175.7280000001,4773.812037782338,1201949.5400377824
5638,Electric personal care,35727,35727,1.0,0.9999389648436501,false,3019463.8320000004,5683.3171219712485,3025147.149121972
5640,Electric personal care,3106,2569,0.8271088216355441,0.9999999403952553,false,435020.0399999999,3298.1076960985656,438318.1476960985
5642,Electric personal care,16096,16096,1.0,0.9999694824217751,false,1200584.7209999994,3701.9131946611865,1204286.6341946607
5644,Electric personal care,17241,17241,1.0,0.9843749999999032,false,1377346.0400000003,2867.697077618064,1380213.7370776183
5650,Pan sets,1792,1051,0.5864955357142857,0.9999999403952553,true,318769.1079999997,11856.691770431187,330625.7997704309
5652,Partyfun,23400,23400,1.0,0.9843749999999032,false,156693.57199999975,408.9243958932236,157102.496395893
5653,Pan sets,1992,1992,1.0,0.874999999999925,false,434033.45999999985,10814.932342915807,444848.39234291564
5660,Personal care,1930,1930,1.0,0.9687499999999063,false,49816.767,1648.1052603696094,51464.87226036961
5677,Foods,125,125,1.0,0.5,false,42654.80100000001,4082.7713162217683,46737.57231622178
5709,"TV, Audio & Video",5730,4199,0.7328097731239093,0.9999999403952553,true,296251.38200000004,1587.4220188911713,297838.8040188912
5710,Drink & food To Go,7956,0,0.0,0.9999999403952553,true,178733.78600000002,2207.8350862423017,180941.62108624232
5713,Electric personal care,20758,19316,0.9305328066287696,0.9999999403952553,false,1220984.8209999993,11642.678752361386,1232627.4997523606
5725,"Cloths, mops, sponges and brush",16396,16396,1.0,0.9960937499999007,false,55555.16399999999,460.56958521560557,56015.733585215596
5726,Kitchen helpers,276,276,1.0,0.874999999999925,true,6572.873999999999,163.83468665297738,6736.708686652976
5727,Hobby and creative,806,806,1.0,0.874999999999925,false,35775.21499999998,135.24774168377826,35910.46274168376
5736,Planks,16247,16247,1.0,0.5,false,1265395.9499999997,106604.44175564678,1372000.3917556466
5742,Storage boxes,3139,3139,1.0,0.874999999999925,false,1065069.992000001,2326.6009642710474,1067396.592964272
5746,Planks,1069,1069,1.0,0.74999999999995,true,75964.294,400.36295030800784,76364.656950308
5747,Wash treatment and accessories,1501,1501,1.0,0.9374999999999125,false,24326.624000000003,101.31627227926059,24427.940272279266
5748,Personal care,91,91,1.0,0.5,false,150175.26299999998,15102.74273470225,165278.00573470222
5749,Cleaning products,20223,14355,0.7098353360035603,0.9999999403952553,false,190821.2599999999,1840.1710390143733,192661.43103901428
5751,Cleaning products,2492,2492,1.0,0.9374999999999125,false,151396.89600000004,970.8294308008205,152367.72543080087
5753,Wash treatment and accessories,15747,15747,1.0,0.874999999999925,false,620453.1059999999,1771.3156525667353,622224.4216525666
5757,Cleaning products,46232,37088,0.8022149160754456,0.9999999403952553,false,111003.29799999988,2984.9434065708456,113988.24140657073
5761,Bathroom accessories,34955,34955,1.0,0.9687499999999063,false,265035.351,1655.8308973305955,266691.1818973306
5772,Foodprep,5605,5605,1.0,0.9687499999999063,false,1043401.1279999996,3163.961041478437,1046565.089041478
5773,Electric personal care,10193,4974,0.487981948395958,0.9999999403952553,false,610659.9309999999,10476.946835318271,621136.8778353181
5804,Others,783,783,1.0,0.874999999999925,false,53642.06399999999,495.9020550308018,54137.966055030796
5805,Candles & Tealights,9363,9363,1.0,0.9374999999999125,false,56781.144,320.2357815195072,57101.37978151951
5807,Drink & food To Go,4519,4519,1.0,0.5,false,17899.112,1444.7215540041077,19343.833554004108
5815,Residential odors,20367,20367,1.0,0.9998779296874001,false,261958.5919999999,2861.4017577002123,264819.9937577001
5820,Photo frames & albums,13267,13267,1.0,0.9374999999999125,false,59479.42,354.2060082135529,59833.62600821355
5821,Photo frames & albums,2988,2988,1.0,0.9687499999999063,false,58813.29999999999,205.37913757700196,59018.67913757699
5827,Foodprep,2734,2686,0.9824433065106072,0.9999999403952553,true,724748.983,28086.36932032857,752835.3523203286
5837,Drying racks,2915,2915,1.0,0.9995117187499001,true,104220.795,1510.3439034907576,105731.13890349076
5838,Hobby and creative,10,10,1.0,0.5,true,5317.871999999999,387.03745708419,5704.90945708419
5839,"Cloths, mops, sponges and brush",20371,20371,1.0,0.5,false,253114.97399999996,27646.412326078032,280761.386326078
5840,Construction,406,406,1.0,0.5,true,19093.843999999997,366.5595794661192,19460.403579466118
5843,Kitchen tools,1089,1089,1.0,0.5,false,22513.386,620.4799712525665,23133.865971252566
5845,Kitchen tools,1017,1017,1.0,0.9374999999999125,false,59417.903999999995,563.5536944558522,59981.45769445585
5848,Bath textiles and bath mats,3905,2269,0.5810499359795135,0.9999999403952553,true,44222.009999999995,672.0598809034907,44894.06988090349
5850,Tableware,1482,1482,1.0,0.9999999403952553,true,79317.65799999998,1625.6567490759728,80943.31474907596
5851,Hobby and creative,930,930,1.0,0.9843749999999032,true,971.152,13.602583983572883,984.754583983573
5857,Bathroom accessories,7208,7208,1.0,0.9921874999999016,false,577871.8680000001,1642.2047260780262,579514.0727260782
5858,Racks and pockets,19847,19847,1.0,0.9843749999999032,false,583739.142,868.7852476386036,584607.9272476386
5859,Waste bags,32709,32709,1.0,0.9999995231627419,false,793563.7920000001,3874.459696098562,797438.2516960987
5861,Construction,694,694,1.0,0.5,false,58910.796,831.7682414784393,59742.56424147844
5863,Baskets,7560,7560,1.0,0.874999999999925,false,111587.06999999999,899.7946956878853,112486.86469568788
5864,Storage boxes,3305,3305,1.0,0.9921874999999016,true,96846.21099999998,3766.484788090362,100612.69578809035
5866,Storage boxes,140,140,1.0,0.5,false,208661.796,2378.9290574948627,211040.72505749486
5867,Storage boxes,6104,6104,1.0,0.9374999999999125,false,161271.74,1049.343351129364,162321.08335112935
5868,Cleaning products,13087,13059,0.9978604722243448,0.9999999403952553,false,484252.6500000001,2340.383018480493,486593.0330184806
5869,Cleaning products,3231,3231,1.0,0.9960937499999007,true,49142.41500000001,481.5419876796716,49623.95698767968
5870,Cleaning products,23645,23645,1.0,0.9999923706053688,false,298712.2319999999,1632.9340755646904,300345.1660755646
5871,Cleaning products,16862,12539,0.7436247183015063,0.9999999403952553,false,142763.24300000002,630.7013252566735,143393.94432525669
5872,Baskets,3880,3880,1.0,0.5,false,54007.14899999999,2926.3081121149894,56933.45711211498
5874,Cleaning products,4646,4646,1.0,0.9374999999999125,false,257858.13899999997,4264.3540443531865,262122.49304435315
5878,Dishwashing articles,88,88,1.0,0.9374999999999125,false,187475.6939999999,348.51541355236145,187824.20941355225
5880,Residential odors,8291,8291,1.0,0.9921874999999016,false,182989.191,1245.7968332648854,184234.98783326487
5895,Electric personal care,8199,8199,1.0,0.9687499999999063,false,428732.38800000073,828.4053667351136,429560.79336673586
5896,Electric personal care,4295,4295,1.0,0.9687499999999063,false,639439.7310000004,822.1733371663233,640261.9043371667
5897,"TV, Audio & Video",235,235,1.0,0.5,false,189581.364,12195.86465051334,201777.22865051334
5899,Frying pans,16590,13199,0.7955997588908982,0.9999999403952553,false,2574004.741000002,16217.22123819303,2590221.962238195
5915,Candles & Tealights,18492,7539,0.40768981181051267,0.9999999403952553,true,203948.27599999995,3435.917831622176,207384.19383162213
5918,Candles & Tealights,22346,22346,1.0,0.9687499999999063,false,275731.71499999985,1185.465681724846,276917.1806817247
5919,Residential odors,2090,2090,1.0,0.9995117187499001,false,26185.235999999997,329.7271548254621,26514.96315482546
5922,Drinks,1618,1618,1.0,0.5,false,1887730.7330000002,283204.2983474334,2170935.0313474336
5924,Cooking books,103,103,1.0,0.5,false,41074.992000000006,4243.699855852161,45318.691855852165
5931,Residential odors,8151,8151,1.0,0.9999694824217751,false,158513.53000000003,1685.1716172484632,160198.7016172485
5941,Kitchen helpers,7753,7753,1.0,0.74999999999995,false,52196.627,208.13814661190958,52404.76514661191
5943,Stationary,40808,40808,1.0,0.9374999999999125,false,838826.3449999995,1408.819166324436,840235.164166324
5946,Clocks,5990,5990,1.0,0.9843749999999032,false,306577.845,1645.4432135523627,308223.2882135523
5948,Stationary,11671,11671,1.0,0.5,true,85147.804,2699.1144131416827,87846.91841314168
5951,Stationary,31596,31596,1.0,0.9921874999999016,false,71519.00000000004,110.4947843942506,71629.4947843943
5955,Racks and pockets,2665,2665,1.0,0.9997558593749001,true,208102.34900000002,13634.27754004106,221736.62654004106
5959,Construction,972,972,1.0,0.5,true,7464.408,49.5616098562628,7513.969609856264
5971,Construction,340,340,1.0,0.874999999999925,false,21524.496,291.4981885010266,21815.994188501027
5974,Girls toys,657,657,1.0,0.74999999999995,true,15222.984000000006,57.530168377823365,15280.51416837783
5977,Cleaning products,26230,24150,0.9207014868471216,0.9999999403952553,false,624350.454,3111.386194661193,627461.8401946612
5981,Window and squeegees,9923,9923,1.0,0.9997558593749001,false,1126146.9100000001,3600.9584501026684,1129747.8684501029
5982,"Glasses (drink, beer, wine etc)",503,503,1.0,0.74999999999995,false,43611.12000000001,224.7633018480492,43835.88330184806
5983,"Glasses (drink, beer, wine etc)",940,940,1.0,0.874999999999925,false,32824.351,336.8404628336759,33161.19146283368
5987,Baskets,8440,8440,1.0,0.874999999999925,false,206139.892,1507.3671613963033,207647.2591613963
5989,Baskets,13532,13532,1.0,0.74999999999995,false,103232.60499999994,801.1840225872683,104033.78902258721
5991,Cleaning products,47876,47876,1.0,0.9687499999999063,false,380529.07200000016,895.1601954825477,381424.2321954827
5992,Cleaning products,28447,28447,1.0,0.9843749999999032,false,308532.952,1017.8487958932245,309550.80079589324
5993,Wash treatment and accessories,589,589,1.0,0.74999999999995,false,354224.55600000004,747.3466718685831,354971.9026718686
5994,Wash treatment and accessories,3293,3293,1.0,0.9960937499999007,false,108180.009,421.5886262833672,108601.59762628337
5995,Toilet cleaners and odors,22789,22789,1.0,0.9990234374999001,false,209455.37199999992,1534.5997659137586,210989.97176591368
5997,Cleaning products,6986,6986,1.0,0.9980468749999003,false,167834.73000000013,572.8213552361398,168407.55135523627
5999,Cleaning products,7591,7591,1.0,0.9999847412108376,false,417738.2159999995,1770.7785326488702,419508.99453264836
6000,Cleaning products,26946,26946,1.0,0.74999999999995,false,125753.99200000004,3653.281066940455,129407.2730669405
6001,Wash treatment and accessories,18385,18385,1.0,0.9960937499999007,false,420893.1719999999,6044.131756878858,426937.30375687877
6003,Waste bins,2949,456,0.15462868769074262,0.9999999403952553,true,330609.37,1091.9577815195064,331701.3277815195
6006,Residential odors,3854,3854,1.0,0.9687499999999063,false,159820.5,1246.3535359342902,161066.8535359343
6009,Cleaning products,7102,7102,1.0,0.9921874999999016,false,205997.90399999998,1875.5959490759742,207873.49994907595
6010,Personal care,15172,15172,1.0,0.5,false,800826.432,301608.44190882985,1102434.8739088299
6015,Coffee makers and kettles,4407,4407,1.0,0.9998779296874001,false,159724.6559999999,844.4728706365552,160569.12887063646
6018,Coffee makers and kettles,10818,10818,1.0,0.9374999999999125,false,3749935.1610000017,9038.89754907598,3758974.0585490777
6024,Measuring and weighing,41584,41584,1.0,0.5,false,1740232.662,145060.87380739226,1885293.5358073923
6029,Partyfun,24657,24657,1.0,0.9921874999999016,false,153192.228,367.26938809034846,153559.49738809036
6040,Personal care,1830,1830,1.0,0.5,false,107477.468,13477.656843531817,120955.12484353181
6052,Candles & Tealights,55909,55909,1.0,0.9980468749999003,false,2165033.934,4787.819319507185,2169821.753319507
6053,Candles & Tealights,74177,74177,1.0,0.9921874999999016,false,461989.3529999999,800.2678533880912,462789.620853388
6069,Clocks,16793,16793,1.0,0.5,false,467109.5940000001,28085.45588501025,495195.04988501035
6071,Photo frames & albums,21370,21370,1.0,0.9921874999999016,false,88267.17899999997,424.8980767967145,88692.07707679669
6075,Stationary,27641,27641,1.0,0.9687499999999063,false,424415.6559999999,889.6518854209431,425305.30788542086
6078,Drink & food To Go,9077,8178,0.9009584664536742,0.9999999403952553,true,444670.1979999999,8537.125685010264,453207.3236850102
6080,Drink & food To Go,11945,939,0.07861029719547928,0.9999999403952553,true,187886.076,2704.4766287474363,190590.55262874745
6082,Electric personal care,5430,5430,1.0,0.874999999999925,true,489918.0719999999,523.3412903490752,490441.413290349
6095,Construction,597,597,1.0,0.5,false,13308.007999999998,282.7328574948665,13590.740857494864
6098,Batteries,309,309,1.0,0.9687499999999063,true,5764.682,44.244674332648856,5808.926674332649
6107,Ironing,982,945,0.9623217922606925,0.9999999403952553,true,178706.37400000004,2662.756769609855,181369.13076960988
6108,Ironing,3357,2881,0.8582067322013702,0.9999999403952553,false,166430.96399999998,546.4467293634494,166977.41072936342
6109,Hobby and creative,1146,1146,1.0,0.874999999999925,false,3385.4659999999994,110.12262587268995,3495.5886258726896
6139,Foods,795,795,1.0,0.5,false,29100.736,1993.3683646817249,31094.104364681727
6140,Store kitchen,6400,6400,1.0,0.9995117187499001,false,192562.35600000006,1392.386311293636,193954.7423112937
6143,Drink & food To Go,12860,12860,1.0,0.874999999999925,false,910632.765,135789.86746406584,1046422.6324640659
6144,Bathroom accessories,79927,79927,1.0,0.5,false,534986.368,141464.8616665299,676451.2296665299
6145,Cooking pans,943,943,1.0,0.9999990463255837,false,15481.227999999996,343.8418398357287,15825.069839835724
6152,Storage boxes,14736,14736,1.0,0.9960937499999007,false,1193808.1539999992,14815.577485831598,1208623.7314858309
6154,Thermos jugs,2099,2099,1.0,0.9843749999999032,false,40256.37,322.6199125256676,40578.98991252567
6155,Storage boxes,6880,6880,1.0,0.9687499999999063,false,241405.97600000002,1450.8644262833654,242856.8404262834
6157,Wash treatment and accessories,14196,14196,1.0,0.9999923706053688,false,445106.0879999999,1659.232190143738,446765.3201901436
6158,Personal care,74272,74272,1.0,0.9843749999999032,false,1496281.248,7846.96823983573,1504128.2162398356
6159,Cleaning products,7450,7450,1.0,0.9999999403952553,false,149139.90000000008,897.7450841889122,150037.645084189
6162,Wash treatment and accessories,22734,22734,1.0,0.9921874999999016,false,487655.35000000003,25054.595885010236,512709.9458850103
6168,"Cloths, mops, sponges and brush",10657,10657,1.0,0.9960937499999007,false,585455.1780000003,1754.8846546201235,587210.0626546204
6174,Coffee makers and kettles,25984,25984,1.0,0.9990234374999001,false,1619130.0790000006,6600.608045995894,1625730.6870459965
6184,Special pans,13360,11150,0.8345808383233533,0.9999999403952553,false,4560539.486999994,31328.977181519487,4591868.4641815135
6190,Bags and backpacks,18716,18716,1.0,0.9843749999999032,false,758258.4240000001,1977.6372316221739,760236.0612316222
6215,Vases,2031,2031,1.0,0.9687499999999063,false,62752.725,203.59501724846007,62956.32001724846
6216,Candles & Tealights,10442,10442,1.0,0.5,false,639893.4779999999,176822.7897544149,816716.2677544148
6227,Clocks,10540,10540,1.0,0.74999999999995,false,205850.35100000005,2586.6493802874725,208437.00038028753
6233,"Glasses (drink, beer, wine etc)",205,205,1.0,0.5,false,52454.374,304.404983983573,52758.778983983575
6238,Batteries,234,234,1.0,0.9997558593749001,true,2314.1999999999994,24.826858316221763,2339.026858316221
6245,Storage boxes,410,410,1.0,0.74999999999995,false,570544.6950000001,15985.936060780285,586530.6310607804
6246,"Glasses (drink, beer, wine etc)",548,548,1.0,0.74999999999995,false,7643.8879999999945,50.30549856262834,7694.193498562623
6248,Storage boxes,8281,8281,1.0,0.9921874999999016,false,318829.28000000044,918.9735687885029,319748.25356878893
6250,Cleaning products,5549,5549,1.0,0.9990234374999001,false,131492.45199999993,592.903866529774,132085.35586652972
6251,Storage boxes,884,884,1.0,0.5,false,139714.39999999997,9250.773503080072,148965.17350308003
6256,Light bulbs,777,777,1.0,0.74999999999995,false,23719.675000000003,604.3959663244352,24324.070966324438
6257,Wash treatment and accessories,29816,29816,1.0,0.9999389648436501,false,523179.888,17680.476874743326,540860.3648747433
6258,Cleaning products,5109,5109,1.0,0.9374999999999125,false,155761.29800000004,1657.400208213551,157418.69820821358
6259,Wash treatment and accessories,47852,47852,1.0,0.9998779296874001,false,1984333.4,47018.4684944558,2031351.8684944557
6261,Cleaning products,3273,3273,1.0,0.9843749999999032,false,38738.7,338.1077618069812,39076.80776180698
6264,Waste bins,6155,6155,1.0,0.9960937499999007,false,526917.65,2185.7436755646786,529103.3936755647
6266,Shoe maintenance,2141,2141,1.0,0.9374999999999125,false,49010.535,1993.5543577002052,51004.089357700206
6267,Residential odors,4928,4928,1.0,0.9921874999999016,false,68480.034,976.5832180698137,69456.61721806982
6268,Residential odors,5989,5989,1.0,0.9921874999999016,false,91243.012,862.1810940451745,92105.19309404517
6269,Window and squeegees,74367,74367,1.0,0.9687499999999063,false,474430.51600000024,2133.5924164271028,476564.10841642733
6272,Foodprep,58678,54989,0.9371314632400559,0.9999999403952553,false,8437263.204999996,39038.71910882958,8476301.924108826
6273,Sockets and security,7321,7321,1.0,0.9374999999999125,false,371116.65499999997,1898.0859601642699,373014.7409601642
6274,Coffee makers and kettles,162,162,1.0,0.5,false,7543297.376999998,1210187.3762266943,8753484.753226694
6297,Candles & Tealights,6563,6563,1.0,0.5,false,273543.48,87266.27376591388,360809.7537659139
6301,Candles & Tealights,784,784,1.0,0.874999999999925,false,134364.594,623.0520731006171,134987.64607310062
6307,Foods,4556,4556,1.0,0.5,false,42147.567,4070.330519507184,46217.89751950718
6308,Others,18875,18875,1.0,0.74999999999995,false,72305.77199999998,882.9189059548233,73188.6909059548
6309,Other Holidays,30035,30035,1.0,0.9980468749999003,true,30965.452,3035.364745790548,34000.81674579055
6332,Photo frames & albums,1483,1483,1.0,0.9843749999999032,false,56687.637999999984,258.63922833675593,56946.27722833674
6334,Photo frames & albums,16563,16563,1.0,0.9374999999999125,false,92200.85000000003,535.5307597535938,92736.38075975362
6347,Window and squeegees,2949,2949,1.0,0.9999995231627419,true,69657.30799999999,610.4903388090348,70267.79833880902
6349,Store kitchen,868,868,1.0,0.9960937499999007,true,58610.328,767.317645995893,59377.64564599589
6351,Tableware,6217,4859,0.7815666720283094,0.9999999403952553,true,1421043.9319999996,25232.127090759786,1446276.0590907594
6367,Store kitchen,927,927,1.0,0.9990234374999001,true,33004.293,285.99287679671454,33290.28587679671
6369,Drink & food To Go,450,450,1.0,0.5,false,94062.584,9726.208811498973,103788.79281149898
6371,Thermos jugs,2081,2081,1.0,0.9995117187499001,false,180570.20799999993,1249.5327720739215,181819.74077207386
6375,Bathroom scales,1323,1323,1.0,0.5,false,593700.933,58946.48029240247,652647.4132924024
6380,Hobby and creative,4532,4532,1.0,0.9990234374999001,false,119539.96600000003,749.8112985626303,120289.77729856267
6387,Baby / Toddler,2500,2185,0.874,0.9999999403952553,false,72485.504,4229.245218069814,76714.74921806982
6403,Small storage,32297,32297,1.0,0.9843749999999032,false,462232.82700000016,1337.9153182751547,463570.7423182753
6406,Foils and bags,45165,45165,1.0,0.9999847412108376,false,256099.48000000004,2113.6640000000016,258213.14400000003
6407,Shoe maintenance,16182,16182,1.0,0.5,false,171719.856,42533.780501026675,214253.6365010267
6408,Cleaning products,9609,9609,1.0,0.9960937499999007,false,253099.287,2079.8770841889127,255179.16408418893
6411,Buckets,30120,30120,1.0,0.9995117187499001,false,1118212.3679999998,4103.310193018479,1122315.6781930183
6414,Baskets,4342,4342,1.0,0.74999999999995,false,128118.35399999999,1372.4119967145778,129490.76599671457
6417,Wash treatment and accessories,4960,4960,1.0,0.9980468749999003,false,44120.727,134.5640414784392,44255.291041478435
6418,Cleaning products,33663,33663,1.0,0.9999980926512673,false,783190.3729999997,2547.844326899381,785738.2173268991
6419,Personal care,10361,10361,1.0,0.9980468749999003,false,54436.928000000065,348.14245585215616,54785.07045585222
6420,Cleaning products,22293,22293,1.0,0.9921874999999016,false,192146.46499999994,724.9469507186863,192871.4119507186
6421,Cleaning products,7599,7599,1.0,0.9990234374999001,false,268315.8449999999,755.6136488706368,269071.4586488705
6423,Personal care,8314,8314,1.0,0.874999999999925,false,158812.11500000002,874.340720739218,159686.45572073924
6428,Cleaning products,5201,5201,1.0,0.9980468749999003,true,146053.152,1899.6987400410665,147952.85074004106
6429,Wash treatment and accessories,16387,16387,1.0,0.5,false,714168.882,28283.73922176592,742452.6212217659
6430,Waste bins,4577,4577,1.0,0.9960937499999007,false,493136.7209999999,1872.5215749486642,495009.2425749486
6433,Shoe maintenance,1581,1581,1.0,0.9843749999999032,false,383168.64599999995,6145.411962628341,389314.0579626283
6434,Phones,9897,9897,1.0,0.5,false,48827.18399999999,9232.337457905533,58059.52145790552
6437,Electric personal care,26464,26464,1.0,0.9999998807906105,false,5729874.149999998,52779.61245585215,5782653.76245585
6440,Electric personal care,3671,3671,1.0,0.874999999999925,false,744151.6110000001,5041.541144147848,749193.152144148
6442,Electric personal care,17955,17955,1.0,0.9999961853026345,false,1179440.6399999994,26474.86417084188,1205915.5041708413
6513,Reading glasses,2979,2197,0.7374958039610607,0.9999999403952553,true,46654.278999999995,1433.7005815195066,48087.9795815195
6515,Construction,393,393,1.0,0.5,false,25353.972,505.85548870636575,25859.827488706367
6517,Ironing,6282,5940,0.9455587392550143,0.9999999403952553,true,288306.417,1357.847960574949,289664.264960575
6520,Insecticides,46,46,1.0,0.5,true,18278.16899999999,56.18104558521569,18334.350045585208
6522,Kitchen tools,801,801,1.0,0.74999999999995,false,29274.35699999999,141.75706036960983,29416.1140603696
6523,Bathroom accessories,13412,13412,1.0,0.9921874999999016,false,73720.39499999997,415.0098825462013,74135.40488254618
6524,Foodprep,13168,13168,1.0,0.5,false,2892070.426,730837.3454800807,3622907.7714800807
6526,Batteries,8920,8920,1.0,0.9980468749999003,false,98250.68400000004,294.44275071868594,98545.12675071873
6527,Batteries,32806,32806,1.0,0.9999389648436501,false,652138.5080000003,2468.8645601642697,654607.3725601645
6528,Sockets and security,25950,25950,1.0,0.9980468749999003,false,220155.76799999992,561.049126078028,220716.81712607795
6533,Bath textiles and bath mats,27411,27411,1.0,0.9999923706053688,false,2831070.0739999996,14102.960059137557,2845173.034059137
6534,Hobby and creative,613,613,1.0,0.874999999999925,false,19282.283999999996,136.84051909650933,19419.124519096506
6538,Home decoration,1097,1097,1.0,0.9687499999999063,false,38166.35199999994,502.1085856262833,38668.46058562622
6540,Cleaning products,17557,17557,1.0,0.9999923706053688,false,203694.46999999997,966.6944344969199,204661.1644344969
6541,Personal care,314,314,1.0,0.5,false,309907.899,58068.53337289479,367976.4323728948
6544,Wash treatment and accessories,10465,10465,1.0,0.9843749999999032,false,457142.06999999983,1617.9993585215616,458760.0693585214
6545,Foods,849,849,1.0,0.5,false,36902.88,2201.7454743326493,39104.62547433265
6546,Cleaning products,7365,7365,1.0,0.9843749999999032,false,209323.29600000018,554.5233609856266,209877.8193609858
6547,Cleaning products,79621,78669,0.9880433553961895,0.9999999403952553,false,552702.388,9560.997671868561,562263.3856718686
6548,Cleaning products,3068,3068,1.0,0.9843749999999032,false,103975.942,667.410276796715,104643.35227679671
6549,Cleaning products,18329,18329,1.0,0.9980468749999003,false,116806.81600000006,596.9121843942507,117403.72818439432
6552,Cleaning products,3488,3488,1.0,0.874999999999925,false,24089.184,102.50387186858316,24191.687871868584
6553,Cleaning products,8772,8772,1.0,0.9374999999999125,false,40002.704000000005,553.2790800821341,40555.98308008214
6558,Cleaning products,2632,2632,1.0,0.9374999999999125,false,17499.636,181.53268459958946,17681.168684599586
6559,Personal care,27167,27167,1.0,0.5,false,1260599.956,410399.683811088,1670999.6398110879
6562,Shoe maintenance,4917,4917,1.0,0.74999999999995,false,3343361.196,9050.088053798761,3352411.2840537988
6563,Residential odors,22580,22580,1.0,0.9687499999999063,false,517609.3159999999,1394.7268238193062,519004.04282381915
6564,Sockets and security,8203,8203,1.0,0.5,false,1285518.3179999997,373415.8699059546,1658934.1879059542
6565,Coffee makers and kettles,151,151,1.0,0.5,false,2520265.776,131378.724928953,2651644.5009289533
6566,Electric personal care,8990,8990,1.0,0.874999999999925,false,1152469.1289999997,7788.210711293638,1160257.3397112933
6567,(Steam) cleaners,369,369,1.0,0.5,false,515847.15,35834.69753593428,551681.8475359343
6568,Electric personal care,9237,9237,1.0,0.9995117187499001,false,998356.821,4922.8314184805,1003279.6524184805
6578,Frying pans,6815,6815,1.0,0.5,false,1652584.1850000003,99419.24338809033,1752003.4283880906
6583,Partyfun,8893,8893,1.0,0.9980468749999003,true,54965.06399999999,2865.061392197127,57830.12539219712
6587,Personal care,93,93,1.0,0.5,false,62716.52799999999,6624.304595482543,69340.83259548253
6619,Candles & Tealights,39432,39432,1.0,0.74999999999995,false,80669.05,193.44794661190994,80862.49794661191
6625,Photo frames & albums,10658,10658,1.0,0.9374999999999125,false,153701.72999999995,556.5365667351127,154258.26656673505
6628,Photo frames & albums,1548,1548,1.0,0.9921874999999016,false,88052.26499999998,594.2707034907603,88646.53570349075
6632,Stationary,11831,11831,1.0,0.9374999999999125,false,37044.35700000003,44.50595112936351,37088.8629511294
6633,Clocks,2577,2577,1.0,0.5,false,1387341.648,156300.76682464074,1543642.4148246408
6654,Hobby and creative,395,395,1.0,0.5,false,16343.375999999998,563.1223047227918,16906.49830472279
6661,Fans and electric blankets,102,102,1.0,0.5,true,53077.695999999996,526.6994102669398,53604.39541026694
6663,Others,2163,2163,1.0,0.5,true,99167.45999999998,663.5597535934293,99831.01975359341
6665,Tea and coffee,12809,12809,1.0,0.874999999999925,false,215654.656,846.6411630390147,216501.297163039
6668,Waste bags,54218,54218,1.0,0.9843749999999032,false,502694.3249999998,1396.0903749486652,504090.41537494847
6673,Baskets,8938,8938,1.0,0.9687499999999063,false,107583.224,377.93781355236143,107961.16181355236
6674,Baskets,6857,6857,1.0,0.874999999999925,false,37206.455999999984,557.4844845995893,37763.940484599574
6675,Baskets,6918,6918,1.0,0.9374999999999125,false,84207.28400000001,451.19352936344984,84658.47752936346
6678,Baby / Toddler,167,167,1.0,0.9374999999999125,true,3121.9649999999997,45.37200492813143,3167.337004928131
6682,Cleaning products,15077,15077,1.0,0.9960937499999007,false,286089.91599999997,1615.5979733059537,287705.51397330593
6683,Cleaning products,3182,3182,1.0,0.9921874999999016,false,22779.077999999998,159.2461823408625,22938.32418234086
6684,Waste bins,7964,7964,1.0,0.9998779296874001,false,972855.3450000002,9095.722238193024,981951.0672381932
6686,Waste bins,2923,2923,1.0,0.9374999999999125,false,551353.32,6782.121685420939,558135.4416854209
6688,Drink & food To Go,7695,7695,1.0,0.9687499999999063,false,127656.58499999996,741.8865166324437,128398.4715166324
6690,Cleaning products,21236,21236,1.0,0.9843749999999032,false,146927.08799999993,1632.5165593429158,148559.60455934284
6692,Electric personal care,39721,39721,1.0,0.9687499999999063,false,5856128.971000002,76269.29528624222,5932398.266286244
6711,Personal care,1354,1354,1.0,0.5,false,34818.223999999995,3451.7986611909664,38270.02266119096
6735,Vases,51074,51074,1.0,0.5,false,2572915.3449999997,450218.93382053386,3023134.278820534
6743,Wash treatment and accessories,4955,4955,1.0,0.74999999999995,false,159299.39199999996,4764.098699794664,164063.49069979464
6751,Cleaning products,39370,39370,1.0,0.5,false,294939.18999999994,32023.564709650924,326962.7547096509
6753,Hobby and creative,1029,1029,1.0,0.874999999999925,false,1404.4799999999998,30.074932238193014,1434.5549322381928
6762,"Cloths, mops, sponges and brush",21892,21892,1.0,0.9921874999999016,false,51881.003999999986,312.5634135523616,52193.56741355235
6763,Planks,1315,1315,1.0,0.9843749999999032,false,50338.596,404.0059400410677,50742.601940041066
6765,Tableware,2417,2417,1.0,0.74999999999995,false,18354.21,250.69210677618076,18604.90210677618
6768,Store kitchen,27003,27003,1.0,0.9921874999999016,false,909777.7080000002,3447.8748579055464,913225.5828579058
6770,Cleaning products,19013,19013,1.0,0.874999999999925,false,529250.6310000002,1424.5876221765925,530675.2186221768
6771,Cleaning products,16897,16897,1.0,0.9374999999999125,false,190803.879,567.9850595482542,191371.86405954824
6772,Thermometers,12532,12532,1.0,0.5,false,138633.768,20769.290101848037,159403.05810184806
6773,Measuring and weighing,23497,23497,1.0,0.9999923706053688,false,547373.1479999997,2566.2820336755635,549939.4300336753
6775,Bathroom accessories,1432,1432,1.0,0.9374999999999125,false,101121.083,1605.3109285420949,102726.3939285421
6776,"Cloths, mops, sponges and brush",155,155,1.0,0.5,false,55674.38799999999,565.5161437371663,56239.904143737156
6779,Waste bags,86173,86173,1.0,0.9990234374999001,false,698829.3269999999,5986.015218480489,704815.3422184804
6782,Storage boxes,8082,8082,1.0,0.874999999999925,false,699367.2000000007,1156.8726078028758,700524.0726078035
6784,Cleaning products,11148,11148,1.0,0.9999961853026345,false,144978.06400000004,753.5906201232026,145731.65462012324
6786,Cleaning products,5631,5631,1.0,0.9980468749999003,false,270043.6340000001,1205.3873482546178,271249.0213482547
6787,Personal care,74762,74762,1.0,0.5,false,2857293.39,1231903.7365749516,4089197.1265749517
6791,Cleaning products,21107,21107,1.0,0.9687499999999063,false,59634.561000000045,1251.4668850102664,60886.02788501031
6792,Window and squeegees,6671,6671,1.0,0.9687499999999063,false,127661.625,464.1968069815187,128125.82180698152
6794,Cleaning products,8492,8492,1.0,0.874999999999925,false,221292.80599999995,17015.446954414834,238308.25295441478
6796,"Cloths, mops, sponges and brush",1716,1716,1.0,0.74999999999995,false,70516.96399999999,1250.620954414787,71767.58495441478
6798,Cleaning products,2066,2066,1.0,0.874999999999925,false,18628.778,105.20695852156062,18733.98495852156
6801,Partyfun,40498,40498,1.0,0.9960937499999007,false,210784.51799999995,431.59477700205355,211216.112777002
6803,Residential odors,13898,13898,1.0,0.9687499999999063,false,284425.97399999993,767.3055490759755,285193.27954907593
6815,Partyfun,84619,84619,1.0,0.9980468749999003,false,1002305.0239999995,2687.172809856266,1004992.1968098558
6833,Residential odors,10611,10611,1.0,0.74999999999995,false,61457.879000000044,1557.6560640657056,63015.53506406575
6838,Greeting cards,3512,3512,1.0,0.9921874999999016,false,36135.147999999994,966.2966706365498,37101.44467063654
6846,Photo frames & albums,16384,16384,1.0,0.9687499999999063,false,129963.60999999991,384.2818546201234,130347.89185462004
6848,Photo frames & albums,12640,12640,1.0,0.9687499999999063,false,105321.412,236.3315104722792,105557.74351047228
6850,Photo frames & albums,2128,2128,1.0,0.9374999999999125,false,37998.63199999999,160.76148542094452,38159.39348542094
6872,Drink & food To Go,892,892,1.0,0.5,false,148776.936,15306.989965092404,164083.92596509238
6873,Reading glasses,1216,1216,1.0,0.5,true,8587.005000000001,292.6135112936345,8879.618511293636
6875,Racks and pockets,2126,2126,1.0,0.5,false,882645.33,70634.33342258718,953279.6634225871
6882,Teletoys,969,969,1.0,0.5,false,163740.40899999999,8986.486559753592,172726.89555975358
6883,Electric personal care,6298,6298,1.0,0.5,false,1201816.028,182464.3127712526,1384280.3407712525
6884,Batteries,36242,36242,1.0,0.5,false,1700297.4659999995,334568.0469203289,2034865.5129203284
6887,Batteries,29964,29964,1.0,0.9687499999999063,false,454569.08,934.6205667351127,455503.7005667351
6893,Serve and present,2737,2737,1.0,0.9999694824217751,true,32867.75100000001,1086.3803913757706,33954.131391375784
6896,Store kitchen,31045,31045,1.0,0.9999389648436501,false,1015824.7400000001,5555.505211498968,1021380.245211499
6897,Store kitchen,36435,36435,1.0,0.9980468749999003,false,725435.5290000001,2362.2830517453776,727797.8120517455
6898,Shoe maintenance,18709,18709,1.0,0.5,false,320562.655,64534.84217864473,385097.49717864476
6899,Cleaning products,18825,18825,1.0,0.9995117187499001,false,351398.3829999999,2502.583945379884,353900.9669453798
6900,Dishwashing articles,23249,23249,1.0,0.9995117187499001,false,380121.39199999993,3372.1065215605763,383493.4985215605
6902,Shoe maintenance,16731,16731,1.0,0.5,false,386479.02299999987,34486.04613798767,420965.06913798756
6905,Racks and pockets,36135,36135,1.0,0.5,false,4151803.5019999994,1322506.1403811078,5474309.642381107
6908,Vacuuming,561,561,1.0,0.74999999999995,false,431773.61500000005,2126.6123757700216,433900.22737577005
6910,Baskets,9335,9335,1.0,0.9374999999999125,false,31493.230999999992,179.1425511293636,31672.373551129356
6911,Baskets,11083,11083,1.0,0.74999999999995,false,109810.82000000002,773.5835400410666,110584.4035400411
6912,Storage boxes,93,93,1.0,0.5,false,239765.50499999998,24553.7463305955,264319.25133059546
6913,Personal care,20866,11305,0.5417904725390588,0.9999999403952553,false,44846.375,327.2974332648872,45173.67243326489
6915,Hobby and creative,360,360,1.0,0.5,false,18853.618,206.9007392197125,19060.51873921971
6916,Cleaning products,2785,2785,1.0,0.74999999999995,true,56800.79999999998,529.1966193018483,57329.996619301826
6921,Wash treatment and accessories,23831,23831,1.0,0.9374999999999125,false,403311.06200000003,1938.6813577002042,405249.74335770024
6922,Wash treatment and accessories,30316,30316,1.0,0.9374999999999125,false,501001.088,44073.93658809039,545075.0245880904
6924,Residential odors,5146,5146,1.0,0.9843749999999032,false,101967.19399999996,860.8083926078037,102828.00239260777
6932,Others,1571,1571,1.0,0.9687499999999063,false,51189.9570000001,160.44473470225876,51350.401734702355
6934,Cooking pans,1497,1497,1.0,0.9999694824217751,true,326649.48399999994,4818.653468583168,331468.1374685831
6954,Candles & Tealights,7157,7157,1.0,0.874999999999925,false,64165.74500000002,631.7068213552365,64797.45182135525
6964,Residential odors,34997,28212,0.8061262393919478,0.9999999403952553,false,959886.9279999995,6961.15582710472,966848.0838271042
6969,Gift,22531,22531,1.0,0.74999999999995,false,135104.63400000002,1867.8679145790557,136972.50191457907
6973,Gift,56661,56661,1.0,0.5,false,288289.81999999995,38742.26862012322,327032.08862012316
6977,Photo frames & albums,4362,4362,1.0,0.9687499999999063,false,105141.40000000005,428.10809856262836,105569.50809856268
6978,Vases,17077,17077,1.0,0.5,false,1046784.7179999999,163634.06212238193,1210418.7801223819
6985,Storage boxes,35698,35698,1.0,0.9999980926512673,true,825074.6559999995,11336.261568788505,836410.917568788
6987,Store kitchen,3523,3523,1.0,0.9687499999999063,true,767726.2670000001,15887.80682669406,783614.0738266942
7000,Hobby and creative,357,357,1.0,0.874999999999925,true,4342.38,100.3371289527722,4442.717128952772
7005,Kitchen tools,1041,1041,1.0,0.874999999999925,false,18940.949999999997,80.36430061601645,19021.314300616013
7006,Drinks,3869,3869,1.0,0.5,false,130802.63,2322.013552361395,133124.6435523614
7011,Others,3066,3066,1.0,0.5,true,134870.568,33303.514381930196,168174.0823819302
7020,Bathroom accessories,7966,7966,1.0,0.9960937499999007,false,493225.11,1702.4470595482558,494927.5570595482
7027,Toilet cleaners and odors,5782,5782,1.0,0.5,false,297093.90900000004,20144.415717453787,317238.32471745386
7028,Light bulbs,1793,1793,1.0,0.74999999999995,false,28309.05,372.84925051334693,28681.899250513346
7029,Cleaning products,4738,4738,1.0,0.9687499999999063,false,213799.3619999998,444.7802759753598,214244.14227597514
7030,Cleaning products,5480,5480,1.0,0.9980468749999003,false,157201.38000000006,807.3827712525657,158008.76277125263
7036,"Cloths, mops, sponges and brush",2667,2667,1.0,0.5,false,52722.26400000001,11509.102012731011,64231.36601273102
7050,Phones,8354,8354,1.0,0.74999999999995,false,1391724.8729999983,4383.667362628336,1396108.5403626265
7055,Electric personal care,9820,5217,0.5312627291242362,0.9999999403952553,true,530278.3709999999,6612.805883778235,536891.1768837782
7080,Others,29051,29051,1.0,0.874999999999925,false,77099.62399999998,1094.9681149897312,78194.59211498972
7091,Gift,17523,17523,1.0,0.74999999999995,false,62043.744000000006,4936.115406160166,66979.85940616018
7093,Partyfun,5855,5855,1.0,0.5,false,37231.621,3492.237365092403,40723.858365092405
7096,Others,8249,8249,1.0,0.5,true,8687.559999999998,420.5683396303909,9108.128339630388
7103,Vases,15130,15130,1.0,0.874999999999925,false,154602.13299999997,833.2605926078014,155435.39359260778
7115,Window and squeegees,1697,1697,1.0,0.9687499999999063,true,38275.27899999999,170.3716891170431,38445.65068911703
7133,Games,138,138,1.0,0.874999999999925,true,4969.691999999998,21.931396714579055,4991.623396714577
7134,Tableware,3004,3004,1.0,0.9999990463255837,true,48901.12499999999,1829.1411088295697,50730.266108829564
7135,"Cloths, mops, sponges and brush",21985,21985,1.0,0.9960937499999007,false,66539.473,423.1155059548252,66962.58850595482
7136,"Cloths, mops, sponges and brush",12591,12591,1.0,0.9921874999999016,false,20650.532,135.45655154004103,20785.988551540042
7141,Laundry baskets,26948,26948,1.0,0.9999923706053688,false,1827454.6500000022,47514.77708131414,1874969.4270813165
7142,Baskets,8946,8946,1.0,0.9374999999999125,false,58206.218,396.06624969199197,58602.28424969199
7143,Baskets,12453,12453,1.0,0.74999999999995,false,253466.913,1786.014307186859,255252.92730718685
7144,Personal care,89392,84148,0.941337032396635,0.9999999403952553,false,112761.432,2003.1671457905545,114764.59914579056
7145,Storage boxes,6963,6963,1.0,0.874999999999925,false,305742.89900000003,3259.293693634497,309002.19269363454
7146,Storage boxes,6513,6513,1.0,0.74999999999995,false,121775.06600000005,2449.538396714577,124224.60439671463
7148,Wash treatment and accessories,3033,3033,1.0,0.9921874999999016,false,77637.42,285.3263819301841,77922.74638193018
7149,Wash treatment and accessories,1917,1917,1.0,0.874999999999925,false,75508.67100000006,226.46504353182755,75735.1360435319
7158,Cleaning products,18242,18242,1.0,0.9999389648436501,false,135303.67199999996,933.9543190965105,136237.62631909648
7161,Bathroom accessories,24507,24507,1.0,0.5,false,615585.9779999999,204371.32283408626,819957.3008340861
7162,Measuring and weighing,12537,12497,0.996809444045625,0.9999999403952553,false,162210.62199999994,1735.3221355236124,163945.94413552355
7163,Shoe maintenance,16679,16679,1.0,0.9843749999999032,false,327166.8680000001,1798.445088295691,328965.31308829575
7168,Electric personal care,6733,6733,1.0,0.9980468749999003,false,359325.72200000007,797.3817002053387,360123.1037002054
7177,Moisture treatment and climate,38435,38435,1.0,0.9921874999999016,false,2394601.335,5399.966519507189,2400001.301519507
7216,Photo frames & albums,13263,13263,1.0,0.9374999999999125,false,156422.88199999998,527.3361601642711,156950.21816016425
7225,Storage boxes,27545,27545,1.0,0.74999999999995,true,645282.6449999999,1893.5536427104712,647176.1986427103
7228,Kitchen helpers,2376,2342,0.9856902356902357,0.9999999403952553,true,119994.59499999994,3080.8281129363468,123075.42311293629
7230,Construction,1465,1465,1.0,0.9687499999999063,false,116136.26499999996,889.0094147843938,117025.27441478435
7236,Boys toys,18,18,1.0,0.5,true,4347.965999999999,392.2358094455848,4740.201809445584
7239,"Cloths, mops, sponges and brush",13469,13469,1.0,0.74999999999995,false,68651.352,1256.9887293634504,69908.34072936345
7240,Hobby and creative,226,226,1.0,0.5,true,7481.2919999999995,135.96756591375762,7617.259565913757
7242,Batteries,6646,6646,1.0,0.74999999999995,false,25856.908000000007,88.10313839835733,25945.011138398364
7244,Cleaning products,2,2,1.0,0.5,true,4066.111,290.4156636550316,4356.526663655031
0,total,20350013,19789651,0.9724638013744757,0.8190571509475453,false,933960424.719,88503753.57730226,1022464178.2963022
