article_id,article_name,total_demand,demand_satisfied_from_stock,achieved_fill_rate,target_fill_rate,slow_mover,holding_cost
1111,Puzzles,92,92,1.0,0.9999681964420646,true,260.90006735112905
1126,Table paper,3940,3940,1.0,0.9999947022293048,false,1028.8182012320335
1127,Table paper,16478,16478,1.0,0.9999987705518681,false,111.51369979466119
1129,Kitchen tools,5969,5969,1.0,0.999987798767435,false,312.5348184804929
1131,Bicycle accessories,5319,5319,1.0,0.9999961093160586,false,199.44946201232028
1134,Ironing boards,4323,4323,1.0,0.9998390211247665,false,1322.7168579055437
1135,"Cloths, mops, sponges and brush",9812,9812,1.0,0.9999987943394621,false,125.72108090349076
1136,Kitchen textile,9291,9291,1.0,0.9999976251698449,false,1262.2497597535933
1137,Table textiles,2134,2134,1.0,0.9999862245828468,false,175.77316221765906
1138,Table textiles,1839,1839,1.0,0.9999894399985019,false,140.03608952772086
1139,Table textiles,1671,1671,1.0,0.9999883614841344,false,155.224419301848
1141,Bath textiles and bath mats,40275,40275,1.0,0.9999994597029289,false,1112.0994147843946
1151,Outdoor toys,1211,1211,1.0,0.9999885767455282,true,671.8524969199178
1162,Light bulbs,3278,3278,1.0,0.9999967728713264,false,87.62410841889124
1164,Batteries,72564,69045,0.9515048784521251,0.9999976239311656,false,536.5018049281313
1166,Batteries,23330,23330,1.0,0.9999979025686351,false,184.33709445585214
1167,Batteries,59284,59284,1.0,0.9999952261540057,false,733.3550517453795
1170,Tableware,2968,2968,1.0,0.9999911161522615,false,146.46572032854206
1171,Stairs,9932,6275,0.6317962142569472,0.9999508113857517,false,722.717561396304
1172,"Cloths, mops, sponges and brush",22256,20392,0.9162473040977714,0.9999947865295823,false,577.5029609856261
1173,Racks and pockets,14647,13600,0.9285177852119888,0.9999973328534263,false,844.899097330595
1174,Store kitchen,3367,3367,1.0,0.9999657741106379,false,1240.7680332648883
1178,Baskets,7854,7850,0.9994907053730583,0.9999923686470183,false,152.8128776180698
1180,Construction,744,744,1.0,0.9999620488687615,true,1181.3084895277211
1182,Laundry baskets,15616,11195,0.7168929303278688,0.9999718594648864,false,617.3273926078028
1183,Baskets,6644,6644,1.0,0.9999948246952415,false,94.47437453798764
1184,Baskets,7237,7237,1.0,0.99999721607331,false,367.40516796714576
1186,Cleaning products,612,612,1.0,0.9999951104621914,true,281.75643942505127
1187,Suitcases,691,691,1.0,0.999935894611726,false,240.97018767967134
1188,Cleaning products,6544,6544,1.0,0.9999917569756875,false,238.21715811088302
1189,Wash treatment and accessories,308,308,1.0,0.9999914257316047,false,1367.2634406570844
1191,Cleaning products,39534,33485,0.8469924621844488,0.9999946248485726,false,304.69807556468163
1201,Electric personal care,10934,10934,1.0,0.9999936834534694,false,129.82939383983572
1202,Kitchen appliances,308,308,1.0,0.9999088437854678,false,2989.0199018480484
1205,Kitchen tools,32617,32617,1.0,0.9999991098388145,false,293.19506899383964
1209,Cooking pans,13941,10358,0.7429883078688759,0.9999623712880178,false,782.9598086242296
1218,Personal care,7639,7639,1.0,0.9999975199314687,false,74.31616262833677
1243,Photo frames & albums,17610,17610,1.0,0.9999982374977282,false,148.52529856262828
1245,Clocks,11810,11810,1.0,0.9999955283586858,false,986.3140258726903
1248,Coffee makers and kettles,22220,22220,1.0,0.9999217601232254,false,13909.643183572893
1253,Frying pans,5926,5926,1.0,0.999986293883146,false,382.84503490759766
1262,Construction,274,274,1.0,0.9999880116997872,true,180.88068418891194
1272,Hobby and creative,16598,16573,0.9984937944330642,0.9999892602432472,false,436.01204435318283
1282,Table paper,17848,17848,1.0,0.9999956899348196,false,1851.823052156057
1283,Measuring and weighing,17922,12564,0.7010378305992635,0.9999956839510171,false,264.54154209445585
1284,Ironing boards,5848,5838,0.9982900136798906,0.9998669355344136,false,558.8591063655031
1286,Ironing boards,16453,16453,1.0,0.9999959448665675,false,1366.2197104722795
1288,Drying racks,4537,4537,1.0,0.9999543561080573,false,13138.020543326475
1289,Bicycle accessories,5244,5244,1.0,0.9999877058114202,false,433.2583995893225
1290,Window and squeegees,50817,31350,0.616919534801346,0.9999942319224193,false,3023.727566324433
1293,Table textiles,904,904,1.0,0.9999853032490075,false,154.6703901437371
1294,Bed textile,3886,2867,0.7377766340710242,0.9999726613725675,false,2645.2096468172485
1296,Bath textiles and bath mats,26880,26880,1.0,0.9999935784710027,false,5157.483831622178
1304,Tableware,5563,5563,1.0,0.9999904923134245,true,1203.4165564681725
1307,Suitcases,491,491,1.0,0.999882776275893,false,410.64509363449633
1314,Dishwashing articles,284,284,1.0,0.9999899131337885,false,6583.012386036961
1316,Cutlery,2105,2105,1.0,0.9999986592760942,false,23.96831622176592
1318,Foods,634,634,1.0,0.9999973053933815,false,112.88888501026703
1321,Vases,434,434,1.0,0.9999940950382432,false,80.39643449691992
1322,"Glasses (drink, beer, wine etc)",417,417,1.0,0.9999974935985975,false,74.97744558521559
1327,Tableware,4841,4841,1.0,0.9999956726667316,false,104.36726611909651
1330,Cutlery,2487,2487,1.0,0.9999908138663783,false,123.18912197125253
1333,Cutlery,418,418,1.0,0.999988808572832,true,107.26908090349076
1334,Hobby and creative,1836,1836,1.0,0.9999961313735075,true,38.15155523613961
1337,Hobby and creative,6390,6390,1.0,0.9999918784738695,false,133.23859219712523
1340,Games,5073,5073,1.0,0.9999759135797357,true,1058.5307117043121
1347,Stuffed animals,3581,3581,1.0,0.9999918574649941,false,70.44801437371662
1352,Hobby and creative,252,252,1.0,0.9999658704028958,true,1628.8021006160168
1356,"Glasses (drink, beer, wine etc)",8720,8720,1.0,0.9999920778263315,false,268.4287843942503
1357,"Glasses (drink, beer, wine etc)",1325,1325,1.0,0.9999965324256627,false,132.8612131416838
1361,Light bulbs,1538,1538,1.0,0.9999958128331956,false,89.78127268993836
1362,Batteries,114318,114318,1.0,0.9999978945952962,false,543.7083696098564
1368,"Glasses (drink, beer, wine etc)",5144,5144,1.0,0.9999973689857884,false,59.086522792607795
1369,"Glasses (drink, beer, wine etc)",1827,1827,1.0,0.9999939543186916,true,177.68164394250513
1373,Wash treatment and accessories,8522,8470,0.9938981459751232,0.9999975659708148,false,49.68660369609855
1378,Drink & food To Go,7829,7713,0.9851832928854259,0.9999911417951005,false,195.00908747433283
1379,Window and squeegees,74989,67275,0.8971315792982971,0.9999988021257982,false,179.83822464065713
1380,Window and squeegees,115118,94720,0.8228079014576348,0.9999908285361382,false,2161.263338809034
1382,Others,3977,3977,1.0,0.9999951590623457,false,502.23915359342897
1383,Table textiles,36285,36285,1.0,0.9999980411653894,false,1114.2126731006158
1384,Baskets,2516,2516,1.0,0.9999704580323584,false,303.7647154004105
1389,Tea and coffee,2698,2698,1.0,0.9999815478280013,true,117.70042915811086
1393,Kitchen helpers,9099,8989,0.9879107594241126,0.9999941299603735,false,226.2846160164271
1397,Tableware,8845,8845,1.0,0.9999986038934999,false,546.2738595482546
1399,Store kitchen,40,40,1.0,0.9999188664946548,true,1524.875204928128
1403,Mugs and cups,25804,4695,0.18194853511083553,0.9999965462788055,false,4236.946623819301
1433,Puzzles,9388,4739,0.5047933532168726,0.9999282722560036,true,4718.05089445585
1438,Measuring and weighing,45133,13185,0.2921365741253628,0.9999979829380267,false,1468.0501650924023
1440,"TV, Audio & Video",13952,13952,1.0,0.9999525324135724,true,921.8507556468172
1444,Planks,19061,19061,1.0,0.9999924422955374,false,8695.909416016424
1445,Kitchen tools,8382,8382,1.0,0.9999935886907211,false,495.7497281314164
1446,Cutlery trays,45371,45371,1.0,0.9999916648048632,false,653.6857921971256
1448,Store kitchen,9369,9369,1.0,0.9999945187628186,false,250.92988829568787
1449,Drying racks,2043,2043,1.0,0.9999749713482053,true,524.6675761806977
1451,Foils and bags,165,165,1.0,0.9999900314613381,true,2409.1557905544128
1453,Bathroom accessories,35159,35159,1.0,0.9999979564188939,false,2749.1396817248465
1456,Baskets,2884,2884,1.0,0.9999952102582295,false,298.9324271047227
1458,Baskets,8054,8054,1.0,0.9999987746503233,false,211.48431047227933
1460,Baskets,10458,10458,1.0,0.9999974546877042,false,81.7926570841889
1461,Baskets,12061,12061,1.0,0.9999967942119196,false,119.91227104722788
1462,Storage boxes,6753,6753,1.0,0.9999852464554327,false,302.27363490759757
1463,Bed textile,734,734,1.0,0.9999792930093742,true,1696.1892665297728
1466,Cleaning products,6666,6640,0.9960996099609961,0.9999908461495884,false,180.14579055441467
1468,Cleaning products,5087,5087,1.0,0.9999872157649284,false,261.5060373716633
1469,Cleaning products,84368,47265,0.5602242556419496,0.9999577816584058,true,23632.5845100616
1470,Cleaning products,7796,7796,1.0,0.9999992288603478,false,56.25326488706365
1471,Window and squeegees,10616,9572,0.9016578749058025,0.9998960050003578,false,2360.1491786447627
1474,Ironing,6607,3771,0.5707582866656576,0.9995117406459936,false,5679.651502258728
1477,Frying pans,1118,522,0.4669051878354204,0.9998921096777679,false,348.26127474332645
1490,Easter,22451,15708,0.699657030867222,0.9999809771292142,false,1443.8766726899378
1508,Teletoys,946,946,1.0,0.999983680622968,false,364.52800410677577
1512,Hobby and creative,304,304,1.0,0.9999802155472204,true,181.65735646817257
1514,Tableware,2077,2077,1.0,0.9999959106295283,false,113.29863655030802
1527,Wash treatment and accessories,8366,5668,0.6775041836002869,0.9999759363904365,false,452.10617700205313
1531,Drink & food To Go,1940,1940,1.0,0.9999828992636427,false,598.4974127310059
1533,"Cloths, mops, sponges and brush",12046,12046,1.0,0.9999953308981195,false,408.85754086242264
1537,Cutlery,3376,3376,1.0,0.9999343743477211,false,405.371911704312
1538,Drying racks,26,26,1.0,0.9999784086772405,false,2768.583770020543
1540,Bicycle accessories,1653,1653,1.0,0.9999198294259649,true,5758.12352320329
1545,Table textiles,759,759,1.0,0.9999755302907474,true,757.9044398357288
1548,Ironing board textiles,33710,33704,0.9998220112726194,0.9999934808347629,false,1211.566180698152
1559,Tea and coffee,17942,17842,0.9944264853416565,0.9999966610801618,false,213.31739630390157
1561,Tea and coffee,502,502,1.0,0.9999980513089333,false,201.6391827515401
1564,Tableware,6517,6517,1.0,0.9999973277578839,false,278.0987022587269
1570,Kitchen tools,523,523,1.0,0.9999753070614043,false,277.1531560574948
1571,Tableware,3657,3657,1.0,0.9999982181920326,false,44.0835277207392
1575,"Cloths, mops, sponges and brush",2108,2108,1.0,0.9999957487636464,false,217.56341232032847
1582,Light bulbs,7425,7425,1.0,0.9999987255096533,false,89.08770924024634
1584,Light bulbs,845,845,1.0,0.9999935907157543,false,107.99535030800824
1585,Boys toys,1697,1697,1.0,0.9999761992705587,false,429.38654579055435
1589,Planks,346,346,1.0,0.9999949381009747,false,177.39863408624228
1593,Puzzles,510,510,1.0,0.9999693155169939,false,336.0531971252568
1597,Hobby and creative,3078,3078,1.0,0.9999956262635883,false,67.06980287474333
1605,Puzzles,4065,4065,1.0,0.9999929179627327,false,45.945136755646736
1606,Games,5212,5148,0.9877206446661551,0.9999911960063232,false,72.86038110882961
1607,Hobby and creative,3304,3304,1.0,0.9999903074457271,false,65.98630349075977
1612,Foodprep,20935,20935,1.0,0.9999644111817595,false,24953.617466940475
1617,"Glasses (drink, beer, wine etc)",1191,1191,1.0,0.9999977175752842,false,121.97699794661193
1618,"Glasses (drink, beer, wine etc)",13542,13245,0.9780682321665928,0.9999954312489564,false,210.57586858316228
1619,Residential odors,233,233,1.0,0.9999965794221419,false,53.046143737166275
1621,Waste bins,2342,945,0.4035012809564475,0.9999551108259755,true,149.7916229979466
1623,Kitchen helpers,15885,15885,1.0,0.9999964215266853,false,2120.337141683778
1624,Cutlery,24225,22236,0.9178947368421052,0.9999968124889645,false,1544.5948172484595
1626,Drying racks,13613,13613,1.0,0.9999657379420863,false,1219.983475154005
1631,Tea and coffee,22966,5153,0.22437516328485588,0.9999977396816923,false,871.1778965092406
1636,Tableware,195,195,1.0,0.9999375679685607,true,452.25034250513386
1637,Tea and coffee,12599,12599,1.0,0.9999936567208817,false,2669.5516250513338
1643,Light bulbs,9442,9442,1.0,0.9999985676338616,false,106.19934291581114
1646,Tea and coffee,63365,44382,0.7004182119466582,0.9999978061886357,false,548.730143737166
1650,Hobby and creative,11074,11074,1.0,0.9999907631350166,false,308.3162217659136
1661,Coffee makers and kettles,2701,1787,0.6616068122917438,0.9998034349938554,true,3758.6095034907626
1662,Batteries,19629,19629,1.0,0.9999959848085865,false,216.2392135523614
1663,Hobby and creative,389,389,1.0,0.9999915553741696,true,90.08235893223812
1665,Bakeware,25086,24261,0.967113130829945,0.99999146608564,false,735.0869236139633
1666,Electric personal care,74624,74624,1.0,0.999966960052267,false,5347.950675154004
1668,"Cloths, mops, sponges and brush",132035,103163,0.78133070776688,0.9999964014834254,false,3829.378051745377
1669,Store kitchen,8023,8023,1.0,0.9999916143536431,false,313.04185420944566
1670,Bathroom accessories,3440,3440,1.0,0.9999862198945305,true,982.5770780287459
1672,Watering cans,78661,76523,0.9728200760224254,0.9999975510674921,false,1610.8586858316219
1675,Baskets,14826,14826,1.0,0.9999979796832611,false,116.72744065708422
1678,Wash treatment and accessories,3277,3277,1.0,0.9999935526313315,false,60.46336960985625
1679,Cleaning products,6798,6798,1.0,0.999986633098621,false,226.89797125256675
1680,Cleaning products,93767,80353,0.8569432742862627,0.9999958965652733,false,471.7454833675566
1681,Cleaning products,9638,9638,1.0,0.9999964196662712,false,188.10973798767952
1688,Personal care,158518,97302,0.6138230358697435,0.9999983897886999,false,429.4744410677618
1689,Personal care,174664,133934,0.7668094169376631,0.9999972891730157,false,659.1866365503079
1693,Coffee makers and kettles,11342,10510,0.9266443308058544,0.999966960507466,false,1033.8356402464067
1694,Electric personal care,71697,47572,0.6635145124621672,0.9999772703791096,false,12441.033941273101
1711,Small garden,7132,7132,1.0,0.9999974121819162,false,544.5608229979465
1724,Candles & Tealights,366,366,1.0,0.9999989483030397,true,412.5529659137572
1738,Partyfun,38737,38737,1.0,0.9999996701258687,false,36.18836427104722
1739,Vases,5588,5305,0.9493557623478883,0.9999929588690518,false,146.81310143737156
1753,Others,1373,1373,1.0,0.9999940331563547,false,147.27459548254618
1760,Kitchen tools,172,172,1.0,0.9999654466163359,true,475.6075400410675
1762,Teletoys,337,337,1.0,0.9999869461622739,false,66.76198398357285
1763,Hobby and creative,16,16,1.0,0.9999858625078913,true,113.78779137576979
1764,Hobby and creative,235,235,1.0,0.9999924479602859,true,11453.409322792597
1766,Puzzles,37,37,1.0,0.9999856760847128,true,123.08506488706384
1771,Cleaning products,7304,6690,0.9159364731653888,0.9999716219084248,false,417.8301494866523
1772,Window and squeegees,22402,21351,0.9530845460226766,0.9999843972581562,false,824.2189096509239
1773,Cleaning products,2604,2604,1.0,0.9999967957322998,false,168.54530143737165
1774,"Cloths, mops, sponges and brush",6943,6943,1.0,0.9999891367284686,false,289.0786492813142
1783,Personal care,261084,260685,0.9984717562163902,0.9999990401222381,false,424.70399999999995
1784,Cutlery,4160,4160,1.0,0.9999850902596663,false,166.75226652977406
1786,Racks and pockets,26438,26438,1.0,0.999972615656149,false,8743.235349486657
1787,Stairs,9565,9351,0.9776267642446419,0.999945959555786,false,1085.227561806981
1795,"Cloths, mops, sponges and brush",2776,2776,1.0,0.999998721703831,false,77.29177494866536
1797,Kitchen textile,4896,4896,1.0,0.9999956950782082,false,142.35677207392195
1799,Bath textiles and bath mats,69817,69817,1.0,0.9999963022022536,false,7141.680574948667
1806,Mugs and cups,54526,54526,1.0,0.9999957629475578,false,14244.788309650927
1813,Tea and coffee,17580,16595,0.9439704209328783,0.9999974957318375,false,271.9758123203283
1815,Light bulbs,1805,1805,1.0,0.9999974990834282,false,55.632159342915784
1821,"Glasses (drink, beer, wine etc)",24,24,1.0,0.999971628966515,true,134.9505880903489
1823,Drinks,467,467,1.0,0.9999922553553122,false,205.26288870636557
1826,"Cloths, mops, sponges and brush",691,691,1.0,0.9999990433050364,false,352.219589322382
1828,Foods,79,79,1.0,0.9999984412756772,false,78.71345051334698
1829,"Glasses (drink, beer, wine etc)",1635,1635,1.0,0.9999964219458437,false,48.276662833675566
1831,Bakeware,417,417,1.0,0.9999646080518296,true,329.9353552361395
1832,Tableware,5985,5985,1.0,0.9999911507211812,false,310.8149371663248
1833,Special pans,482,482,1.0,0.9998206598453073,true,392.6905133470221
1850,Girls toys,833,833,1.0,0.9999784741558081,true,170.8830829568788
1862,Coffee makers and kettles,210,210,1.0,0.9999842467019618,false,121793.68050924024
1868,Small storage,26244,26244,1.0,0.9999990198032385,false,136.3239392197124
1872,Toilet accessories,11682,11238,0.9619928094504365,0.9999931828642565,false,469.24930349075953
1874,Serve and present,619,619,1.0,0.9999927255102187,false,42.162638603696095
1876,Bathroom accessories,635,635,1.0,0.9999949010941944,false,35.34932443531829
1878,Bathroom accessories,1466,1466,1.0,0.9999945911877505,false,50.15193264887063
1879,Travel accessories,565,565,1.0,0.999995905925825,false,56.10311704312113
1880,Laundry baskets,20385,15722,0.7712533725778759,0.9999624018856769,false,1270.9298143737158
1882,Baskets,17633,17633,1.0,0.9999967274598637,false,205.15714989733058
1883,Baskets,10058,10058,1.0,0.9999979758852953,false,64.29025667351128
1884,Storage boxes,28789,28789,1.0,0.9999651297888541,false,1814.5335289527723
1886,Personal care,58240,57412,0.9857829670329671,0.9999990102043793,false,139.5578702258727
1887,Foods,976,976,1.0,0.9999983528624148,false,58.28690143737167
1889,Tools,4587,3200,0.697623719206453,0.9999869276483674,false,194.72885749486662
1891,Toilet cleaners and odors,5007,5007,1.0,0.9999973663530087,false,60.44231211498971
1892,Wash treatment and accessories,11153,11153,1.0,0.9999892074954967,false,393.5363433264888
1893,Cleaning products,5100,5100,1.0,0.9999889174414588,false,185.49117166324433
1894,Cleaning products,3566,3566,1.0,0.9999757315325152,false,257.09215071868596
1898,Cleaning products,24615,23052,0.9365021328458257,0.9999958791485477,false,199.50302997946602
1903,Residential odors,5082,5082,1.0,0.9999949171242053,false,80.88633388090348
1904,Dishwashing articles,47415,43459,0.9165664873985025,0.9999983823390124,false,482.23986899383993
1905,Stationary,75818,75818,1.0,0.9999994935745145,false,313.1552197125256
1906,Drink & food To Go,15968,15968,1.0,0.9999982298525391,false,188.89326940451747
1908,Drink & food To Go,9567,7780,0.8132120832026759,0.9999920573674931,false,530.7200320328548
1917,Frying pans,23580,17855,0.7572094995759118,0.9999794306371473,false,1460.6414599589305
1944,Candles & Tealights,14263,14263,1.0,0.9999910245716117,false,1648.0928903490753
1945,Candles & Tealights,217,217,1.0,0.9999983526272026,true,131.4207597535934
1947,Candles & Tealights,15118,15118,1.0,0.9999945214026089,true,487.75724599589375
1948,Candles & Tealights,16364,16319,0.9972500611097531,0.9999956169005672,false,215.33833798767967
1965,Residential odors,15343,12290,0.8010167503095874,0.9999967839035995,false,63.844404106776175
1970,Photo frames & albums,2322,2322,1.0,0.9999962923121509,false,69.99268377823411
1981,Foodprep,1007,1007,1.0,0.9998178992028361,true,4656.684102258727
1982,Drink & food To Go,17276,9289,0.5376823338735819,0.9999826185086238,true,1353.1671971252572
1997,"Glasses (drink, beer, wine etc)",2163,1633,0.7549699491447064,0.9999964673030242,false,10.039057905544146
2004,Knives,215,215,1.0,0.9999178561060035,true,1115.3814804928134
2006,Fans and electric blankets,778,778,1.0,0.9999813659168625,false,413.79745092402464
2007,Table textiles,296,296,1.0,0.9999917371282824,true,187.47573921971244
2009,Hobby and creative,414,414,1.0,0.9999754838642056,false,83.99504106776179
2011,Boys toys,9799,9799,1.0,0.9999965956881733,false,85.05898932238196
2014,"Glasses (drink, beer, wine etc)",2430,2430,1.0,0.9999985185783109,false,83.32607967145792
2019,Shoe maintenance,1403,1403,1.0,0.9999138188574865,false,415.7101470225873
2021,Baskets,4366,4366,1.0,0.999993538405116,false,89.00267433264897
2023,Vacuuming,140,140,1.0,0.9999862469730069,false,40461.52491047228
2024,Toilet accessories,15767,15303,0.970571446692459,0.9999769739747265,false,728.3534324435313
2025,Knives,62750,60827,0.9693545816733068,0.9999985597656416,false,1507.303862422998
2030,Ironing board textiles,18520,18520,1.0,0.9999944936246529,false,679.1957642710474
2035,Bed textile,660,660,1.0,0.9999527377672058,true,5989.796336755658
2045,Shopping bags and trolleys,6342,6342,1.0,0.9999979589240093,false,93.22789158110885
2049,Hobby and creative,10656,10656,1.0,0.9999855717557867,false,363.9233823408625
2050,Boys toys,2569,2569,1.0,0.9999970744330752,false,43.81712525667351
2055,Hobby and creative,5984,5984,1.0,0.9999952564010278,false,73.6135983572895
2062,Hobby and creative,2094,2094,1.0,0.9999729568386233,false,295.43823696098565
2069,Hobby and creative,2593,2593,1.0,0.9999897808044594,false,66.32019055441475
2072,Foodprep,3883,3883,1.0,0.9999372544661044,false,664.5879486652979
2077,Small storage,41641,41641,1.0,0.9999991297359906,false,225.8586796714579
2078,Racks and pockets,23620,23620,1.0,0.999994707360832,false,404.00786611909655
2082,Waste bins,5133,5133,1.0,0.9999830285609587,false,154.9985277207392
2085,"Cloths, mops, sponges and brush",13906,13906,1.0,0.9999957166763083,false,343.73361149897346
2086,Cutlery,2392,2392,1.0,0.999998038998318,false,76.5861519507187
2087,Cleaning products,11109,11109,1.0,0.9999968330928444,false,142.3582496919918
2088,Cleaning products,3531,3531,1.0,0.9999949489598201,false,71.01990431211507
2092,Cleaning products,2657,2657,1.0,0.999997699655858,false,17.00371868583162
2093,Cleaning products,4446,4446,1.0,0.9999875478521809,false,108.96370472279256
2094,Wash treatment and accessories,22885,22885,1.0,0.9999829286463999,false,4452.666161396306
2097,Shoe maintenance,6599,6599,1.0,0.9999168242984414,false,1945.7829166324434
2099,Store kitchen,2182,1971,0.9032997250229148,0.9999753000278563,true,857.6749281314164
2101,Coffee makers and kettles,13360,12682,0.949251497005988,0.9999752064735866,false,788.3852484599583
2102,Electric personal care,44172,38267,0.8663180295209635,0.9999751139727862,false,3109.5728755646815
2103,Coffee makers and kettles,1880,1880,1.0,0.9999832586346531,true,168.51834209445585
2109,Pan sets,3333,3333,1.0,0.9999211086821944,false,937.1774956878843
2114,Construction,382,382,1.0,0.9999886396210678,false,112.25143367556461
2135,Watering cans,6662,6662,1.0,0.9999962271552199,false,166.38726899383974
2152,Tableware,1109,646,0.5825067628494139,0.9999819789642822,true,2076.9017162217656
2153,Teletoys,446,446,1.0,0.9999770875326734,false,538.0176197125259
2159,Phones,35,35,1.0,0.9999817741178513,true,13.774758110882958
2161,Boys toys,830,830,1.0,0.9999812418819084,false,123.90838275154
2163,Boys toys,1938,1938,1.0,0.9999820603822692,true,109.33886160164272
2164,Foods,794,794,1.0,0.9999985711288318,false,30.772244353182757
2165,Games,404,370,0.9158415841584159,0.9999058659991121,false,3384.8333034907605
2167,Games,1476,1476,1.0,0.999938274452314,true,802.1614209445588
2170,"Glasses (drink, beer, wine etc)",895,895,1.0,0.9999918314688437,false,195.17782053388103
2179,Window and squeegees,7822,7261,0.9282792124776272,0.9999461656311367,false,806.1920870636545
2182,Cleaning products,49145,47751,0.9716349577780039,0.9999899687093327,false,384.1811667351132
2183,"Cloths, mops, sponges and brush",8299,8299,1.0,0.999997291692502,false,100.61303819301848
2185,Special pans,23039,23039,1.0,0.9999965818625,false,2578.412797946612
2188,Cutlery,4779,4779,1.0,0.9999922561404807,false,267.1216673511295
2189,Toilet accessories,12701,12579,0.9903944571293599,0.999983027650433,false,456.1145092402462
2190,Window and squeegees,56073,56073,1.0,0.9999957888548546,false,592.2290090349078
2192,Clothes hangers,51913,51913,1.0,0.9999975668616431,false,7906.367462833674
2194,Wash treatment and accessories,24294,24294,1.0,0.9999965939572623,false,3629.10201190965
2195,Table textiles,885,885,1.0,0.9999819954747245,false,184.24718685831616
2196,Table textiles,3060,3060,1.0,0.99999010354548,false,157.8331252566737
2200,Bath textiles and bath mats,14253,13867,0.9729179821791903,0.9999979576448951,false,776.2183774127308
2202,Bed textile,2926,2926,1.0,0.9999811008135052,false,3320.370030390145
2212,Thermos jugs,1159,1159,1.0,0.9999794867550523,false,302.88139301848025
2218,Tableware,1039,1039,1.0,0.9999848026219091,false,73.96009691991782
2219,Thermos jugs,1998,1912,0.9569569569569569,0.9999512996724341,false,326.1647901437371
2221,Planks,2424,2424,1.0,0.9999928845044888,false,112.58497577002069
2223,Cutlery,1504,1504,1.0,0.9999880918896513,false,317.2291018480494
2224,Personal care,121,121,1.0,0.999988711000584,false,398.3801679671469
2225,Personal care,167,167,1.0,0.9999992553795988,false,4.479094455852158
2228,Tableware,7343,7343,1.0,0.9999967007143122,false,332.0711141683777
2230,"Cloths, mops, sponges and brush",775,775,1.0,0.9999988383404078,true,344.66583901437383
2232,"Cloths, mops, sponges and brush",380,380,1.0,0.9999989646440393,false,321.92640657084195
2246,Baby / Toddler,479,479,1.0,0.9999874845001486,false,81.42191006160162
2256,Baby / Toddler,1235,1235,1.0,0.9999762600179,true,312.99301232032803
2264,Personal care,6516,6292,0.9656230816451811,0.9999986049460774,false,65.2561388090349
2265,Drink & food To Go,13824,13585,0.9827112268518519,0.9999971036613181,false,231.07373716632438
2269,Baskets,4362,4362,1.0,0.9999837605934154,false,216.53691047227917
2270,Euro articles,1960,1960,1.0,0.9999978636119452,false,53.08299794661189
2271,"Cloths, mops, sponges and brush",69775,61543,0.8820207810820494,0.9999977688520347,false,971.4036579055439
2273,Tea and coffee,3785,3785,1.0,0.9999849740709971,true,256.60167063655047
2282,"Cloths, mops, sponges and brush",1592,1592,1.0,0.9999995260531537,false,151.20703737166335
2283,Ironing board textiles,50860,50860,1.0,0.9999956193553464,false,1329.4380566735117
2288,Bed textile,12367,12367,1.0,0.9999921316993,false,5332.621756057495
2291,Mugs and cups,29430,4604,0.1564390078151546,0.99999611852178,false,6717.989381519506
2330,Store kitchen,3359,3359,1.0,0.9999983610656894,false,18.214373716632437
2336,Vacuuming,12394,12394,1.0,0.9999923485063178,false,1743.6553926078027
2337,Light bulbs,4048,4048,1.0,0.9999966953204775,false,123.05611622176596
2341,Store kitchen,338,338,1.0,0.999990645073495,true,326.696364681725
2342,Drink & food To Go,19763,18943,0.9585083236350757,0.9999920327672354,false,548.7148644763859
2344,"Cloths, mops, sponges and brush",46435,34508,0.7431463335845806,0.9999960360684542,false,1103.6592689938402
2345,Kitchen tools,8390,8275,0.9862932061978545,0.9999864637647478,false,303.7438763860369
2350,Baskets,11259,11259,1.0,0.9999966044534803,false,167.58812977412728
2353,Cleaning products,12814,12814,1.0,0.999991228081101,false,301.29353429158095
2354,Cleaning products,6489,6489,1.0,0.9999892568561468,false,168.97499794661195
2355,Suitcases,367,367,1.0,0.9998893181065511,false,304.1925893223818
2356,Cleaning products,4859,4859,1.0,0.9999979468661004,false,35.84350431211499
2359,Foods,466,466,1.0,0.9999983857386929,false,77.56491581108833
2361,Cleaning products,34,34,1.0,0.9999980257511991,false,93.5334422997945
2363,Residential odors,7433,7433,1.0,0.9999976258086994,false,231.74821232032863
2364,Personal care,67167,67167,1.0,0.9999982491976053,false,169.1671745379877
2369,Window and squeegees,1748,1130,0.6464530892448512,0.9999536202351692,false,1054.6091248459963
2370,Ironing,18545,14517,0.7827985980048531,0.9999670819295096,false,2446.0950924024646
2379,Pan sets,5909,5909,1.0,0.9998986199398083,false,1830.429580287474
2391,Foods,638,638,1.0,0.9999962678559403,false,111.76869815195074
2394,Residential odors,10216,10216,1.0,0.9999987265830219,false,38.16247638603696
2402,Baby / Toddler,86,86,1.0,0.9999530546992065,true,400.29860205338787
2406,Partyfun,2088,2088,1.0,0.9999992734309544,false,55.850398357289556
2408,Construction,324,324,1.0,0.9999906368708048,false,46.829223819301845
2410,Construction,446,446,1.0,0.9999821314774474,false,172.73057700205325
2412,Electric personal care,242,242,1.0,0.9997166716239422,true,715.735603285421
2415,Batteries,1114,1114,1.0,0.9999902570779217,false,50.08155893223819
2416,Construction,379,379,1.0,0.9999644575707902,true,486.4280911704313
2421,Ironing,1645,864,0.5252279635258359,0.9999214844107527,false,390.6855178644764
2423,Store kitchen,13821,13821,1.0,0.9999985710305159,false,61.34587268993837
2430,Baskets,3902,3902,1.0,0.999981287996981,false,211.8974455852156
2435,Vacuuming,258,258,1.0,0.9999944698812997,false,7550.848254620123
2436,Bakeware,53806,53806,1.0,0.9999980686066373,false,505.8011531827513
2437,Knives,56854,45377,0.7981320575509199,0.9999989416904574,false,1155.2190468172491
2441,Window and squeegees,28572,28097,0.9833753324933502,0.9999972412182266,false,500.0950406570841
2443,Drying racks,20986,16456,0.7841418088249309,0.9999224142188077,false,17982.65070143738
2445,Partyfun,45597,45597,1.0,0.9999962146100365,false,374.40411006160184
2449,Tableware,42050,42050,1.0,0.9999972334488356,false,2490.67907556468
2451,Mugs and cups,14992,6065,0.40454909284951973,0.9999975046480073,false,1122.8501585215604
2454,Tableware,11828,4759,0.40235035508961786,0.9999953235132419,false,946.7717618069814
2463,Tableware,995,473,0.47537688442211057,0.999815232286634,false,1004.0286110882963
2465,Tableware,7123,5868,0.8238101923346904,0.9999919370272337,false,173.43468788501016
2471,Vases,270,270,1.0,0.9999948710999168,false,61.11066694045173
2474,Tableware,2818,2818,1.0,0.9999972744386756,false,1624.9459630390133
2478,Kitchen tools,935,935,1.0,0.9999960536639079,false,100.3589252566735
2486,Dishwashing articles,169,169,1.0,0.999998513532654,false,502.8465724845994
2494,Oven dishes,1096,1096,1.0,0.9999941633890682,false,253.05509404517468
2495,Drinks,707,707,1.0,0.999996809086116,false,161.15834661190962
2497,Table paper,1154,1154,1.0,0.999993389433833,false,162.2232492813141
2498,Thermos jugs,1093,1086,0.9935956084172004,0.9999776905951094,false,105.29667351129372
2499,Foils and bags,133,133,1.0,0.9999864845091534,true,3305.507118685831
2505,Pan sets,102,102,1.0,0.9994277750933604,true,386.7923737166327
2511,Games,3273,3273,1.0,0.9999733041005254,false,149.34314579055447
2518,Games,1849,1849,1.0,0.9998554850766161,true,3869.998640657083
2519,"Glasses (drink, beer, wine etc)",1498,1498,1.0,0.9999975823032333,true,2342.7256180698128
2525,Table paper,7359,7287,0.9902160619649409,0.9999994156273257,false,35.636134702258715
2526,Table paper,10145,10145,1.0,0.9999994349264428,false,41.080372484599586
2529,Store kitchen,5932,5800,0.9777478084962913,0.9999625025629675,false,335.12063613963045
2531,Drying racks,7029,7029,1.0,0.9999646197506749,false,758.2883876796715
2532,Ironing boards,209,209,1.0,0.9998295940504746,false,1702.7639885010262
2544,Mugs and cups,22605,10121,0.44773280247732805,0.9999947857740383,false,5223.194220123201
2549,Serve and present,10114,10114,1.0,0.9999933388762489,false,190.34153634496917
2579,Coffee makers and kettles,16662,16662,1.0,0.9999632727002683,false,1248.907814373717
2580,Vacuuming,35919,35919,1.0,0.9999929869159868,false,2452.418305954826
2584,Store kitchen,59182,59182,1.0,0.9999951809647061,false,524.4244850102667
2585,Store kitchen,35781,35781,1.0,0.9999962247015961,false,312.621161396304
2587,Bathroom accessories,27717,27717,1.0,0.9999976610771723,false,310.9975207392196
2588,Watering cans,37586,37586,1.0,0.9999982539452451,false,151.76102340862417
2589,Bathroom accessories,4163,4163,1.0,0.9999958920291508,false,64.07992607802873
2591,Tea and coffee,15093,15093,1.0,0.9999843188426903,false,15937.274196714588
2592,Storage boxes,1447,1447,1.0,0.9999778783712855,false,267.6278205338808
2594,Cleaning products,4592,4592,1.0,0.9999950381861131,false,80.35377043121152
2596,Cleaning products,7201,7201,1.0,0.9999913490935147,false,388.06279753593395
2597,Cleaning products,3028,2973,0.9818361955085865,0.9999973855608465,false,59.50729034907598
2599,Wash treatment and accessories,48483,44508,0.918012499226533,0.999995487350807,false,1059.1544361396302
2600,Cleaning products,2342,2342,1.0,0.9999992754557161,false,33.33407474332648
2601,Wash treatment and accessories,4662,3788,0.8125268125268126,0.9999909442147613,false,214.96410677618064
2602,Foils and bags,15789,15789,1.0,0.9999925654946741,false,526.2245946611908
2604,Cleaning products,57483,49116,0.8544439225510151,0.999994846343227,false,217.35595071868576
2605,Vacuuming,124528,122884,0.9867981498136965,0.9999985245659037,false,709.6237552361395
2606,Personal care,134990,90030,0.6669382917253129,0.9999975511801896,false,507.03885667351153
2608,Coffee makers and kettles,9533,9533,1.0,0.9999285841725252,false,1243.1417117043113
2613,Cooking pans,1807,1632,0.9031543995572773,0.9999549674607218,true,335.9527162217659
2634,Candles & Tealights,7570,7570,1.0,0.9999923145220676,true,441.3339445585211
2637,Vases,1740,1740,1.0,0.9999943464780938,false,78.20939014373714
2645,Partyfun,13099,12979,0.990838995343156,0.999997491038568,false,98.33651170431206
2646,Photo frames & albums,12645,12645,1.0,0.9999985873928919,false,119.3670328542094
2652,Construction,345,345,1.0,0.9999676309351128,false,314.37235441478447
2654,Tableware,3460,2510,0.7254335260115607,0.9997794359510926,true,6236.849075975358
2658,Fans and electric blankets,536,536,1.0,0.9999894890129758,false,110.72616960985624
2660,Electric personal care,1660,1660,1.0,0.9999701726475076,false,242.7677733059548
2661,Phones,48,48,1.0,0.9999915661953355,true,12.436139630390162
2665,Others,1759,1759,1.0,0.9999972587683027,true,351.51539507186845
2667,Store kitchen,688,688,1.0,0.9999892033625462,true,223.80063080082127
2671,Games,10032,10032,1.0,0.9999670080641678,false,648.2262320328541
2672,Tea and coffee,13687,13687,1.0,0.9999971069013048,false,173.0967589322381
2674,Stuffed animals,2175,2175,1.0,0.9999786276199126,false,150.52371088295683
2677,"Glasses (drink, beer, wine etc)",1833,1465,0.7992362247681397,0.9999685290742559,false,182.7735934291583
2680,Drink & food To Go,16441,16441,1.0,0.9999973474105724,false,389.77153634496926
2686,Kitchen tools,4880,4774,0.9782786885245902,0.999987653352901,false,188.96767638603689
2688,Foils and bags,70520,70520,1.0,0.9999993111123127,false,173.50505297741262
2689,Vacuuming,150,150,1.0,0.9999862840248762,false,13319.720078028746
2690,Gift,37683,32657,0.8666242072021867,0.9999993533782545,false,334.6558648870637
2691,Toilet accessories,3832,3832,1.0,0.9999842555600618,false,235.35374127310047
2694,Bathroom accessories,8885,8885,1.0,0.9999856097203924,false,289.4749067761806
2698,Kitchen helpers,5042,5042,1.0,0.9999910080430167,false,277.19329609856266
2699,Window and squeegees,26092,26092,1.0,0.999998856761739,false,304.00652156057515
2701,Ironing board textiles,23297,23297,1.0,0.9999978170754149,false,329.37561108829544
2702,Table textiles,533,533,1.0,0.9999843277481656,false,126.09130472279263
2718,Bathroom accessories,1192,1192,1.0,0.9999800395066396,false,217.91379466119096
2719,Light bulbs,4294,4294,1.0,0.9999955401906901,false,238.4017626283368
2720,Cleaning products,4467,4467,1.0,0.999998730626112,false,47.178769609856275
2730,Kitchen tools,1890,1890,1.0,0.9999904544962956,false,389.83906694045174
2732,Cutlery,2954,2954,1.0,0.9999990551225926,false,21.720675154004127
2736,Oven dishes,886,886,1.0,0.9999621351971274,true,182.2741815195073
2745,Stuffed animals,2455,1726,0.7030549898167006,0.9999816863556129,true,140.12923696098565
2748,Stuffed animals,79,79,1.0,0.9999944615461709,true,208.39980287474333
2758,Baby / Toddler,165,165,1.0,0.9999860344856708,true,287.1286390143731
2761,Kitchen helpers,1990,1990,1.0,0.9999460201300517,true,1097.6438973305944
2763,Dishwashing articles,103294,61786,0.5981567177183573,0.9999993842630812,false,511.3767207392195
2764,"Cloths, mops, sponges and brush",18354,18354,1.0,0.9999941248591424,false,707.5626763860367
2773,Foils and bags,18944,18944,1.0,0.9999980898995281,false,176.01670472279258
2777,Ironing board textiles,8787,8787,1.0,0.9999978248787097,false,266.2949371663245
2778,Kitchen tools,73547,73547,1.0,0.999996496836676,false,4698.077402053387
2781,Ironing boards,9738,8992,0.9233928938180325,0.9998283286547107,false,3541.6083334702275
2783,Drying racks,10981,10981,1.0,0.9999363920541333,true,10117.22533305955
2784,Table textiles,1154,1154,1.0,0.9999852616196683,false,162.76314907597538
2786,Bed textile,12586,12586,1.0,0.9999912817535065,false,1883.559011088295
2787,Bath textiles and bath mats,8616,8616,1.0,0.9999958238764761,false,1227.5587429158109
2791,Table textiles,7090,7090,1.0,0.9999887900243418,false,1878.490631622176
2793,Baskets,5909,5909,1.0,0.999997623703175,false,369.92071211498967
2794,Fans and electric blankets,1860,1860,1.0,0.9999602889341719,false,569.8957145790556
2796,Tableware,5092,5092,1.0,0.9999928807637614,false,137.87517659137575
2805,Light bulbs,6226,6226,1.0,0.9999989614422587,false,56.254575770020544
2817,Foodprep,10476,10476,1.0,0.9999865330147852,false,19621.327318275155
2823,Batteries,120724,24650,0.20418475199628905,0.9999967668744996,false,3268.1979782340854
2826,Wash treatment and accessories,7714,7714,1.0,0.999989671173108,false,210.28327720739225
2828,Store kitchen,23882,23882,1.0,0.9999928708650995,false,935.5440809034901
2829,"Cloths, mops, sponges and brush",136452,108309,0.7937516489314924,0.9999978992777752,false,1822.9862402464073
2832,Window and squeegees,16086,16086,1.0,0.999993174016672,false,440.64389117043135
2833,Racks and pockets,34281,34281,1.0,0.9999961969462526,false,263.38865503080086
2835,Clothes hangers,50901,46162,0.9068977033850023,0.999998738477459,false,493.4545503080081
2838,Thermos jugs,9835,9835,1.0,0.9999900847440282,false,1772.7413987679663
2839,Thermos jugs,8942,8942,1.0,0.9999817500942656,false,5410.480309650923
2842,Baskets,9006,9006,1.0,0.9999985554055044,false,43.91655112936343
2844,Cleaning products,10724,10724,1.0,0.9999962763908153,false,126.31236098562624
2845,Cleaning products,4523,4523,1.0,0.9999970414123444,false,49.54194661190967
2846,Cleaning products,5239,5239,1.0,0.9999927448948862,false,115.85290349075973
2847,Personal care,11466,11466,1.0,0.9999988114285037,false,65.55668747433262
2853,Cleaning products,71,71,1.0,0.9999947909486635,false,108.18303080082141
2854,"Cloths, mops, sponges and brush",15206,15206,1.0,0.9999975677926928,false,345.6073059548255
2855,Window and squeegees,52599,52599,1.0,0.9999989426903476,false,441.17788911704315
2894,Residential odors,13450,13181,0.98,0.9999972867226832,false,48.413954825462
2905,Pan sets,2757,2275,0.8251722887196228,0.9999005668419774,false,1070.492073100616
2909,Kitchen tools,490,490,1.0,0.9999893496719877,false,163.00293716632444
2911,Teletoys,241,241,1.0,0.9999598087002474,true,268.1064049281312
2912,Construction,84,84,1.0,0.9999313475302779,true,736.3212119096503
2917,Construction,140,140,1.0,0.9999946376722929,false,59.39778562628346
2922,Pan sets,1219,1219,1.0,0.9999543557666175,false,820.9185030800824
2925,Kitchen helpers,765,765,1.0,0.9999951054059815,false,1342.1361917864474
2929,Thermos jugs,4070,4066,0.999017199017199,0.9999442449813776,false,566.3170903490759
2934,"Glasses (drink, beer, wine etc)",1255,1255,1.0,0.9999645009472069,true,341.6527716632443
2938,Personal care,35090,35090,1.0,0.9999942560733568,false,339.185641067762
2940,Ironing boards,1521,1107,0.727810650887574,0.9999631849735339,true,655.139084188912
2943,Knives,24107,24107,1.0,0.9999951267937588,false,1563.6431223819304
2947,Kitchen helpers,19958,19958,1.0,0.9999850790793547,false,7480.818788501022
2949,Kitchen textile,6536,6536,1.0,0.9999976502837297,false,685.2550102669404
2950,Kitchen textile,3369,3369,1.0,0.9999900860437816,false,1834.7815277207392
2951,Racks and pockets,16599,16599,1.0,0.9999973004918373,false,309.33687351129373
2952,Table textiles,419,419,1.0,0.9999754814277292,true,444.87283121149915
2953,Bath textiles and bath mats,32620,32620,1.0,0.9999938182510865,false,4713.04191581109
2957,Mugs and cups,14904,8041,0.5395195920558239,0.9999967356149809,false,730.1240845995893
2968,Tea and coffee,72275,62573,0.8657627118644068,0.9999972430044961,false,1132.0608591375767
2969,Tea and coffee,75168,75168,1.0,0.9999946567143482,false,866.2851926078025
2974,Foils and bags,542,542,1.0,0.9999981610259622,false,44.49113757700207
2977,Drink & food To Go,377,377,1.0,0.9999900976202691,true,1380.365330595483
2978,Tools,1633,1633,1.0,0.9999904865099701,false,145.30177412730998
2979,Tableware,1158,1158,1.0,0.9999904340467991,false,56.049592197125236
2980,Light bulbs,6031,6031,1.0,0.9999910775262592,false,360.50193470225895
2985,Cutlery,3224,3224,1.0,0.9999984358581905,false,77.71665338809031
2987,Tableware,4401,4401,1.0,0.9999976474703476,false,40.35879466119093
2996,Baby / Toddler,4645,4456,0.9593110871905275,0.9999445133669809,false,1329.3883006160167
2997,Games,1296,1296,1.0,0.9999689182752617,false,122.43816427104709
3014,Phones,9792,9792,1.0,0.999914731847312,false,1695.4123930184817
3015,Batteries,34161,34161,1.0,0.9999971568017182,false,401.20009856262845
3021,"Glasses (drink, beer, wine etc)",668,668,1.0,0.9999977519908876,false,57.618658726899405
3027,Kitchen helpers,28049,25732,0.9173945595208385,0.9999983236536967,false,1095.247410677618
3030,Vacuuming,183,183,1.0,0.999995200137861,false,283.49597535934305
3031,Vacuuming,105,105,1.0,0.9999891489836041,false,6234.198778234089
3033,Kitchen helpers,17842,17842,1.0,0.9999945504110807,false,1165.9958271047228
3034,Measuring and weighing,39713,2902,0.07307430816105558,0.9999975227299276,false,2204.3409650924036
3036,Ironing boards,20693,20693,1.0,0.9999736006594545,false,8536.757993839834
3037,Drying racks,8537,6995,0.8193744875248916,0.999870299307734,false,2208.8366094455846
3042,Bed textile,3261,3261,1.0,0.9999810927968217,false,2515.3416710472275
3046,Others,548,548,1.0,0.9999826780663748,false,74.54923244353184
3047,Bath textiles and bath mats,21094,21094,1.0,0.9999936624767628,false,3004.557708418891
3055,Tea and coffee,342,342,1.0,0.9999961682696583,true,250.27189404517446
3058,"Glasses (drink, beer, wine etc)",7658,7658,1.0,0.9999950558657081,false,127.59461149897328
3059,Games,2181,2181,1.0,0.9999785680323094,false,116.20781930184796
3063,Games,94,94,1.0,0.9999675252064735,true,239.17167638603703
3075,Boys toys,1226,1226,1.0,0.9999870452132036,true,160.9292094455852
3080,Batteries,50340,47466,0.9429082240762813,0.9999942381097655,false,808.2069486652972
3082,Batteries,13532,13532,1.0,0.9999967107853635,false,148.26220780287477
3083,"Cloths, mops, sponges and brush",57325,57325,1.0,0.999999482350429,false,163.0706546201232
3087,Coffee makers and kettles,9201,9201,1.0,0.9999880285295827,true,16129.660382751545
3090,Personal care,27052,27052,1.0,0.9999937785134148,true,4912.5437757700165
3091,"Cloths, mops, sponges and brush",27805,27805,1.0,0.9999946712818049,false,857.3943589322373
3092,Cutlery,2866,2866,1.0,0.9999987393863151,false,53.05733223819303
3093,Bathroom accessories,8434,8434,1.0,0.9999841363381886,false,364.7918882956878
3097,Laundry baskets,14879,10439,0.7015928489817864,0.9999854170269882,false,355.2943084188911
3098,Baskets,13833,13833,1.0,0.9999956355382472,false,150.78203531827512
3104,Cleaning products,6600,6579,0.9968181818181818,0.9999915349179234,false,219.56511622176586
3106,Baskets,3698,3698,1.0,0.9999964064959137,false,351.0552751540043
3108,Light bulbs,8382,8382,1.0,0.9999993646541043,false,43.73470349075978
3110,Ironing boards,2324,1511,0.6501721170395869,0.9999713302185879,false,805.029506365503
3112,Dishwashing articles,11331,3794,0.33483364222045714,0.9999933487692858,false,165.93711006160166
3114,"Cloths, mops, sponges and brush",21918,21918,1.0,0.9999666124219118,false,25426.88651827514
3120,Electric personal care,11613,10688,0.920347885989839,0.9999444253728387,false,1327.9401659137588
3121,Electric personal care,8571,8256,0.9632481624081204,0.9999727409352187,false,429.11344517453824
3123,Alarm clocks,18502,11220,0.6064209274673008,0.9999901830421704,false,2064.7953958932235
3128,Stationary,32283,32283,1.0,0.999999654872846,false,45.146809034907605
3159,Pan sets,3411,3411,1.0,0.9995921616210193,true,13040.198929774126
3162,Kitchen tools,244,244,1.0,0.9999863698070636,true,470.96582135523647
3163,Tea and coffee,1833,1833,1.0,0.9999987873098478,false,63.17828008213552
3165,Construction,448,448,1.0,0.9999816547959527,true,473.23056714579076
3170,Stationary,4116,4116,1.0,0.9999992607158743,false,12.5451498973306
3171,Batteries,1515,1515,1.0,0.999994264236451,false,60.305968788501
3172,Toilet cleaners and odors,78,78,1.0,0.9999963649681544,true,3534.609322381936
3173,Construction,296,296,1.0,0.9999825128686868,true,245.89740862423
3176,Girls toys,8,8,1.0,0.9999773915305855,true,197.5537930184803
3179,Baby / Toddler,12321,12321,1.0,0.999981677043668,false,424.9118209445586
3185,Kitchen appliances,8227,8227,1.0,0.9998966901571826,false,68835.80681519501
3188,Personal care,12110,12110,1.0,0.999995409505355,false,339.94424845995877
3189,Wash treatment and accessories,13808,9896,0.7166859791425261,0.9999754828315812,false,605.9175708418894
3196,"Cloths, mops, sponges and brush",8363,8363,1.0,0.9999913005169222,false,383.52636057494874
3201,Oven dishes,2419,2419,1.0,0.999998610015451,false,219.5909515400411
3205,Partyfun,28055,28055,1.0,0.9999959444509452,false,257.2665154004106
3210,Knives,57,57,1.0,0.9991305239837084,true,7819.849756878877
3212,Table textiles,1724,1724,1.0,0.9999928397307036,false,102.77289609856267
3218,Mugs and cups,20254,4322,0.21338994766465882,0.9999945237723937,false,1833.4498201232036
3228,Vases,9090,9090,1.0,0.9999966092028387,false,163.3074414784393
3229,Tea and coffee,9999,9513,0.9513951395139514,0.999997615162329,false,136.82421930184807
3230,Hobby and creative,195,195,1.0,0.9999921868052514,true,99.3701889117042
3235,Cutlery,2192,2192,1.0,0.9999897926644099,false,108.13146365503077
3237,Oven dishes,855,855,1.0,0.999987736462194,false,152.48556221765946
3238,Large garden,242,242,1.0,0.9999894952560061,true,297.9242258726897
3244,Serve and present,709,709,1.0,0.9999947938652842,false,34.549251745379884
3246,Kitchen helpers,779,779,1.0,0.9999520962758743,true,879.4450459958928
3247,Cutlery,1348,1348,1.0,0.9999899921814768,false,62.50300574948665
3249,Shopping bags and trolleys,6110,6110,1.0,0.9999988871125398,false,931.3751827515396
3251,Laundry baskets,167,167,1.0,0.9999816969026685,false,167.3977125256674
3252,Thermos jugs,1068,1068,1.0,0.9999816703246592,false,217.4595593429157
3259,Hobby and creative,5394,5394,1.0,0.9999898261060993,false,198.53239589322376
3264,Hobby and creative,3170,3170,1.0,0.9999860532348266,false,123.39291252566728
3279,Table textiles,6665,6665,1.0,0.9999959325835077,true,155.69594045174532
3281,Vacuuming,396,396,1.0,0.9999890067709982,false,1484.2958139630398
3285,Knives,13611,13611,1.0,0.9999984502949693,false,864.5478357289528
3286,Knives,24629,21486,0.8723862113768321,0.9999985181503959,false,759.5928542094456
3287,Drying racks,10459,10459,1.0,0.9998696366564223,false,27004.852491581114
3288,Bicycle accessories,1823,1823,1.0,0.9999167874463183,true,2636.8683778234085
3291,Kitchen textile,11083,11083,1.0,0.9999982464521189,false,908.7509527720734
3293,Bed textile,3772,3772,1.0,0.999985437092906,false,6693.508518685831
3295,Mugs and cups,21626,4750,0.21964302228798668,0.9999974533999518,false,2101.174482135523
3296,Mugs and cups,16197,10076,0.6220905105883806,0.9999941870225997,false,2912.2086862423002
3297,Mugs and cups,23104,5254,0.22740650969529086,0.999994810171003,false,4049.5094176591374
3298,Mugs and cups,13180,7766,0.589226100151745,0.9999977194633889,false,447.5335958932237
3321,Puzzles,1176,1176,1.0,0.9999782397401368,true,274.26030472279234
3322,Foodprep,7318,7318,1.0,0.9999675360350423,false,10598.343793429156
3329,Baby / Toddler,273,273,1.0,0.9999868503943368,false,206.7996862422997
3330,Moisture treatment and climate,14282,14282,1.0,0.9999898307188257,false,4837.601649281313
3332,Cleaning products,88246,88246,1.0,0.9999985134457009,false,868.8771043121145
3333,Bathroom accessories,3072,3072,1.0,0.999993293202254,false,83.77625297741271
3335,Bathroom accessories,634,634,1.0,0.9999836712587669,false,496.55666283367526
3336,Thermos jugs,4674,4645,0.9937954642704322,0.9999457373594459,false,759.9304755646815
3337,Cleaning products,11582,11570,0.9989639095147643,0.9999965015796145,false,127.0403868583163
3339,Baskets,7856,7856,1.0,0.9999957606925327,false,91.64950225872684
3341,Cleaning products,4412,4412,1.0,0.9999834737746478,false,185.22628706365515
3342,Cleaning products,6561,6561,1.0,0.9999953553023561,false,111.8979178644763
3343,Cleaning products,10488,9835,0.9377383676582761,0.9999970203224234,false,86.19106324435317
3346,Window and squeegees,1143,1143,1.0,0.9999937572442914,false,129.76974866529778
3348,Wash treatment and accessories,31574,10307,0.32643947551783115,0.9999898914494476,false,4098.969439835729
3349,Waste bins,2949,2949,1.0,0.9999924715304234,false,111.92311211498972
3350,Cleaning products,1938,1938,1.0,0.9999968499036329,false,91.17955646817245
3352,Cleaning products,4422,4422,1.0,0.9999979344863196,false,55.68372073921971
3353,Bathroom accessories,42047,42047,1.0,0.9999993869499736,false,292.9802997946613
3354,Bathroom accessories,24788,24788,1.0,0.9999971934023625,false,2349.4969034907595
3355,Toilet accessories,40666,25708,0.6321742979393105,0.9999982615646981,false,782.5144476386034
3356,Residential odors,12863,12863,1.0,0.9999959551349759,false,152.50124106776184
3359,Electric personal care,6266,6051,0.9656878391318225,0.9998667516273841,false,2528.7255014373727
3363,Electric personal care,2970,2963,0.9976430976430977,0.9999297852363555,false,342.2065075975359
3366,"TV, Audio & Video",245,245,1.0,0.9998493041954655,true,36758.70331991791
3368,Bathroom scales,13306,10300,0.7740868781001052,0.9999798662551554,false,807.4577790554422
3370,Special pans,7773,7773,1.0,0.9997649654384785,true,43250.65717043117
3387,Candles & Tealights,845,845,1.0,0.9999986638929697,true,548.1628160164275
3388,Candles & Tealights,804,804,1.0,0.9999983771205364,true,250.04972813141703
3410,Foods,950,950,1.0,0.9999988019472543,false,26.25677577002053
3411,Construction,393,393,1.0,0.9999646196205386,false,367.7897568788502
3413,Boys toys,1082,1082,1.0,0.9999937459992115,true,285.9302073921969
3414,Electric personal care,1671,1671,1.0,0.9999328705580655,true,1965.9095494866528
3416,Construction,511,511,1.0,0.9999718321559387,true,1086.1093318275152
3428,Store kitchen,24307,8534,0.351092277944625,0.9999670462240681,false,7517.348887885011
3429,Sockets and security,1249,1249,1.0,0.999996472721941,false,33.12979548254618
3436,Toilet cleaners and odors,3691,2780,0.7531834191276077,0.9999940789425686,false,97.86219630390143
3438,Cooking books,9539,9539,1.0,0.9999698310474843,false,569.4993018480492
3441,"Glasses (drink, beer, wine etc)",4202,4202,1.0,0.999991632597938,true,242.58690308008212
3442,Window and squeegees,29425,29224,0.9931690739167375,0.9999850840487924,false,1045.060891991786
3443,Window and squeegees,33103,28539,0.8621272996405159,0.9999738317936728,false,2304.353524024639
3444,Kitchen tools,19156,19156,1.0,0.9999956675310775,false,2963.831133470225
3445,Cutlery,7377,7377,1.0,0.9999946432300342,false,172.5156985626283
3453,Ironing board textiles,51921,51921,1.0,0.9999930701785491,false,2003.1647195071853
3457,Bath textiles and bath mats,35178,35178,1.0,0.9999950510630312,false,5692.022402464063
3465,Tableware,37656,35396,0.9399830040365413,0.9999970895208956,false,500.07287063655036
3467,Cutlery,687,687,1.0,0.9999878548776647,false,278.40914291581123
3468,Tableware,698,698,1.0,0.9999800351882747,false,106.43105872689934
3469,Baby / Toddler,850,850,1.0,0.9999741860703484,true,249.76175359342912
3471,Cutlery,3263,3263,1.0,0.9999974938892243,false,54.53404188911705
3473,Serve and present,2628,2628,1.0,0.9999862033449984,false,107.82323655030807
3474,Cutlery,3624,3624,1.0,0.9999979532722268,false,92.6386726899384
3476,Light bulbs,5182,5182,1.0,0.9999969666526958,false,127.50047802874742
3477,Tableware,5323,5323,1.0,0.9999954467898821,false,146.93768131416854
3478,Baskets,2631,2631,1.0,0.999995593881921,false,222.40581108829574
3482,Drink & food To Go,4388,4388,1.0,0.9999964954267992,false,251.6854312114991
3483,Light bulbs,4844,4844,1.0,0.9999989562294029,false,59.8812254620123
3485,Frying pans,1675,1617,0.9653731343283583,0.9999288657672649,false,1022.7191026694046
3490,Hobby and creative,5656,5656,1.0,0.9999870469573172,false,175.19297577002044
3499,Hobby and creative,62,62,1.0,0.9999933825203529,false,49.69656468172488
3504,Games,2890,2855,0.9878892733564014,0.9999723159949697,true,727.5265441478439
3514,Drink & food To Go,5723,5723,1.0,0.9999979745809492,false,94.25691745379876
3517,Measuring and weighing,22004,22004,1.0,0.9999991905408938,false,68.08711416837784
3519,"Glasses (drink, beer, wine etc)",411,411,1.0,0.9999966415151658,false,34.349100616016436
3526,Window and squeegees,2399,2399,1.0,0.9999830210148944,false,847.2687913757701
3528,Toilet cleaners and odors,4347,3325,0.7648953301127214,0.9999949772751893,false,95.67697166324433
3529,Kitchen helpers,54710,54710,1.0,0.9999983292494248,false,1693.8018899383987
3531,Vacuuming,141,141,1.0,0.999991292272504,false,1372.7345429158136
3532,Kitchen tools,39401,35991,0.9134539732494099,0.9999976554866052,false,814.6139322381928
3533,Tea and coffee,8223,8223,1.0,0.9999914396334594,false,3106.240441478438
3541,"Cloths, mops, sponges and brush",123,123,1.0,0.9999997583286849,false,69.36062833675558
3543,Bath textiles and bath mats,7761,7761,1.0,0.9999962200243807,false,832.3652336755646
3546,Bed textile,1544,1544,1.0,0.9999591360051137,false,4544.651660780288
3549,Mugs and cups,35436,13913,0.39262332091658203,0.9999935898755266,false,2508.169379055441
3556,Tea and coffee,11594,11299,0.9745558047265828,0.9999977205957539,false,120.00102874743327
3558,Kitchen helpers,1919,1919,1.0,0.9999973011908038,false,290.33720328542097
3560,Oven dishes,81,81,1.0,0.999962786589902,true,953.8791392197131
3561,Oven dishes,408,408,1.0,0.9999892504623643,true,78.1982648870637
3576,Hobby and creative,1799,1799,1.0,0.9999830109850663,true,189.55414702258724
3579,Batteries,9980,9980,1.0,0.999975750315429,true,2389.4106677618065
3583,Baby / Toddler,962,962,1.0,0.9999865844945671,false,82.71686694045182
3587,Bakeware,25737,25737,1.0,0.9999973889308836,false,2176.482454209445
3588,Drink & food To Go,27154,27154,1.0,0.9999966447749573,false,414.58557905544126
3589,Dishwashing articles,98839,84023,0.8500996570179787,0.9999978334497328,false,896.3055852156059
3591,Dishwashing articles,94783,90205,0.9517001994028464,0.9999992495899119,false,1405.5712669404516
3592,"Glasses (drink, beer, wine etc)",1868,1868,1.0,0.9999963040552233,false,35.67319301848051
3593,Cleaning products,17337,17337,1.0,0.9999950868255368,false,1008.398899383984
3594,Clothes hangers,112663,112663,1.0,0.9999969494557311,false,2277.802570020533
3597,Oven dishes,807,807,1.0,0.9999848292743604,false,167.32802874743322
3601,Personal care,74,74,1.0,0.9999847686254312,false,190.35474579055472
3602,Wash treatment and accessories,1980,1980,1.0,0.9999937698658008,false,172.84157371663244
3603,Cleaning products,54259,53824,0.9919828968466061,0.9999967242827987,false,481.3784349075974
3605,Baskets,2813,2813,1.0,0.9999964679138985,false,218.4322977412733
3607,Cleaning products,1537,1537,1.0,0.9999843947290239,false,155.65492361396318
3611,Wash treatment and accessories,16452,16452,1.0,0.9999902229880973,false,262.28875236139635
3612,Dishwashing articles,5264,5264,1.0,0.9999980138423125,false,55.27173839835728
3616,Cleaning products,7345,7345,1.0,0.9999936822326458,false,295.03209609856253
3619,Ironing,11892,11892,1.0,0.9994912638262614,false,11558.174292402462
3622,Alarm clocks,20563,20563,1.0,0.9999907782638662,false,12309.380353182743
3623,Electric personal care,2232,1926,0.8629032258064516,0.9997915072564306,true,2185.3473490759748
3641,Candles & Tealights,1049,1049,1.0,0.9999969140498363,true,649.7803958932241
3646,Party lights,12601,12601,1.0,0.999995982250451,false,13118.593959342916
3647,Residential odors,9449,9449,1.0,0.9999981430853712,false,32.27637618069813
3651,Vases,16851,15110,0.8966826894546318,0.9999866288527773,false,588.5916164271049
3661,Kitchen tools,8058,8058,1.0,0.9999966286314925,false,111.47890102669409
3670,Construction,279,279,1.0,0.9999917314186144,false,106.66046324435314
3671,Hobby and creative,327,327,1.0,0.999992182228734,false,23.60947638603697
3674,Puzzles,231,231,1.0,0.9999627429163983,false,721.1330316221773
3675,Construction,549,549,1.0,0.9999537731866388,true,3013.373077207391
3678,Boys toys,34,34,1.0,0.9999751762075727,true,155.81517043121164
3687,"Glasses (drink, beer, wine etc)",2020,2020,1.0,0.9999983583627272,false,76.4109363449692
3690,"Glasses (drink, beer, wine etc)",1354,1354,1.0,0.9999984151088118,false,51.82950636550306
3691,"Glasses (drink, beer, wine etc)",1249,1249,1.0,0.9999875743042771,true,181.8400435318275
3692,Cleaning products,7893,7893,1.0,0.9999932768933669,false,1460.572279260781
3696,Drink & food To Go,453,453,1.0,0.9999946485127954,false,154.13273839835736
3698,Cooking books,146,146,1.0,0.99996380097272,false,335.2162731006161
3700,Clocks,3076,3076,1.0,0.9999920794089754,false,59.15852648870637
3705,Ironing,156,156,1.0,0.9999268955293134,true,21619.259452977385
3719,Mugs and cups,9911,4580,0.46211280395520127,0.9999955567232934,false,738.4156435318279
3720,Mugs and cups,11289,4458,0.39489768801488173,0.9999931394016796,false,962.7956702258729
3721,Mugs and cups,24620,20427,0.8296913078797725,0.9999968104528353,false,2965.398685010267
3722,Mugs and cups,23861,2853,0.11956749507564646,0.9999958606255431,false,4010.234818069816
3733,Oven dishes,163,163,1.0,0.9999753233121024,false,194.90461355236124
3735,Tableware,1036,1036,1.0,0.9999950481023248,false,23.792387679671442
3736,"Cloths, mops, sponges and brush",11383,11383,1.0,0.9999980258413342,false,287.6227958932237
3738,Puzzles,3111,3111,1.0,0.9999964708842616,false,18.226240657084183
3741,Kitchen helpers,762,509,0.6679790026246719,0.9999624906768066,false,148.44958357289528
3746,Cutlery,2515,2515,1.0,0.9999985724770921,false,29.18515318275155
3752,Cooking books,537,537,1.0,0.9999885986760848,false,231.22187268993835
3753,Light bulbs,2303,2303,1.0,0.9999949369402233,false,151.75334209445572
3754,Special pans,607,513,0.8451400329489291,0.9999900516119785,false,165.1510431211498
3755,Personal care,462,462,1.0,0.9999982275467227,false,23.110935523613954
3756,Wash treatment and accessories,3081,2961,0.9610516066212269,0.9999920987010231,false,183.23239958932257
3757,Cutlery,1565,1565,1.0,0.9999957753428871,false,132.50324435318268
3758,Light bulbs,5072,5072,1.0,0.999997473244272,true,535.8513568788502
3759,Personal care,762,762,1.0,0.9999987614400262,false,9.767676386036955
3772,"Glasses (drink, beer, wine etc)",773,773,1.0,0.9999974671649486,false,90.34958932238187
3779,Vacuuming,368,368,1.0,0.9999925794759437,false,1345.7627236139622
3782,Ironing boards,4727,4727,1.0,0.999805452424064,false,2285.0960151950717
3783,Clothes hangers,82972,64560,0.7780938147808899,0.9999983184993699,false,1771.7663030800825
3788,Bath textiles and bath mats,47222,47222,1.0,0.9999991285807189,false,823.7771334702255
3797,Vehicles,4008,4008,1.0,0.999980697686587,false,149.99877125256674
3803,Hobby and creative,1932,1932,1.0,0.999972268197469,false,245.46657659137557
3815,Tea and coffee,3722,3501,0.9406233207952713,0.9999981425373989,false,67.96259753593428
3819,Coffee makers and kettles,391,391,1.0,0.9997221252820602,true,11418.49502751539
3822,Batteries,93369,93369,1.0,0.9999995232920784,false,151.757447227926
3827,Personal care,482,482,1.0,0.9999988805052765,false,5.67683039014374
3828,Drink & food To Go,17461,16773,0.9605979039001202,0.9999932809724914,false,343.6779104722794
3831,Baskets,12429,12429,1.0,0.9999961322572753,false,103.9210915811088
3832,Tools,7314,7314,1.0,0.9999889155532993,false,212.58887310061596
3835,Personal care,13812,13750,0.9955111497248769,0.9999975100983511,false,87.07149650924023
3836,Personal care,114,114,1.0,0.999998203717651,false,130.5584546201231
3837,Wash treatment and accessories,2881,2881,1.0,0.9999948545642653,false,101.57488706365494
3844,Wash treatment and accessories,29869,21101,0.7064515049047507,0.9999917542948258,false,1111.564169199179
3845,Personal care,19686,19686,1.0,0.9999961378553892,false,228.85780164271057
3886,Gift,3367,3367,1.0,0.9999985843251414,false,617.2952587268993
3891,Residential odors,6970,6970,1.0,0.9999977767584659,false,85.31014702258717
3909,Construction,226,226,1.0,0.9999633043115312,true,786.7540041067759
3910,Kitchen tools,1981,1981,1.0,0.9999906113816944,false,114.67398562628343
3911,Teletoys,585,585,1.0,0.9999772586052119,false,654.25642587269
3912,Hobby and creative,505,505,1.0,0.9999891969089432,true,162.85782874743316
3915,Construction,305,305,1.0,0.9999846583882481,false,438.16869117043126
3918,Special pans,4185,4185,1.0,0.9999788585262045,false,497.5014472279261
3920,Games,1919,1919,1.0,0.99996282491937,true,892.199868172485
3921,Teletoys,355,355,1.0,0.9999922596703328,false,40.99742464065712
3922,Vehicles,4419,4419,1.0,0.9999932000937513,false,98.32556180698154
3923,Games,1944,1872,0.9629629629629629,0.9999840651220617,true,267.30041314168375
3925,"Glasses (drink, beer, wine etc)",3405,3405,1.0,0.9999943884994733,false,76.04036468172481
3947,Bath textiles and bath mats,13253,13253,1.0,0.9999950165672263,false,263.5004681724846
3948,Bath textiles and bath mats,14811,14811,1.0,0.9999849990075462,false,796.9072640657083
3951,Window and squeegees,60373,60373,1.0,0.9999990353173347,false,679.2804312114991
3965,Oven dishes,248,248,1.0,0.99998628359904,true,170.84941108829568
3967,Ironing boards,127,127,1.0,0.999873151672476,false,686.9381581108836
3970,Foods,124,124,1.0,0.9999982610751071,false,45.410101026693866
3971,Cleaning products,656,656,1.0,0.9999812525416684,true,799.842037782341
3973,Light bulbs,2433,2433,1.0,0.9999973380964725,false,70.83569938398357
3975,Table paper,1674,1674,1.0,0.9999987834846752,false,47.74662340862424
3979,Special pans,680,603,0.8867647058823529,0.9999916990732343,false,98.59180041067765
3987,Travel accessories,1130,1130,1.0,0.9999962333405182,false,60.03726365503081
3989,Tea and coffee,13674,13065,0.9554629223343571,0.9999867232520019,false,5044.1770020533895
4006,Hobby and creative,5386,5386,1.0,0.9999944004027802,false,119.43004435318277
4016,Hobby and creative,510,510,1.0,0.9999893549754676,false,126.33955318275153
4028,Window and squeegees,68609,59213,0.8630500371671355,0.999992619885575,false,920.0256098562633
4029,Shoe maintenance,3407,3407,1.0,0.9999978509341768,false,252.44505626283367
4036,Vacuuming,164,164,1.0,0.999987821912691,false,1264.9219199178638
4040,Kitchen textile,12795,12650,0.9886674482219617,0.9999977476218711,false,696.5397289527722
4042,Window and squeegees,14677,13178,0.8978674115963753,0.9999904669514288,false,778.1703798767965
4043,Table textiles,2570,2570,1.0,0.9999939843894318,false,96.56348788501025
4046,Tableware,12066,4155,0.3443560417702636,0.9999945720036395,false,594.0899999999997
4047,Tableware,15264,15264,1.0,0.9999963580718375,false,2783.713774127309
4054,Light bulbs,7689,7689,1.0,0.9999987397489086,false,83.93553388090349
4055,Thermos jugs,1959,1958,0.9994895354772844,0.9999930940559922,false,70.3935983572895
4059,Foods,300,300,1.0,0.9999970448534273,false,77.96986365503072
4068,Baby / Toddler,744,682,0.9166666666666666,0.9999811854384218,true,246.47078193018464
4073,Hobby and creative,6489,6489,1.0,0.9999978293953552,false,25.179569199178655
4074,Puzzles,4263,4263,1.0,0.999994639027131,false,35.760697330595484
4076,Vehicles,162,162,1.0,0.9999537266080842,false,262.4978669404516
4077,Puzzles,4444,4444,1.0,0.9999910845048137,false,81.08014620123203
4079,Foodprep,7093,7093,1.0,0.9999597098068815,false,17927.002437782347
4080,Coffee makers and kettles,2875,2875,1.0,0.9999621238384796,true,54621.14088829566
4085,Vacuuming,5287,5234,0.9899754113864195,0.9998220932951581,false,2045.340561806982
4086,Fans and electric blankets,13284,13284,1.0,0.999921252972116,true,19392.976710472285
4091,Store kitchen,725,725,1.0,0.9999941404092969,true,225.46747310061602
4094,Bathroom accessories,2958,2958,1.0,0.9999900036899361,false,68.67775605749486
4097,Cleaning products,26319,26319,1.0,0.9999967005521045,false,580.7661683778236
4098,Cooking pans,79,79,1.0,0.9998168013663219,true,1017.3261273100618
4103,Wash treatment and accessories,2154,2154,1.0,0.99999776611563,false,28.130714579055436
4104,Cleaning products,5399,5399,1.0,0.9999895662785088,false,129.69099794661201
4105,(Steam) cleaners,156,156,1.0,0.9999791249811298,true,194.84390759753592
4108,Wash treatment and accessories,39177,11002,0.2808280368583608,0.9999922798105957,false,3990.5995564681725
4113,Residential odors,5318,5318,1.0,0.9999973520761892,false,231.65952073921972
4114,Window and squeegees,78016,60502,0.7755075881870386,0.9999953284470893,false,877.4383917864476
4116,Shoe maintenance,2629,2339,0.8896918980600989,0.9999953252356438,true,112.29561273100614
4117,Coffee makers and kettles,37998,37370,0.9834728143586504,0.9999704929574622,false,1965.902388501025
4122,Electric personal care,18647,16885,0.9055075883520137,0.9999496421196423,false,1199.4612229979457
4123,Electric personal care,21869,21869,1.0,0.9999559394180518,false,2704.6984870636556
4133,Special pans,22939,21881,0.9538776755743493,0.9999525900756949,false,2207.8188295687896
4134,Frying pans,8230,7590,0.9222357229647631,0.9997905987241646,false,3835.2528542094437
4153,Stationary,37286,37286,1.0,0.9999991810479019,false,102.93293593429163
4160,Hobby and creative,7105,4937,0.694862772695285,0.9999908218555026,true,3083.1864632443526
4164,Kitchen tools,821,821,1.0,0.9999931265393366,false,108.32604353182752
4166,Girls toys,161,161,1.0,0.9999811387361431,true,219.62942422997983
4168,Vehicles,16241,10756,0.662274490487039,0.9999843847511121,false,317.6549519507186
4171,"Glasses (drink, beer, wine etc)",2323,2323,1.0,0.9999988803942718,false,70.35118439425052
4172,Tea and coffee,21777,21684,0.9957294393167103,0.9999976937113466,false,185.18176591375774
4176,Window and squeegees,68404,60012,0.8773171159581311,0.9999955740510931,false,624.5017199178642
4187,Knives,32835,32835,1.0,0.9999992922997714,false,556.9366045174535
4191,Cutlery,22975,22975,1.0,0.9999956186129536,false,6199.0280903490775
4192,Window and squeegees,48815,48815,1.0,0.9999938089740126,false,533.671375770021
4194,Stairs,3218,3218,1.0,0.9999703343680906,false,310.52456796714574
4203,Bed textile,842,842,1.0,0.9999726627957497,false,1255.012633675564
4206,Mugs and cups,12408,12408,1.0,0.9999935254424768,false,4197.064912936345
4215,Tea and coffee,15330,12981,0.8467710371819961,0.9999714443078045,false,3572.024710472279
4217,Tableware,4585,4585,1.0,0.9999969905953325,false,81.34947227926085
4221,Large garden,57,57,1.0,0.99998882640762,true,257.80764271047263
4223,"Glasses (drink, beer, wine etc)",559,559,1.0,0.9999855408710362,false,155.42359589322388
4224,Cutlery,628,628,1.0,0.9999939004074175,false,129.03003696098563
4227,Special pans,2738,2168,0.7918188458729,0.9999927145082249,false,67.47521930184803
4233,Bakeware,548,548,1.0,0.999975954887183,true,524.4437975359344
4239,Baby / Toddler,4329,4329,1.0,0.9999811559068501,false,133.83608747433263
4242,Stuffed animals,2371,2371,1.0,0.9999928108512095,true,178.7742303901437
4255,Boys toys,7956,7956,1.0,0.9999979945875982,false,93.6709527720739
4261,Foodprep,9502,9502,1.0,0.9999615906612298,false,150571.93250882954
4262,Batteries,37008,34519,0.932744271508863,0.999992821381936,false,516.0037322381929
4264,Cooking pans,1274,1274,1.0,0.9999521060846627,false,285.14507186858344
4265,Window and squeegees,53684,49850,0.928582072870874,0.9999921907620076,false,1223.7398850102675
4266,Kitchen helpers,38994,38994,1.0,0.9999987754356311,false,935.9047030800823
4267,Hobby and creative,531,531,1.0,0.9999798714828813,false,55.912955646817295
4279,"Cloths, mops, sponges and brush",34302,30065,0.8764795055681884,0.9999954195013138,false,859.2789141683778
4281,Wash treatment and accessories,3710,3710,1.0,0.9999971463395297,false,260.26473182751545
4282,Bakeware,17999,17999,1.0,0.9999910697746442,false,671.4420238193015
4283,Tea and coffee,8061,8061,1.0,0.999997109334168,false,734.7900977412731
4284,Cutlery,11933,8864,0.7428140450850582,0.9999970814382229,false,98.49181108829568
4286,Bathroom accessories,11458,11458,1.0,0.9999941285719978,false,168.5840903490761
4287,Kitchen textile,5286,5286,1.0,0.9999960994077414,false,113.40551950718682
4303,"Cloths, mops, sponges and brush",24399,24399,1.0,0.9999991425740471,false,171.44556673511298
4309,Vehicles,10016,9419,0.9403953674121406,0.9999900078513314,false,211.8712739219712
4312,Hobby and creative,9797,9797,1.0,0.9999932717491342,false,145.50557618069809
4317,Puzzles,2221,2209,0.994597028365601,0.9999876918135172,false,51.87202381930185
4323,Vacuuming,162,162,1.0,0.9997781236997705,false,5136.414797535942
4326,Foodprep,19024,19024,1.0,0.9999763115877419,false,920.0059696098557
4329,Small storage,47997,47997,1.0,0.9999984146738465,false,321.9482402464066
4331,Window and squeegees,32145,30504,0.9489500699953336,0.9999855149039601,false,1288.5260435318273
4332,Tableware,4676,3966,0.8481608212147135,0.999994183667272,true,206.2734184804928
4336,Racks and pockets,25511,18874,0.7398377170632277,0.9999981815360776,false,298.8684353182751
4337,Racks and pockets,135898,121109,0.8911757347422331,0.9999991673027903,false,2568.8125034907584
4341,Baskets,8912,8912,1.0,0.999996388857507,false,93.3635507186857
4343,Baskets,10270,10270,1.0,0.9999917608702599,false,217.32314414784395
4345,Wash treatment and accessories,3589,3589,1.0,0.9999896657121934,true,171.2205174537987
4346,Wash treatment and accessories,2549,2549,1.0,0.9999956365695742,false,74.49239014373715
4347,Wash treatment and accessories,12445,12445,1.0,0.9999942922509178,false,229.44216509240246
4348,Cleaning products,5424,5424,1.0,0.9999972754929997,false,49.537255030800814
4355,Drink & food To Go,11928,11928,1.0,0.9999887059431576,true,638.6494213552362
4356,Personal care,1187,1187,1.0,0.9999954475818124,false,295.2130036960984
4362,Measuring and weighing,4226,4166,0.9858021769995268,0.9999694998041829,false,390.1114373716629
4363,Pan sets,47,47,1.0,0.9998841108448259,false,2240.4488279260754
4384,Candles & Tealights,1002,1002,1.0,0.9999987512432412,true,434.7316020533878
4389,Vases,5005,5005,1.0,0.99999425241291,false,130.75120328542087
4402,Photo frames & albums,3255,3255,1.0,0.9999927606950636,false,143.93043531827507
4404,Photo frames & albums,24984,24984,1.0,0.9999992291803642,false,108.32556057494865
4411,Construction,204,204,1.0,0.9999887203044281,true,151.4458566735112
4418,Hobby and creative,1189,1189,1.0,0.9999968950083465,false,31.892195482546217
4422,Construction,348,348,1.0,0.9999851971897279,true,327.8798217659135
4425,Boys toys,7473,7473,1.0,0.9999929187870394,false,196.3212554414785
4429,Store kitchen,5989,5989,1.0,0.9999973187031327,false,50.612630390143735
4433,Drink & food To Go,12802,12285,0.959615685049211,0.9999899196352384,false,665.6449601642704
4437,Wash treatment and accessories,31796,31796,1.0,0.9999977692286219,false,224.92454332648865
4438,Racks and pockets,1609,1609,1.0,0.9999689222251266,false,156.4156209445584
4440,"Cloths, mops, sponges and brush",75021,61415,0.8186374481811759,0.9999990078010671,false,493.14286201231994
4441,Kitchen helpers,8390,7606,0.9065554231227652,0.9999872807383069,false,136.00820328542088
4442,"Cloths, mops, sponges and brush",17238,17238,1.0,0.9999965753711786,false,348.90240000000006
4445,Vacuuming,13968,13771,0.9858963344788088,0.9999952125146122,false,349.9307560574948
4447,Store kitchen,8777,8777,1.0,0.9999930328775476,false,216.38249075975358
4448,Bakeware,23702,23702,1.0,0.9999910048620859,false,909.4235420944559
4452,Waste bins,22533,19993,0.887276439000577,0.9998668877297524,false,6282.080574948665
4453,Window and squeegees,11698,11698,1.0,0.9999719612773247,false,869.1010985626281
4456,"Cloths, mops, sponges and brush",7448,7448,1.0,0.9999953279450198,false,204.32394291581105
4474,Tableware,5096,5096,1.0,0.9999931749638443,false,200.0119055441479
4477,Tableware,6219,6219,1.0,0.9999983587746225,false,177.9820287474332
4479,Bicycle accessories,21,21,1.0,0.9999910533470323,false,186.34018398357244
4480,Others,1513,1513,1.0,0.9999939138341184,true,424.97360205338794
4481,"Glasses (drink, beer, wine etc)",414,414,1.0,0.9999977161178103,false,45.23891868583167
4482,Bed textile,2211,2211,1.0,0.9999860287807122,false,1498.9340242299786
4485,Table textiles,72505,72505,1.0,0.9999996224911645,false,1987.407314168377
4489,Vehicles,3311,3311,1.0,0.9999942456956277,false,171.47239096509242
4490,Construction,1460,1460,1.0,0.9999928227608893,false,63.66116221765912
4492,Foods,491,491,1.0,0.9999976323623755,false,227.51389650924068
4496,Hobby and creative,3126,3126,1.0,0.9999798957305476,false,175.11770924024648
4499,Cleaning products,4420,4420,1.0,0.999996667575734,false,108.20476386036958
4503,Games,3000,3000,1.0,0.9999736663438208,true,434.19986652977406
4513,Measuring and weighing,37116,37116,1.0,0.9999920155179943,false,3193.0896542094456
4516,Vacuuming,30461,30461,1.0,0.9999916463353336,false,1781.0127425051344
4517,Knives,6337,6337,1.0,0.9999871315530057,false,1190.9553347022588
4518,Foodprep,4625,4625,1.0,0.9999453453454696,false,605.7053371663244
4520,Vacuuming,3260,3260,1.0,0.9996771501752526,false,2909.510552772074
4526,Insecticides,124,124,1.0,0.9999875276591239,false,1127.7589552361399
4527,Tea and coffee,11301,11301,1.0,0.9999984598052162,false,218.8283655030801
4531,Store kitchen,21322,21322,1.0,0.9999971630978789,false,191.3758718685831
4535,Laundry baskets,10558,10558,1.0,0.9999816076356007,false,416.84316098562624
4536,Drying racks,14843,13745,0.9260257360371893,0.9999936457096246,false,317.23826365503083
4537,Small storage,18639,18639,1.0,0.9999979052124358,false,146.42310800821346
4539,Bathroom accessories,4938,4938,1.0,0.9999847877877683,false,3742.8311326488697
4544,Bakeware,503,503,1.0,0.9999806607285839,false,78.02375359342912
4546,Wash treatment and accessories,1144,1144,1.0,0.9999926814696972,false,746.9806940451749
4547,Cleaning products,17454,17251,0.9883694282112983,0.9999966844653867,false,275.4474558521559
4548,Wash treatment and accessories,2291,2291,1.0,0.9999961185728948,false,35.0097511293634
4552,Cleaning products,10344,8432,0.8151585460170147,0.9999882064017716,false,255.706188090349
4556,Euro articles,5133,5133,1.0,0.9999979891607816,false,484.0083564681726
4558,Cleaning products,6892,6892,1.0,0.9999954609353042,false,118.95692484599587
4559,Cleaning products,2921,2921,1.0,0.9999990135504423,false,38.088721971252575
4560,Waste bins,11524,11524,1.0,0.9999686306130184,false,1552.0334714579049
4562,Window and squeegees,540,540,1.0,0.9998175663996162,false,12777.29560328541
4563,Stationary,81457,80372,0.9866800888812503,0.9999994764372588,false,350.1432542094455
4564,Residential odors,11759,11759,1.0,0.9999937377516548,false,375.01030718685803
4566,Personal care,29339,29339,1.0,0.9999956530012968,false,566.145709650924
4567,Window and squeegees,36509,28868,0.7907091402120026,0.9999892755817908,false,711.7467560574952
4576,Electric personal care,10559,9837,0.9316223127190075,0.9999117725040638,false,1818.5419704312123
4581,Measuring and weighing,5752,4361,0.7581710709318498,0.9999675235577179,false,1089.090943737166
4589,Other Holidays,15412,12245,0.7945107708279263,0.9999861427449678,false,757.8083084188912
4596,Personal care,714,714,1.0,0.9999828262708966,false,119.78480492813144
4620,Candles & Tealights,39765,39765,1.0,0.9999985028912508,false,647.0885006160169
4621,Candles & Tealights,136,136,1.0,0.9999980962643128,true,342.76250020533826
4628,Drinks,1331,1331,1.0,0.9999946209639319,false,459.5729806981516
4638,Residential odors,12006,11860,0.9878394136265201,0.9999967723613876,false,49.91250965092403
4652,Photo frames & albums,29513,29513,1.0,0.9999993197959968,false,100.54648213552359
4654,Photo frames & albums,9297,9297,1.0,0.9999960674710857,false,146.77370020533894
4665,Window and squeegees,2433,2433,1.0,0.9999899941541068,true,633.0331991786447
4683,Personal care,1978,1472,0.7441860465116279,0.9999816391424902,false,86.55818809034903
4685,Boys toys,17,17,1.0,0.9999659148395847,true,413.4848197125254
4687,Construction,250,250,1.0,0.9999235768332131,true,3458.184923613964
4690,Hobby and creative,13822,13706,0.9916075821154681,0.999999585154111,false,8.6580887063655
4701,Residential odors,13673,13673,1.0,0.9999975108349358,false,43.047843942505146
4706,Foils and bags,4367,4197,0.9610716739180215,0.9999980248999334,false,324.46603244353184
4707,Boys toys,1379,1379,1.0,0.9999222345040677,false,778.5029445585211
4711,"Glasses (drink, beer, wine etc)",5346,5346,1.0,0.9999971333158849,false,67.30756714579054
4715,Drink & food To Go,6125,6125,1.0,0.9999869210415918,false,459.4492316221766
4716,Wash treatment and accessories,5160,5160,1.0,0.9999976414881832,false,54.21859342915808
4718,Window and squeegees,21050,17610,0.8365795724465558,0.9999782882400874,false,1248.0888
4720,Wash treatment and accessories,17964,17964,1.0,0.999999130583913,false,52.02562710472282
4726,Drying racks,22840,19759,0.8651050788091068,0.9999782250213354,false,2916.046940041068
4729,Knives,2520,2520,1.0,0.9998318194503318,false,898.4111765913749
4730,Ironing board textiles,2861,2861,1.0,0.9999895946071296,false,222.0488197125257
4731,Mugs and cups,27558,14402,0.5226068655199942,0.9999967259268239,false,835.8151096509237
4742,Light bulbs,2813,2813,1.0,0.9999934882264262,false,143.0396731006161
4746,Hobby and creative,135,135,1.0,0.9999878327091681,false,47.73030061601642
4757,Games,1912,1912,1.0,0.9999835111578709,true,459.30231211498943
4764,Construction,1014,1014,1.0,0.9999854153025473,false,143.79388501026693
4770,Vacuuming,9202,9202,1.0,0.9999911691507414,false,1621.1608316221764
4773,Tableware,16644,16644,1.0,0.9999977335916328,false,781.0550238193013
4776,Store kitchen,19440,19440,1.0,0.9999877071438497,false,421.78174579055445
4782,Thermos jugs,13465,13465,1.0,0.9999931930185164,false,2208.588530595481
4783,Baskets,12952,12952,1.0,0.9999981451716261,false,57.55265462012319
4784,Tools,20852,20852,1.0,0.9999928843667663,false,423.2202702258729
4785,Cleaning products,5066,5066,1.0,0.9999959568947259,false,85.01789199178644
4786,Personal care,10404,10287,0.9887543252595156,0.9999975696955692,false,106.64291581108829
4787,Cleaning products,4255,4255,1.0,0.9999952385982276,false,65.50205010266943
4788,Cleaning products,3152,3152,1.0,0.999981076264209,false,160.2209445585215
4793,Personal care,13829,13829,1.0,0.9999969635194608,false,239.90979548254617
4794,Wash treatment and accessories,7814,7814,1.0,0.9999934250996521,false,129.41639383983565
4797,Cleaning products,5054,5054,1.0,0.9999814395364954,false,505.72169815195076
4798,Wash treatment and accessories,3232,2765,0.8555074257425742,0.9999792755458298,false,306.7910065708421
4806,Electric personal care,9313,8864,0.9517878234725652,0.9999886255850656,false,183.45711252566738
4812,Cooking pans,2493,1897,0.7609306056959486,0.9999210937254414,false,477.7761802874744
4818,Other Holidays,8297,8297,1.0,0.9999912809889647,true,706.8173733059542
4841,Stationary,10586,10586,1.0,0.9999964431167092,false,484.2869420944558
4849,Kitchen tools,1784,1784,1.0,0.9999955261503001,false,47.688110882956856
4850,Kitchen tools,1093,1093,1.0,0.9999864240155231,false,81.18333511293629
4851,Kitchen tools,803,803,1.0,0.999967222212723,false,343.0307482546201
4852,Hobby and creative,519,248,0.47784200385356457,0.9999802087609092,false,5185.241663244356
4857,Hobby and creative,2225,2225,1.0,0.9999990993279159,false,13.401650924024636
4858,Tableware,2241,2241,1.0,0.9999959387880033,false,127.57779425051338
4859,Tableware,2130,2130,1.0,0.9999977983129668,false,69.03459219712525
4864,"Glasses (drink, beer, wine etc)",490,490,1.0,0.9999884562927954,true,357.61443326488705
4866,Serve and present,985,985,1.0,0.9999968871688303,false,79.4913819301848
4873,Toilet cleaners and odors,28709,28175,0.9813995611132398,0.999998629932098,false,195.78875811088287
4875,Table paper,4997,4997,1.0,0.9999981987901773,false,81.17678644763858
4876,Moisture treatment and climate,27466,27466,1.0,0.9999958357694954,false,603.8485577002054
4880,Window and squeegees,51536,51536,1.0,0.9999977666193676,false,306.5495913757701
4881,Window and squeegees,31522,31436,0.9972717467165789,0.9999884073922555,false,669.7941749486654
4882,Stairs,5598,5598,1.0,0.9999639537780239,false,711.2151498973307
4886,Kitchen textile,10402,10402,1.0,0.9999939396241344,false,2118.0588788501027
4887,Kitchen textile,15698,15698,1.0,0.9999982042846113,false,1289.115342915811
4892,Ironing board textiles,10387,10387,1.0,0.9999963948086412,false,285.6611975359345
4894,Bed textile,4659,3593,0.7711955355226443,0.9999888186517113,false,2282.595715811087
4901,Serve and present,3669,3669,1.0,0.9999945627361909,false,95.70216591375764
4902,Tea and coffee,4644,4644,1.0,0.9999950558253224,false,138.55166119096506
4903,Tea and coffee,259,259,1.0,0.9999843422477913,false,400.6902110882957
4904,Light bulbs,4044,4044,1.0,0.9999950335213476,false,190.74892197125274
4906,Cleaning products,643,643,1.0,0.9999820151453761,true,143.75471950718676
4907,Tools,26,26,1.0,0.9999815492895273,true,41.89995893223815
4915,Light bulbs,6610,6610,1.0,0.9999989895193391,false,67.52177864476381
4917,Personal care,227,227,1.0,0.9999979497411596,false,94.6468418891169
4918,Tools,72,72,1.0,0.9999637590788695,true,164.27099219712534
4921,Baskets,2689,2689,1.0,0.999996277127229,false,236.54225790554403
4922,Light bulbs,1322,1322,1.0,0.9999968777963136,false,74.87235646817241
4930,Kitchen tools,1419,1419,1.0,0.9999786744046278,false,262.8909334702254
4933,Puzzles,174,174,1.0,0.9999237228549287,true,473.4493437371677
4951,Games,2569,2569,1.0,0.999982499909344,true,410.0303412731005
4953,Puzzles,3889,3889,1.0,0.9999907724226967,false,47.37052648870635
4962,"Glasses (drink, beer, wine etc)",672,672,1.0,0.9999815870325682,true,179.6658406570842
4965,"Glasses (drink, beer, wine etc)",658,658,1.0,0.9999972407474117,false,36.96195770020531
4966,Store kitchen,7858,7858,1.0,0.9999993381976165,false,17.897597125256674
4970,"Cloths, mops, sponges and brush",24494,24494,1.0,0.9999981911530463,false,323.0567843942504
4974,Kitchen tools,31833,30858,0.9693714070304401,0.9999987836602721,false,973.2437149897329
4978,Window and squeegees,38501,38501,1.0,0.9999963514685521,false,498.1798521560575
4982,Ironing board textiles,37696,37696,1.0,0.999996715890711,false,724.9081646817249
4985,Personal care,14144,13451,0.9510039592760181,0.9999950997339602,false,419.8245889117043
5001,Shopping bags and trolleys,5129,5129,1.0,0.9999988111884971,false,35.11889938398359
5008,Measuring and weighing,954,710,0.7442348008385744,0.9999958635751987,false,72.1888151950719
5015,Construction,841,841,1.0,0.9999558077089422,true,699.0923112936347
5025,Tea and coffee,12603,12603,1.0,0.9999967943910426,false,968.1534472279255
5027,Small storage,33261,33234,0.9991882384774962,0.9999985511156314,false,162.1700119096509
5033,Bathroom accessories,5936,5924,0.9979784366576819,0.9999764441033903,false,429.9531663244353
5038,Storage boxes,2197,2197,1.0,0.9998973787920677,false,716.5085268993838
5039,Baskets,13201,13201,1.0,0.999996117495806,false,130.1759383983573
5040,Wash treatment and accessories,4593,3689,0.8031787502721532,0.9999973893528675,false,92.71938110882958
5042,Personal care,82981,82981,1.0,0.9999985897076502,false,287.35969363449686
5045,Cleaning products,22896,22896,1.0,0.9999932724036431,false,325.4703757700206
5047,Cleaning products,7653,7653,1.0,0.9999972544176409,false,73.34183162217657
5051,Cleaning products,5931,5931,1.0,0.9999860862938849,false,325.3395548254619
5052,Commercial non-trade goods,72275,72275,1.0,0.9999996048735245,false,263.13689938398346
5057,Foodprep,7670,7551,0.9844850065189048,0.9999477761207306,false,921.5734866529771
5062,Electric personal care,2404,2366,0.9841930116472546,0.9999044628078485,true,849.0327540041067
5063,Pan sets,3446,3446,1.0,0.9995933510797623,true,5957.696981519503
5066,Bakeware,13569,13569,1.0,0.9999928844183905,false,3775.1819014373727
5067,"BBQ, beach and camping",72603,32675,0.45005027340468023,0.9999950069960497,false,4730.252299794661
5068,Other Holidays,8607,8607,1.0,0.9999801186138314,true,2299.5318464065713
5082,Candles & Tealights,932,932,1.0,0.9999975550733157,true,467.8822509240251
5088,Residential odors,15277,15277,1.0,0.99999505851347,false,103.45895359342913
5096,Vases,3339,3302,0.9889188379754418,0.999983266200689,false,182.78882956878834
5101,Small garden,1125,1125,1.0,0.9999947128900292,true,760.2079084188919
5108,Games,2450,2450,1.0,0.9999918243353887,false,124.51678767967145
5114,"Glasses (drink, beer, wine etc)",902,902,1.0,0.9999981624770948,false,50.617945790554394
5117,Store kitchen,11318,11318,1.0,0.9999983912075087,false,47.51919096509243
5119,Personal care,6790,6491,0.9559646539027983,0.9999979825973195,false,96.28819383983576
5121,Wash treatment and accessories,11114,11114,1.0,0.9999966836372995,false,107.9864414784395
5124,Bakeware,47314,44284,0.9359597582111003,0.9999961218228763,false,728.1059601642712
5125,Foils and bags,40126,40126,1.0,0.999997766560952,false,313.64403531827526
5126,Gift,107362,107362,1.0,0.9999983883689858,false,724.6359983572888
5128,Cutlery,14997,14997,1.0,0.9999961379880524,false,215.19203080082133
5129,Cutlery,2581,2581,1.0,0.9999811131664817,false,132.5559757700205
5134,Kitchen helpers,15008,15008,1.0,0.9999958851681071,false,2454.373407392197
5139,Bed textile,1500,1500,1.0,0.9999880316614828,false,814.9758882956876
5142,Bath textiles and bath mats,47167,47167,1.0,0.9999978643415411,false,1993.6972238193007
5144,Bed textile,2056,2056,1.0,0.9999711876488502,false,5545.6923326488695
5153,Planks,929,929,1.0,0.9999966873762043,false,94.39625051334696
5155,Cutlery,4430,4430,1.0,0.9999982756551605,false,55.87652114989734
5156,Clocks,133,133,1.0,0.9999805547069259,false,247.08921683778223
5157,Tableware,4676,3266,0.6984602224123182,0.9999979581264593,false,60.685578644763815
5159,Home decoration,370,370,1.0,0.9999708977279621,false,215.84890102669414
5160,Waste bins,720,720,1.0,0.9999939231945172,false,227.9129166324436
5161,Light bulbs,480,480,1.0,0.9999920492721956,true,229.1543802874745
5162,Baby / Toddler,583,583,1.0,0.9999811567610261,false,92.04453798767959
5165,Personal care,1247,527,0.42261427425821974,0.9999974341363776,false,18.880762217659104
5175,Toilet cleaners and odors,4229,4139,0.9787183731378577,0.9999974548675561,false,51.26181930184807
5179,Hobby and creative,641,641,1.0,0.9999974099962876,false,14.007905544147834
5181,Shopping bags and trolleys,6174,6174,1.0,0.9999979331720267,false,93.14406406570839
5186,Hobby and creative,3799,959,0.2524348512766518,0.9999873137570547,true,127.84530349075978
5190,Wash treatment and accessories,4126,4126,1.0,0.9999983755960498,false,74.83033059548256
5198,Hobby and creative,190,190,1.0,0.999984224028168,false,518.4687843942501
5200,Outdoor toys,745,745,1.0,0.9999711721548884,false,261.52803203285424
5204,Oven dishes,314,314,1.0,0.9999858451159316,true,298.7873819301851
5205,Coffee makers and kettles,3772,3772,1.0,0.9999687733037464,true,43099.749232854185
5206,"Glasses (drink, beer, wine etc)",6865,6617,0.9638747268754552,0.9999954700253042,false,122.53675071868588
5210,Vacuuming,4550,4550,1.0,0.9997179330752263,false,2589.5729281314157
5212,Batteries,81361,81361,1.0,0.9999990773643358,false,216.79099466119104
5219,Drink & food To Go,43097,43097,1.0,0.99999477715499,false,719.2018365503078
5221,Toilet accessories,14478,14478,1.0,0.999994662019704,false,508.439762217659
5222,Toilet accessories,34827,34827,1.0,0.9999903344845382,false,11521.003131006155
5223,"Glasses (drink, beer, wine etc)",765,765,1.0,0.9999961439731391,false,116.30021355236148
5226,Wash treatment and accessories,3171,3171,1.0,0.9999871416015331,true,200.92549897330596
5227,Wash treatment and accessories,1921,1921,1.0,0.9999891626110834,false,64.53297412731008
5228,Toilet cleaners and odors,57774,41000,0.7096617855782879,0.9999928909540211,false,1561.9723301848048
5236,Wash treatment and accessories,274,274,1.0,0.9999987413390223,false,35.36014496919918
5239,Residential odors,6530,6530,1.0,0.999996849417208,false,244.55542669404517
5241,Phones,12802,12802,1.0,0.9999741251434838,false,1101.4720262833675
5243,Electrical tools,14697,11318,0.7700891338368374,0.9997214253335,false,5121.260363860363
5255,Cooking pans,5253,5253,1.0,0.9999954763019222,false,333.6393067761807
5271,Candles & Tealights,36006,36006,1.0,0.9999892339623144,false,837.7365535934288
5273,Candles & Tealights,36715,36715,1.0,0.9999985670576536,false,176.60936180698144
5275,Candles & Tealights,50,50,1.0,0.999997843912926,false,44.08614373716629
5276,Candles & Tealights,16017,16017,1.0,0.9999927378652191,true,894.8345790554417
5283,Other Holidays,12263,12263,1.0,0.999992681932311,true,994.0334763860392
5293,Photo frames & albums,17860,17860,1.0,0.9999982073299305,false,162.05534414784393
5294,Photo frames & albums,24384,24384,1.0,0.9999990069584265,false,127.2336328542094
5303,Window and squeegees,1436,1436,1.0,0.999968117650175,true,517.9504451745379
5311,Drying racks,6568,6568,1.0,0.9999858107358482,false,156.47863819301844
5315,Hobby and creative,401,401,1.0,0.9999548869542684,false,533.011374948665
5318,Teletoys,360,360,1.0,0.9999883336592552,false,335.4079724845994
5320,"Cloths, mops, sponges and brush",18502,17281,0.9340071343638525,0.9999987640358251,false,220.59073839835727
5323,Construction,2,2,1.0,0.9999199605674022,true,915.2185388090377
5330,"Glasses (drink, beer, wine etc)",887,887,1.0,0.999991246775906,false,156.70505872689944
5335,Commercial non-trade goods,124,124,1.0,0.999996037711569,false,122.93198480492805
5336,Table paper,7275,7275,1.0,0.9999988700392363,false,59.36193182751536
5337,Cutlery,7965,7965,1.0,0.9999961448427909,false,135.95205954825468
5341,Drying racks,9953,9953,1.0,0.9999805528514767,false,838.7130751540033
5343,Kitchen tools,20206,20206,1.0,0.9999959790213463,false,782.648042710472
5346,Kitchen helpers,243,243,1.0,0.9999632297120186,false,515.1277145790554
5347,Kitchen helpers,21447,17206,0.8022567258824078,0.9998836198928159,false,4796.95569938398
5349,Cutlery,1834,1834,1.0,0.9999587846109805,false,349.5744488706364
5353,Bed textile,3577,3577,1.0,0.9999787673678376,false,2632.3973872689944
5360,Mugs and cups,15648,14303,0.9140465235173824,0.9999976895688786,false,947.3624324435315
5375,Tea and coffee,2481,2481,1.0,0.9999687828851634,false,191.63728377823404
5376,Vehicles,88368,88368,1.0,0.9999980779657446,false,350.386724845996
5377,Boys toys,1711,1711,1.0,0.9999266086004686,false,936.7794702258738
5394,Foodprep,6430,6430,1.0,0.9998953577147967,false,22284.289471047232
5397,Batteries,60496,60496,1.0,0.999999150081975,false,199.71056057494863
5400,Coffee makers and kettles,32824,28662,0.8732025347306849,0.9999484325512314,false,3493.5266702258746
5401,Bakeware,4209,4050,0.962223806129722,0.9999926473087389,true,208.26857946611918
5403,Store kitchen,370,370,1.0,0.9999943253292114,true,223.07033675564685
5404,Store kitchen,6919,6919,1.0,0.9999900834925188,false,359.471531827515
5405,"Cloths, mops, sponges and brush",53557,43718,0.8162891872210916,0.9999984353426996,false,634.7948390143735
5408,Others,121,121,1.0,0.9999813318205739,true,4776.57788583162
5411,Cleaning products,6120,6120,1.0,0.9999875438110298,false,232.64184640657066
5414,Cleaning products,1356,1241,0.9151917404129793,0.9999929714909399,false,28.3208616016427
5415,"Cloths, mops, sponges and brush",10826,10826,1.0,0.9999965483066477,false,127.60180123203287
5423,Measuring and weighing,1351,1351,1.0,0.9999772658558399,false,221.95732238193017
5424,Special pans,21921,17653,0.8053008530632727,0.9999596987383921,false,2027.9090266940461
5440,Candles & Tealights,240,240,1.0,0.999994395192716,true,856.3242012320345
5441,Candles & Tealights,15284,15284,1.0,0.9999939184326198,true,709.304509240245
5451,Party lights,10105,10105,1.0,0.9999971868159453,false,849.9013835728952
5457,Photo frames & albums,1960,1960,1.0,0.9999950470492528,false,62.93546201232031
5458,Stationary,20388,20388,1.0,0.9999962441575262,false,658.6871441478439
5460,Coffee makers and kettles,1066,882,0.8273921200750469,0.9998875092929707,true,365.3990398357289
5462,Ironing boards,6969,5295,0.759793370641412,0.9996713530941124,true,21775.859710061603
5467,Teletoys,442,442,1.0,0.99998071150267,false,639.8198472279257
5468,Tea and coffee,2119,2119,1.0,0.9999932827729171,false,165.3146102669404
5469,Cooking books,214,214,1.0,0.9999839954097253,true,161.68014127310062
5472,Bath textiles and bath mats,3683,1973,0.5357045886505566,0.9999910826274013,true,698.9848016427105
5474,Hobby and creative,2211,2211,1.0,0.999997892535985,false,22.075820944558522
5484,Wash treatment and accessories,8770,6212,0.7083238312428735,0.9999839008838042,false,307.25491252566735
5488,Bakeware,31413,31413,1.0,0.9999965541741902,false,1547.2912114989726
5491,Vacuuming,251,251,1.0,0.9999949526988837,false,888.592620123203
5492,Bakeware,31111,31111,1.0,0.9999926315584509,false,943.3154636550299
5494,Kitchen tools,34433,34433,1.0,0.9999980215967615,false,581.8716911704314
5495,Kitchen tools,95779,95779,1.0,0.9999983225356078,false,358.0329326488707
5497,Racks and pockets,15302,15302,1.0,0.9999965314279394,false,2720.2526049281296
5498,Cutlery,16818,16818,1.0,0.999995137408598,false,3351.2150316221764
5499,Stairs,4067,4067,1.0,0.9999597569667226,false,588.9157494866529
5508,Bath textiles and bath mats,18024,18024,1.0,0.9999993064086595,false,443.86754209445604
5515,Tableware,1032,1032,1.0,0.9999819395687962,true,2827.6882772073927
5516,Mugs and cups,30443,4742,0.1557665144696646,0.9999945246346307,false,5522.888132238191
5523,Oven dishes,314,314,1.0,0.9999908848938379,true,112.93733880903493
5524,Planks,2666,2666,1.0,0.9999965493985512,false,45.44795277207392
5527,Tableware,5551,5551,1.0,0.9999874736274452,false,383.42688295687884
5530,Foods,460,460,1.0,0.9999970834936248,false,103.12279260780282
5534,Kitchen tools,469,469,1.0,0.9999861657158506,true,1512.580824640658
5536,"Glasses (drink, beer, wine etc)",308,308,1.0,0.999994918481537,false,78.38498234086248
5540,Wash treatment and accessories,1461,1461,1.0,0.9999843806787119,false,707.0688788501027
5554,Baby / Toddler,36,36,1.0,0.9999884264051176,true,74.49698110882954
5562,"Glasses (drink, beer, wine etc)",221,221,1.0,0.9999940408426293,true,213.6514299794661
5563,Electrical tools,5912,5118,0.8656968876860622,0.9999641581328353,false,377.56503983572907
5566,"Cloths, mops, sponges and brush",26005,24345,0.9361661218996347,0.9999938691085348,false,782.6122291581108
5568,"Cloths, mops, sponges and brush",12087,12087,1.0,0.9999931067942018,false,385.7511819301848
5569,Small storage,13872,13872,1.0,0.9999949456125761,false,249.8329034907598
5573,Home decoration,19584,13233,0.6757046568627451,0.9999977371427463,false,730.7102361396302
5581,Puzzles,1034,1034,1.0,0.999984041890304,true,958.2720172484561
5582,Puzzles,3290,3290,1.0,0.9999968276829866,false,19.798449281314173
5583,Hobby and creative,2981,2677,0.8980207983898021,0.999992317159126,false,63.007201232032855
5588,Batteries,78336,77874,0.9941023284313726,0.9999987807873753,false,261.0084106776179
5593,Foodprep,32042,30072,0.9385181948692342,0.9997121461155568,false,12337.520266940459
5596,Kitchen tools,8926,7163,0.8024871162894913,0.99997405775526,false,670.8457589322378
5597,Buckets,164,164,1.0,0.9999937766775872,false,193.45467638603694
5598,Window and squeegees,17484,17484,1.0,0.9999962956233979,false,197.24255030800828
5599,Window and squeegees,15144,15144,1.0,0.9999961353656375,false,241.88469240246403
5602,Cleaning products,14925,14925,1.0,0.9999945781603219,false,244.68501149897327
5603,Bathroom accessories,10899,10899,1.0,0.9999886673997481,false,447.9936899383985
5604,Table textiles,1746,1746,1.0,0.9999621837411574,false,402.10893429158097
5605,Foils and bags,208,208,1.0,0.9999880415772152,true,2333.6030599589317
5606,Bathroom accessories,5908,5815,0.9842586323628978,0.9999928690905298,false,148.75001149897335
5608,Laundry baskets,20500,14229,0.6940975609756097,0.999974224244166,false,871.6237030800824
5609,Storage boxes,16324,16324,1.0,0.999987976785265,false,649.2762809034909
5610,Baskets,13421,13421,1.0,0.9999967359119889,false,166.61878644763863
5611,Baskets,8788,8788,1.0,0.9999957729306528,false,104.66575071868579
5613,Baskets,10314,10314,1.0,0.9999962693417819,false,84.78227515400418
5614,Baskets,8319,8319,1.0,0.9999959347248291,false,99.37462176591379
5615,Drink & food To Go,11290,9137,0.8093002657218777,0.9999850309838022,false,875.9908349075979
5616,Personal care,68357,60561,0.8859516947788815,0.9999985632798665,false,171.7418377823409
5617,Cleaning products,11644,11302,0.9706286499484713,0.9999953840152855,false,348.04669240246443
5618,Others,4868,4868,1.0,0.9999876790809813,false,184.09185297741266
5620,Oven dishes,184,184,1.0,0.9999959895048962,false,137.41947227926084
5621,Personal care,2795,2460,0.8801431127012522,0.9999962894553401,false,32.135433264887034
5622,Wash treatment and accessories,4894,4894,1.0,0.9999969854080378,false,61.7662636550308
5625,Wash treatment and accessories,8941,7265,0.8125489318868135,0.9999816900236219,false,604.8336804928134
5629,Cleaning products,2749,2749,1.0,0.9999961169086499,false,31.585842710472264
5634,Stationary,10037,10037,1.0,0.9999975917183443,false,314.2315264887062
5635,Window and squeegees,69857,64247,0.919693087306927,0.9999973926436801,false,403.0863441478438
5638,Electric personal care,35727,35727,1.0,0.9999870954401069,false,1012.0516028747437
5640,Electric personal care,3106,2455,0.7904056664520284,0.999922479378352,false,294.30667761806967
5642,Electric personal care,16096,15921,0.9891277335984096,0.9999729440090814,false,717.127275154004
5644,Electric personal care,17241,17241,1.0,0.9999819663661508,false,658.156265297741
5650,Pan sets,1792,1086,0.6060267857142857,0.9998616165470708,true,1744.6827511293661
5652,Partyfun,23400,23400,1.0,0.999998816811196,false,76.75157618069814
5653,Pan sets,1992,1992,1.0,0.9997286105540774,false,1545.573221765915
5660,Personal care,1930,1930,1.0,0.9999849793710855,false,153.25651950718688
5677,Foods,125,125,1.0,0.9999977084860194,false,76.70528993839834
5709,"TV, Audio & Video",5730,5662,0.9881326352530541,0.999962827715445,true,381.52478316221766
5710,Drink & food To Go,7956,2130,0.26772247360482654,0.999980850522643,true,485.7989248459957
5713,Electric personal care,20758,18200,0.8767704017728105,0.9999537884892873,false,880.7130550308007
5725,"Cloths, mops, sponges and brush",16396,16396,1.0,0.9999989458252854,false,172.23535934291587
5726,Kitchen helpers,276,276,1.0,0.9999790653680919,true,572.7485149897327
5727,Hobby and creative,806,806,1.0,0.9999705603181328,false,141.7474299794661
5736,Planks,16247,16247,1.0,0.9999939269825951,false,6871.04861601643
5742,Storage boxes,3139,3139,1.0,0.9999420807098532,false,427.13015400410654
5746,Planks,1069,1069,1.0,0.9999289216211753,true,572.4373383983573
5747,Wash treatment and accessories,1501,1501,1.0,0.9999967200813965,false,29.288462833675574
5748,Personal care,91,91,1.0,0.9999814418259388,false,267.58679507186804
5749,Cleaning products,20223,13404,0.6628096721554666,0.9999960911046728,false,206.59426283367554
5751,Cleaning products,2492,2492,1.0,0.9999811093758527,false,206.6494521560574
5753,Wash treatment and accessories,15747,15747,1.0,0.999984481055244,false,379.5481441478438
5757,Cleaning products,46232,25597,0.5536641287419969,0.9999982049515086,false,244.5864882956879
5761,Bathroom accessories,34955,34955,1.0,0.9999990559503343,false,314.3564513347022
5772,Foodprep,5605,5605,1.0,0.9999694265064734,false,616.1389305954823
5773,Electric personal care,10193,4274,0.41930736780143235,0.9999490176053094,false,1485.1231593429154
5798,Candles & Tealights,202,202,1.0,0.9999894675886927,true,514.6147741273093
5799,Candles & Tealights,340,340,1.0,0.9999969620759104,true,324.54692484599616
5800,Candles & Tealights,902,902,1.0,0.9999985060521434,true,358.08308829568796
5804,Others,783,783,1.0,0.9999971254461015,false,91.71061355236144
5805,Candles & Tealights,9363,9363,1.0,0.9999961606859824,false,104.02803203285424
5807,Drink & food To Go,4519,4519,1.0,0.9999988676110091,false,35.59649774127311
5815,Residential odors,20367,18651,0.9157460598026219,0.9999947604830537,false,175.17117371663244
5820,Photo frames & albums,13267,13267,1.0,0.9999989245691028,false,87.03150308008202
5821,Photo frames & albums,2988,2988,1.0,0.9999955434512761,false,92.73368583162224
5827,Foodprep,2734,2734,1.0,0.9996765644715563,true,10080.389383983567
5837,Drying racks,2915,2915,1.0,0.9999872208543205,true,295.4844887063655
5838,Hobby and creative,10,10,1.0,0.999958818817927,true,622.3491811088303
5839,"Cloths, mops, sponges and brush",20371,20371,1.0,0.9999989352377682,false,238.78742094455865
5840,Construction,406,406,1.0,0.999979446647096,true,723.9771618069813
5843,Kitchen tools,1089,1089,1.0,0.99998944275319,false,181.29885010266935
5845,Kitchen tools,1017,1017,1.0,0.99997030779384,false,350.0063301848047
5848,Bath textiles and bath mats,3905,2411,0.6174135723431498,0.9999862808085183,true,972.1189285420944
5849,Tableware,1811,1534,0.8470458310325787,0.9999942085635327,true,1362.338924845995
5850,Tableware,1482,1482,1.0,0.9999773039688328,true,4730.988418069811
5851,Hobby and creative,930,930,1.0,0.9999981624970649,true,26.83968459958931
5857,Bathroom accessories,7208,7208,1.0,0.9999898153610494,false,276.9292854209447
5858,Racks and pockets,19847,19847,1.0,0.9999956943108753,false,163.6185117043121
5859,Waste bags,32709,32184,0.9839493717325507,0.9999966106216684,false,391.80272361396294
5861,Construction,694,694,1.0,0.9999794577294403,false,341.8829609856261
5863,Baskets,7560,7560,1.0,0.9999960227714949,false,183.13496016427095
5864,Storage boxes,3305,3305,1.0,0.9999661331176141,true,1427.570671457901
5866,Storage boxes,140,140,1.0,0.9999366099961878,false,392.58372238193004
5867,Storage boxes,6104,6104,1.0,0.9999860535749322,false,170.85203285420957
5868,Cleaning products,13087,12941,0.9888438908840834,0.9999938019260071,false,250.63061601642698
5869,Cleaning products,3231,3231,1.0,0.999988358849384,true,360.4385983572896
5870,Cleaning products,23645,16957,0.7171495030661873,0.9999964361165764,false,595.3478266940452
5871,Cleaning products,16862,12556,0.7446329023840589,0.9999977594269073,false,97.04108911704306
5872,Baskets,3880,3880,1.0,0.9999968181021067,false,329.7971260780289
5874,Cleaning products,4646,4646,1.0,0.9999821389665423,false,546.3205338809034
5878,Dishwashing articles,88,88,1.0,0.9999960199204184,false,71.59401930184804
5880,Residential odors,8291,8291,1.0,0.9999963520032457,false,205.933951540041
5895,Electric personal care,8199,8199,1.0,0.9999753022536169,false,269.65407474332676
5896,Electric personal care,4295,4295,1.0,0.999955536500118,false,362.0773515400412
5897,"TV, Audio & Video",235,235,1.0,0.9999289991520309,false,626.8963121149892
5899,Frying pans,16590,12404,0.7476793248945147,0.9999619718354792,false,1656.7239995893206
5915,Candles & Tealights,18492,18492,1.0,0.9999938239631622,true,681.3688689938398
5918,Candles & Tealights,22346,22346,1.0,0.9999936736211823,false,296.1708767967145
5919,Residential odors,2090,1718,0.8220095693779904,0.9999961238720113,false,21.994425462012305
5922,Drinks,1618,1618,1.0,0.999993532257777,false,514.6176804928134
5924,Cooking books,103,103,1.0,0.9999884867578835,false,481.25965338808993
5931,Residential odors,8151,8151,1.0,0.9999890627591668,false,190.3833322381929
5941,Kitchen helpers,7753,7753,1.0,0.9999952697745531,false,139.73974948665304
5943,Stationary,40808,40808,1.0,0.9999978280173348,false,411.02434702258745
5946,Clocks,5990,5978,0.9979966611018364,0.9999828283390736,false,298.37126283367553
5948,Stationary,11671,11671,1.0,0.9999975272717927,true,7431.593471868586
5951,Stationary,31596,31596,1.0,0.9999995925811034,false,28.786386036960966
5954,Foodprep,140,140,1.0,0.9997885379970268,true,7572.847535523609
5955,Racks and pockets,2665,2665,1.0,0.9998994920037297,true,3164.8951835728935
5959,Construction,972,972,1.0,0.9999943749500537,true,53.146935112936326
5971,Construction,340,340,1.0,0.9999665760564316,false,144.87592689938393
5974,Girls toys,657,657,1.0,0.9999777144886275,true,306.3297511293634
5977,Cleaning products,26230,23344,0.8899733130003813,0.9999967380251638,false,357.61445338809045
5981,Window and squeegees,9923,9901,0.9977829285498337,0.9999797641214009,false,463.4721733059546
5982,"Glasses (drink, beer, wine etc)",503,503,1.0,0.9999897432865179,false,137.89108829568775
5983,"Glasses (drink, beer, wine etc)",940,940,1.0,0.9999914915854089,false,108.1947252566735
5987,Baskets,8440,8440,1.0,0.9999925308582004,false,182.90433100616016
5989,Baskets,13532,13532,1.0,0.9999976405847308,false,70.47857289527722
5991,Cleaning products,47876,47876,1.0,0.9999973665883592,false,210.75908747433263
5992,Cleaning products,28447,28447,1.0,0.9999986353746754,false,191.91139342915804
5993,Wash treatment and accessories,589,589,1.0,0.99999926059724,false,234.00124928131402
5994,Wash treatment and accessories,3293,3293,1.0,0.9999934610794757,false,86.12573470225867
5995,Toilet cleaners and odors,22789,22789,1.0,0.999987533548492,false,262.9792484599588
5997,Cleaning products,6986,6986,1.0,0.999994132100671,false,114.66681314168376
5998,Thermos jugs,1755,1755,1.0,0.9999800840844468,true,706.2394492813137
5999,Cleaning products,7591,7591,1.0,0.9999852793432407,false,312.08971047227914
6000,Cleaning products,26946,26946,1.0,0.999995006375093,false,308.04116632443544
6001,Wash treatment and accessories,18385,18385,1.0,0.9999865205657873,false,536.2058989733056
6003,Waste bins,2949,2949,1.0,0.9999732130756424,true,776.8777429158113
6006,Residential odors,3854,3854,1.0,0.9999871128930486,false,243.95122176591386
6009,Cleaning products,7102,7102,1.0,0.9999962567827766,false,298.48603121149915
6010,Personal care,15172,15172,1.0,0.9999950102504193,false,285.7760952772072
6015,Coffee makers and kettles,4407,4367,0.9909235307465396,0.9999916754060307,false,90.72344969199183
6018,Coffee makers and kettles,10818,10818,1.0,0.9999153312906531,false,1766.7602710472268
6024,Measuring and weighing,41584,5447,0.1309878799538284,0.999995577117035,false,8866.617283367556
6029,Partyfun,24657,24657,1.0,0.9999989815547325,false,68.92567392197125
6040,Personal care,1830,1830,1.0,0.9999843822722618,false,159.63568993839826
6052,Candles & Tealights,55909,55909,1.0,0.999987972042034,false,1061.340382340862
6053,Candles & Tealights,74177,74177,1.0,0.9999988928511843,false,169.40767268993835
6069,Clocks,16793,15330,0.9128803668195081,0.9999944639010493,false,1837.3254283367562
6071,Photo frames & albums,21370,21370,1.0,0.9999987721437051,false,134.48189856262837
6075,Stationary,27641,27641,1.0,0.9999982349668135,false,232.03410554414788
6077,Foodprep,174,174,1.0,0.9995929894164829,true,8081.153878028755
6078,Drink & food To Go,9077,9077,1.0,0.9999777396302373,true,1145.6948266940453
6080,Drink & food To Go,11945,6147,0.514608622854751,0.9999886480899596,true,579.8462850102669
6082,Electric personal care,5430,5322,0.980110497237569,0.9999416450535192,true,633.042611088296
6095,Construction,597,597,1.0,0.9999927498168368,false,150.7569215605749
6098,Batteries,309,309,1.0,0.9999831049837311,true,145.38276714579058
6107,Ironing,982,837,0.8523421588594705,0.9997255096397151,true,1274.878518685832
6108,Ironing,3357,2784,0.8293118856121537,0.9999580410640541,false,293.309351540041
6109,Hobby and creative,1146,1146,1.0,0.9999977171874247,false,44.9004205338809
6139,Foods,795,795,1.0,0.9999985500971393,false,47.0303638603696
6140,Store kitchen,6400,6400,1.0,0.999995033183512,false,176.5076303901438
6143,Drink & food To Go,12860,11757,0.9142301710730949,0.9999876160491319,false,546.8724702258725
6144,Bathroom accessories,79927,79927,1.0,0.9999994761024594,false,1029.3243802874742
6145,Cooking pans,943,771,0.8176033934252386,0.9999924688513663,false,117.86520082135527
6152,Storage boxes,14736,13495,0.9157844733984799,0.9999745008502183,false,928.7268254620117
6154,Thermos jugs,2099,2099,1.0,0.9999821710511521,false,160.50319548254612
6155,Storage boxes,6880,6880,1.0,0.999980524395343,false,234.98779794661198
6157,Wash treatment and accessories,14196,14145,0.996407438715131,0.9999935731143889,false,228.2037486652977
6158,Personal care,74272,74272,1.0,0.9999968704324375,false,1259.2810841889116
6159,Cleaning products,7450,7413,0.9950335570469798,0.9999959162183762,false,121.81069404517456
6162,Wash treatment and accessories,22734,14153,0.6225477258731416,0.999988870480945,false,973.7855121149894
6168,"Cloths, mops, sponges and brush",10657,10657,1.0,0.9999913355505877,false,333.8111186858317
6174,Coffee makers and kettles,25984,25984,1.0,0.9999845466728541,false,775.0720792607794
6184,Special pans,13360,10265,0.7683383233532934,0.9998789941492485,false,3841.879039835729
6190,Bags and backpacks,18716,18716,1.0,0.9999954006874016,false,354.4387963039015
6215,Vases,2031,2031,1.0,0.9999935827618744,false,120.5586973305955
6216,Candles & Tealights,10442,10442,1.0,0.9999947794798755,false,937.3057466119096
6227,Clocks,10540,10540,1.0,0.9999953692851918,false,196.11245995893216
6233,"Glasses (drink, beer, wine etc)",205,205,1.0,0.9999870151824191,false,243.82309733059552
6238,Batteries,234,234,1.0,0.9999873653977408,true,52.77833264887066
6245,Storage boxes,410,410,1.0,0.9999535077689452,false,487.1142406570839
6246,"Glasses (drink, beer, wine etc)",548,548,1.0,0.9999984809405106,false,22.21676673511293
6248,Storage boxes,8281,8281,1.0,0.9999929239569216,false,151.2137987679671
6250,Cleaning products,5549,5549,1.0,0.9999934594302331,false,109.53346735112942
6251,Storage boxes,884,884,1.0,0.9999610748155973,false,263.90879671457895
6256,Light bulbs,777,777,1.0,0.9999876811373043,false,96.3013975359343
6257,Wash treatment and accessories,29816,18952,0.6356318755030856,0.9999910193064224,false,957.7677182751546
6258,Cleaning products,5109,5109,1.0,0.999989186900163,false,326.61278151950734
6259,Wash treatment and accessories,47852,40766,0.8519184151132659,0.9999765962178939,false,1802.9451597535929
6261,Cleaning products,3273,3273,1.0,0.9999975629852997,false,107.54932238193015
6264,Waste bins,6155,6122,0.99463850528026,0.9999767919121859,false,191.3411909650923
6266,Shoe maintenance,2141,2141,1.0,0.999994217873834,false,124.43615975359343
6267,Residential odors,4928,4928,1.0,0.9999981994858784,false,154.66957371663247
6268,Residential odors,5989,5989,1.0,0.9999977545160849,false,132.2915137577002
6269,Window and squeegees,74367,74367,1.0,0.9999993970405694,false,369.3910406570842
6272,Foodprep,58678,47836,0.8152288762398173,0.9999502090278651,false,4214.7036279260765
6273,Sockets and security,7321,7321,1.0,0.9999893504620886,false,597.6857950718683
6274,Coffee makers and kettles,162,162,1.0,0.9998430974177043,false,9960.818175359344
6284,Construction,440,440,1.0,0.999896978101978,true,1783.4382669404524
6297,Candles & Tealights,6563,6563,1.0,0.9999934230867895,false,145.55483778234097
6299,Candles & Tealights,226,226,1.0,0.9999974833738423,true,198.09399753593416
6300,Candles & Tealights,447,447,1.0,0.9999982768339805,true,422.83397371663193
6301,Candles & Tealights,784,784,1.0,0.9999965239774581,false,411.316728542094
6307,Foods,4556,4556,1.0,0.9999980216595771,false,63.90569938398353
6308,Others,18875,18875,1.0,0.9999969745241278,false,114.04672525667343
6309,Other Holidays,30035,30035,1.0,0.9999982242157719,true,589.1306825462015
6332,Photo frames & albums,1483,1483,1.0,0.9999896322874025,false,98.86459630390146
6334,Photo frames & albums,16563,16563,1.0,0.999998695573375,false,129.11449691991783
6347,Window and squeegees,2949,2949,1.0,0.999986372454146,true,144.4036755646817
6348,Vacuuming,541,541,1.0,0.9996430702079504,true,12545.36905913757
6349,Store kitchen,868,868,1.0,0.9999663906890564,true,418.93321724845987
6351,Tableware,6217,4839,0.7783496863438958,0.9997220026409771,true,6164.685774127302
6367,Store kitchen,927,927,1.0,0.9999868429404543,true,261.60566735112934
6369,Drink & food To Go,450,450,1.0,0.9999925010697104,false,125.27643860369615
6371,Thermos jugs,2081,2080,0.9995194617972128,0.9999664118944284,false,271.10914332648883
6375,Bathroom scales,1323,1323,1.0,0.9999276188457653,false,1057.353041478439
6380,Hobby and creative,4532,4532,1.0,0.9999911622791388,false,87.16965174537985
6387,Baby / Toddler,2500,1666,0.6664,0.9999686966413485,false,342.05565831622175
6395,"Glasses (drink, beer, wine etc)",1085,1085,1.0,0.9999788000193554,true,272.24452607802874
6403,Small storage,32297,32297,1.0,0.9999980646685029,false,216.5727958932238
6406,Foils and bags,45165,44654,0.9886859293700875,0.9999989344526392,false,253.25453798767944
6407,Shoe maintenance,16182,16182,1.0,0.9999985119108538,false,805.204874332649
6408,Cleaning products,9609,9609,1.0,0.999996291872851,false,316.26497043121145
6411,Buckets,30120,30003,0.9961155378486056,0.9999912558283295,false,552.7408821355236
6414,Baskets,4342,4342,1.0,0.9999828281174042,false,118.08089281314169
6417,Wash treatment and accessories,4960,4960,1.0,0.9999985719311273,false,27.664554825462012
6418,Cleaning products,33663,33439,0.9933458099396965,0.9999963243164708,false,354.5213589322377
6419,Personal care,10361,10361,1.0,0.9999990575476295,false,40.30907597535934
6420,Cleaning products,22293,22225,0.9969497151572242,0.9999983502984875,false,123.33121765913756
6421,Cleaning products,7599,7592,0.999078826161337,0.9999924967052282,false,160.14349897330595
6423,Personal care,8314,8314,1.0,0.9999930538134209,false,184.10136550308
6428,Cleaning products,5201,5201,1.0,0.9999732786023807,true,1543.7891531827509
6429,Wash treatment and accessories,16387,16387,1.0,0.999987794397642,false,2766.2002139630385
6430,Waste bins,4577,4574,0.9993445488311121,0.9999757564567195,false,179.31538644763856
6433,Shoe maintenance,1581,1581,1.0,0.9999529708412526,false,755.639800410678
6434,Phones,9897,9897,1.0,0.9999993908552852,false,93.05636714579049
6437,Electric personal care,26464,23537,0.8893969165659008,0.9999563431109909,false,3931.9410800821333
6440,Electric personal care,3671,3671,1.0,0.9999319047125721,false,622.42030513347
6442,Electric personal care,17955,14962,0.8333054859370649,0.9999823678619398,false,692.1830956878848
6503,"Glasses (drink, beer, wine etc)",555,555,1.0,0.9999717851580591,true,729.8308550308004
6512,Construction,1784,1784,1.0,0.9999739087092472,true,2044.5966443531818
6513,Reading glasses,2979,2564,0.860691507217187,0.9999951676075413,true,1953.887697741273
6515,Construction,393,393,1.0,0.9999643439445289,false,386.6878078028745
6517,Ironing,6282,5732,0.9124482648837949,0.9998986164451538,true,1211.2729971252563
6520,Insecticides,46,46,1.0,0.9999532894119687,true,155.35516262833661
6522,Kitchen tools,801,801,1.0,0.9999812087554231,false,101.95127433264894
6523,Bathroom accessories,13412,13234,0.9867283030122278,0.999995088084235,false,301.93364476386034
6524,Foodprep,13168,13168,1.0,0.999967962222524,false,18629.608947433266
6526,Batteries,8920,8920,1.0,0.9999967337054079,false,73.82945708418885
6527,Batteries,32806,32806,1.0,0.9999972086922019,false,390.21984394250495
6528,Sockets and security,25950,25290,0.9745664739884393,0.9999982510371088,false,147.32971293634483
6533,Bath textiles and bath mats,27411,26209,0.9561489912808726,0.9999820899706144,false,1055.0809535934293
6534,Hobby and creative,613,613,1.0,0.9999906676779493,false,63.13900533880901
6538,Home decoration,1097,947,0.8632634457611669,0.9999831544195672,false,102.13482381930176
6540,Cleaning products,17557,17537,0.9988608532209375,0.9999979262549287,false,137.34835975359337
6541,Personal care,314,314,1.0,0.9999988901527621,false,61.99482012320329
6544,Wash treatment and accessories,10465,10465,1.0,0.9999927754025274,false,337.35781601642714
6545,Foods,849,849,1.0,0.9999977981040773,false,75.07564681724841
6546,Cleaning products,7365,7365,1.0,0.9999926025398158,false,140.5443154004106
6547,Cleaning products,79621,72289,0.907913741349644,0.9999970918286473,false,576.441898973306
6548,Cleaning products,3068,3068,1.0,0.9999857947438457,false,154.1376599589322
6549,Cleaning products,18329,18329,1.0,0.9999987348694247,false,89.41866406570848
6552,Cleaning products,3488,3488,1.0,0.9999971116550552,false,26.983766735112937
6553,Cleaning products,8772,8772,1.0,0.9999926728461247,false,115.90009527720743
6558,Cleaning products,2632,2632,1.0,0.9999986558591158,false,52.455838193018465
6559,Personal care,27167,24379,0.8973754923252475,0.9999976869118572,false,196.24876591375767
6562,Shoe maintenance,4917,4917,1.0,0.999908789548612,false,1763.3137383983562
6563,Residential odors,22580,22580,1.0,0.9999942342132706,false,289.383866529774
6564,Sockets and security,8203,8203,1.0,0.9999888514150572,false,5540.732727720737
6565,Coffee makers and kettles,151,151,1.0,0.9999124851579692,false,3482.5246336755613
6566,Electric personal care,8990,8990,1.0,0.999967835585891,false,754.746514168378
6567,(Steam) cleaners,369,369,1.0,0.9996754079546152,false,869.104188911704
6568,Electric personal care,9237,9170,0.9927465627368193,0.9999458747092358,false,795.3331897330596
6578,Frying pans,6815,6815,1.0,0.9999507953283833,false,3234.925451745381
6583,Partyfun,8893,8893,1.0,0.9999945910808385,true,527.5401979466118
6587,Personal care,93,93,1.0,0.9999974933349071,false,98.30994332648883
6603,Candles & Tealights,605,605,1.0,0.9999988322107582,true,267.54523203285424
6604,Candles & Tealights,1157,1157,1.0,0.9999984750883841,true,316.43068788500995
6619,Candles & Tealights,39432,39432,1.0,0.999999495733712,false,41.818873921971274
6625,Photo frames & albums,10658,10658,1.0,0.9999959409092646,false,235.11316837782329
6628,Photo frames & albums,1548,1548,1.0,0.9999856453756643,false,151.5747227926077
6632,Stationary,11831,11831,1.0,0.9999995726385563,false,17.38034168377823
6633,Clocks,2577,2577,1.0,0.9999837896599671,false,8806.61916221766
6654,Hobby and creative,395,395,1.0,0.9999836491184148,false,184.41756714579043
6661,Fans and electric blankets,102,102,1.0,0.9998779729792411,true,1179.425429158112
6662,Mugs and cups,2036,1384,0.6797642436149313,0.9999943279698856,true,1021.7059425051336
6663,Others,2163,2163,1.0,0.9999832511883553,true,5648.646349075976
6665,Tea and coffee,12809,12809,1.0,0.9999981195358436,false,113.28760903490758
6668,Waste bags,54218,54218,1.0,0.9999987874684153,false,309.647432032854
6673,Baskets,8938,8938,1.0,0.9999962117367764,false,102.95313675564678
6674,Baskets,6857,6857,1.0,0.9999983509219144,false,44.04907104722794
6675,Baskets,6918,6918,1.0,0.999995840964268,false,86.04339630390142
6677,Wash treatment and accessories,915,915,1.0,0.9999695134565603,true,853.2726928131416
6678,Baby / Toddler,167,167,1.0,0.9999920027984713,true,152.44336673511285
6682,Cleaning products,15077,15077,1.0,0.999997180452003,false,265.57773182751544
6683,Cleaning products,3182,3182,1.0,0.9999973594108756,false,54.139949075975345
6684,Waste bins,7964,7870,0.9881968859869412,0.9999758068226828,false,821.2429466119097
6686,Waste bins,2923,2721,0.9308929182346903,0.9999534391581276,false,512.2041494866529
6688,Drink & food To Go,7695,7695,1.0,0.9999948412599239,false,188.89643162217658
6690,Cleaning products,21236,21236,1.0,0.9999985301824208,false,231.2971852156057
6692,Electric personal care,39721,38601,0.9718033282142947,0.999951671847799,false,4602.574723203284
6700,Electric personal care,91,91,1.0,0.9999505179863719,true,8010.579915400414
6703,Special pans,152,152,1.0,0.999811791205947,true,51559.082595482454
6711,Personal care,1354,1276,0.9423929098966026,0.9999830060458904,false,283.0978521560574
6720,Candles & Tealights,130,130,1.0,0.9999989678445275,true,246.1270546201237
6721,Candles & Tealights,128,128,1.0,0.9999971088628353,true,250.01788459958942
6735,Vases,51074,51074,1.0,0.9999910805740432,false,32632.7271412731
6743,Wash treatment and accessories,4955,4805,0.9697275479313825,0.9999744484200607,false,223.21263080082153
6751,Cleaning products,39370,39370,1.0,0.999996529035761,false,473.0471671457905
6753,Hobby and creative,1029,1029,1.0,0.9999987541780885,false,23.190611909650904
6762,"Cloths, mops, sponges and brush",21892,21892,1.0,0.9999992134946389,false,146.0885396303902
6763,Planks,1315,1315,1.0,0.9999844508448443,false,314.7260685831619
6765,Tableware,2417,2417,1.0,0.9999944751972132,false,77.00438398357285
6768,Store kitchen,27003,27003,1.0,0.9999911388171857,false,527.1054763860369
6770,Cleaning products,19013,19013,1.0,0.9999922786862687,false,373.5548505133468
6771,Cleaning products,16897,16897,1.0,0.9999973495407356,false,133.33093182751537
6772,Thermometers,12532,12532,1.0,0.9999987637410631,false,1004.3192993839832
6773,Measuring and weighing,23497,23411,0.996339958292548,0.9999947901085026,false,479.42658480492804
6775,Bathroom accessories,1432,1432,1.0,0.9999796188718908,false,421.77993470225886
6776,"Cloths, mops, sponges and brush",155,155,1.0,0.9999986499947853,false,478.6346562628337
6777,Baby / Toddler,215,215,1.0,0.9999615879158922,true,1172.69436714579
6779,Waste bags,86173,86173,1.0,0.9999992055384572,false,965.0125946611911
6782,Storage boxes,8082,8082,1.0,0.9999912484247493,false,278.544229979466
6784,Cleaning products,11148,11148,1.0,0.9999975975528081,false,107.84515646817246
6786,Cleaning products,5631,5631,1.0,0.9999872003287279,false,243.7688997946613
6787,Personal care,74762,71470,0.955966935073968,0.9999979548296845,false,621.5899527720734
6791,Cleaning products,21107,19143,0.9069503008480598,0.9999987748810671,false,118.74698809034906
6792,Window and squeegees,6671,6671,1.0,0.9999973184395987,false,180.55536960985617
6794,Cleaning products,8492,8492,1.0,0.9999898863550962,false,254.1185047227925
6796,"Cloths, mops, sponges and brush",1716,1716,1.0,0.9999975654559186,false,204.41273511293625
6798,Cleaning products,2066,2066,1.0,0.9999979094813211,false,67.42873757700207
6801,Partyfun,40498,40498,1.0,0.9999991861443777,false,69.96739466119095
6803,Residential odors,13898,13898,1.0,0.9999970108681046,false,149.21409856262835
6815,Partyfun,84619,84619,1.0,0.9999966933354225,false,431.2788369609855
6830,Candles & Tealights,214,214,1.0,0.999994490026947,true,255.68517659137544
6833,Residential odors,10611,10537,0.9930261049853926,0.9999970690142022,false,57.081938398357266
6838,Greeting cards,3512,3512,1.0,0.9999967907506953,false,181.34492648870622
6846,Photo frames & albums,16384,16384,1.0,0.9999980159015536,false,156.9291162217661
6848,Photo frames & albums,12640,12640,1.0,0.9999982585197078,false,118.36954579055438
6850,Photo frames & albums,2128,2128,1.0,0.9999955739834233,false,60.34863860369608
6864,"Glasses (drink, beer, wine etc)",378,378,1.0,0.999985609546349,true,850.6268566735114
6872,Drink & food To Go,892,892,1.0,0.9999920702223115,false,162.72897987679667
6873,Reading glasses,1216,1216,1.0,0.999996036612174,true,382.02804722792627
6875,Racks and pockets,2126,2126,1.0,0.9999753121346605,false,5442.253237782341
6879,"Glasses (drink, beer, wine etc)",88,88,1.0,0.9999970721933548,true,1019.553909650924
6882,Teletoys,969,969,1.0,0.999967828316982,false,1060.5334735112929
6883,Electric personal care,6298,3686,0.5852651635439822,0.999952486857726,false,1052.1548788501027
6884,Batteries,36242,33525,0.9250317311406655,0.9999963750618379,false,4936.532350308008
6887,Batteries,29964,29964,1.0,0.9999980986279169,false,240.47308418891157
6893,Serve and present,2737,2737,1.0,0.9999925100935256,true,240.78061848049276
6896,Store kitchen,31045,31045,1.0,0.9999951848454112,false,811.8797063655036
6897,Store kitchen,36435,36435,1.0,0.9999957027373417,false,294.7961141683779
6898,Shoe maintenance,18709,18709,1.0,0.9999983537747512,false,1848.8509958932232
6899,Cleaning products,18825,18825,1.0,0.9999946046332127,false,249.9911006160164
6900,Dishwashing articles,23249,23249,1.0,0.9999973892150726,false,486.1810989733058
6902,Shoe maintenance,16731,16731,1.0,0.9999982419673832,false,2562.629709650922
6905,Racks and pockets,36135,36135,1.0,0.9999933859260594,false,15550.31671211498
6908,Vacuuming,561,561,1.0,0.9999931080516147,false,567.065199178645
6909,Storage boxes,250,250,1.0,0.9999115159520411,true,877.0376353182768
6910,Baskets,9335,9335,1.0,0.9999989416638752,false,32.498289117043115
6911,Baskets,11083,11083,1.0,0.9999972037892559,false,89.77035728952768
6912,Storage boxes,93,93,1.0,0.9999378525523717,false,467.8978234086236
6913,Personal care,20866,10828,0.5189303172625324,0.999998118299488,false,54.32510266940459
6915,Hobby and creative,360,360,1.0,0.9999905113448794,false,89.73001889117032
6916,Cleaning products,2785,2785,1.0,0.9999505183607508,true,2239.3903244353182
6921,Wash treatment and accessories,23831,23831,1.0,0.999987589335124,false,771.2645277207395
6922,Wash treatment and accessories,30316,16831,0.5551853806570788,0.999991000735211,false,958.808093634497
6924,Residential odors,5146,5146,1.0,0.9999970488578033,false,171.9298948665298
6932,Others,1571,1571,1.0,0.9999943117618394,false,50.99426981519506
6934,Cooking pans,1497,1302,0.8697394789579158,0.9999073403564812,true,569.5630636550308
6954,Candles & Tealights,7157,7157,1.0,0.9999949917035675,false,128.85769609856254
6955,Candles & Tealights,78,78,1.0,0.9999959275657992,true,229.6421437371664
6956,Candles & Tealights,194,194,1.0,0.999991999708293,true,445.679435318275
6957,Candles & Tealights,189,189,1.0,0.9999971309254864,true,434.6509453798768
6964,Residential odors,34997,24906,0.7116609995142441,0.9999857171260916,false,902.9492866529769
6969,Gift,22531,22531,1.0,0.9999974117694052,false,316.53036960985634
6973,Gift,56661,56661,1.0,0.9999981209222027,false,487.0219096509244
6977,Photo frames & albums,4362,4362,1.0,0.9999940187508819,false,162.05081930184804
6978,Vases,17077,17077,1.0,0.9999882526312108,false,4989.540176591376
6985,Storage boxes,35698,30116,0.8436326965096084,0.9999888968887024,true,1816.6142882956883
6987,Store kitchen,3523,3523,1.0,0.9997513376624159,true,33557.84581889116
6994,Hobby and creative,529,529,1.0,0.9999933857381846,true,584.430994661191
7000,Hobby and creative,357,357,1.0,0.999988873522823,true,428.3111963039014
7001,Hobby and creative,454,454,1.0,0.999978209886958,true,1089.3287712525662
7005,Kitchen tools,1041,1041,1.0,0.9999920282681056,false,71.33368829568789
7006,Drinks,3869,3869,1.0,0.9999674870996673,false,2694.40952772074
7011,Others,3066,3066,1.0,0.9999935539284037,true,15169.715540862422
7020,Bathroom accessories,7966,7966,1.0,0.9999859019252795,false,424.7563490759752
7027,Toilet cleaners and odors,5782,5782,1.0,0.999991929901579,false,1242.811349075974
7028,Light bulbs,1793,1793,1.0,0.9999956788767711,false,117.40185831622172
7029,Cleaning products,4738,4738,1.0,0.9999914564512691,false,131.8935486652977
7030,Cleaning products,5480,5480,1.0,0.9999900287535102,false,151.50854045174538
7036,"Cloths, mops, sponges and brush",2667,2667,1.0,0.9999970979148031,false,596.0444402464066
7050,Phones,8354,8354,1.0,0.9999231779489883,false,1493.6652262833672
7055,Electric personal care,9820,9653,0.9829938900203666,0.9999390093107117,true,1274.0121917864474
7080,Others,29051,28997,0.9981411999586933,0.9999976681080568,false,131.3333848049281
7089,Residential odors,66,66,1.0,0.99999806750219,true,65.47793963039015
7091,Gift,17523,17523,1.0,0.9999981309716401,false,308.93856344969174
7093,Partyfun,5855,5855,1.0,0.9999984064507975,false,60.6941223819302
7096,Others,8249,8249,1.0,0.9999916330947817,true,2573.4402825462007
7103,Vases,15130,15130,1.0,0.9999942782345361,false,213.20933470225867
7115,Window and squeegees,1697,1697,1.0,0.9999915724412282,true,189.25486324435303
7133,Games,138,138,1.0,0.9999755106758794,true,136.88697782340856
7134,Tableware,3004,3004,1.0,0.9999937027795707,true,2503.870605749487
7135,"Cloths, mops, sponges and brush",21985,21967,0.9991812599499659,0.9999989839382152,false,155.72805708418892
7136,"Cloths, mops, sponges and brush",12591,12591,1.0,0.9999995301860066,false,66.46861355236136
7141,Laundry baskets,26948,20147,0.7476250556627579,0.9999711490762212,false,1278.3375535934288
7142,Baskets,8946,8946,1.0,0.9999983016143147,false,82.74241478439423
7143,Baskets,12453,12453,1.0,0.9999935230235276,false,188.1411876796715
7144,Personal care,89392,56480,0.6318238768569895,0.9999988303320656,false,295.8043268993839
7145,Storage boxes,6963,6963,1.0,0.9999722936075124,false,306.4549088295687
7146,Storage boxes,6513,6513,1.0,0.9999904414131627,false,120.37958357289527
7148,Wash treatment and accessories,3033,3033,1.0,0.9999948634132442,false,55.3813552361396
7149,Wash treatment and accessories,1917,1917,1.0,0.9999893117907273,false,74.90300698151948
7158,Cleaning products,18242,17662,0.9682052406534372,0.9999979415116351,false,97.64353182751539
7161,Bathroom accessories,24507,24507,1.0,0.9999989924962299,false,782.3213482546205
7162,Measuring and weighing,12537,12274,0.979022094599984,0.9999975331596652,false,186.71797987679676
7163,Shoe maintenance,16679,16679,1.0,0.9999970387407727,false,409.855134291581
7168,Electric personal care,6733,6733,1.0,0.9999618739159614,false,240.6180574948663
7177,Moisture treatment and climate,38435,38359,0.9980226356185768,0.9999819143275023,false,1328.8135934291577
7195,Candles & Tealights,210,210,1.0,0.9999951496566586,true,240.42911498973328
7196,Candles & Tealights,129,129,1.0,0.9999973337551656,true,435.6439650924012
7216,Photo frames & albums,13263,13263,1.0,0.999997278779232,false,190.98498151950716
7225,Storage boxes,27545,27545,1.0,0.9999892107937235,true,1082.7934045174534
7228,Kitchen helpers,2376,2376,1.0,0.9999702512481082,true,358.42926488706354
7230,Construction,1465,1465,1.0,0.9999728572781668,false,261.1106796714579
7236,Boys toys,18,18,1.0,0.9999676178167469,true,271.50549568788506
7239,"Cloths, mops, sponges and brush",13469,13469,1.0,0.999998629080312,false,153.44243778234082
7240,Hobby and creative,226,226,1.0,0.9999827002306187,true,477.0942394250514
7242,Batteries,6646,6646,1.0,0.9999986277195807,false,58.192716221765906
7244,Cleaning products,2,2,1.0,0.9999706878735793,true,51.66921355236127
0,total,20416787,18678561,0.914862901787632,0.999978507013354,false,2412724.45886694
