article_id,article_name,total_demand,demand_satisfied_from_stock,achieved_fill_rate,target_fill_rate,slow_mover,holding_cost
1111,Puzzles,92,92,1.0,0.9345953415212408,true,36.5267186858316
1126,Table paper,3940,3940,1.0,0.989105027691407,false,880.8367638603693
1127,Table paper,16478,16478,1.0,0.9974716151146513,false,78.97152197125251
1129,Kitchen tools,5969,5935,0.9943039035014241,0.9749079190903178,false,227.63738398357296
1131,Bicycle accessories,5319,5319,1.0,0.9919987299864985,false,153.8243531827516
1134,Ironing boards,4323,3114,0.7203331020124913,0.6689436955977647,false,286.464558932238
1135,"Cloths, mops, sponges and brush",9812,9701,0.9886873216469629,0.9975205347816346,false,89.86684517453796
1136,Kitchen textile,9291,9291,1.0,0.9951161138777321,false,1135.3911745379876
1137,Table textiles,2134,2088,0.9784442361761949,0.9716705767280138,false,112.35428336755649
1138,Table textiles,1839,1828,0.9940184883088635,0.9782831438884547,false,98.05578726899385
1139,Table textiles,1671,1671,1.0,0.976065157334375,false,103.92578316221768
1141,Bath textiles and bath mats,40275,40275,1.0,0.9988888681736356,false,989.1647679671455
1151,Outdoor toys,1211,1211,1.0,0.9765078467334567,true,122.33693593429163
1162,Light bulbs,3278,3278,1.0,0.993363344780734,false,51.33096550308009
1164,Batteries,72564,67108,0.9248112011465741,0.9951135665087466,false,337.8393039014373
1166,Batteries,23330,23330,1.0,0.9956865900857212,false,117.43120657084195
1167,Batteries,59284,59284,1.0,0.9901824894081553,false,416.01917330595455
1170,Tableware,2968,2637,0.8884770889487871,0.9817301879089195,false,77.3327889117043
1171,Stairs,9932,6060,0.6101490132903745,0.8988426224988932,false,333.0574472279263
1172,"Cloths, mops, sponges and brush",22256,19595,0.8804367361610352,0.9892783929128551,false,385.50206817248454
1173,Racks and pockets,14647,12800,0.8738990919642248,0.9945149592657978,false,716.7531991786445
1174,Store kitchen,3367,3367,1.0,0.92961376807569,false,595.7268845995892
1178,Baskets,7854,7716,0.9824293353705118,0.9843059686433098,false,101.32271457905543
1180,Construction,744,744,1.0,0.9219527330061926,true,170.14475975359355
1182,Laundry baskets,15616,9264,0.5932377049180327,0.9421284218497126,false,326.13522628336756
1183,Baskets,6644,6572,0.9891631547260686,0.9893568813607561,false,65.03219917864475
1184,Baskets,7237,7237,1.0,0.9942747986008632,false,275.86782094455856
1186,Cleaning products,612,612,1.0,0.9899445668582157,true,65.15243531827514
1187,Suitcases,691,581,0.8408104196816208,0.8681659757935234,false,91.74798234086248
1188,Cleaning products,6544,6544,1.0,0.9830480542120318,false,157.97712114989736
1189,Wash treatment and accessories,308,308,1.0,0.9823668440733409,false,636.9859741273099
1191,Cleaning products,39534,29721,0.7517832751555623,0.9889458926547857,false,174.24171170431208
1201,Electric personal care,10934,10884,0.9954271081031645,0.9870098946337826,false,72.65909158110878
1202,Kitchen appliances,308,308,1.0,0.8125354058875112,false,736.3121133470223
1205,Kitchen tools,32617,32617,1.0,0.998169365564476,false,238.9096607802875
1209,Cooking pans,13941,9290,0.6663797432035005,0.9226157947111553,false,308.29012484599576
1218,Personal care,7639,7639,1.0,0.9948996890341114,false,43.662130595482544
1243,Photo frames & albums,17610,17610,1.0,0.9963753785224918,false,94.13390431211502
1245,Clocks,11810,11810,1.0,0.9908039794293018,false,846.4528069815198
1248,Coffee makers and kettles,22220,21757,0.9791629162916292,0.8390981150518608,false,10264.935518275155
1253,Frying pans,5926,5886,0.9932500843739454,0.9718130941912004,false,190.08888090349063
1262,Construction,274,274,1.0,0.9753458187682679,true,128.42414168377817
1272,Hobby and creative,16598,15532,0.9357753946258586,0.977913473580948,false,281.5877121149897
1282,Table paper,17848,17642,0.9884580905423577,0.9911362640079605,false,1410.9043786447637
1283,Measuring and weighing,17922,4278,0.23870103783059926,0.9911239581974187,false,94.49957166324435
1284,Ironing boards,5848,4930,0.8430232558139535,0.7263502421644049,false,147.44241437371667
1286,Ironing boards,16453,16453,1.0,0.9916605362904432,false,1015.6058952772077
1288,Drying racks,4537,4537,1.0,0.9061324154291194,false,10795.089714579059
1289,Bicycle accessories,5244,5101,0.9727307398932112,0.9747167531705755,false,291.6292509240245
1290,Window and squeegees,50817,29852,0.5874412106184939,0.9881378320938373,false,2556.257245995893
1293,Table textiles,904,897,0.9922566371681416,0.9697758351010038,false,111.78692402464057
1294,Bed textile,3886,2639,0.6791044776119403,0.9437775611730137,false,2284.857483367557
1296,Bath textiles and bath mats,26880,26880,1.0,0.9867939960732748,false,4477.362523613965
1304,Tableware,5563,5563,1.0,0.9804472507556431,true,201.5804661190964
1307,Suitcases,491,463,0.9429735234215886,0.7589270465775981,false,121.80703737166326
1314,Dishwashing articles,284,284,1.0,0.9792561561501133,false,5068.581595071867
1316,Cutlery,2105,2105,1.0,0.9972427742408241,false,15.873122381930171
1318,Foods,634,634,1.0,0.9944584871298756,false,62.90615112936347
1321,Vases,434,434,1.0,0.9878563270243607,false,58.09293388090351
1322,"Glasses (drink, beer, wine etc)",417,417,1.0,0.9948455349531727,false,54.7599794661191
1327,Tableware,4841,4841,1.0,0.9911007518367603,false,58.040650924024646
1330,Cutlery,2487,2476,0.9955770004020909,0.981108530891821,false,64.05160410677621
1333,Cutlery,418,418,1.0,0.9769846042604463,true,21.037986858316216
1334,Hobby and creative,1836,1836,1.0,0.9920440915750344,true,28.076381930184787
1337,Hobby and creative,6390,6386,0.9993740219092332,0.9832979176742281,false,74.05384804928133
1340,Games,5073,5073,1.0,0.9504657908225039,true,193.50774414784394
1347,Stuffed animals,3581,3538,0.9879921809550405,0.983254712498064,false,39.40045872689937
1352,Hobby and creative,252,252,1.0,0.9298117950464343,true,985.9294312114988
1356,"Glasses (drink, beer, wine etc)",8720,8274,0.9488532110091743,0.9837078900338622,false,165.63359753593429
1357,"Glasses (drink, beer, wine etc)",1325,1325,1.0,0.9928688634226522,false,71.43408295687884
1361,Light bulbs,1538,1538,1.0,0.9913890069974897,false,59.10747967145788
1362,Batteries,114318,111122,0.9720428978813486,0.9956701927535371,false,345.24724435318285
1368,"Glasses (drink, beer, wine etc)",5144,5144,1.0,0.994589266197428,false,34.46358726899383
1369,"Glasses (drink, beer, wine etc)",1827,1819,0.9956212370005474,0.9875669344277224,true,57.00700246406569
1373,Wash treatment and accessories,8522,8207,0.9630368458108425,0.9949943698780669,false,32.664305544147865
1378,Drink & food To Go,7829,7384,0.9431600459828842,0.9817829229244928,false,106.17689117043109
1379,Window and squeegees,74989,62565,0.8343223672805344,0.9975365475387677,false,118.4606665297741
1380,Window and squeegees,115118,82297,0.7148925450407408,0.9811386995490108,false,1256.1821971252566
1382,Others,3977,3977,1.0,0.9900445140560362,false,384.1928008213548
1383,Table textiles,36285,34582,0.9530660052363236,0.9959716171069743,false,826.7381018480495
1384,Baskets,2516,2465,0.9797297297297297,0.9392463475844177,false,127.37933059548249
1389,Tea and coffee,2698,2698,1.0,0.9620527360424798,true,67.97221642710471
1393,Kitchen helpers,9099,8528,0.9372458511924388,0.9879281450896868,false,149.20107597535932
1397,Tableware,8845,8845,1.0,0.9971288788183412,false,490.69184435318283
1399,Store kitchen,40,40,1.0,0.8331473095221447,true,173.50496098562604
1403,Mugs and cups,25804,2665,0.10327856146333901,0.9928973526903994,false,4067.0739182751536
1433,Puzzles,9388,4229,0.4504686834256498,0.852490447481764,true,2394.804068583164
1438,Measuring and weighing,45133,10193,0.22584361775197748,0.9958518713608433,false,1336.0808180698152
1440,"TV, Audio & Video",13952,13952,1.0,0.9023819509309584,true,442.7287843942501
1444,Planks,19061,19061,1.0,0.9844574283083184,false,7547.129337166325
1445,Kitchen tools,8382,8184,0.9763779527559056,0.9868150131301983,false,304.98393429158114
1446,Cutlery trays,45371,45371,1.0,0.9828585030523603,false,350.51124147843956
1448,Store kitchen,9369,9369,1.0,0.9887277251616498,false,155.12500780287462
1449,Drying racks,2043,2043,1.0,0.9485280726723104,true,140.22476755646818
1451,Foils and bags,165,165,1.0,0.9794994991430733,true,627.2802915811088
1453,Bathroom accessories,35159,34657,0.9857220057453283,0.9957973342294142,false,2267.252767967146
1456,Baskets,2884,2884,1.0,0.9901497994237753,false,212.9433921971252
1458,Baskets,8054,8054,1.0,0.9974800436705119,false,161.30626365503082
1460,Baskets,10458,10458,1.0,0.9947655139162093,false,57.32982751540043
1461,Baskets,12061,12061,1.0,0.9934072321409398,false,80.28048459958926
1462,Storage boxes,6753,6593,0.9763068265955871,0.9696590379688724,false,145.44568377823416
1463,Bed textile,734,734,1.0,0.9574156560483222,true,1199.7542110882957
1466,Cleaning products,6666,6491,0.9737473747374737,0.9811749219647973,false,102.2359917864476
1468,Cleaning products,5087,5068,0.9962649891881266,0.9737089626744132,false,120.58406981519506
1469,Cleaning products,84368,30902,0.36627631329413995,0.9131771288257204,true,14490.98861848049
1470,Cleaning products,7796,7796,1.0,0.9984141357487485,false,38.83864476386036
1471,Window and squeegees,10616,8086,0.7616804822908817,0.7861321853072668,false,1025.8717043121146
1474,Ironing,6607,2530,0.3829271984259119,0.5,false,2310.4558422997925
1477,Frying pans,1118,359,0.3211091234347048,0.7781213758195278,false,118.79830513347017
1490,Easter,22451,12458,0.5548973319673957,0.9608790824738874,false,1080.8510439425056
1508,Teletoys,946,946,1.0,0.9664388719171322,false,146.0271437371662
1512,Hobby and creative,304,304,1.0,0.9593128737398431,true,42.710144969199185
1514,Tableware,2077,2077,1.0,0.9915901271286163,false,77.58496427104723
1527,Wash treatment and accessories,8366,5133,0.6135548649294764,0.9505127014887244,false,219.18247638603674
1531,Drink & food To Go,1940,1940,1.0,0.9648319907019469,false,335.21598850102646
1533,"Cloths, mops, sponges and brush",12046,12046,1.0,0.9903978977914165,false,278.7047326488704
1537,Cutlery,3376,3295,0.9760071090047393,0.8650395221986009,false,162.55302258726903
1538,Drying racks,26,26,1.0,0.9555970091756727,false,1232.6675728952753
1540,Bicycle accessories,1653,1414,0.8554143980641258,0.8351275971871444,true,345.4187285420944
1545,Table textiles,759,759,1.0,0.9496775492856361,true,188.68056714579055
1548,Ironing board textiles,33710,31996,0.9491545535449422,0.9865932051765597,false,702.1233716632437
1559,Tea and coffee,17942,17361,0.967617879835024,0.9931334439956473,false,146.88754004106784
1561,Tea and coffee,502,502,1.0,0.995992477509626,false,126.27271252566744
1564,Tableware,6517,6517,1.0,0.9945044801800494,false,203.74014866529794
1570,Kitchen tools,523,523,1.0,0.9492184736382816,false,150.5832381930184
1571,Tableware,3657,3657,1.0,0.9963356759699196,false,26.665601642710467
1575,"Cloths, mops, sponges and brush",2108,2108,1.0,0.9912572466770103,false,135.30738110882956
1582,Light bulbs,7425,7425,1.0,0.9973789848913001,false,55.83259219712523
1584,Light bulbs,845,845,1.0,0.9868191776520457,false,77.08161971252567
1585,Boys toys,1697,1697,1.0,0.9510533197632146,false,332.15431211498975
1589,Planks,346,346,1.0,0.9895901025390467,false,86.193633264887
1593,Puzzles,510,510,1.0,0.9368967416888616,false,218.13113963039015
1597,Hobby and creative,3078,3078,1.0,0.9910053228362397,false,40.39478932238192
1605,Puzzles,4065,4037,0.9931119311193112,0.9854356474913337,false,25.119070225872687
1606,Games,5212,4898,0.9397544128933231,0.9818944093975911,false,41.607655030800856
1607,Hobby and creative,3304,3304,1.0,0.9800670666065088,false,36.29996180698152
1612,Foodprep,20935,20935,1.0,0.9268108773422966,false,19241.68322381928
1617,"Glasses (drink, beer, wine etc)",1191,1191,1.0,0.995306147527762,false,95.90688501026693
1618,"Glasses (drink, beer, wine etc)",13542,12079,0.8919657362280313,0.9906042713118448,false,136.48654620123207
1619,Residential odors,233,233,1.0,0.9929655126302758,false,28.979620533880915
1621,Waste bins,2342,839,0.3582408198121264,0.9076845080532657,true,88.00993921971255
1623,Kitchen helpers,15885,15885,1.0,0.9926407974385055,false,1808.4321478439426
1624,Cutlery,24225,17713,0.7311867905056759,0.9934448192526756,false,1165.1619301848048
1626,Drying racks,13613,13101,0.9623888929699552,0.9295393867196686,false,529.4756131416835
1631,Tea and coffee,22966,3830,0.16676826613254375,0.9953516098018176,false,782.5501979466117
1636,Tableware,195,195,1.0,0.8716072678812359,true,58.81552361396306
1637,Tea and coffee,12599,12599,1.0,0.9869549185280526,false,2156.6049696098557
1643,Light bulbs,9442,9442,1.0,0.9970543101407798,false,66.0006570841889
1646,Tea and coffee,63365,40556,0.6400378757989427,0.9954883826727439,false,429.61130184804915
1650,Hobby and creative,11074,11074,1.0,0.9810042008229493,false,168.56596509240242
1661,Coffee makers and kettles,2701,126,0.04664938911514254,0.5957600994871127,true,554.6449626283373
1662,Batteries,19629,19351,0.9858372815731825,0.9917426778584149,false,130.18785420944556
1663,Hobby and creative,389,389,1.0,0.9826334566234206,true,17.471218069815183
1665,Bakeware,25086,23377,0.9318743522283345,0.982449832961133,false,440.3763733059548
1666,Electric personal care,74624,71122,0.9530713979416809,0.9320526809604517,false,2246.808490349076
1668,"Cloths, mops, sponges and brush",132035,92777,0.7026697466580831,0.9925995780702491,false,2997.02555893224
1669,Store kitchen,8023,7933,0.9887822510282936,0.9827547491005642,false,169.6547252566735
1670,Bathroom accessories,3440,3440,1.0,0.9716609351108798,true,168.28545913757677
1672,Watering cans,78661,72936,0.9272193335960641,0.9949637208942781,false,1154.3417585215605
1675,Baskets,14826,14795,0.9979090786456225,0.9958451778697927,false,90.1257158110883
1678,Wash treatment and accessories,3277,3277,1.0,0.9867408562681117,false,34.405459958932234
1679,Cleaning products,6798,6578,0.9676375404530745,0.9725106976587129,false,123.21517864476384
1680,Cleaning products,93767,70775,0.7547964635746052,0.9915612037045347,false,280.43353716632447
1681,Cleaning products,9638,8981,0.9318323303589956,0.992636971459335,false,117.68092114989732
1688,Personal care,158518,86377,0.5449034179083764,0.9966885679779615,false,308.23749979466106
1689,Personal care,174664,118934,0.68093024320982,0.9944251296201821,false,437.4724024640656
1693,Coffee makers and kettles,11342,10125,0.8926997002292365,0.9320536170863332,false,487.6028665297739
1694,Electric personal care,71697,42498,0.5927444662956609,0.9532560761058967,false,9861.874009034907
1711,Small garden,7132,7132,1.0,0.9946780999056855,false,401.5907014373717
1724,Candles & Tealights,366,366,1.0,0.9978371639849797,true,462.26430390143713
1738,Partyfun,38737,38688,0.9987350595038336,0.9993216071943575,false,24.232870225872695
1739,Vases,5588,4920,0.8804581245526127,0.985519772161894,false,86.20818809034907
1753,Others,1373,1373,1.0,0.987729065672117,false,125.7035852156057
1760,Kitchen tools,172,172,1.0,0.9289402694369807,true,83.07898398357288
1762,Teletoys,337,337,1.0,0.9731545193764564,false,45.019880492813115
1763,Hobby and creative,16,16,1.0,0.9709259622778557,true,113.78779137576979
1764,Hobby and creative,235,235,1.0,0.9844690779778988,true,1170.0970279260785
1766,Puzzles,37,37,1.0,0.9705425792503467,true,26.989749075975283
1771,Cleaning products,7304,5781,0.7914841182913472,0.9416398821942005,false,175.8133511293633
1772,Window and squeegees,22402,19604,0.875100437460941,0.9679126466385349,false,416.7005363449691
1773,Cleaning products,2604,2589,0.9942396313364056,0.9934103588336675,false,152.57914373716642
1774,"Cloths, mops, sponges and brush",6943,6793,0.9783955062653031,0.9776594629468449,false,143.69869650924014
1783,Personal care,261084,240794,0.9222855479462548,0.9980259920185827,false,268.4797967145791
1784,Cutlery,4160,3899,0.9372596153846153,0.969337818224254,false,88.14601232032851
1786,Racks and pockets,26438,23959,0.9062334518496105,0.9436835444362366,false,4528.263117043125
1787,Stairs,9565,8311,0.8688970203868269,0.8888647362967221,false,436.4041104722794
1795,"Cloths, mops, sponges and brush",2776,2776,1.0,0.9973711581408333,false,56.67430554414779
1797,Kitchen textile,4896,4896,1.0,0.9911468414902898,false,97.6584229979466
1799,Bath textiles and bath mats,69817,69817,1.0,0.9923954043373113,false,6286.865010266938
1806,Mugs and cups,54526,54526,1.0,0.9912864161770591,false,13341.591619712532
1813,Tea and coffee,17580,14724,0.837542662116041,0.9948499220043866,false,184.1467749486653
1815,Light bulbs,1805,1805,1.0,0.9948568146181547,false,37.78669568788501
1821,"Glasses (drink, beer, wine etc)",24,24,1.0,0.9416543972992184,true,29.191845585215628
1823,Drinks,467,467,1.0,0.9840729819641595,false,98.64436221765908
1826,"Cloths, mops, sponges and brush",691,691,1.0,0.998032537507703,false,237.53917864476398
1828,Foods,79,79,1.0,0.9967944519853291,false,50.468976591375764
1829,"Glasses (drink, beer, wine etc)",1635,1630,0.9969418960244648,0.9926416594461589,false,34.572709650924025
1831,Bakeware,417,417,1.0,0.9272157446130562,true,55.90389733059546
1832,Tableware,5985,5472,0.9142857142857143,0.9818012795893921,false,166.25087392197125
1833,Special pans,482,434,0.9004149377593361,0.6311833539811269,true,110.23100369609861
1850,Girls toys,833,833,1.0,0.9557316671707419,true,40.2803342915811
1862,Coffee makers and kettles,210,210,1.0,0.967603024787646,false,119349.01571663244
1868,Small storage,26244,26221,0.9991236092059137,0.997984205586078,false,111.8656459958932
1872,Toilet accessories,11682,10298,0.8815271357644239,0.9859804228190654,false,281.6998817248459
1874,Serve and present,619,579,0.9353796445880452,0.985039865013789,false,21.60498973305955
1876,Bathroom accessories,635,635,1.0,0.989513997348818,false,18.778639835728924
1878,Bathroom accessories,1466,1466,1.0,0.9888766684949233,false,26.967691170431216
1879,Travel accessories,565,565,1.0,0.9915804538677906,false,38.722620123203264
1880,Laundry baskets,20385,12655,0.6207996075545744,0.9226787194142387,false,633.7920308008213
1882,Baskets,17633,17633,1.0,0.9932699551915153,false,145.51244969199172
1883,Baskets,10058,10058,1.0,0.9958373672764192,false,44.644979466119075
1884,Storage boxes,28789,28789,1.0,0.9282887073292361,false,692.4190574948668
1886,Personal care,58240,55210,0.9479739010989011,0.9979644653385271,false,92.73379794661197
1887,Foods,976,976,1.0,0.9966126283276822,false,34.180281314168376
1889,Tools,4587,2977,0.6490080662742533,0.973116445154185,false,94.35045585215605
1891,Toilet cleaners and odors,5007,4960,0.9906131416017575,0.9945838518328283,false,41.18532361396303
1892,Wash treatment and accessories,11153,11153,1.0,0.9778049967679844,false,209.17899055441478
1893,Cleaning products,5100,5088,0.9976470588235294,0.9772084947876052,false,120.2195609856263
1894,Cleaning products,3566,3566,1.0,0.950091407040874,false,139.9736587268994
1898,Cleaning products,24615,21045,0.8549664838513101,0.991525385857012,false,126.84733634496916
1903,Residential odors,5082,5082,1.0,0.9895469633895703,false,52.35579425051334
1904,Dishwashing articles,47415,42155,0.8890646419909312,0.9966732475453166,false,347.2612694045173
1905,Stationary,75818,75007,0.9893033316626658,0.9989585257725986,false,263.12713100616014
1906,Drink & food To Go,15968,15968,1.0,0.9963596560366328,false,140.05132854209447
1908,Drink & food To Go,9567,7333,0.7664889725096686,0.9836658160198601,false,422.0175667351126
1917,Frying pans,23580,14896,0.6317217981340119,0.9576986903404668,false,915.1958685831615
1944,Candles & Tealights,14263,14263,1.0,0.9815418504548963,false,1142.574473921971
1945,Candles & Tealights,217,217,1.0,0.9966121446090774,true,90.64001026694055
1947,Candles & Tealights,15118,15118,1.0,0.9887331539435549,true,186.55562874743327
1948,Candles & Tealights,16364,14795,0.9041187973600586,0.9909860675944339,false,135.44709938398353
1965,Residential odors,15343,11343,0.7392947924134785,0.9933860328727934,false,36.87746036960986
1970,Photo frames & albums,2322,2322,1.0,0.9923750651419635,false,48.06461601642712
1981,Foodprep,1007,1007,1.0,0.6255060370478531,true,239.10330349075974
1982,Drink & food To Go,17276,7341,0.4249247510997916,0.9642546123418708,true,665.4667864476386
1997,"Glasses (drink, beer, wine etc)",2163,1482,0.6851595006934813,0.9927349374028112,false,6.189540862422995
2004,Knives,215,193,0.8976744186046511,0.8310694248779749,true,140.23187679671446
2006,Fans and electric blankets,778,778,1.0,0.9616786321157305,false,233.8037975359341
2007,Table textiles,296,296,1.0,0.9830072376228396,true,52.397731006160164
2009,Hobby and creative,414,414,1.0,0.9495820721662164,false,38.89272731006161
2011,Boys toys,9799,9799,1.0,0.9929989640521042,false,50.56561683778239
2014,"Glasses (drink, beer, wine etc)",2430,2430,1.0,0.996953426411205,false,55.66641478439424
2019,Shoe maintenance,1403,1212,0.8638631503920171,0.8227667418578386,false,137.11672443531822
2021,Baskets,4366,4366,1.0,0.9867115997688327,false,47.14009281314167
2023,Vacuuming,140,140,1.0,0.9717166225439802,false,30252.288147843927
2024,Toilet accessories,15767,14375,0.9117143400773768,0.9526465145128548,false,380.0931351129362
2025,Knives,62750,55511,0.8846374501992031,0.9970381289875452,false,1217.734914168378
2030,Ironing board textiles,18520,17891,0.9660367170626349,0.9886760280166469,false,399.3139478439425
2035,Bed textile,660,660,1.0,0.9028042648208497,true,358.50004106776095
2045,Shopping bags and trolleys,6342,6342,1.0,0.9958024860499193,false,53.39770184804933
2049,Hobby and creative,10656,10656,1.0,0.9703280247091516,false,188.5719420944559
2050,Boys toys,2569,2559,0.9961074347995329,0.9939835126005758,false,27.017182751540027
2055,Hobby and creative,5984,5890,0.9842914438502673,0.9902446930194249,false,46.569910472279254
2062,Hobby and creative,2094,2094,1.0,0.9443851930773909,false,152.19301683778232
2069,Hobby and creative,2593,2481,0.9568067875048206,0.9789840182153204,false,37.66727885010268
2072,Foodprep,3883,3846,0.9904712850888489,0.8709625437553898,false,249.61897946611916
2077,Small storage,41641,41641,1.0,0.9982102845084443,false,187.77941273100618
2078,Racks and pockets,23620,23589,0.9986875529212532,0.9891155807805647,false,269.07145913757705
2082,Waste bins,5133,5017,0.9774011299435028,0.9650978932405626,false,83.70848665297744
2085,"Cloths, mops, sponges and brush",13906,13547,0.9741838055515605,0.9911912584188679,false,206.27015852156057
2086,Cutlery,2392,2392,1.0,0.9959671604807876,false,60.031712525667366
2087,Cleaning products,11109,10872,0.9786659465298406,0.9934871915473257,false,87.83123367556466
2088,Cleaning products,3531,3473,0.9835740583404134,0.9896124339735088,false,45.34357659137571
2092,Cleaning products,2657,2645,0.9954836281520512,0.9952692958665046,false,9.944743326488704
2093,Cleaning products,4446,4244,0.954565901934323,0.9743919068084286,false,56.26170800821353
2094,Wash treatment and accessories,22885,22885,1.0,0.9648924169349761,false,2236.0377211498962
2097,Shoe maintenance,6599,6452,0.9777238975602364,0.8289474918115868,false,546.871487063655
2099,Store kitchen,2182,1695,0.7768102658111824,0.9492040090051126,true,642.661979466119
2101,Coffee makers and kettles,13360,11719,0.8771706586826348,0.9490116127620872,false,384.07644845995867
2102,Electric personal care,44172,33083,0.7489586163180295,0.9488213829998848,false,1716.030055030801
2103,Coffee makers and kettles,1880,1880,1.0,0.965571044434478,true,92.62777453798763
2109,Pan sets,3333,3210,0.963096309630963,0.8377584134300079,false,311.49513018480496
2114,Construction,382,382,1.0,0.9766371515489584,false,98.24266570841885
2135,Watering cans,6662,6662,1.0,0.9922410685987733,false,94.70793880903484
2152,Tableware,1109,603,0.5437330928764653,0.9629393765015392,true,1750.3096903490757
2153,Teletoys,446,446,1.0,0.9528800487214901,false,303.7995314168375
2159,Phones,35,35,1.0,0.9625181056839729,true,1.9350012320328547
2161,Boys toys,830,830,1.0,0.9614235517304159,false,56.77353593429158
2163,Boys toys,1938,1938,1.0,0.9631068142343513,true,86.38706036960978
2164,Foods,794,794,1.0,0.9970614976174418,false,18.285365503080065
2165,Games,404,357,0.8836633663366337,0.8064115281751755,false,1933.8744878850096
2167,Games,1476,1476,1.0,0.8730601659720763,true,360.79909979466066
2170,"Glasses (drink, beer, wine etc)",895,895,1.0,0.9832012508905043,false,115.28697577002049
2179,Window and squeegees,7822,5843,0.7469956532856047,0.8892885344125292,false,341.40432197125233
2182,Cleaning products,49145,42759,0.8700579916573405,0.9793704483777698,false,206.29775605749484
2183,"Cloths, mops, sponges and brush",8299,8299,1.0,0.9944303109947005,false,59.500097741273095
2185,Special pans,23039,23039,1.0,0.9929705312758983,false,2114.1317322381938
2188,Cutlery,4779,4737,0.9912115505335845,0.9840745966790172,false,188.7478620123202
2189,Toilet accessories,12701,11997,0.9445712935989292,0.9650960207262693,false,243.20614579055442
2190,Window and squeegees,56073,56073,1.0,0.9913396950555688,false,349.92360657084197
2192,Clothes hangers,51913,51913,1.0,0.9949962018844473,false,7012.300138398353
2194,Wash treatment and accessories,24294,24294,1.0,0.9929954043984401,false,2993.977252977411
2195,Table textiles,885,877,0.9909604519774011,0.9629733305591834,false,132.46874743326492
2196,Table textiles,3060,3053,0.9977124183006536,0.9796477416348088,false,94.43143162217652
2200,Bath textiles and bath mats,14253,13130,0.9212095699151056,0.9957998555255801,false,672.261547022587
2202,Bed textile,2926,2926,1.0,0.9611334417135191,false,2750.8330004106774
2212,Thermos jugs,1159,1129,0.9741156169111302,0.9578140979439784,false,225.08207638603702
2218,Tableware,1039,997,0.9595765158806545,0.9687462853739414,false,36.76002135523615
2219,Thermos jugs,1998,1659,0.8303303303303303,0.8998467939116912,false,152.81088542094452
2221,Planks,2424,2056,0.8481848184818482,0.9853668399376831,false,54.35349650924027
2223,Cutlery,1504,1491,0.9913563829787234,0.9755107308414669,false,189.7927765913758
2224,Personal care,121,121,1.0,0.9767839449639704,false,176.02713141683816
2225,Personal care,167,167,1.0,0.9984686731234107,false,2.8226673511293603
2228,Tableware,7343,7343,1.0,0.9932149524254664,false,180.73105379876796
2230,"Cloths, mops, sponges and brush",775,775,1.0,0.9976110236140573,true,292.4551819301848
2232,"Cloths, mops, sponges and brush",380,380,1.0,0.9978707695801878,false,276.6973683778233
2246,Baby / Toddler,479,479,1.0,0.9742616220759953,false,46.634885420944485
2256,Baby / Toddler,1235,1235,1.0,0.9511782478960179,true,169.96682751540038
2264,Personal care,6516,5697,0.8743093922651933,0.997131043465148,false,58.05273347022585
2265,Drink & food To Go,13824,12956,0.9372106481481481,0.9940436210717715,false,162.65944558521562
2269,Baskets,4362,4362,1.0,0.9666033327555446,false,102.28654127310055
2270,Euro articles,1960,1960,1.0,0.9956064748672495,false,30.409466119096496
2271,"Cloths, mops, sponges and brush",69775,59583,0.8539304908634898,0.9954115991995608,false,706.6034895277201
2273,Tea and coffee,3785,3785,1.0,0.9690988738819437,true,167.22848213552365
2282,"Cloths, mops, sponges and brush",1592,1592,1.0,0.999025318749376,false,114.26704558521557
2283,Ironing board textiles,50860,49104,0.96547384978372,0.9909911158975442,false,835.3175950718685
2288,Bed textile,12367,12367,1.0,0.9838186808803444,false,4869.814531006159
2291,Mugs and cups,29430,2334,0.07930682976554536,0.992017661738307,false,6489.22301108829
2330,Store kitchen,3359,3244,0.9657636201250372,0.9966294985274223,false,11.498835318275155
2336,Vacuuming,12394,12394,1.0,0.984264548886285,false,1370.7461577002048
2337,Light bulbs,4048,4048,1.0,0.9932038598955738,false,70.45245297741272
2341,Store kitchen,338,338,1.0,0.9807614049222143,true,62.36362381930183
2342,Drink & food To Go,19763,17990,0.9102868997621818,0.9836152250937569,false,314.95317043121133
2344,"Cloths, mops, sponges and brush",46435,33003,0.710735436631851,0.9918480948103784,false,817.1433527720737
2345,Kitchen tools,8390,7722,0.9203814064362336,0.9721624591325237,false,167.6256164271046
2350,Baskets,11259,11259,1.0,0.9930169900826266,false,127.35544722792599
2353,Cleaning products,12814,12770,0.9965662556578742,0.98196037182506,false,162.5694488706366
2354,Cleaning products,6489,6381,0.9833564493758669,0.9779065079405633,false,97.29545790554413
2355,Suitcases,367,318,0.8664850136239782,0.7723804532968408,false,85.2570246406571
2356,Cleaning products,4859,4859,1.0,0.9957776887169815,false,23.659295687885013
2359,Foods,466,466,1.0,0.996680239056979,false,42.5502431211499
2361,Cleaning products,34,34,1.0,0.9959399175138565,false,81.71574045174533
2363,Residential odors,7433,7433,1.0,0.9951174276950445,false,211.84304106776185
2364,Personal care,67167,66719,0.9933300579153453,0.9963994395556613,false,101.38293470225874
2369,Window and squeegees,1748,1019,0.5829519450800915,0.9046190779899006,false,731.8747630390143
2370,Ironing,18545,12880,0.6945268266379078,0.9323033239684562,false,1346.1360349075971
2379,Pan sets,5909,5064,0.8569977999661533,0.791509861039428,false,681.4893696098557
2391,Foods,638,638,1.0,0.9923247704514588,false,60.73705954825462
2394,Residential odors,10216,10216,1.0,0.9973811922955457,false,28.417527720739198
2402,Baby / Toddler,86,86,1.0,0.9034560418738147,true,270.34571498973327
2406,Partyfun,2088,2088,1.0,0.9985057961004039,false,57.94835154004109
2408,Construction,324,324,1.0,0.9807445359242825,false,24.886164271047207
2410,Construction,446,446,1.0,0.9632530229024474,false,95.24720903490757
2412,Electric personal care,242,226,0.9338842975206612,0.5,true,108.37501765913747
2415,Batteries,1114,1111,0.9973070017953322,0.9799634841984813,false,26.521393018480527
2416,Construction,379,379,1.0,0.9269062773199811,true,249.31437453798765
2421,Ironing,1645,771,0.46869300911854106,0.8385311067898196,false,219.99852977412723
2423,Store kitchen,13821,13812,0.9993488170175819,0.9970612954289364,false,37.121273100616015
2430,Baskets,3902,3884,0.9953869810353665,0.9615183883075747,false,96.1380431211499
2435,Vacuuming,258,258,1.0,0.9886271993318092,false,4786.205343737168
2436,Bakeware,53806,53240,0.9894807270564621,0.9960280505868844,false,352.2076648870638
2437,Knives,56854,29740,0.5230942413902276,0.9978235650761029,false,693.3124903490765
2441,Window and squeegees,28572,27665,0.9682556348873023,0.9943265096292555,false,337.7824328542094
2443,Drying racks,20986,14801,0.7052797102830458,0.8404432758120677,false,12406.055159753589
2445,Partyfun,45597,45597,1.0,0.9922152691760431,false,209.98820205338814
2449,Tableware,42050,40395,0.9606420927467301,0.9943105317197792,false,1916.602440657084
2451,Mugs and cups,14992,4849,0.32343916755602986,0.9948682582874735,false,1058.994945379877
2454,Tableware,11828,3993,0.337588772404464,0.990382710641573,false,856.7671416837779
2463,Tableware,995,285,0.2864321608040201,0.6200214700775493,false,223.734396714579
2465,Tableware,7123,5354,0.7516495858486593,0.9834183338487019,false,93.84719753593428
2471,Vases,270,270,1.0,0.9894523135117897,false,39.58155318275154
2474,Tableware,2818,2818,1.0,0.99439482815268,false,1467.9503885010267
2478,Kitchen tools,935,935,1.0,0.9918842802156133,false,84.83903121149896
2486,Dishwashing articles,169,169,1.0,0.9969430499158307,false,425.3566443531828
2494,Oven dishes,1096,1096,1.0,0.987996891874673,false,196.77852648870638
2495,Drinks,707,707,1.0,0.9934378212260477,false,73.38172731006156
2497,Table paper,1154,1154,1.0,0.9864052373201341,false,127.36568131416841
2498,Thermos jugs,1093,1070,0.9789569990850869,0.9541202587868554,false,68.56327515400406
2499,Foils and bags,133,133,1.0,0.9722051204211299,true,820.2858381930179
2505,Pan sets,102,69,0.6764705882352942,0.5,true,93.30545215605743
2511,Games,3273,3255,0.9945004582951421,0.9450993441846712,false,66.66784188911703
2518,Games,1849,1849,1.0,0.7028021447096959,true,397.1931375770014
2519,"Glasses (drink, beer, wine etc)",1498,1498,1.0,0.9950279578262075,true,668.9431704312111
2525,Table paper,7359,7291,0.9907596140779997,0.9987982258065501,false,25.25568952772074
2526,Table paper,10145,10145,1.0,0.9988379148302974,false,31.737795893223808
2529,Store kitchen,5932,5451,0.9189143627781524,0.9228857642933919,false,157.53330965092405
2531,Drying racks,7029,6507,0.9257362355953905,0.9272398035243633,false,325.7616131416837
2532,Ironing boards,209,209,1.0,0.6495567271404231,false,188.97929034907622
2544,Mugs and cups,22605,8768,0.3878787878787879,0.9892768391213508,false,4943.752713757697
2549,Serve and present,10114,10032,0.9918924263397271,0.9863012646286518,false,121.41447104722792
2579,Coffee makers and kettles,16662,16155,0.9695714800144041,0.9244695671888646,false,531.7309757700208
2580,Vacuuming,35919,35051,0.975834516551129,0.9855774512493942,false,1655.1318747433263
2584,Store kitchen,59182,57771,0.9761582913723768,0.9900895567018716,false,310.2885486652976
2585,Store kitchen,35781,35468,0.9912523406277074,0.9922360226719508,false,200.95038850102665
2587,Bathroom accessories,27717,27717,1.0,0.995189958020701,false,250.50160903490772
2588,Watering cans,37586,37496,0.9976054914063747,0.9964092031728529,false,92.82006899383988
2589,Bathroom accessories,4163,4160,0.9992793658419409,0.9915518750770864,false,41.02235728952773
2591,Tea and coffee,15093,15093,1.0,0.9677513836511205,false,14125.612381108838
2592,Storage boxes,1447,1447,1.0,0.9545064242810892,false,114.63305790554416
2594,Cleaning products,4592,4589,0.9993466898954704,0.9897959296452001,false,53.68386529774125
2596,Cleaning products,7201,7178,0.9968059991667824,0.9822092362951301,false,249.9236993839834
2597,Cleaning products,3028,2901,0.9580581241743725,0.9946233531387648,false,47.34019219712524
2599,Wash treatment and accessories,48483,40603,0.8374688034981334,0.9907196458994089,false,664.8671264887062
2600,Cleaning products,2342,2342,1.0,0.9985099600636017,false,23.851607392197124
2601,Wash treatment and accessories,4662,3329,0.7140712140712141,0.9813765949709513,false,133.47016427104722
2602,Foils and bags,15789,15789,1.0,0.9847107898183487,false,281.96234004106765
2604,Cleaning products,57483,42904,0.7463771897778474,0.9894014008797319,false,127.6201478439425
2605,Vacuuming,124528,114011,0.9155450982911474,0.996965740016418,false,458.6888993839832
2606,Personal care,134990,79146,0.5863100970442255,0.9949639526589842,false,333.06215030800803
2608,Coffee makers and kettles,9533,9288,0.9742998006923319,0.8531319101008655,false,430.2896837782339
2613,Cooking pans,1807,861,0.4764803541781959,0.907389674516759,true,92.04244517453796
2634,Candles & Tealights,7570,7570,1.0,0.9841946595902016,true,132.4874476386037
2637,Vases,1740,1740,1.0,0.9883734181495252,false,54.07366899383983
2645,Partyfun,13099,10895,0.8317428811359646,0.9948402702009199,false,58.63901149897332
2646,Photo frames & albums,12645,12645,1.0,0.9970949449853427,false,82.8357088295688
2652,Construction,345,345,1.0,0.9334323650665234,false,185.76899260780283
2654,Tableware,3460,646,0.18670520231213872,0.5464055839042403,true,546.350359342916
2658,Fans and electric blankets,536,536,1.0,0.9783839431428452,false,61.70293018480496
2660,Electric personal care,1660,1660,1.0,0.9386594478816992,false,103.85763449692
2661,Phones,48,48,1.0,0.9826557105691234,true,2.1790554414784387
2665,Others,1759,1759,1.0,0.994362601714634,true,129.56062546201224
2667,Store kitchen,688,688,1.0,0.9777964972716314,true,40.335109650924004
2671,Games,10032,10032,1.0,0.9321514184030397,false,284.6220123203285
2672,Tea and coffee,13687,13156,0.9612040622488492,0.9940502841699669,false,109.46539630390139
2674,Stuffed animals,2175,2175,1.0,0.9560472691976645,false,71.05047720739222
2677,"Glasses (drink, beer, wine etc)",1833,1101,0.6006546644844517,0.9352794063330254,false,77.50509240246413
2680,Drink & food To Go,16441,16441,1.0,0.99454489633062,false,315.88975893223807
2686,Kitchen tools,4880,4528,0.9278688524590164,0.9746088711675923,false,114.81762505133469
2688,Foils and bags,70520,70520,1.0,0.9985832885737886,false,115.6079696098562
2689,Vacuuming,150,150,1.0,0.9717928204605747,false,7866.838258726895
2690,Gift,37683,31927,0.8472520765331847,0.9986702093358609,false,241.35980164271044
2691,Toilet accessories,3832,3780,0.9864300626304802,0.9676212416488743,false,147.1038357289528
2694,Bathroom accessories,8885,8795,0.9898705683736635,0.9704060996867883,false,158.85667761806974
2698,Kitchen helpers,5042,5042,1.0,0.9815078590657301,false,165.22062340862422
2699,Window and squeegees,26092,25076,0.9610608615667637,0.9976489074533835,false,217.72282546201242
2701,Ironing board textiles,23297,22184,0.9522256084474395,0.9955107715539122,false,206.63969815195068
2702,Table textiles,533,529,0.9924953095684803,0.9677696979406524,false,104.02683039014369
2718,Bathroom accessories,1192,1192,1.0,0.958950842734059,false,126.6563039014374
2719,Light bulbs,4294,4294,1.0,0.9908283121849738,false,142.88001560574952
2720,Cleaning products,4467,4467,1.0,0.9973895069917867,false,34.218299794661206
2730,Kitchen tools,1890,1884,0.9968253968253968,0.9803694790671568,false,200.07024558521562
2732,Cutlery,2954,2954,1.0,0.998056840550185,false,14.397393018480475
2736,Oven dishes,886,886,1.0,0.9221302690322896,true,114.57490184804927
2745,Stuffed animals,2455,1553,0.6325865580448066,0.9623376208701109,true,72.60931827515395
2748,Stuffed animals,79,79,1.0,0.9886100579711861,true,75.55992607802875
2758,Baby / Toddler,165,165,1.0,0.9712796380507489,true,120.43675071868583
2761,Kitchen helpers,1990,1220,0.6130653266331658,0.8889893084960989,true,111.96892402464057
2763,Dishwashing articles,103294,60318,0.5839448564292214,0.9987337246050108,false,411.8098850102669
2764,"Cloths, mops, sponges and brush",18354,17957,0.9783698376375722,0.9879176543050991,false,444.7642694045171
2773,Foils and bags,18944,18944,1.0,0.9960718398463295,false,117.90277946611903
2777,Ironing board textiles,8787,8787,1.0,0.995526819186928,false,202.64442874743318
2778,Kitchen tools,73547,69719,0.9479516499653283,0.9927956739535696,false,3150.696231211499
2781,Ironing boards,9738,7060,0.724994865475457,0.6469544152248696,false,722.7998451745384
2783,Drying racks,10981,10981,1.0,0.8691889761393117,true,2299.4976455852157
2784,Table textiles,1154,1154,1.0,0.9696902235252627,false,118.72673839835731
2786,Bed textile,12586,12425,0.9872080088987765,0.9820707502097824,false,1516.8399523613955
2787,Bath textiles and bath mats,8616,8437,0.9792246982358404,0.9914117177267111,false,1091.0838566735115
2791,Table textiles,7090,7090,1.0,0.9769464589160916,false,1544.3939186858317
2793,Baskets,5909,5909,1.0,0.9951130976416089,false,282.9439786447637
2794,Fans and electric blankets,1860,1588,0.853763440860215,0.918333392018863,false,187.21795523613966
2796,Tableware,5092,5092,1.0,0.9853591470562979,false,86.06078850102672
2805,Light bulbs,6226,6226,1.0,0.9978641850540141,false,38.28157125256674
2817,Foodprep,10476,10476,1.0,0.9723048732315351,false,18331.471484599588
2823,Batteries,120724,24276,0.20108677644875916,0.9933510121853208,false,2671.38039301848
2826,Wash treatment and accessories,7714,7651,0.9918330308529946,0.9787585591295062,false,113.38502258726899
2828,Store kitchen,23882,21619,0.9052424420065321,0.9853387902584412,false,558.554682546201
2829,"Cloths, mops, sponges and brush",136452,96881,0.7100005862867529,0.9956798223660804,false,1376.1236324435306
2832,Window and squeegees,16086,15913,0.9892453064776825,0.9859622275829252,false,284.4206078028747
2833,Racks and pockets,34281,34058,0.9934949388874303,0.9921789432482647,false,181.363862422998
2835,Clothes hangers,50901,42273,0.8304944893027641,0.9974056534453403,false,335.45194743326493
2838,Thermos jugs,9835,9092,0.9244534824605999,0.979609076069837,false,1126.176305544148
2839,Thermos jugs,8942,8942,1.0,0.96246870069521,false,3077.740267761807
2842,Baskets,9006,9006,1.0,0.9970291622775979,false,31.562824640657087
2844,Cleaning products,10724,10453,0.9747295785154793,0.992342322594105,false,75.94722299794665
2845,Cleaning products,4523,4523,1.0,0.993915604801404,false,35.68068172484599
2846,Cleaning products,5239,5047,0.9633517846917351,0.9850797299736712,false,69.88683572895278
2847,Personal care,11466,11344,0.9893598465027037,0.9975556787403143,false,47.073812731006164
2853,Cleaning products,71,71,1.0,0.9892874808425172,false,63.94445667351122
2854,"Cloths, mops, sponges and brush",15206,14840,0.9759305537287912,0.9949981166069374,false,237.0591252566736
2855,Window and squeegees,52599,52137,0.9912165630525295,0.9978256213703797,false,285.7490841889115
2894,Residential odors,13450,12572,0.9347211895910781,0.9944200904620452,false,28.135975359342943
2905,Pan sets,2757,1986,0.720348204570185,0.7955137046256441,false,422.24304722792664
2909,Kitchen tools,490,490,1.0,0.9780973855897642,false,157.72004147843953
2911,Teletoys,241,241,1.0,0.9173457812651666,true,62.115498973305925
2912,Construction,84,84,1.0,0.858814811065582,true,199.96364722792606
2917,Construction,140,140,1.0,0.9889722648941455,false,49.911155646817264
2922,Pan sets,1219,1219,1.0,0.9061317132514083,false,284.6327926078028
2925,Kitchen helpers,765,765,1.0,0.9899341686605352,false,1917.8526665297732
2929,Thermos jugs,4070,3717,0.9132678132678133,0.8853386794369184,false,271.92040739219703
2934,"Glasses (drink, beer, wine etc)",1255,1255,1.0,0.9269954817958662,true,91.2495909650924
2938,Personal care,35090,35090,1.0,0.9881874989840507,false,182.65965010266933
2940,Ironing boards,1521,563,0.3701512163050625,0.924289155389588,true,97.61620451745381
2943,Knives,24107,23757,0.9854813954453063,0.9899781530559327,false,1119.4254739219714
2947,Kitchen helpers,19958,19958,1.0,0.9693148256879083,false,5846.5325975359365
2949,Kitchen textile,6536,6536,1.0,0.995167761088395,false,567.4129281314171
2950,Kitchen textile,3369,3369,1.0,0.9796117490390494,false,1530.6739388090348
2951,Racks and pockets,16599,16577,0.998674618952949,0.9944484070052444,false,270.2851872689936
2952,Table textiles,419,411,0.9809069212410502,0.9495770615032106,true,104.46357289527721
2953,Bath textiles and bath mats,32620,32620,1.0,0.9872871086526385,false,3995.0001531827515
2957,Mugs and cups,14904,7343,0.492686527106817,0.9932867263546535,false,631.1097659137577
2968,Tea and coffee,72275,57688,0.7981736423382912,0.994330183128445,false,856.3769297741276
2969,Tea and coffee,75168,74654,0.9931619838229033,0.9890114252650843,false,518.4066496919914
2974,Foils and bags,542,542,1.0,0.9962181127929974,false,31.52279671457904
2977,Drink & food To Go,377,377,1.0,0.9796355563192162,true,377.3410082135528
2978,Tools,1633,1633,1.0,0.9804353158345722,false,87.29459958932233
2979,Tableware,1158,1158,1.0,0.9803274242649123,false,29.207990143737156
2980,Light bulbs,6031,6031,1.0,0.9816507527555766,false,211.8866767967147
2985,Cutlery,3224,3224,1.0,0.9967833108148405,false,67.27227967145791
2987,Tableware,4401,4401,1.0,0.9951619753112673,false,24.561390143737157
2996,Baby / Toddler,4645,3768,0.8111948331539289,0.8858906198444841,false,671.1133831622184
2997,Games,1296,1290,0.9953703703703703,0.93607980605289,false,53.650460780287474
3014,Phones,9792,9112,0.9305555555555556,0.824644323852289,false,531.9709967145791
3015,Batteries,34161,33897,0.9922718889962238,0.9941529053766692,false,265.4033757700204
3021,"Glasses (drink, beer, wine etc)",668,668,1.0,0.9953769239103792,false,39.43682135523613
3027,Kitchen helpers,28049,24391,0.8695853684623338,0.9965525600097408,false,921.1117683778234
3030,Vacuuming,183,183,1.0,0.9901289866819631,false,193.70391950718687
3031,Vacuuming,105,105,1.0,0.9776846658804181,false,3871.5559753593434
3033,Kitchen helpers,17842,17671,0.9904158726600157,0.9887928104508762,false,949.2971232032843
3034,Measuring and weighing,39713,2902,0.07307430816105558,0.9949054441211238,false,2074.74681724846
3036,Ironing boards,20693,19583,0.9463586720146909,0.945709223604932,false,5388.44078234086
3037,Drying racks,8537,6068,0.7107883331381047,0.7332679098561551,false,807.1833790554413
3042,Bed textile,3261,3261,1.0,0.9611169552419991,false,2195.8048229979477
3046,Others,548,457,0.833941605839416,0.9643770940581899,false,34.91379794661191
3047,Bath textiles and bath mats,21094,21094,1.0,0.9869667556135411,false,2582.635528542094
3055,Tea and coffee,342,342,1.0,0.9921199692534525,true,83.57729199178644
3058,"Glasses (drink, beer, wine etc)",7658,6396,0.8352050143640637,0.9898322880890267,false,70.53344599589319
3059,Games,2181,2181,1.0,0.9559247260895285,false,52.339891170431244
3063,Games,94,94,1.0,0.9332149319870826,true,39.97517453798768
3075,Boys toys,1226,1226,1.0,0.97335821961149,true,95.86974332648875
3080,Batteries,50340,45255,0.8989868891537545,0.9881505564961333,false,503.72169034907574
3082,Batteries,13532,13532,1.0,0.9932356637453553,false,87.14967227926083
3083,"Cloths, mops, sponges and brush",57325,55912,0.9753510684692542,0.9989354432146152,false,106.26403039014374
3087,Coffee makers and kettles,9201,9201,1.0,0.9753804295819849,true,15903.03648952772
3090,Personal care,27052,27030,0.9991867514416679,0.9872053873292008,true,1205.6446866529777
3091,"Cloths, mops, sponges and brush",27805,26549,0.9548282682970689,0.9890413835334879,false,534.8413388090347
3092,Cutlery,2866,2866,1.0,0.9974075225262675,false,39.84887556468173
3093,Bathroom accessories,8434,8205,0.9728479962058335,0.9673760594615294,false,212.19792525667356
3097,Laundry baskets,14879,8941,0.6009140399220377,0.9700098218137182,false,195.25430882956869
3098,Baskets,13833,13833,1.0,0.9910243963595389,false,94.03774127310061
3104,Cleaning products,6600,6377,0.9662121212121212,0.9825913879403084,false,133.99188418891163
3106,Baskets,3698,3698,1.0,0.9926098863534492,false,266.7677950718688
3108,Light bulbs,8382,8382,1.0,0.9986933983485644,false,28.79156919917865
3110,Ironing boards,2324,1168,0.5025817555938038,0.9410400161600898,false,455.761714989733
3112,Dishwashing articles,11331,3301,0.2913246844938664,0.9863216098585402,false,94.96707967145794
3114,"Cloths, mops, sponges and brush",21918,21918,1.0,0.9313377721218621,false,20985.142038603688
3120,Electric personal care,11613,10057,0.8660122276758805,0.8857096581157665,false,600.0198911704309
3121,Electric personal care,8571,7478,0.8724769571811924,0.9439411833703613,false,211.75296673511295
3123,Alarm clocks,18502,6252,0.33790941519835693,0.9798112281822623,false,1577.6848895277203
3128,Stationary,32283,32283,1.0,0.9992902390457519,false,30.917691991786455
3159,Pan sets,3411,1543,0.4523600117267663,0.5,true,714.0495548254621
3162,Kitchen tools,244,241,0.9877049180327869,0.9719692332595598,true,57.806632443531825
3163,Tea and coffee,1833,1833,1.0,0.9975060782379279,false,62.27427679671458
3165,Construction,448,448,1.0,0.9622727177922168,true,118.70535605749473
3170,Stationary,4116,4116,1.0,0.9984796472816224,false,8.019041889117041
3171,Batteries,1515,1515,1.0,0.988204286551737,false,33.19455482546203
3172,Toilet cleaners and odors,78,78,1.0,0.992524483678709,true,1194.431704312114
3173,Construction,296,296,1.0,0.9640373616800817,true,156.3681848049282
3176,Girls toys,8,8,1.0,0.953505226560362,true,80.66510800821356
3179,Baby / Toddler,12321,12321,1.0,0.9623184706678307,false,197.91230800821364
3185,Kitchen appliances,8227,8227,1.0,0.7875412241394497,false,59267.846882956925
3188,Personal care,12110,12110,1.0,0.9905595551570319,false,188.06483162217643
3189,Wash treatment and accessories,13808,9305,0.6738847045191193,0.9495799485531305,false,298.21110800821344
3196,"Cloths, mops, sponges and brush",8363,8304,0.9929451153892144,0.9821093375527574,false,225.36845831622188
3201,Oven dishes,2419,2419,1.0,0.9971414687342853,false,306.11690513347014
3205,Partyfun,28055,27538,0.9815719123150953,0.9916596815547192,false,161.1189856262832
3210,Knives,57,49,0.8596491228070176,0.5,true,235.1044004106777
3212,Table textiles,1724,1724,1.0,0.9852747617453529,false,77.59866529774132
3218,Mugs and cups,20254,2428,0.11987755505085415,0.9887380274538254,false,1656.820082135524
3228,Vases,9090,9081,0.999009900990099,0.9930267572339632,false,99.59305338809044
3229,Tea and coffee,9999,8608,0.8608860886088608,0.995095533219357,false,83.50137864476383
3230,Hobby and creative,195,195,1.0,0.9839320073810393,true,20.443530184804917
3235,Cutlery,2192,2192,1.0,0.9790084084427089,false,55.008294045174516
3237,Oven dishes,855,854,0.9988304093567252,0.9747797871051149,false,91.46454702258747
3238,Large garden,242,242,1.0,0.9783967820605166,true,50.18344558521563
3244,Serve and present,709,702,0.9901269393511989,0.9892934789318607,false,18.190064887063663
3246,Kitchen helpers,779,742,0.9525032092426188,0.901485024956457,true,552.664123613963
3247,Cutlery,1348,1347,0.9992581602373887,0.9794187193156424,false,32.17964394250511
3249,Shopping bags and trolleys,6110,6110,1.0,0.997711324487346,false,796.9743203285421
3251,Laundry baskets,167,167,1.0,0.9623593111026941,false,93.81805338809028
3252,Thermos jugs,1068,1049,0.9822097378277154,0.9623046528906365,false,141.07702833675557
3259,Hobby and creative,5394,5394,1.0,0.979077181951658,false,107.68615441478437
3264,Hobby and creative,3170,3024,0.9539432176656152,0.9713181960678161,false,68.00344476386033
3279,Table textiles,6665,6665,1.0,0.9916352759301741,true,76.79304722792602
3281,Vacuuming,396,396,1.0,0.9773922027874162,false,659.0391363449684
3285,Knives,13611,13611,1.0,0.9968130003416044,false,737.5125831622177
3286,Knives,24629,17597,0.7144829266312072,0.9969525463951935,false,641.623162217659
3287,Drying racks,10459,9476,0.9060139592695287,0.7319051540657187,false,17908.865986858324
3288,Bicycle accessories,1823,1733,0.9506308283049918,0.8288717046767852,true,152.9841375770022
3291,Kitchen textile,11083,11083,1.0,0.9963937934075396,false,785.089671457906
3293,Bed textile,3772,3772,1.0,0.9700510877783667,false,6189.781314579055
3295,Mugs and cups,21626,3537,0.16355313049107556,0.9947628656274989,false,2023.276159342915
3296,Mugs and cups,16197,9071,0.560041983083287,0.9880454947090447,false,2716.428040657084
3297,Mugs and cups,23104,2977,0.12885214681440443,0.9893270119712753,false,3822.9695330595496
3298,Mugs and cups,13180,7127,0.5407435508345979,0.9953100304531982,false,398.09251827515396
3321,Puzzles,1176,1176,1.0,0.9552495866136578,true,159.63595441478444
3322,Foodprep,7318,6862,0.9376878928669036,0.9332372011573531,false,8569.062686242301
3329,Baby / Toddler,273,273,1.0,0.9729575706817456,false,154.44422833675566
3330,Moisture treatment and climate,14282,14282,1.0,0.9790866681166612,false,4571.018605338808
3332,Cleaning products,88246,88246,1.0,0.9969428710950303,false,645.6090139630385
3333,Bathroom accessories,3072,3054,0.994140625,0.9862073351367667,false,54.203193429158105
3335,Bathroom accessories,634,634,1.0,0.966419614248465,false,325.78379466119117
3336,Thermos jugs,4674,4079,0.8727000427899015,0.8884077850408697,false,271.9819441478438
3337,Cleaning products,11582,11128,0.9608012433085823,0.9928054279023105,false,79.05062915811085
3339,Baskets,7856,7818,0.995162932790224,0.9912817786725441,false,59.75040739219713
3341,Cleaning products,4412,4381,0.992973708068903,0.9660134841737612,false,108.52095400410673
3342,Cleaning products,6561,6491,0.9893308946806889,0.9904480855961199,false,79.35016016427106
3343,Cleaning products,10488,9466,0.90255530129672,0.9938722329537477,false,52.374595071868605
3346,Window and squeegees,1143,1143,1.0,0.9871616469479028,false,91.28011786447631
3348,Wash treatment and accessories,31574,9068,0.2871983277380123,0.9792115618656968,false,3452.7324899383984
3349,Waste bins,2949,2810,0.9528653780942692,0.9845175504412189,false,62.14351047227928
3350,Cleaning products,1938,1938,1.0,0.993521763273016,false,55.13491498973305
3352,Cleaning products,4422,4372,0.9886928991406604,0.995752229447777,false,42.89502258726898
3353,Bathroom accessories,42047,42047,1.0,0.9987392502533078,false,224.61665544147843
3354,Bathroom accessories,24788,24788,1.0,0.9942281753399005,false,1932.3532484599584
3355,Toilet accessories,40666,19289,0.47432744799095067,0.9964248727315024,false,691.3618447638603
3356,Residential odors,12863,12863,1.0,0.9916816534792184,false,93.92738562628338
3359,Electric personal care,6266,3440,0.5489945738908395,0.725972033648228,false,679.7236131416837
3363,Electric personal care,2970,2707,0.9114478114478114,0.8556019220972451,false,117.73287926078022
3366,"TV, Audio & Video",245,245,1.0,0.6900910379342693,true,4938.814715400397
3368,Bathroom scales,13306,8091,0.6080715466706749,0.9585945475618075,false,430.0428353182751
3370,Special pans,7773,7019,0.9029975556413226,0.516646682794349,true,1682.2390800821358
3387,Candles & Tealights,845,845,1.0,0.9972522689384093,true,284.212114168378
3388,Candles & Tealights,804,804,1.0,0.9966625156441055,true,241.04418069815213
3410,Foods,950,950,1.0,0.9975361803597078,false,15.869077618069811
3411,Construction,393,393,1.0,0.9272395358966873,false,185.51213141683795
3413,Boys toys,1082,1082,1.0,0.9871385212143089,true,66.375118275154
3414,Electric personal care,1671,1671,1.0,0.8619469484351965,true,309.49309281314146
3416,Construction,511,511,1.0,0.9420722604478475,true,663.5356057494866
3428,Store kitchen,24307,6362,0.2617353025877319,0.9322298950075599,false,6053.551641067757
3429,Sockets and security,1249,1249,1.0,0.9927460815146868,false,18.877395893223824
3436,Toilet cleaners and odors,3691,2296,0.6220536439989163,0.9878232259447818,false,61.30219958932237
3438,Cooking books,9539,9444,0.990040884788762,0.9379569405423578,false,278.04965913757707
3441,"Glasses (drink, beer, wine etc)",4202,3968,0.9443122322703474,0.9827922688608756,true,137.98260862422993
3442,Window and squeegees,29425,27083,0.9204078164825829,0.9693250454366606,false,524.4690751540039
3443,Window and squeegees,33103,25315,0.7647343141105036,0.9461845557875843,false,1202.9282669404517
3444,Kitchen tools,19156,19156,1.0,0.9910901902604708,false,2550.533798767967
3445,Cutlery,7377,6822,0.9247661651077674,0.9889836945012805,false,102.88376057494872
3453,Ironing board textiles,51921,50701,0.9765027638142563,0.9857486823884775,false,1129.5338102669402
3457,Bath textiles and bath mats,35178,35178,1.0,0.9898224112869757,false,5128.987777412731
3465,Tableware,37656,35006,0.9296260888039091,0.9940145410077301,false,314.3552525667354
3467,Cutlery,687,665,0.9679767103347889,0.9750233109096988,false,222.21038316221777
3468,Tableware,698,698,1.0,0.9589419619296037,false,49.591038603696056
3469,Baby / Toddler,850,708,0.8329411764705882,0.9469131329177809,true,60.46716714579054
3471,Cutlery,3263,3263,1.0,0.9948461326331657,false,31.96281067761807
3473,Serve and present,2628,2551,0.9707001522070016,0.9716269006644636,false,56.65963860369606
3474,Cutlery,3624,3624,1.0,0.9957908630451248,false,73.13724188911706
3476,Light bulbs,5182,5182,1.0,0.9937618600761068,false,74.82542340862426
3477,Tableware,5323,5323,1.0,0.9906362315390119,false,82.00729404517455
3478,Baskets,2631,2631,1.0,0.9909387292843844,false,159.57897125256676
3482,Drink & food To Go,4388,4388,1.0,0.99279277451359,false,154.8087227926078
3483,Light bulbs,4844,4844,1.0,0.9978534647107759,false,39.62370266940454
3485,Frying pans,1675,1173,0.7002985074626865,0.8537110153639036,false,391.5159708418889
3490,Hobby and creative,5656,5645,0.9980551626591231,0.9733618064164595,false,99.77546447638599
3499,Hobby and creative,62,62,1.0,0.9863910196089167,false,32.75987063655032
3504,Games,2890,2855,0.9878892733564014,0.9430672851759604,true,134.28797125256685
3514,Drink & food To Go,5723,5723,1.0,0.9958346848624645,false,77.86551047227928
3517,Measuring and weighing,22004,22004,1.0,0.9983353310185444,false,48.59026570841889
3519,"Glasses (drink, beer, wine etc)",411,411,1.0,0.9930932081865015,false,19.790124024640658
3526,Window and squeegees,2399,2256,0.9403918299291372,0.9650823746073198,false,452.7512377823409
3528,Toilet cleaners and odors,4347,2829,0.6507936507936508,0.9896706651015283,false,61.28533634496915
3529,Kitchen helpers,54710,54710,1.0,0.9965640677374825,false,1290.0166238193024
3531,Vacuuming,141,141,1.0,0.9820923827403603,false,831.1016689938402
3532,Kitchen tools,39401,35987,0.9133524529834268,0.9951784609070448,false,626.9009691991783
3533,Tea and coffee,8223,8223,1.0,0.9823954335177831,false,2781.9196611909642
3541,"Cloths, mops, sponges and brush",123,123,1.0,0.9995029980653333,false,52.158566735112885
3543,Bath textiles and bath mats,7761,7761,1.0,0.9922264038841875,false,711.9728689938396
3546,Bed textile,1544,1544,1.0,0.9159623701521795,false,3623.301748665297
3549,Mugs and cups,35436,11563,0.32630658087820297,0.9868174497066368,false,2050.9733195071863
3556,Tea and coffee,11594,9921,0.8557012247714335,0.9953123591846968,false,74.65678521560577
3558,Kitchen helpers,1919,1919,1.0,0.9944498444438657,false,260.3318168377823
3560,Oven dishes,81,81,1.0,0.9234698714140567,true,468.4104246406572
3561,Oven dishes,408,408,1.0,0.9778933589978839,true,44.8650295687885
3576,Hobby and creative,1799,1785,0.9922178988326849,0.9650617480631615,true,74.05690102669405
3579,Batteries,9980,9980,1.0,0.9501300344820621,true,344.68066694045166
3583,Baby / Toddler,962,960,0.997920997920998,0.9724107424414045,false,49.664347433264915
3587,Bakeware,25737,24459,0.9503438629210864,0.9946302836882402,false,1826.912878028748
3588,Drink & food To Go,27154,27154,1.0,0.9930999120136244,false,251.76763449691987
3589,Dishwashing articles,98839,77658,0.7857020002225842,0.9955444456690061,false,561.0595843942504
3591,Dishwashing articles,94783,79117,0.8347171961216674,0.9984567665155964,false,1056.4339342915807
3592,"Glasses (drink, beer, wine etc)",1868,1868,1.0,0.992399215007035,false,27.8083839835729
3593,Cleaning products,17337,17305,0.9981542366037953,0.9898959576013416,false,757.368947022587
3594,Clothes hangers,112663,105209,0.9338380834879242,0.993726494171353,false,1282.6171581108827
3597,Oven dishes,807,807,1.0,0.9688010966777012,false,86.58701026694044
3601,Personal care,74,74,1.0,0.9686763709311803,false,85.69378151950721
3602,Wash treatment and accessories,1980,1980,1.0,0.9871876033365207,false,91.5036665297742
3603,Cleaning products,54259,50130,0.9239020254704289,0.9932634214933513,false,293.57983613963046
3605,Baskets,2813,2813,1.0,0.9927361936782498,false,157.71213305954825
3607,Cleaning products,1537,1537,1.0,0.9679074454269996,false,73.64483819301846
3611,Wash treatment and accessories,16452,16388,0.9961098954534403,0.9798933777868637,false,140.90576262833684
3612,Dishwashing articles,5264,5264,1.0,0.9959154266482058,false,43.89717823408626
3616,Cleaning products,7345,7345,1.0,0.9870073839855235,false,184.37307761806989
3619,Ironing,11892,6689,0.5624789774638412,0.5,false,2903.8496139630397
3622,Alarm clocks,20563,20563,1.0,0.9810353136074211,false,11599.872749075976
3623,Electric personal care,2232,1107,0.4959677419354839,0.5712304668506478,true,70.46622587268996
3641,Candles & Tealights,1049,1049,1.0,0.993653681234393,true,190.18786694045176
3646,Party lights,12601,12601,1.0,0.991737417001156,false,12958.867145790562
3647,Residential odors,9449,9449,1.0,0.9961812176055262,false,24.123420123203278
3651,Vases,16851,13572,0.805412141712658,0.9725019659957017,false,330.18732936344963
3661,Kitchen tools,8058,8053,0.999379498634897,0.9930667126524546,false,61.20447268993839
3670,Construction,279,279,1.0,0.9829954955754603,false,47.76447556468171
3671,Hobby and creative,327,327,1.0,0.9839225956806452,false,12.359312114989722
3674,Puzzles,231,231,1.0,0.9233800559725497,false,167.7480172484601
3675,Construction,549,549,1.0,0.904933625772593,true,1690.8463921971268
3678,Boys toys,34,34,1.0,0.9489493700938916,true,155.81517043121164
3687,"Glasses (drink, beer, wine etc)",2020,2020,1.0,0.9966239398311445,false,48.3301589322382
3690,"Glasses (drink, beer, wine etc)",1354,1354,1.0,0.9967406392988518,false,34.36293388090349
3691,"Glasses (drink, beer, wine etc)",1249,1249,1.0,0.974446306077918,true,50.2966386036961
3692,Cleaning products,7893,7893,1.0,0.9861737955814256,false,1106.3693901437368
3696,Drink & food To Go,453,453,1.0,0.9889945586063681,false,144.20730184804924
3698,Cooking books,146,146,1.0,0.9255559701427295,false,124.1986139630391
3700,Clocks,3076,3076,1.0,0.9837111447730142,false,30.529360164271058
3705,Ironing,156,156,1.0,0.8496591812702128,true,3232.493013552364
3719,Mugs and cups,9911,3966,0.40016143678740795,0.9908623118172112,false,661.2207244353184
3720,Mugs and cups,11289,3369,0.2984321020462397,0.9858910411527644,false,782.4043277207387
3721,Mugs and cups,24620,19028,0.7728675873273761,0.9934406319119348,false,2752.101400410678
3722,Mugs and cups,23861,1122,0.04702233770587989,0.9914872929243425,false,3841.933496098563
3733,Oven dishes,163,163,1.0,0.9492518935269122,false,115.5753240246407
3735,Tableware,1036,1036,1.0,0.9898163225344493,false,13.392532238193015
3736,"Cloths, mops, sponges and brush",11383,11383,1.0,0.9959401028783389,false,211.6105174537987
3738,Puzzles,3111,3092,0.9938926390228222,0.9927423022898902,false,10.937685420944545
3741,Kitchen helpers,762,376,0.49343832020997375,0.9228613201638001,false,100.40200616016432
3746,Cutlery,2515,2515,1.0,0.9970642703419133,false,19.899240657084192
3752,Cooking books,537,537,1.0,0.9765529473653374,false,109.83404763860369
3753,Light bulbs,2303,2303,1.0,0.9895877154304923,false,105.12309075975358
3754,Special pans,607,427,0.7034596375617792,0.9795409393414145,false,122.20886036960988
3755,Personal care,462,462,1.0,0.9963549140790624,false,13.431755236139614
3756,Wash treatment and accessories,3081,2464,0.7997403440441415,0.9837508192584095,false,121.6972164271047
3757,Cutlery,1565,1565,1.0,0.9913119074218318,false,101.68047638603697
3758,Light bulbs,5072,5072,1.0,0.9948036758722595,true,115.63978439425046
3759,Personal care,762,762,1.0,0.9974528764279506,false,5.8730776180698125
3772,"Glasses (drink, beer, wine etc)",773,773,1.0,0.9947911736209634,false,59.43280287474331
3779,Vacuuming,368,368,1.0,0.9847395425811956,false,867.5027441478433
3782,Ironing boards,4727,4323,0.9145335307806219,0.5999089854096595,false,358.8589268993835
3783,Clothes hangers,82972,48927,0.5896808561924505,0.9965419600326703,false,1288.8353342915818
3788,Bath textiles and bath mats,47222,45913,0.9722798695523273,0.9982079086690605,false,708.3093880903486
3797,Vehicles,4008,3896,0.9720558882235529,0.9603044030736386,false,72.0168049281314
3803,Hobby and creative,1932,1919,0.9932712215320911,0.9429689886512698,false,134.69606981519502
3815,Tea and coffee,3722,3038,0.816227834497582,0.9961800906897332,false,45.57955852156055
3819,Coffee makers and kettles,391,391,1.0,0.5,true,484.828259137577
3822,Batteries,93369,93045,0.996529897503454,0.9990196405425082,false,99.32169199178648
3827,Personal care,482,482,1.0,0.9976977365172791,false,3.4321589322381945
3828,Drink & food To Go,17461,15909,0.9111162018212016,0.986182184383163,false,202.85541190965094
3831,Baskets,12429,12429,1.0,0.9920459090614773,false,62.048600821355244
3832,Tools,7314,7314,1.0,0.9772046117493386,false,104.73129774127311
3835,Personal care,13812,13454,0.9740805097017087,0.9948794670293195,false,62.377945790554406
3836,Personal care,114,114,1.0,0.9963059091123273,false,72.08289240246407
3837,Wash treatment and accessories,2881,2854,0.990628254078445,0.989418307610745,false,71.03559178644758
3844,Wash treatment and accessories,29869,17445,0.5840503532090127,0.9830425409655454,false,784.1439728952772
3845,Personal care,19686,19593,0.9952758305394697,0.9920574216955184,false,131.2342694045175
3886,Gift,3367,3362,0.9985149985149985,0.9970886360944463,false,606.9467002053387
3891,Residential odors,6970,6970,1.0,0.9954278589348893,false,68.26055030800819
3909,Construction,226,226,1.0,0.9245345763886849,true,333.322176591376
3910,Kitchen tools,1981,1981,1.0,0.98069211705463,false,59.62593675564686
3911,Teletoys,585,585,1.0,0.953231862847972,false,324.4747975359344
3912,Hobby and creative,505,505,1.0,0.9777832253069484,true,29.97180082135523
3915,Construction,305,305,1.0,0.9684496659404528,false,279.21508583162205
3918,Special pans,4185,4185,1.0,0.9565221326450571,false,226.49926160164276
3920,Games,1919,1919,1.0,0.9235486967383473,true,156.11181806981523
3921,Teletoys,355,355,1.0,0.9840818558908633,false,31.758701026694027
3922,Vehicles,4419,4419,1.0,0.9860158556225811,false,53.57946899383985
3923,Games,1944,1872,0.9629629629629629,0.9672296020599622,true,61.61117125256678
3925,"Glasses (drink, beer, wine etc)",3405,3405,1.0,0.9884598359639949,false,43.02143080082136
3947,Bath textiles and bath mats,13253,13253,1.0,0.9897514699683896,false,158.35909979466118
3948,Bath textiles and bath mats,14811,14811,1.0,0.9691501563983379,false,413.7456969199179
3951,Window and squeegees,60373,60373,1.0,0.9980161106378805,false,503.7393757700204
3965,Oven dishes,248,248,1.0,0.9717919447197013,true,73.83355071868587
3967,Ironing boards,127,127,1.0,0.7391338554900342,false,123.71440657084209
3970,Foods,124,124,1.0,0.9964238658779406,false,24.637024640657046
3971,Cleaning products,656,656,1.0,0.9614454737417224,true,93.96583531827515
3973,Light bulbs,2433,2433,1.0,0.9945257416961092,false,42.96315400410678
3975,Table paper,1674,1674,1.0,0.9974982116933904,false,38.79022258726899
3979,Special pans,680,482,0.7088235294117647,0.982928976648789,false,70.21996386036956
3987,Travel accessories,1130,1119,0.9902654867256637,0.9922537887895505,false,54.012827926078046
3989,Tea and coffee,13674,8857,0.647725610647945,0.9726960999053179,false,4250.12114989733
4006,Hobby and creative,5386,5386,1.0,0.9884843153548095,false,70.85951375770019
4016,Hobby and creative,510,510,1.0,0.9781082923032897,false,57.194921560574954
4028,Window and squeegees,68609,55703,0.8118905682927896,0.9848226458031771,false,536.0431971252566
4029,Shoe maintenance,3407,3407,1.0,0.9955804027806399,false,239.96795728952748
4036,Vacuuming,164,164,1.0,0.9749555177759599,false,607.9420944558517
4040,Kitchen textile,12795,10848,0.847831184056272,0.9953679389397896,false,744.8188583162216
4042,Window and squeegees,14677,12006,0.8180145806363698,0.9803950932996047,false,503.84281190965106
4043,Table textiles,2570,2570,1.0,0.9876287755112685,false,72.24080492813144
4046,Tableware,12066,3383,0.2803746063318415,0.9888372159836439,false,480.76186858316225
4047,Tableware,15264,14915,0.9771357442348009,0.9925103012638233,false,2466.067831622176
4054,Light bulbs,7689,7689,1.0,0.9974082682070253,false,53.048414784394204
4055,Thermos jugs,1959,1904,0.9719244512506381,0.9857977868319987,false,52.235615605749494
4059,Foods,300,300,1.0,0.9939226814581327,false,39.479632032854184
4068,Baby / Toddler,744,682,0.9166666666666666,0.9613074745615955,true,33.311220533880906
4073,Hobby and creative,6489,6421,0.989520727384805,0.9955361077595717,false,15.470390965092403
4074,Puzzles,4263,4251,0.9971850809289233,0.9889750511460319,false,20.055922792607802
4076,Vehicles,162,162,1.0,0.9048378360354279,false,126.4283252566734
4077,Puzzles,4444,4410,0.9923492349234924,0.9816651042938919,false,45.135218069815195
4079,Foodprep,7093,7093,1.0,0.9171424050632463,false,14301.83345708418
4080,Coffee makers and kettles,2875,2875,1.0,0.9221069097438804,true,23638.081145790544
4085,Vacuuming,5287,3981,0.7529790051068659,0.6341312725169721,false,596.1980751540038
4086,Fans and electric blankets,13284,13284,1.0,0.8380551485645085,true,8483.947613552346
4091,Store kitchen,725,725,1.0,0.9879496335114494,true,48.88998644763863
4094,Bathroom accessories,2958,2958,1.0,0.979442386694393,false,45.09713347022584
4097,Cleaning products,26319,26244,0.9971503476575858,0.993214618842114,false,361.2190020533882
4098,Cooking pans,79,79,1.0,0.6232483141091492,true,153.1037700205339
4103,Wash treatment and accessories,2154,2154,1.0,0.9954059717279621,false,18.010310061601636
4104,Cleaning products,5399,5077,0.9403593258010743,0.9785428412700908,false,75.90095112936345
4105,(Steam) cleaners,156,156,1.0,0.9570701025741615,true,49.131450513346984
4108,Wash treatment and accessories,39177,9966,0.2543839497664446,0.9841232747478879,false,3400.2093511293633
4113,Residential odors,5318,5299,0.9964272282813088,0.9945544912656566,false,210.00642505133467
4114,Window and squeegees,78016,52653,0.6749000205086136,0.9903928571982745,false,549.317407802875
4116,Shoe maintenance,2629,2339,0.8896918980600989,0.9903862527959193,true,81.2403240246406
4117,Coffee makers and kettles,37998,33921,0.8927048792041686,0.9393181717648313,false,956.4279441478435
4122,Electric personal care,18647,13888,0.7447846838633561,0.896438003156899,false,522.7631823408624
4123,Electric personal care,21869,20287,0.9276601582148246,0.9093885243737373,false,1318.0568184804922
4133,Special pans,22939,19960,0.8701338332098173,0.9025005342491055,false,1116.733429158111
4134,Frying pans,8230,5634,0.6845686512758201,0.5693620519173913,false,537.1324632443528
4153,Stationary,37286,37286,1.0,0.9983158084892044,false,66.4368016427105
4160,Hobby and creative,7105,4937,0.694862772695285,0.9811249606870434,true,2507.8848369609864
4164,Kitchen tools,821,821,1.0,0.9858645894849136,false,92.03954455852161
4166,Girls toys,161,134,0.8322981366459627,0.9612114303833417,true,21.71286735112936
4168,Vehicles,16241,10379,0.6390616341358291,0.9678869256500187,false,158.58016755646813
4171,"Glasses (drink, beer, wine etc)",2323,2323,1.0,0.9976975082336312,false,45.65881232032852
4172,Tea and coffee,21777,20998,0.9642283142765303,0.9952570708586812,false,118.97674907597539
4176,Window and squeegees,68404,56119,0.8204052394596807,0.9908979467867522,false,378.7138591375769
4187,Knives,32835,32835,1.0,0.9985446002032151,false,458.2013371663243
4191,Cutlery,22975,22975,1.0,0.990989589151875,false,5348.372566735115
4192,Window and squeegees,48815,46871,0.9601761753559357,0.9872680301630807,false,311.71431211498975
4194,Stairs,3218,3218,1.0,0.9389920295227154,false,133.36980123203298
4203,Bed textile,842,732,0.8693586698337292,0.9437804879759161,false,1071.9229650924024
4206,Mugs and cups,12408,12408,1.0,0.9866849418399024,false,3780.820325256675
4215,Tea and coffee,15330,11005,0.7178734507501631,0.9412746429356502,false,1839.1950924024638
4217,Tableware,4585,4585,1.0,0.9938110985915108,false,46.89972689938397
4221,Large garden,57,57,1.0,0.9770212818616002,true,52.62648870636547
4223,"Glasses (drink, beer, wine etc)",559,559,1.0,0.9702645095968103,false,86.46209979466121
4224,Cutlery,628,627,0.9984076433121019,0.9874560648049137,false,108.23162833675563
4227,Special pans,2738,1933,0.7059897735573412,0.9850172391917384,false,36.0322340862423
4233,Bakeware,548,548,1.0,0.9505507404213391,true,71.07967885010268
4239,Baby / Toddler,4329,4248,0.9812889812889813,0.9612467422886829,false,63.79214414784394
4242,Stuffed animals,2371,2371,1.0,0.985215370483055,true,64.11156262833673
4255,Boys toys,7956,7956,1.0,0.9958758289398231,false,57.45508583162217
4261,Foodprep,9502,9502,1.0,0.9210104199736643,false,147677.96193880908
4262,Batteries,37008,32809,0.886538045827929,0.985237027134633,false,295.0255704312114
4264,Cooking pans,1274,1176,0.9230769230769231,0.9015051969275512,false,149.20863942505147
4265,Window and squeegees,53684,46203,0.8606474927352656,0.9839401445302244,false,722.3958891170435
4266,Kitchen helpers,38994,38468,0.9865107452428579,0.9974816586716607,false,671.8483055441476
4267,Hobby and creative,531,531,1.0,0.958605298485399,false,24.675218480492795
4279,"Cloths, mops, sponges and brush",34302,25858,0.753833595708705,0.9905801120475944,false,630.8528156057496
4281,Wash treatment and accessories,3710,3710,1.0,0.9941313896748748,false,150.49273839835726
4282,Bakeware,17999,17828,0.9904994721928996,0.9816348114032838,false,409.6207852156059
4283,Tea and coffee,8061,8061,1.0,0.9940552874019338,false,677.6168143737165
4284,Cutlery,11933,8526,0.7144892315427805,0.9939979188279955,false,57.780156057494814
4286,Bathroom accessories,11458,11389,0.9939780066329202,0.9879252898669438,false,103.90950636550308
4287,Kitchen textile,5286,5286,1.0,0.9919783533320718,false,77.9480328542094
4303,"Cloths, mops, sponges and brush",24399,23914,0.980122136153121,0.9982366862306296,false,112.73396221765913
4309,Vehicles,10016,9148,0.9133386581469649,0.9794509446879278,false,122.63085831622179
4312,Hobby and creative,9797,9797,1.0,0.9861632163630177,false,82.35767926078026
4317,Puzzles,2221,2046,0.9212066636650158,0.9746879662007105,false,28.381041478439457
4323,Vacuuming,162,162,1.0,0.54370691258781,false,173.49710718685793
4326,Foodprep,19024,18827,0.9896446593776282,0.9512843023162987,false,439.2366036960986
4329,Small storage,47997,47997,1.0,0.9967397447841446,false,239.1097601642711
4331,Window and squeegees,32145,28147,0.8756260693731529,0.9702111077808928,false,695.108342505133
4332,Tableware,4676,3966,0.8481608212147135,0.9880385944099142,true,144.25663819301835
4336,Racks and pockets,25511,12950,0.5076241621261417,0.99626029225887,false,150.79220041067765
4337,Racks and pockets,135898,112736,0.829563348982325,0.9982875413898604,false,2136.731751129363
4341,Baskets,8912,8912,1.0,0.9925736126140886,false,62.18188829568788
4343,Baskets,10270,10224,0.9955209347614411,0.983056063478571,false,134.21431457905535
4345,Wash treatment and accessories,3589,3589,1.0,0.9787473286482888,true,97.31536262833671
4346,Wash treatment and accessories,2549,2543,0.9976461357395057,0.9910265173043331,false,51.00050513347019
4347,Wash treatment and accessories,12445,12445,1.0,0.9882618988681285,false,131.34403860369613
4348,Cleaning products,5424,5313,0.9795353982300885,0.9943969963914324,false,32.9321540041068
4355,Drink & food To Go,11928,11928,1.0,0.9767735442644906,true,383.95912156057443
4356,Personal care,1187,1187,1.0,0.9906378601594727,false,162.9937207392197
4362,Measuring and weighing,4226,3789,0.8965925224798864,0.9372757320107059,false,184.59823613963053
4363,Pan sets,47,47,1.0,0.7616716145107534,false,676.9812344969206
4384,Candles & Tealights,1002,1002,1.0,0.9974319065339311,true,324.59154086242296
4389,Vases,5005,5005,1.0,0.9881799712011937,false,79.10569199178649
4402,Photo frames & albums,3255,3255,1.0,0.9851122233571494,false,83.31654989733057
4404,Photo frames & albums,24984,24984,1.0,0.9984147938689597,false,72.81497741273101
4411,Construction,204,204,1.0,0.9768030785069988,true,30.96833347022586
4418,Hobby and creative,1189,1189,1.0,0.9936145220265059,false,18.182809034907564
4422,Construction,348,348,1.0,0.9695577220529271,true,260.6502521560576
4425,Boys toys,7473,7473,1.0,0.9854373426948039,false,103.33153347022589
4429,Store kitchen,5989,5989,1.0,0.9944858589015653,false,28.444909650924004
4433,Drink & food To Go,12802,11846,0.9253241680987345,0.9792695265129995,false,449.5637051334703
4437,Wash treatment and accessories,31796,31431,0.9885205686249843,0.9954123736587616,false,149.6493950718686
4438,Racks and pockets,1609,1519,0.9440646364201367,0.9360879290296229,false,77.54691129363457
4440,"Cloths, mops, sponges and brush",75021,51317,0.6840351368283547,0.9979595228786009,false,379.852708829569
4441,Kitchen helpers,8390,7113,0.8477949940405244,0.9738425817379008,false,71.23053963039013
4442,"Cloths, mops, sponges and brush",17238,16753,0.971864485439146,0.9929571817425201,false,224.76859999999994
4445,Vacuuming,13968,13018,0.931987399770905,0.9901544397202814,false,232.2453100616017
4447,Store kitchen,8777,8775,0.9997721317078728,0.9856719721263202,false,149.83042915811083
4448,Bakeware,23702,23027,0.9715213905999494,0.981501317417435,false,573.8942094455854
4452,Waste bins,22533,9914,0.43997692273554345,0.7262519309142575,false,2584.5627104722785
4453,Window and squeegees,11698,10809,0.9240041032655155,0.9423378011830649,false,401.82795687885016
4456,"Cloths, mops, sponges and brush",7448,7448,1.0,0.9903918246820265,false,161.49335195071862
4474,Tableware,5096,5041,0.9892072213500785,0.9859641754620145,false,106.4253264887063
4477,Tableware,6219,6219,1.0,0.9966247869021132,false,104.55650759753591
4479,Bicycle accessories,21,21,1.0,0.981601027687797,false,128.68361889117054
4480,Others,1513,1513,1.0,0.9874836770861534,true,122.73331416837776
4481,"Glasses (drink, beer, wine etc)",414,414,1.0,0.9953031502032333,false,25.859282135523603
4482,Bed textile,2211,2211,1.0,0.9712679056882514,false,1294.0649207392194
4485,Table textiles,72505,72505,1.0,0.999223645464069,false,1773.0594258726896
4489,Vehicles,3311,3311,1.0,0.9881661569746315,false,124.13553347022582
4490,Construction,1460,1460,1.0,0.9852398629797913,false,35.37540410677616
4492,Foods,491,491,1.0,0.995130905461994,false,126.67110308008209
4496,Hobby and creative,3126,3064,0.9801663467690339,0.9586551643004393,false,96.49828583162216
4499,Cleaning products,4420,4420,1.0,0.9931468022708305,false,60.51535934291583
4503,Games,3000,2668,0.8893333333333333,0.9458443048290853,true,231.76597535934286
4513,Measuring and weighing,37116,37116,1.0,0.9835797516815088,false,1924.8684862422992
4516,Vacuuming,30461,28311,0.9294179442565904,0.9828205200919515,false,921.3866168377823
4517,Knives,6337,5788,0.9133659460312451,0.973535779156365,false,846.0650184804923
4518,Foodprep,4625,4501,0.9731891891891892,0.8876016003904224,false,228.47218644763853
4520,Vacuuming,3260,2342,0.7184049079754601,0.5,false,219.57593100616003
4526,Insecticides,124,124,1.0,0.9743503793794008,false,545.0617527720738
4527,Tea and coffee,11301,11301,1.0,0.9968325583562418,false,189.80364887063644
4531,Store kitchen,21322,21322,1.0,0.9941658535581994,false,115.83553429158108
4535,Laundry baskets,10558,10558,1.0,0.9621757315771479,false,192.96849979466108
4536,Drying racks,14843,13385,0.9017718790002022,0.9869322736555199,false,181.90812320328547
4537,Small storage,18639,18639,1.0,0.9956920271153495,false,107.66972813141679
4539,Bathroom accessories,4938,4938,1.0,0.9687157786641235,false,3283.143760164269
4544,Bakeware,503,503,1.0,0.9602283981949116,false,38.41577002053389
4546,Wash treatment and accessories,1144,1144,1.0,0.9849492947929329,false,531.7389876796716
4547,Cleaning products,17454,15041,0.8617508880485849,0.993181536182286,false,165.73997741273106
4548,Wash treatment and accessories,2291,2291,1.0,0.9920177668567787,false,19.665348665297742
4552,Cleaning products,10344,8181,0.790893271461717,0.9757462273266755,false,142.42370184804926
4556,Euro articles,5133,5133,1.0,0.9958646685820277,false,415.7375720739217
4558,Cleaning products,6892,6892,1.0,0.9906653218850574,false,75.08953757700206
4559,Cleaning products,2921,2921,1.0,0.9979713465846876,false,24.375385626283375
4560,Waste bins,11524,10793,0.9365671641791045,0.935488222846618,false,687.989848459959
4562,Window and squeegees,540,540,1.0,0.6248216205120576,false,1020.0055950718692
4563,Stationary,81457,79080,0.970818959696527,0.998923282660815,false,260.5710012320327
4564,Residential odors,11759,11740,0.9983842163449272,0.987121559947554,false,264.157766735113
4566,Personal care,29339,29339,1.0,0.9910603094731709,false,303.907386036961
4567,Window and squeegees,36509,24377,0.6676983757429675,0.9779450176052665,false,429.9191753593428
4576,Electric personal care,10559,8013,0.7588786816933422,0.8185583747622296,false,726.3233174537985
4581,Measuring and weighing,5752,3580,0.6223922114047288,0.9332115412879626,false,722.9490529774131
4589,Other Holidays,15412,8990,0.5833117051648067,0.9715022754788734,false,512.002851334702
4596,Personal care,714,714,1.0,0.9646818796471418,false,58.17330595482539
4620,Candles & Tealights,39765,39765,1.0,0.9969211656554904,false,583.1155983572894
4621,Candles & Tealights,136,136,1.0,0.9960849291545989,true,120.12848624229984
4628,Drinks,1331,1331,1.0,0.9889379038125661,false,239.4086012320329
4638,Residential odors,12006,11317,0.9426120273196735,0.9933622960813111,false,28.0061002053388
4652,Photo frames & albums,29513,29513,1.0,0.9986011467453298,false,68.56727679671454
4654,Photo frames & albums,9297,9297,1.0,0.9919126749555175,false,87.63517043121155
4665,Window and squeegees,2433,2433,1.0,0.9794227760691172,true,122.61366735112931
4683,Personal care,1978,1238,0.6258847320525783,0.9622405261309571,false,38.56673429158109
4685,Boys toys,17,17,1.0,0.9299031799937856,true,61.52210595482542
4687,Construction,250,250,1.0,0.8428342157906888,true,1910.576185215608
4690,Hobby and creative,13822,13036,0.9431341339892925,0.9991468610605545,false,5.78256344969199
4701,Residential odors,13673,13024,0.9525341914722446,0.9948809818307218,false,24.845975359342905
4706,Foils and bags,4367,4235,0.9697732997481109,0.9959381668687227,false,251.65154373716635
4707,Boys toys,1379,1377,0.9985496736765772,0.8400736888238779,false,411.7872866529777
4711,"Glasses (drink, beer, wine etc)",5346,5346,1.0,0.9941046062867598,false,40.574662012320374
4715,Drink & food To Go,6125,5919,0.9663673469387755,0.9731028581869304,false,281.83923490759764
4716,Wash treatment and accessories,5160,5128,0.993798449612403,0.9951496728695877,false,38.89606776180697
4718,Window and squeegees,21050,14493,0.6885035629453682,0.9553493277405105,false,718.0193999999997
4720,Wash treatment and accessories,17964,17964,1.0,0.9982120282779448,false,34.000701848049296
4726,Drying racks,22840,15762,0.6901050788091069,0.9552193171017443,false,1937.001205338809
4729,Knives,2520,2073,0.8226190476190476,0.654133306840696,false,267.71998767967136
4730,Ironing board textiles,2861,2861,1.0,0.9786010996502795,false,110.94387679671453
4731,Mugs and cups,27558,11933,0.4330140068219755,0.9932668024641264,false,661.103273921971
4742,Light bulbs,2813,2813,1.0,0.986608406281059,false,92.4538036960986
4746,Hobby and creative,135,135,1.0,0.9749777209490436,false,28.461908008213555
4757,Games,1912,1912,1.0,0.9660903635261325,true,184.38681314168375
4764,Construction,1014,1013,0.9990138067061144,0.9700062754661027,false,99.92287268993839
4770,Vacuuming,9202,9202,1.0,0.9818391803517055,false,1256.4485967145783
4773,Tableware,16644,16644,1.0,0.99533908547169,false,573.9043429158111
4776,Store kitchen,19440,19440,1.0,0.9747194933386699,false,213.5237195071868
4782,Thermos jugs,13465,13394,0.9947270701819532,0.9860013052593245,false,1626.8915318275158
4783,Baskets,12952,12952,1.0,0.9961855080309627,false,35.804663655030815
4784,Tools,20852,20310,0.9740072894686361,0.9853665567084949,false,229.493002053388
4785,Cleaning products,5066,4911,0.9694038689301224,0.991685272440613,false,58.4246476386037
4786,Personal care,10404,9263,0.8903306420607459,0.995002029910576,false,64.35239425051333
4787,Cleaning products,4255,4144,0.9739130434782609,0.9902080812014535,false,42.73705544147841
4788,Cleaning products,3152,3152,1.0,0.9610829555905153,false,91.10176591375772
4793,Personal care,13829,13829,1.0,0.9937554165150864,false,140.93693634496918
4794,Wash treatment and accessories,7814,7784,0.9961607371384694,0.9864785847966812,false,70.98250102669398
4797,Cleaning products,5054,4940,0.9774436090225563,0.9618300323760651,false,366.1373975359342
4798,Wash treatment and accessories,3232,2388,0.7388613861386139,0.957379741917027,false,148.9559264887064
4806,Electric personal care,9313,8639,0.9276280468162783,0.9766082862273628,false,101.82216386036959
4812,Cooking pans,2493,1526,0.6121139189731247,0.8377276545656489,false,221.59264969199177
4818,Other Holidays,8297,2861,0.3448234301554779,0.9820691779141992,true,317.6849872689938
4841,Stationary,10586,10586,1.0,0.9926851977580867,false,411.37080246406555
4849,Kitchen tools,1784,1784,1.0,0.9907994378395677,false,26.770903490759768
4850,Kitchen tools,1093,1093,1.0,0.9720807140498723,false,41.863926899384005
4851,Kitchen tools,803,798,0.9937733499377335,0.9325918192269121,false,214.9885564681726
4852,Hobby and creative,519,243,0.4682080924855491,0.9592989175540725,false,4731.9094628336725
4857,Hobby and creative,2225,2225,1.0,0.9981477496893895,false,8.386951540041068
4858,Tableware,2241,2241,1.0,0.9916480356004036,false,79.91309815195066
4859,Tableware,2130,2130,1.0,0.9954721862007962,false,52.163065708418905
4864,"Glasses (drink, beer, wine etc)",490,490,1.0,0.9762601332583974,true,70.36096714579055
4866,Serve and present,985,985,1.0,0.993598399903194,false,62.44722997946612
4873,Toilet cleaners and odors,28709,27333,0.9520707791981609,0.9971824277205386,false,133.3632353182751
4875,Table paper,4997,4997,1.0,0.9962957756630115,false,62.4890919917864
4876,Moisture treatment and climate,27466,26867,0.9781912182334522,0.9914361759607192,false,469.31136919917856
4880,Window and squeegees,51536,51226,0.9939847873331263,0.9954070076745,false,194.70410020533876
4881,Window and squeegees,31522,29727,0.9430556436774317,0.9761595683115275,false,345.4609642710469
4882,Stairs,5598,5598,1.0,0.9258702173328366,false,284.680570841889
4886,Kitchen textile,10402,10402,1.0,0.9875367147742625,false,1766.7421314168373
4887,Kitchen textile,15698,15698,1.0,0.996307075077423,false,1111.4493059548254
4892,Ironing board textiles,10387,9970,0.9598536632328872,0.9925858512419151,false,174.66658726899382
4894,Bed textile,4659,3189,0.6844816484224082,0.9770053316789824,false,2071.315052156057
4901,Serve and present,3669,3669,1.0,0.9888181572886413,false,54.76247474332646
4902,Tea and coffee,4644,4644,1.0,0.9898322050349831,false,91.28146899383984
4903,Tea and coffee,259,259,1.0,0.9677995167134839,false,184.25712197125262
4904,Light bulbs,4044,4044,1.0,0.9897863364606581,false,113.22511498973313
4906,Cleaning products,643,643,1.0,0.9630137836511159,true,43.10540205338806
4907,Tools,26,26,1.0,0.962055741700065,true,16.173305954825416
4915,Light bulbs,6610,6610,1.0,0.9979219261361132,false,44.12239712525668
4917,Personal care,227,227,1.0,0.9957836013341428,false,50.9349034907598
4918,Tools,72,72,1.0,0.9254698145939492,true,87.21364681724849
4921,Baskets,2689,2689,1.0,0.9923438370437073,false,174.55679507186838
4922,Light bulbs,1322,1322,1.0,0.9935791251336727,false,51.0570110882957
4930,Kitchen tools,1419,1419,1.0,0.9561434829081612,false,121.04281560574925
4933,Puzzles,174,148,0.8505747126436781,0.8431345123945795,true,49.57671950718704
4951,Games,2569,2569,1.0,0.9640107105303509,true,211.32655030800822
4953,Puzzles,3889,3881,0.997942915916688,0.9810233011245526,false,25.482541273100622
4962,"Glasses (drink, beer, wine etc)",672,672,1.0,0.96213336102521,true,44.48722792607799
4965,"Glasses (drink, beer, wine etc)",658,658,1.0,0.9943255413887937,false,21.161480082135515
4966,Store kitchen,7858,7858,1.0,0.9986389900476248,false,11.40068008213552
4970,"Cloths, mops, sponges and brush",24494,23071,0.9419041397893362,0.9962800697492685,false,240.00769199178634
4974,Kitchen tools,31833,28083,0.8821977193478465,0.9974985728118053,false,756.9147893223815
4978,Window and squeegees,38501,38313,0.9951170099477936,0.9924967214743963,false,297.4398891170431
4982,Ironing board textiles,37696,35897,0.9522761035653651,0.9932461629957917,false,433.38625954825443
4985,Personal care,14144,9115,0.6444428733031674,0.9899225040343362,false,216.779001232033
5001,Shopping bags and trolleys,5129,5129,1.0,0.9975551851619274,false,21.277355236139627
5008,Measuring and weighing,954,954,1.0,0.9914933589504696,false,69.64214045174535
5015,Construction,841,837,0.995243757431629,0.9091176619326282,true,256.2080722792607
5025,Tea and coffee,12603,12249,0.9719114496548441,0.9934076005112765,false,782.9168599589324
5027,Small storage,33261,32865,0.9880941643366105,0.997020340067199,false,117.27211540041068
5033,Bathroom accessories,5936,5449,0.9179582210242587,0.9515568234204602,false,206.58905954825448
5038,Storage boxes,2197,2151,0.9790623577605826,0.7889574156728547,false,193.6276151950719
5039,Baskets,13201,13193,0.9993939853041436,0.9920155518017826,false,80.4031786447639
5040,Wash treatment and accessories,4593,3487,0.7591987807533203,0.9946311515065767,false,65.56909774127305
5042,Personal care,82981,69705,0.8400115689133657,0.9970997053322633,false,206.78816139630393
5045,Cleaning products,22896,22896,1.0,0.9861645623738526,false,168.6000652977412
5047,Cleaning products,7653,7653,1.0,0.9943536544908285,false,46.650414784394265
5051,Cleaning products,5931,5931,1.0,0.9713861826879233,false,149.79939055441488
5052,Commercial non-trade goods,72275,71184,0.9849048772051193,0.999187414432004,false,219.58182997946625
5057,Foodprep,7670,7152,0.932464146023468,0.8926005387514288,false,437.85184558521553
5062,Electric personal care,2404,1939,0.8065723793677204,0.803525837034383,true,302.0041420944557
5063,Pan sets,3446,2553,0.740858966918166,0.5,true,1515.7821560574948
5066,Bakeware,13569,12681,0.9345567101481318,0.9853666628749604,false,2959.8026981519497
5067,"BBQ, beach and camping",72603,29791,0.4103273969395204,0.989731786650483,false,4174.88070841889
5068,Other Holidays,8607,7363,0.855466480771465,0.9591135282699559,true,897.0625597535931
5082,Candles & Tealights,932,932,1.0,0.994971958951375,true,137.6592258726899
5088,Residential odors,15277,14605,0.9560123060810368,0.9898377332647416,false,57.05427186858315
5096,Vases,3339,3005,0.8999700509134472,0.9655866041399773,false,95.0088295687885
5101,Small garden,1125,1125,1.0,0.9891269516861265,true,150.40270718685838
5108,Games,2450,2450,1.0,0.9831865807961253,false,85.24055811088284
5114,"Glasses (drink, beer, wine etc)",902,902,1.0,0.9962210970765337,false,32.102344969199194
5117,Store kitchen,11318,11318,1.0,0.9966914857868648,false,28.726252156057505
5119,Personal care,6790,6790,1.0,0.9958511706899135,false,67.5487293634497
5121,Wash treatment and accessories,11114,10746,0.96688860896167,0.9931798332042516,false,65.36193511293635
5124,Bakeware,47314,41362,0.874202138901805,0.9920244505092226,false,462.3746681724847
5125,Foils and bags,40126,39961,0.9958879529482131,0.9954068875418217,false,189.34407227926076
5126,Gift,107362,107362,1.0,0.9966856483072493,false,486.88902176591347
5128,Cutlery,14997,14997,1.0,0.9920576945200344,false,127.0749240246406
5129,Cutlery,2581,2526,0.978690430065866,0.9611588458587773,false,65.58556139630386
5134,Kitchen helpers,15008,14316,0.9538912579957356,0.9915377652023295,false,2087.9784069815187
5139,Bed textile,1500,1403,0.9353333333333333,0.9753868703975924,false,712.9673462012323
5142,Bath textiles and bath mats,47167,47167,1.0,0.9956079752959985,false,1664.8361199178644
5144,Bed textile,2056,2056,1.0,0.9407468186184941,false,4796.322971252567
5153,Planks,929,929,1.0,0.9931875223374701,false,52.01761232032854
5155,Cutlery,4430,4430,1.0,0.9964538500518016,false,33.512280082135526
5156,Clocks,133,133,1.0,0.9600103625163419,false,103.5572151950718
5157,Tableware,4676,3062,0.6548331907613345,0.9958008458720451,false,45.73583244353181
5159,Home decoration,370,370,1.0,0.9401505904635228,false,87.6182008213552
5160,Waste bins,720,720,1.0,0.9875029269349157,false,156.10957864476381
5161,Light bulbs,480,480,1.0,0.9836491678773915,true,63.138165913757724
5162,Baby / Toddler,583,583,1.0,0.9612484989186565,false,43.31737987679667
5165,Personal care,1247,398,0.3191659983961508,0.9947232496985612,false,10.53931498973305
5175,Toilet cleaners and odors,4229,3866,0.9141641049893592,0.9947658837851052,false,33.8076542094456
5179,Hobby and creative,641,641,1.0,0.9946736051163517,false,8.820258726899384
5181,Shopping bags and trolleys,6174,6174,1.0,0.9957495265779649,false,53.46193798767969
5186,Hobby and creative,3799,739,0.1945248749670966,0.973910485459036,true,39.40961765913758
5190,Wash treatment and accessories,4126,4126,1.0,0.9966593805067421,false,50.285047638603686
5198,Hobby and creative,190,190,1.0,0.967556395673192,false,444.7798562628337
5200,Outdoor toys,745,745,1.0,0.9407149549734827,false,99.81042422997936
5204,Oven dishes,314,314,1.0,0.9708901953616658,true,160.6302936344977
5205,Coffee makers and kettles,3772,3772,1.0,0.9357816692072032,true,30936.752160985623
5206,"Glasses (drink, beer, wine etc)",6865,6496,0.9462490895848507,0.9906840156533036,false,83.68288993839839
5210,Vacuuming,4550,3750,0.8241758241758241,0.5,false,184.6814800821354
5212,Batteries,81361,81361,1.0,0.998102581143865,false,136.8162850102669
5219,Drink & food To Go,43097,41378,0.9601132329396478,0.9892591138745933,false,408.26377412730983
5221,Toilet accessories,14478,13486,0.9314822489294101,0.9890223358363106,false,295.47596221765906
5222,Toilet accessories,34827,34827,1.0,0.9801226724669194,false,9639.03166817248
5223,"Glasses (drink, beer, wine etc)",765,765,1.0,0.9920700029715939,false,75.66123203285429
5226,Wash treatment and accessories,3171,3171,1.0,0.9735564441557165,true,111.48854004106781
5227,Wash treatment and accessories,1921,1921,1.0,0.9777126910664279,false,33.36531745379875
5228,Toilet cleaners and odors,57774,37088,0.641949665939696,0.9853801035309722,false,1106.0843334702254
5236,Wash treatment and accessories,274,274,1.0,0.997411538307965,false,34.890288295687874
5239,Residential odors,6530,6478,0.9920367534456356,0.9935207629303646,false,213.9683416837782
5241,Phones,12802,12579,0.9825808467426964,0.9467878355916534,false,536.4681991786442
5243,Electrical tools,14697,7672,0.5220112948220725,0.5,false,1327.0435449692002
5255,Cooking pans,5253,5105,0.9718256234532648,0.990696923644825,false,249.31503572895284
5271,Candles & Tealights,36006,36006,1.0,0.9778594263124871,false,510.8175802874742
5273,Candles & Tealights,36715,36715,1.0,0.9970531251571945,false,123.35870882956877
5275,Candles & Tealights,50,50,1.0,0.9955659634369285,false,30.166314579055516
5276,Candles & Tealights,16017,16017,1.0,0.9850652733215175,true,279.9718275154003
5283,Other Holidays,12263,6686,0.5452173203946832,0.984950246167481,true,578.4466242299784
5293,Photo frames & albums,17860,17860,1.0,0.9963133378378096,false,105.62141026694042
5294,Photo frames & albums,24384,24384,1.0,0.997957789970981,false,85.74648131416839
5303,Window and squeegees,1436,1366,0.9512534818941504,0.9344333044109383,true,104.36513018480491
5311,Drying racks,6568,6430,0.9789890377588307,0.9708194920267669,false,77.16739055441481
5315,Hobby and creative,401,372,0.9276807980049875,0.9072241113712332,false,310.795429158111
5318,Teletoys,360,360,1.0,0.9760079349091454,false,216.5904295687885
5320,"Cloths, mops, sponges and brush",18502,16612,0.8978488812020322,0.9974582147407994,false,157.45010595482546
5323,Construction,2,2,1.0,0.835397292198339,true,672.992594250511
5330,"Glasses (drink, beer, wine etc)",887,887,1.0,0.981998818068838,false,84.65811498973311
5335,Commercial non-trade goods,124,124,1.0,0.9918514739088244,false,63.60984804928134
5336,Table paper,7275,7275,1.0,0.9976762128943191,false,44.86793593429158
5337,Cutlery,7965,7965,1.0,0.9920717914280323,false,78.38227145790559
5341,Drying racks,9953,9774,0.9820154727217925,0.960006546747403,false,477.6527589322384
5343,Kitchen tools,20206,20141,0.9967831337226566,0.9917307762819688,false,525.4865445585212
5346,Kitchen helpers,243,243,1.0,0.9243811609860468,false,188.53689609856264
5347,Kitchen helpers,21447,11936,0.5565347134797407,0.7606619617981731,false,2166.9042722792624
5349,Cutlery,1834,1834,1.0,0.9152397210285801,false,130.1119121149898
5353,Bed textile,3577,3577,1.0,0.9563346636246606,false,1978.588173716632
5360,Mugs and cups,15648,13450,0.8595347648261759,0.9952485517896087,false,839.7221100616017
5375,Tea and coffee,2481,2432,0.9802498992341797,0.9358013735846097,false,88.9412611909651
5376,Vehicles,88368,88368,1.0,0.996047297779758,false,210.51285420944566
5377,Boys toys,1711,1711,1.0,0.8490691063125138,false,388.0328340862423
5394,Foodprep,6430,6430,1.0,0.7848010294930001,false,18557.11270718686
5397,Batteries,60496,60496,1.0,0.9982521264359691,false,130.25424640657076
5400,Coffee makers and kettles,32824,25087,0.7642883256154034,0.8939505013187333,false,1696.7739749486648
5401,Bakeware,4209,4050,0.962223806129722,0.984879042093071,true,150.22141724845994
5403,Store kitchen,370,370,1.0,0.9883299250461096,true,47.994483778234155
5404,Store kitchen,6919,5962,0.8616852146263911,0.9796065023156828,false,188.47682833675557
5405,"Cloths, mops, sponges and brush",53557,41508,0.7750247399966391,0.9967822506972374,false,495.8502665297739
5408,Others,121,121,1.0,0.9616085124104632,true,1098.9956533880916
5411,Cleaning products,6120,6114,0.9990196078431373,0.9743835960997693,false,136.7543457905543
5414,Cleaning products,1356,1180,0.8702064896755162,0.9855457293293639,false,16.42088459958933
5415,"Cloths, mops, sponges and brush",10826,10826,1.0,0.9929015229887387,false,84.96279178644762
5423,Measuring and weighing,1351,1322,0.9785344189489267,0.9532467739107653,false,122.59981108829574
5424,Special pans,21921,14580,0.6651156425345559,0.9171196424913794,false,1108.1725700205347
5440,Candles & Tealights,240,240,1.0,0.9884736007527711,true,216.10619630390116
5441,Candles & Tealights,15284,15284,1.0,0.9874931339969533,true,221.02873429158117
5451,Party lights,10105,10105,1.0,0.9942146302401221,false,723.5741630390144
5457,Photo frames & albums,1960,1953,0.9964285714285714,0.9898141568706,false,38.692895277207406
5458,Stationary,20388,20379,0.9995585638610948,0.9922760341846659,false,516.8189232032855
5460,Coffee makers and kettles,1066,882,0.8273921200750469,0.7686605916788378,true,114.81867145790551
5462,Ironing boards,6969,1198,0.17190414693643277,0.5,true,13011.242571663248
5467,Teletoys,442,442,1.0,0.9603328161269827,false,371.84284312115005
5468,Tea and coffee,2119,2119,1.0,0.9861858869950939,false,119.3598344969199
5469,Cooking books,214,214,1.0,0.9670862372336317,true,25.511696919917856
5472,Bath textiles and bath mats,3683,1477,0.4010317675807765,0.9816612433575731,true,687.9448731006158
5474,Hobby and creative,2211,2211,1.0,0.9956659577386933,false,14.117933470225866
5484,Wash treatment and accessories,8770,5823,0.6639680729760548,0.9668918427699948,false,157.15054620123198
5488,Bakeware,31413,30852,0.9821411517524592,0.9929135897082072,false,1195.6664065708421
5491,Vacuuming,251,251,1.0,0.9896201234334356,false,441.2713757700204
5492,Bakeware,31111,30417,0.9776927774742052,0.9848466513080616,false,593.1868878850104
5494,Kitchen tools,34433,34375,0.998315569366596,0.9959313738290873,false,406.0956024640657
5495,Kitchen tools,95779,95779,1.0,0.9965502606374933,false,221.30364024640647
5497,Racks and pockets,15302,15302,1.0,0.9928668115847668,false,2290.6192365503084
5498,Cutlery,16818,16818,1.0,0.9899999826870519,false,2683.5905605749494
5499,Stairs,4067,4067,1.0,0.9172393902278866,false,224.67208624229974
5508,Bath textiles and bath mats,18024,16950,0.9404127829560586,0.9985736154163525,false,404.2855318275155
5515,Tableware,1032,1032,1.0,0.9628583588897831,true,2236.8707987679677
5516,Mugs and cups,30443,2007,0.06592648556318366,0.988739800661485,false,5316.386528131416
5523,Oven dishes,314,314,1.0,0.9812546002953809,true,41.7547613963039
5524,Planks,2666,2213,0.8300825206301575,0.9929037685102667,false,26.04192032854209
5527,Tableware,5551,5016,0.9036209691947397,0.9742392621420527,false,198.24425462012306
5530,Foods,460,460,1.0,0.9940021458037035,false,55.76263244353182
5534,Kitchen tools,469,469,1.0,0.9715495155628704,true,262.10480328542087
5536,"Glasses (drink, beer, wine etc)",308,308,1.0,0.9895497547694879,false,47.58294414784394
5540,Wash treatment and accessories,1461,1461,1.0,0.967878550676717,false,332.67297905544126
5554,Baby / Toddler,36,36,1.0,0.976198668646174,true,44.84921560574943
5562,"Glasses (drink, beer, wine etc)",221,221,1.0,0.987744872651101,true,69.97525995893227
5563,Electrical tools,5912,4674,0.790595399188092,0.9262904771251445,false,156.501650513347
5566,"Cloths, mops, sponges and brush",26005,22405,0.861565083637762,0.9873916980212951,false,527.0362870636549
5568,"Cloths, mops, sponges and brush",12087,11798,0.9760900140646976,0.9858239832169621,false,203.38629650924017
5569,Small storage,13872,13872,1.0,0.9896055502986738,false,166.36098234086234
5573,Home decoration,19584,12574,0.6420547385620915,0.9953463884082965,false,596.6119059548255
5581,Puzzles,1034,1034,1.0,0.9671818254814618,true,190.84796262833723
5582,Puzzles,3290,3264,0.99209726443769,0.9934760660656414,false,11.631268993839834
5583,Hobby and creative,2981,2413,0.809459912780946,0.9842000827537087,false,38.16053880903488
5588,Batteries,78336,76471,0.9761922998366013,0.9974926646414858,false,180.63070225872687
5593,Foodprep,32042,17281,0.5393233880531803,0.5,false,2438.911031211499
5596,Kitchen tools,8926,6904,0.7734707595787587,0.9466492503501849,false,368.04353921971244
5597,Buckets,164,164,1.0,0.9872016119126434,false,106.25437700205339
5598,Window and squeegees,17484,17343,0.9919354838709677,0.9923818747880836,false,121.5645441478439
5599,Window and squeegees,15144,14698,0.9705493924986793,0.9920523014707743,false,158.11979753593414
5602,Cleaning products,14925,14925,1.0,0.9888498773252415,false,135.551346201232
5603,Bathroom accessories,10899,10774,0.9885310578952198,0.9766942789654032,false,290.031158110883
5604,Table textiles,1746,1661,0.9513172966781214,0.9222301008091751,false,247.61431745379866
5605,Foils and bags,208,208,1.0,0.9754072623015508,true,711.9294344969201
5606,Bathroom accessories,5908,5625,0.9520988490182803,0.9853351408200488,false,87.14669691991787
5608,Laundry baskets,20500,11095,0.541219512195122,0.946991638143853,false,505.4819589322382
5609,Storage boxes,16324,14680,0.8992893898554276,0.9752740163487614,false,322.77438973305965
5610,Baskets,13421,13375,0.996572535578571,0.9932873371575108,false,123.83793429158113
5611,Baskets,8788,8699,0.989872553482021,0.9913069466132194,false,69.50427638603698
5613,Baskets,10314,10314,1.0,0.9923278261145622,false,51.58945379876798
5614,Baskets,8319,8287,0.9961533838201707,0.9916396796007043,false,69.28778521560575
5615,Drink & food To Go,11290,8412,0.7450841452612932,0.9692159162139385,false,625.7284706365508
5616,Personal care,68357,53400,0.781192855157482,0.9970453560619847,false,116.19317248459954
5617,Cleaning products,11644,10024,0.8608725523874957,0.9905071343148621,false,231.50885256673521
5618,Others,4868,4868,1.0,0.9746617814838131,false,97.74066078028743
5620,Oven dishes,184,184,1.0,0.9917523359139278,false,130.47308624229976
5621,Personal care,2795,1440,0.5152057245080501,0.9923691900528512,false,17.58204517453798
5622,Wash treatment and accessories,4894,4890,0.9991826726604005,0.9938004308154437,false,40.39528090349075
5625,Wash treatment and accessories,8941,6386,0.7142377810088357,0.962345164204839,false,302.9075589322383
5629,Cleaning products,2749,2749,1.0,0.9920143443033587,false,17.77065133470226
5634,Stationary,10037,10037,1.0,0.9950473201920319,false,270.4493523613964
5635,Window and squeegees,69857,58051,0.8309976094020642,0.9946379191290732,false,250.98183490759746
5638,Electric personal care,35727,35179,0.9846614605200549,0.9734615122514592,false,554.0846119096509
5640,Electric personal care,3106,2278,0.733419188667096,0.8405772777295472,false,123.53071047227924
5642,Electric personal care,16096,14826,0.9210984095427436,0.9443588088656596,false,337.2610435318275
5644,Electric personal care,17241,17219,0.9987239719273824,0.9629134681900785,false,341.3636960985626
5650,Pan sets,1792,470,0.2622767857142857,0.7154116373921182,true,198.69119671457887
5652,Partyfun,23400,23400,1.0,0.9975667483555946,false,47.282559342915825
5653,Pan sets,1992,1502,0.7540160642570282,0.5,false,134.14110061601662
5660,Personal care,1930,1629,0.844041450777202,0.9691097736209845,false,77.43935564681726
5677,Foods,125,125,1.0,0.9952874552714391,false,41.74129322381927
5709,"TV, Audio & Video",5730,5090,0.8883071553228621,0.9235544469227609,true,155.93864928131416
5710,Drink & food To Go,7956,2130,0.26772247360482654,0.9606187135060724,true,194.88141724846002
5713,Electric personal care,20758,16756,0.8072068600057809,0.9049650959779084,false,397.08873264887046
5725,"Cloths, mops, sponges and brush",16396,15620,0.9526713832642107,0.9978320684331728,false,128.587314989733
5726,Kitchen helpers,276,276,1.0,0.9569475071591433,true,141.71105297741283
5727,Hobby and creative,806,804,0.9975186104218362,0.939456700342798,false,56.54069322381929
5736,Planks,16247,16247,1.0,0.9875107171937868,false,5913.452626283366
5742,Storage boxes,3139,3121,0.9942656897100988,0.8808878113864964,false,149.9767852156057
5746,Planks,1069,1069,1.0,0.8538258800573408,true,173.85981355236132
5747,Wash treatment and accessories,1501,1501,1.0,0.9932547812250397,false,18.189015605749482
5748,Personal care,91,91,1.0,0.9618347406625348,false,113.83333305954824
5749,Cleaning products,20223,12670,0.6265143648321219,0.9919612779039472,false,130.54373305954823
5751,Cleaning products,2492,2485,0.9971910112359551,0.9611510503538476,false,99.8338102669404
5753,Wash treatment and accessories,15747,15747,1.0,0.9680849770399559,false,190.91274209445584
5757,Cleaning products,46232,22699,0.49098027340370304,0.996308446565237,false,174.81198603696095
5761,Bathroom accessories,34955,34932,0.9993420111572021,0.9980585428179457,false,245.61693141683776
5772,Foodprep,5605,5563,0.992506690454951,0.9371249937924586,false,261.13315154004107
5773,Electric personal care,10193,4093,0.40155008339056214,0.8951536768327376,false,1024.3855453798767
5798,Candles & Tealights,202,202,1.0,0.9783398836722921,true,161.20528542094465
5799,Candles & Tealights,340,340,1.0,0.9937524478244462,true,65.49303490759745
5800,Candles & Tealights,902,902,1.0,0.9969276660949314,true,333.5199014373719
5804,Others,783,783,1.0,0.9940884219184201,false,57.09419630390141
5805,Candles & Tealights,9363,9263,0.9893196625013351,0.9921043732709987,false,66.50052320328535
5807,Drink & food To Go,4519,4519,1.0,0.9976712191960154,false,22.094794250513353
5815,Residential odors,20367,17438,0.8561889330780184,0.9892248277012866,false,109.25307926078031
5820,Photo frames & albums,13267,13267,1.0,0.9977883546647263,false,59.568749486652976
5821,Photo frames & albums,2988,2988,1.0,0.9908350176457323,false,62.86934291581109
5827,Foodprep,2734,2712,0.991953182150695,0.5,true,2813.709354825464
5837,Drying racks,2915,2024,0.6943396226415094,0.9737194291117814,true,68.07005544147846
5838,Hobby and creative,10,10,1.0,0.9153100683042749,true,230.0297856262837
5839,"Cloths, mops, sponges and brush",20371,20105,0.9869422217858721,0.997810294990467,false,158.5898554414783
5840,Construction,406,406,1.0,0.9577316151229421,true,564.7524652977413
5843,Kitchen tools,1089,1089,1.0,0.9782888089600337,false,136.62269979466123
5845,Kitchen tools,1017,1012,0.9950835791543756,0.9389373790404846,false,230.62348624229978
5848,Bath textiles and bath mats,3905,2068,0.5295774647887324,0.9717862059556204,true,946.2830813141684
5849,Tableware,1811,1534,0.8470458310325787,0.9880897940723405,true,1206.7771342915812
5850,Tableware,1482,1482,1.0,0.9533251540494874,true,4043.4077921971234
5851,Hobby and creative,930,930,1.0,0.9962211381452069,true,10.982841889117042
5857,Bathroom accessories,7208,7124,0.98834628190899,0.9790550845397054,false,187.66050759753585
5858,Racks and pockets,19847,19841,0.9996976873079054,0.9911452634549105,false,93.53610431211499
5859,Waste bags,32709,31011,0.9480876822892782,0.9930296750860651,false,267.294094455852
5861,Construction,694,694,1.0,0.9577544061873352,false,208.23313388090344
5863,Baskets,7560,7560,1.0,0.9918207493451724,false,147.5562513347022
5864,Storage boxes,3305,1668,0.5046898638426627,0.9303520731645007,true,589.5075728952768
5866,Storage boxes,140,140,1.0,0.8696371783708975,false,119.51396960985618
5867,Storage boxes,6104,5970,0.9780471821756226,0.9713188955018444,false,85.10344147843941
5868,Cleaning products,13087,12341,0.9429968671200428,0.9872535357975056,false,146.88314168377815
5869,Cleaning products,3231,3231,1.0,0.9760597389170665,true,107.82478891170436
5870,Cleaning products,23645,14055,0.5944174244026221,0.9926708018439578,false,523.2234086242296
5871,Cleaning products,16862,12140,0.7199620448345392,0.9953922162348764,false,62.62958069815192
5872,Baskets,3880,3880,1.0,0.9934563627929156,false,253.29312854209442
5874,Cleaning products,4646,4588,0.9875161429186397,0.963268424377272,false,432.26190431211484
5878,Dishwashing articles,88,88,1.0,0.9918148860488499,false,35.79281396303905
5880,Residential odors,8291,8283,0.9990350982993608,0.9924978210823973,false,169.3643359342916
5895,Electric personal care,8199,8158,0.9949993901695329,0.9492085863264703,false,124.98217987679674
5896,Electric personal care,4295,4217,0.9818393480791618,0.9085599155145431,false,143.53324928131423
5897,"TV, Audio & Video",235,235,1.0,0.8539853238260797,false,174.22990225872698
5899,Frying pans,16590,10287,0.6200723327305606,0.9217943125071181,false,923.9551597535932
5915,Candles & Tealights,18492,18492,1.0,0.9872988556516483,true,270.15132484599565
5918,Candles & Tealights,22346,22277,0.9969121990512844,0.986989674336997,false,168.69036960985622
5919,Residential odors,2090,1601,0.7660287081339713,0.9920286645967036,false,12.52446899383984
5922,Drinks,1618,1618,1.0,0.9866989576421948,false,262.87185954825463
5924,Cooking books,103,103,1.0,0.9763227853266658,false,311.3359613963036
5931,Residential odors,8151,7712,0.9461415777205251,0.9775073435856635,false,112.6563930184805
5941,Kitchen helpers,7753,7753,1.0,0.9902721959439414,false,77.74362997946614
5943,Stationary,40808,40808,1.0,0.9955332738328138,false,277.2176509240247
5946,Clocks,5990,5743,0.9587646076794658,0.964686132894652,false,151.20169609856276
5948,Stationary,11671,11671,1.0,0.9949147845584285,true,7472.475265708421
5951,Stationary,31596,31596,1.0,0.9991621348200566,false,18.824537987679665
5954,Foodprep,140,140,1.0,0.5651241249868296,true,352.90448254620077
5955,Racks and pockets,2665,1145,0.42964352720450283,0.7933032780862703,true,583.238786858316
5959,Construction,972,972,1.0,0.9884319713093809,true,38.10272484599586
5971,Construction,340,340,1.0,0.9312629857783213,false,72.87613470225878
5974,Girls toys,657,657,1.0,0.9541693962888873,true,49.51518850102669
5977,Cleaning products,26230,23010,0.8772398017537171,0.9932916829442389,false,252.20450061601653
5981,Window and squeegees,9923,9008,0.9077899828680842,0.9583845074352416,false,228.78949486652965
5982,"Glasses (drink, beer, wine etc)",503,503,1.0,0.9789068618116227,false,88.98549486652979
5983,"Glasses (drink, beer, wine etc)",940,940,1.0,0.9825022737501533,false,71.08984394250513
5987,Baskets,8440,8375,0.9922985781990521,0.9846395592114581,false,116.70681724845993
5989,Baskets,13532,13532,1.0,0.9951478149017292,false,43.67744147843943
5991,Cleaning products,47876,47876,1.0,0.9945843358360901,false,128.4790694045174
5992,Cleaning products,28447,28447,1.0,0.9971936204908581,false,134.96254702258722
5993,Wash treatment and accessories,589,589,1.0,0.9984794033078129,false,133.07416262833675
5994,Wash treatment and accessories,3293,3223,0.9787427877315518,0.9865525780297724,false,50.8218800821355
5995,Toilet cleaners and odors,22789,21304,0.9348369827548378,0.9743624909835514,false,142.482605338809
5997,Cleaning products,6986,6821,0.976381334096765,0.9879325466545749,false,69.47757289527719
5998,Thermos jugs,1755,1755,1.0,0.9590425178939331,true,387.74470431211495
5999,Cleaning products,7591,7174,0.9450665261493875,0.9697266724094331,false,185.1018911704311
6000,Cleaning products,26946,26946,1.0,0.9897305096404894,false,164.13044024640658
6001,Wash treatment and accessories,18385,18303,0.9955398422627142,0.9722792716161245,false,291.6208739219713
6003,Waste bins,2949,2855,0.9681247880637505,0.9449121496763049,true,330.3402858316222
6006,Residential odors,3854,3854,1.0,0.9734974045783653,false,161.64985010266938
6009,Cleaning products,7102,7081,0.9970430864545199,0.9923019982668595,false,272.1037010266941
6010,Personal care,15172,14876,0.9804903770102821,0.9897384793271876,false,159.66299137577
6015,Coffee makers and kettles,4407,4123,0.9355570683004312,0.9828803045672283,false,49.965338809034876
6018,Coffee makers and kettles,10818,10318,0.9537807358106859,0.8258770911759991,false,589.3036644763863
6024,Measuring and weighing,41584,4445,0.10689207387456715,0.9909042519579861,false,8548.393554825461
6029,Partyfun,24657,24657,1.0,0.9979055467620318,false,42.91820451745378
6040,Personal care,1830,1567,0.8562841530054645,0.9678818278444261,false,80.29802340862429
6052,Candles & Tealights,55909,55805,0.9981398343737145,0.9752642617986413,false,548.9560956878847
6053,Candles & Tealights,74177,74177,1.0,0.9977231261254745,false,108.96830143737164
6069,Clocks,16793,12844,0.7648424938962664,0.9886149008260479,false,1473.770565092403
6071,Photo frames & albums,21370,21370,1.0,0.9974748887595263,false,86.29930308008211
6075,Stationary,27641,27641,1.0,0.9963701736454258,false,159.26156796714577
6077,Foodprep,174,174,1.0,0.5,true,280.67537494866554
6078,Drink & food To Go,9077,9077,1.0,0.9542211005165416,true,719.1210706365507
6080,Drink & food To Go,11945,5316,0.445039765592298,0.9766545679957649,true,308.98265626283364
6082,Electric personal care,5430,5021,0.9246777163904236,0.8799918753469905,true,268.450695687885
6095,Construction,597,597,1.0,0.9850898520644623,false,110.13799425051334
6098,Batteries,309,309,1.0,0.9652550582137857,true,24.335478439425096
6107,Ironing,982,537,0.5468431771894093,0.5,true,366.1934521560574
6108,Ironing,3357,2555,0.7610962168602919,0.9137106017743952,false,143.96543819301846
6109,Hobby and creative,1146,1146,1.0,0.9953053498868687,false,42.576685010266914
6139,Foods,795,795,1.0,0.9970182455175521,false,27.796836139630383
6140,Store kitchen,6400,6283,0.98171875,0.9897856416951947,false,110.54489691991782
6143,Drink & food To Go,12860,11061,0.8601088646967341,0.9745321552137785,false,282.53458932238203
6144,Bathroom accessories,79927,79927,1.0,0.9989225941389765,false,821.4757979466114
6145,Cooking pans,943,682,0.7232237539766702,0.9845120409060788,false,81.70585133470229
6152,Storage boxes,14736,12302,0.8348262757871878,0.9475604840704906,false,506.7264640657084
6154,Thermos jugs,2099,2016,0.9604573606479276,0.9633344070243643,false,102.91785215605752
6155,Storage boxes,6880,6575,0.9556686046511628,0.9599480261346532,false,108.58924353182756
6157,Wash treatment and accessories,14196,13703,0.9652719075795999,0.9867829800888599,false,134.9456377823408
6158,Personal care,74272,74272,1.0,0.993563981173847,false,697.7466151950717
6159,Cleaning products,7450,7229,0.9703355704697987,0.991601620707083,false,82.98841232032851
6162,Wash treatment and accessories,22734,12644,0.5561713732735111,0.9771119195435228,false,655.9032139630388
6168,"Cloths, mops, sponges and brush",10657,10533,0.9883644552876044,0.9821813849925501,false,189.25073223819294
6174,Coffee makers and kettles,25984,24663,0.9491610221674877,0.9682199209788187,false,396.50874455852176
6184,Special pans,13360,8760,0.655688622754491,0.7511490268350618,false,2108.902335523613
6190,Bags and backpacks,18716,18716,1.0,0.9905414208577583,false,246.40837700205324
6215,Vases,2031,2031,1.0,0.9868028203375429,false,68.16843203285424
6216,Candles & Tealights,10442,10442,1.0,0.9892638950485891,false,710.2980090349074
6227,Clocks,10540,10434,0.9899430740037951,0.9904768415798383,false,114.30058234086239
6233,"Glasses (drink, beer, wine etc)",205,205,1.0,0.973296460697339,false,162.66329199178642
6238,Batteries,234,223,0.9529914529914529,0.9740166855716667,true,10.04245585215606
6245,Storage boxes,410,410,1.0,0.9043877889314218,false,166.161659137577
6246,"Glasses (drink, beer, wine etc)",548,548,1.0,0.996876023515409,false,14.251752772073921
6248,Storage boxes,8281,8159,0.9852674797729742,0.9854479746617011,false,79.62027104722789
6250,Cleaning products,5549,5437,0.9798161830960533,0.9865491863290463,false,68.31117741273098
6251,Storage boxes,884,737,0.833710407239819,0.9199495730239999,false,107.9932977412731
6256,Light bulbs,777,777,1.0,0.9746660103535005,false,50.843837371663234
6257,Wash treatment and accessories,29816,17169,0.5758317681781594,0.9815310224869276,false,647.5400106776186
6258,Cleaning products,5109,5088,0.9958896065766295,0.9777626420487737,false,248.5422127310062
6259,Wash treatment and accessories,47852,36559,0.7640015046393045,0.9518696499660162,false,960.4371876796713
6261,Cleaning products,3273,3273,1.0,0.9949882301060513,false,93.80402464065709
6264,Waste bins,6155,5779,0.9389114541023558,0.9522720992251595,false,91.82232032854208
6266,Shoe maintenance,2141,2141,1.0,0.9881089408946704,false,92.05278850102668
6267,Residential odors,4928,4928,1.0,0.9962972063866445,false,140.5686587268994
6268,Residential odors,5989,5989,1.0,0.9953821170295097,false,114.78962792607804
6269,Window and squeegees,74367,74367,1.0,0.9987600017672726,false,243.83001396303902
6272,Foodprep,58678,40553,0.6911108081393367,0.8976038613534287,false,2085.3262722792606
6273,Sockets and security,7321,7321,1.0,0.9780990104482731,false,342.1617564681724
6274,Coffee makers and kettles,162,162,1.0,0.6773266742566868,false,1093.9431540041073
6284,Construction,440,440,1.0,0.7881333884199959,true,211.06335605749499
6297,Candles & Tealights,6563,6448,0.982477525521865,0.9864744453041615,false,86.47041067761808
6299,Candles & Tealights,226,226,1.0,0.9948245075379298,true,45.825052977412696
6300,Candles & Tealights,447,447,1.0,0.9964562743186671,true,127.7358850102669
6301,Candles & Tealights,784,784,1.0,0.9928514895195687,false,275.0426833675566
6307,Foods,4556,4556,1.0,0.995931503010476,false,38.32446529774126
6308,Others,18875,18700,0.990728476821192,0.9937780478349015,false,77.3903786447639
6309,Other Holidays,30035,30035,1.0,0.9963480639113029,true,496.14176262833644
6332,Photo frames & albums,1483,1483,1.0,0.9786785898916163,false,58.653356468172525
6334,Photo frames & albums,16563,16563,1.0,0.9973174203309378,false,87.52235112936346
6347,Window and squeegees,2949,2949,1.0,0.9719746770378537,true,72.13243860369612
6348,Vacuuming,541,541,1.0,0.5,true,970.4912316221769
6349,Store kitchen,868,842,0.9700460829493087,0.9308817740317803,true,276.86617330595476
6351,Tableware,6217,3120,0.5018497667685379,0.5,true,1502.7030657084208
6367,Store kitchen,927,904,0.9751887810140237,0.9729422416220163,true,39.70334168377815
6369,Drink & food To Go,450,450,1.0,0.984578298580719,false,61.40863408624229
6371,Thermos jugs,2081,1983,0.9529072561268621,0.9309253833069973,false,152.15768049281317
6375,Bathroom scales,1323,1120,0.8465608465608465,0.8511466961452444,false,356.8582377823408
6380,Hobby and creative,4532,4306,0.9501323918799647,0.9818250487623114,false,48.26310554414788
6387,Baby / Toddler,2500,1533,0.6132,0.9356240114391429,false,240.73838850102672
6395,"Glasses (drink, beer, wine etc)",1085,1066,0.9824884792626728,0.9564018121294839,true,53.45471088295687
6403,Small storage,32297,32253,0.9986376443632535,0.9960199517342203,false,156.85179712525667
6406,Foils and bags,45165,40818,0.9037529060112919,0.9978086803568326,false,200.02101848049287
6407,Shoe maintenance,16182,16182,1.0,0.9969397146510834,false,689.8252599589325
6408,Cleaning products,9609,9572,0.996149443230305,0.9923741617126295,false,264.44090020533883
6411,Buckets,30120,28215,0.9367529880478087,0.9820174345602473,false,306.5026496919917
6414,Baskets,4342,4195,0.9661446338093045,0.9646856770272491,false,63.08631704312112
6417,Wash treatment and accessories,4960,4952,0.9983870967741936,0.9970631475543127,false,18.204697330595472
6418,Cleaning products,33663,31667,0.9407064135697947,0.9924408826711871,false,220.25902751540045
6419,Personal care,10361,9931,0.9584982144580639,0.9980618276876184,false,25.284919917864475
6420,Cleaning products,22293,21994,0.9865877181177948,0.996607355559488,false,97.63546817248462
6421,Cleaning products,7599,7327,0.9642058165548099,0.984569322935132,false,95.31135318275159
6423,Personal care,8314,8314,1.0,0.9857150271721029,false,101.25157905544147
6428,Cleaning products,5201,5153,0.9907710055758508,0.9450469067355455,true,297.37573059548237
6429,Wash treatment and accessories,16387,16387,1.0,0.9748989325226268,false,1428.7346435318273
6430,Waste bins,4577,4453,0.9729080183526327,0.9501426641700814,false,81.27908131416837
6433,Shoe maintenance,1581,1367,0.8646426312460468,0.9032835862998093,false,573.6651930184805
6434,Phones,9897,9897,1.0,0.998747281605642,false,64.08030554414782
6437,Electric personal care,26464,20533,0.7758842200725514,0.9102187270466825,false,1840.0797946611915
6440,Electric personal care,3671,3580,0.9752111141378371,0.8599606676939416,false,299.83330554414783
6442,Electric personal care,17955,13200,0.7351712614870509,0.9637391523798409,false,344.3300574948666
6503,"Glasses (drink, beer, wine etc)",555,555,1.0,0.9419756083602651,true,173.66747597535937
6512,Construction,1784,1784,1.0,0.9463427342178761,true,968.2688882956876
6513,Reading glasses,2979,2564,0.860691507217187,0.9900620874229953,true,1594.1956328542094
6515,Construction,393,393,1.0,0.9266726026213183,false,215.50908336755637
6517,Ironing,6282,4747,0.7556510665393187,0.7915026742117967,true,572.4286078028749
6520,Insecticides,46,46,1.0,0.9039387334041331,true,53.041489527720735
6522,Kitchen tools,801,801,1.0,0.9613554264449897,false,48.845827515400416
6523,Bathroom accessories,13412,11852,0.8836862511184014,0.9898985461393786,false,177.06728254620117
6524,Foodprep,13168,13168,1.0,0.9341136643110364,false,16524.295145379874
6526,Batteries,8920,8800,0.9865470852017937,0.9932827992790983,false,47.00240985626281
6527,Batteries,32806,32554,0.9923184783271353,0.9942596192031949,false,262.33146529774126
6528,Sockets and security,25950,23784,0.9165317919075144,0.9964032225318374,false,102.50644476386039
6533,Bath textiles and bath mats,27411,24757,0.9031775564554376,0.963167663263108,false,513.0949634496918
6534,Hobby and creative,613,613,1.0,0.9808078914383644,false,33.87761396303903
6538,Home decoration,1097,757,0.6900638103919782,0.9653567240079546,false,46.995050513347046
6540,Cleaning products,17557,17213,0.9804066754001253,0.9957353014263449,false,96.04939466119102
6541,Personal care,314,314,1.0,0.997717576765893,false,36.16127556468168
6544,Wash treatment and accessories,10465,10463,0.9998088867654085,0.9851424695530923,false,201.67289199178649
6545,Foods,849,849,1.0,0.9954717566152187,false,42.92158521560577
6546,Cleaning products,7365,7365,1.0,0.9847869738995825,false,79.50242956878846
6547,Cleaning products,79621,68110,0.8554275881990933,0.9940192869456149,false,351.1474739219713
6548,Cleaning products,3068,3068,1.0,0.9707866041510635,false,84.43812238193019
6549,Cleaning products,18329,18254,0.9959081237383381,0.9973982334499834,false,71.25947104722795
6552,Cleaning products,3488,3480,0.9977064220183486,0.9940600603535356,false,15.913567145790552
6553,Cleaning products,8772,8772,1.0,0.9849315602420657,false,63.38416919917865
6558,Cleaning products,2632,2632,1.0,0.9972357471560013,false,35.36879507186859
6559,Personal care,27167,22062,0.8120881952368683,0.9952430875714624,false,121.22603449691997
6562,Shoe maintenance,4917,4850,0.9863738051657515,0.8124238666991903,false,483.68525831622156
6563,Residential odors,22580,22580,1.0,0.988142543275719,false,184.73033347022587
6564,Sockets and security,8203,8203,1.0,0.9770727101607881,false,4931.294004517452
6565,Coffee makers and kettles,151,151,1.0,0.8200239618953024,false,843.8366266940453
6566,Electric personal care,8990,8295,0.9226918798665183,0.9338532335204597,false,357.5676238193017
6567,(Steam) cleaners,369,245,0.6639566395663956,0.5,false,82.34845995893222
6568,Electric personal care,9237,8288,0.8972610154812168,0.8886902476545715,false,310.891563449692
6578,Frying pans,6815,5536,0.8123257520176083,0.8988096001966202,false,1266.9078788501035
6583,Partyfun,8893,7113,0.7998425728100753,0.9888764486283284,true,211.24588213552346
6587,Personal care,93,93,1.0,0.9948449926685242,false,53.304646406570825
6603,Candles & Tealights,605,605,1.0,0.9975984178661291,true,255.84476221765922
6604,Candles & Tealights,1157,1157,1.0,0.9968639884993539,true,293.03435934291593
6619,Candles & Tealights,39432,39432,1.0,0.9989629662060485,false,27.553149897330584
6625,Photo frames & albums,10658,10658,1.0,0.9916523980172031,false,148.57142094455835
6628,Photo frames & albums,1548,1501,0.9696382428940569,0.9704794254724486,false,87.12676632443531
6632,Stationary,11831,11831,1.0,0.9991211225698153,false,11.71060903490759
6633,Clocks,2577,2577,1.0,0.9666631087053699,false,7664.326214784392
6654,Hobby and creative,395,395,1.0,0.9663740821677028,false,115.06609774127318
6661,Fans and electric blankets,102,102,1.0,0.7490489701144138,true,416.8939433264874
6662,Mugs and cups,2036,1384,0.6797642436149313,0.988335355645815,true,887.7795852156056
6663,Others,2163,2163,1.0,0.9655557309728666,true,1679.500887063655
6665,Tea and coffee,12809,12809,1.0,0.9961327875269986,false,72.87902094455849
6668,Waste bags,54218,54218,1.0,0.9975064043353288,false,217.58267310061586
6673,Baskets,8938,8889,0.9945177892145894,0.9922093602587867,false,70.48619958932241
6674,Baskets,6857,6857,1.0,0.9966086376495317,false,33.07382997946614
6675,Baskets,6918,6879,0.9943625325238509,0.9914468591153753,false,57.89542176591373
6677,Wash treatment and accessories,915,915,1.0,0.9373038084000885,true,473.04722464065696
6678,Baby / Toddler,167,167,1.0,0.983553593725876,true,54.48931088295687
6682,Cleaning products,15077,15077,1.0,0.9942015426644238,false,222.1751071868582
6683,Cleaning products,3182,3158,0.9924575738529227,0.9945695751960916,false,40.583452977412726
6684,Waste bins,7964,6893,0.8655198392767454,0.9502462427896832,false,420.0277268993838
6686,Waste bins,2923,2593,0.8871022921655833,0.9042466894009035,false,213.2334422997946
6688,Drink & food To Go,7695,7660,0.99545159194282,0.9893909469642951,false,114.50766160164271
6690,Cleaning products,21236,21236,1.0,0.9969772904971133,false,214.12267515400416
6692,Electric personal care,39721,29912,0.7530525414768007,0.9006121800575383,false,1816.7985593429153
6700,Electric personal care,91,91,1.0,0.8982392407554908,true,911.0513022587268
6703,Special pans,152,152,1.0,0.6129448182263506,true,3082.3388796714626
6711,Personal care,1354,1324,0.9778434268833087,0.9650515905485245,false,261.3877733059548
6720,Candles & Tealights,130,130,1.0,0.9978773514486051,true,233.73595071868579
6721,Candles & Tealights,128,128,1.0,0.9940543180969386,true,107.35264394250514
6735,Vases,51074,51074,1.0,0.9816570205850703,false,30867.007843531825
6743,Wash treatment and accessories,4955,4086,0.8246215943491423,0.9474526603936727,false,96.85190800821358
6751,Cleaning products,39370,35224,0.8946913893827788,0.9928618920213529,false,271.3660533880903
6753,Hobby and creative,1029,1029,1.0,0.9974379421064891,false,19.28024804928131
6762,"Cloths, mops, sponges and brush",21892,21755,0.993742006212315,0.9983825358586152,false,108.57112114989734
6763,Planks,1315,1295,0.9847908745247148,0.9680228487436244,false,223.90218110882944
6765,Tableware,2417,2243,0.9280099296648738,0.9886381316151466,false,43.28492402464069
6768,Store kitchen,27003,26904,0.9963337406954783,0.9817767987825095,false,312.00384763860365
6770,Cleaning products,19013,19013,1.0,0.9841209625467853,false,202.39371663244353
6771,Cleaning products,16897,16897,1.0,0.994549277053982,false,78.46467597535933
6772,Thermometers,12532,12341,0.9847590169166933,0.9974576085567376,false,897.9375252566732
6773,Measuring and weighing,23497,22439,0.9549729752734392,0.989285753034409,false,321.45644353182735
6775,Bathroom accessories,1432,1421,0.99231843575419,0.9580857988876373,false,302.1731080082135
6776,"Cloths, mops, sponges and brush",155,155,1.0,0.9972236870417168,false,353.5507967145791
6777,Baby / Toddler,215,215,1.0,0.921004774131595,true,545.1614574948663
6779,Waste bags,86173,85209,0.9888132013507711,0.9983661738104591,false,772.8722279260784
6782,Storage boxes,8082,8082,1.0,0.9820022089483537,false,144.0637371663244
6784,Cleaning products,11148,10866,0.9747039827771797,0.9950593188845699,false,75.37942669404518
6786,Cleaning products,5631,5560,0.9873912271354999,0.973677217816448,false,159.51140041067774
6787,Personal care,74762,65616,0.8776651239934726,0.9957940659880299,false,458.3393593429157
6791,Cleaning products,21107,16191,0.7670914862367935,0.9974805181999111,false,73.86170882956881
6792,Window and squeegees,6671,6650,0.9968520461699895,0.994485316938756,false,117.49573305954813
6794,Cleaning products,8492,8492,1.0,0.9792010852292723,false,139.1616012320328
6796,"Cloths, mops, sponges and brush",1716,1716,1.0,0.9949933109834845,false,117.21648624229975
6798,Cleaning products,2066,2066,1.0,0.9957008061638892,false,41.8512320328542
6801,Partyfun,40498,40427,0.9982468270038026,0.9983262894944755,false,46.088022997946595
6803,Residential odors,13898,13898,1.0,0.9938527899561813,false,100.25980698151953
6815,Partyfun,84619,83808,0.9904158640494451,0.9931997775899076,false,250.58194661190961
6830,Candles & Tealights,214,214,1.0,0.9886686292617317,true,60.655416837782326
6833,Residential odors,10611,10103,0.9521251531429649,0.9939723685789026,false,33.83570882956878
6838,Greeting cards,3512,3512,1.0,0.9934001140634294,false,165.3996739219714
6846,Photo frames & albums,16384,16384,1.0,0.9959196615189156,false,99.85257659137574
6848,Photo frames & albums,12640,12640,1.0,0.9964186106476144,false,77.20305462012318
6850,Photo frames & albums,2128,2128,1.0,0.9908978076225167,false,36.62562997946613
6864,"Glasses (drink, beer, wine etc)",378,378,1.0,0.9704057417628372,true,228.28310882956885
6872,Drink & food To Go,892,892,1.0,0.983692252213439,false,80.95707556468172
6873,Reading glasses,1216,1216,1.0,0.9918492129809288,true,338.9142854209448
6875,Racks and pockets,2126,2126,1.0,0.9492289068922687,false,3932.6292418891153
6879,"Glasses (drink, beer, wine etc)",88,88,1.0,0.9939789065703042,true,332.40543531827615
6882,Teletoys,969,969,1.0,0.9338382848625691,false,481.60501067761805
6883,Electric personal care,6298,2450,0.3890123848840902,0.9022882644137378,false,486.4034143737168
6884,Batteries,36242,28525,0.7870702499862039,0.992545241542573,false,4319.544142915809
6887,Batteries,29964,29964,1.0,0.9960897899540102,false,157.26766324435314
6893,Serve and present,2737,2722,0.9945195469492145,0.9845968562388767,true,80.8211950718686
6896,Store kitchen,31045,27359,0.8812691254630375,0.9900975374502671,false,507.1297761806978
6897,Store kitchen,36435,36010,0.9883353917936051,0.9911625926529261,false,171.41198398357295
6898,Shoe maintenance,18709,18173,0.971350686835213,0.9966145045660268,false,1433.5681478439428
6899,Cleaning products,18825,17867,0.9491102257636123,0.9889043193591676,false,139.27096221765916
6900,Dishwashing articles,23249,23249,1.0,0.9946308681286131,false,338.85637371663233
6902,Shoe maintenance,16731,16731,1.0,0.9963845704580717,false,2282.1232431211492
6905,Racks and pockets,36135,36135,1.0,0.9863980235129964,false,13691.888477207382
6908,Vacuuming,561,561,1.0,0.9858265691119252,false,343.57888706365475
6909,Storage boxes,250,250,1.0,0.8180307703521371,true,91.2650685831624
6910,Baskets,9335,9335,1.0,0.997823510409044,false,24.07455523613962
6911,Baskets,11083,10991,0.9916989984661193,0.9942495361959482,false,59.588082135523564
6912,Storage boxes,93,93,1.0,0.8721925202296615,false,142.4010086242299
6913,Personal care,20866,9838,0.4714847119716285,0.9961302449368669,false,33.363552361396295
6915,Hobby and creative,360,360,1.0,0.980486389326494,false,59.29018685831618
6916,Cleaning products,2785,2785,1.0,0.8982400106730394,true,1670.692041067761
6921,Wash treatment and accessories,23831,23831,1.0,0.9744772173176602,false,419.7377227926078
6922,Wash treatment and accessories,30316,14688,0.4844966354400317,0.9814928304160611,false,656.0352624229974
6924,Residential odors,5146,5134,0.9976680917217257,0.9939309165379003,false,133.87954496919917
6932,Others,1571,1571,1.0,0.988302023471954,false,26.947062012320337
6934,Cooking pans,1497,995,0.6646626586506346,0.8094435738473085,true,205.72818891170422
6954,Candles & Tealights,7157,7157,1.0,0.9897003373525418,false,73.24177618069824
6955,Candles & Tealights,78,78,1.0,0.9916249569113705,true,94.62313100616011
6956,Candles & Tealights,194,194,1.0,0.9835472387117439,true,91.25736139630398
6957,Candles & Tealights,189,189,1.0,0.9940996903838006,true,84.94645749486641
6964,Residential odors,34997,21186,0.6053661742435066,0.9706269816739042,false,583.4963322381927
6969,Gift,22531,22531,1.0,0.994677251568339,false,207.83449034907594
6973,Gift,56661,56661,1.0,0.9961356386027087,false,336.9447843942506
6977,Photo frames & albums,4362,4362,1.0,0.9876994405266708,false,98.4090069815195
6978,Vases,17077,17024,0.9968964103765299,0.9758412991011938,false,3990.860657905545
6985,Storage boxes,35698,28936,0.8105776233962687,0.9771662276294982,true,1204.5259170431211
6987,Store kitchen,3523,3523,1.0,0.5,true,17362.255382751544
6994,Hobby and creative,529,529,1.0,0.9863976371449269,true,318.6005585215604
7000,Hobby and creative,357,357,1.0,0.9771181752268715,true,57.21358151950717
7001,Hobby and creative,454,454,1.0,0.9551881929491808,true,243.79375195071881
7005,Kitchen tools,1041,1041,1.0,0.9836059725426681,false,37.77448090349074
7006,Drinks,3869,3839,0.9922460584130266,0.9331365645715322,false,1548.583006160166
7011,Others,3066,3066,1.0,0.9867435237233365,true,13653.78516303901
7020,Bathroom accessories,7966,7908,0.9927190559879487,0.971007024931631,false,240.23646406570847
7027,Toilet cleaners and odors,5782,5782,1.0,0.983403679796223,false,740.3847075975356
7028,Light bulbs,1793,1793,1.0,0.9911135229081007,false,73.17594455852156
7029,Cleaning products,4738,4738,1.0,0.9824300196826705,false,73.345419301848
7030,Cleaning products,5480,5277,0.9629562043795621,0.9794939304402457,false,92.8897527720739
7036,"Cloths, mops, sponges and brush",2667,2667,1.0,0.9940318032477159,false,547.1996390143735
7050,Phones,8354,8337,0.9979650466842231,0.8420139023355839,false,444.35631170431196
7055,Electric personal care,9820,8747,0.8907331975560081,0.8745714170913627,true,616.423366324435
7080,Others,29051,27988,0.9634091769646483,0.9952044171766001,false,93.23109979466118
7089,Residential odors,66,66,1.0,0.9960257792688342,true,55.289906776180686
7091,Gift,17523,17523,1.0,0.9961563054733559,false,215.2180731006161
7093,Partyfun,5855,5792,0.9892399658411614,0.9967228339178819,false,36.825246406570855
7096,Others,8249,8249,1.0,0.982793290629934,true,493.57182258727033
7103,Vases,15130,15130,1.0,0.9882330738962785,false,132.4850702258727
7115,Window and squeegees,1697,1697,1.0,0.9826685553735698,true,55.732758110882955
7133,Games,138,138,1.0,0.9496372109140826,true,24.260163039014376
7134,Tableware,3004,3004,1.0,0.9870496391509758,true,2005.4793018480498
7135,"Cloths, mops, sponges and brush",21985,21205,0.9645212644985217,0.9979104484420975,false,102.20230554414788
7136,"Cloths, mops, sponges and brush",12591,12591,1.0,0.9990338180449828,false,52.606558110882986
7141,Laundry baskets,26948,16159,0.5996363366483598,0.9406674932288267,false,650.0803121149895
7142,Baskets,8946,8946,1.0,0.9965072355760127,false,68.6725067761807
7143,Baskets,12453,12442,0.999116678711957,0.9866799672222176,false,112.46222997946616
7144,Personal care,89392,51749,0.5788996778235189,0.9975945542967639,false,227.79268336755646
7145,Storage boxes,6963,6781,0.9738618411604194,0.9430212449181372,false,129.95054414784394
7146,Storage boxes,6513,6492,0.9967756794104099,0.9803425733403249,false,63.40713552361398
7148,Wash treatment and accessories,3033,3032,0.9996702934388394,0.9894365057145093,false,31.869404517453795
7149,Wash treatment and accessories,1917,1917,1.0,0.9780194820135053,false,37.84456139630389
7158,Cleaning products,18242,16676,0.9141541497642802,0.9957666771509281,false,61.94173798767965
7161,Bathroom accessories,24507,24507,1.0,0.9979280481720955,false,629.4219264887064
7162,Measuring and weighing,12537,12157,0.969689718433437,0.9949268930869698,false,128.83082587268976
7163,Shoe maintenance,16679,16679,1.0,0.9939101106605677,false,289.9780271047226
7168,Electric personal care,6733,6458,0.9591563938808851,0.9215929390433923,false,107.4756024640657
7177,Moisture treatment and climate,38435,35286,0.9180694679328737,0.9628064496595632,false,645.066889117043
7195,Candles & Tealights,210,210,1.0,0.9900251710706405,true,71.42018069815205
7196,Candles & Tealights,129,129,1.0,0.9945168137110532,true,177.3211367556465
7216,Photo frames & albums,13263,13263,1.0,0.9944037545943493,false,119.11093634496919
7225,Storage boxes,27545,27545,1.0,0.9778117796378525,true,661.5561149897331
7228,Kitchen helpers,2376,2376,1.0,0.9388210916023423,true,162.9473942505132
7230,Construction,1465,1431,0.9767918088737202,0.9441804449900759,false,143.98437987679685
7236,Boys toys,18,18,1.0,0.9334053868827348,true,271.50549568788506
7239,"Cloths, mops, sponges and brush",13469,12889,0.956938154280199,0.9971806760055109,false,97.37916468172479
7240,Hobby and creative,226,226,1.0,0.9644226752728862,true,74.80805420944559
7242,Batteries,6646,6646,1.0,0.9971778776343005,false,35.55483983572894
7244,Cleaning products,2,2,1.0,0.9397190206919491,true,37.53396837782336
0,total,20416787,17774928,0.8706035871364088,0.959295809718883,false,1513281.742974538
