article_id,article_name,total_demand,demand_satisfied_from_stock,achieved_fill_rate,target_fill_rate,slow_mover,holding_cost
1111,Puzzles,92,92,1.0,0.9996819644206445,true,253.50606652977427
1126,Table paper,3940,3940,1.0,0.9999470222930473,false,992.7032377823407
1127,Table paper,16478,16478,1.0,0.999987705518681,false,103.44488747433265
1129,Kitchen tools,5969,5969,1.0,0.9998779876743499,false,294.6300747433265
1131,Bicycle accessories,5319,5319,1.0,0.9999610931605866,false,189.13830677618077
1134,Ironing boards,4323,4323,1.0,0.9983902112476584,false,1098.4807063655026
1135,"Cloths, mops, sponges and brush",9812,9812,1.0,0.9999879433946212,false,116.70464394250511
1136,Kitchen textile,9291,9291,1.0,0.9999762516984488,false,1230.0739650924015
1137,Table textiles,2134,2134,1.0,0.9998622458284674,false,163.80380041067758
1138,Table textiles,1839,1839,1.0,0.9998943999850185,false,130.6572566735112
1139,Table textiles,1671,1671,1.0,0.9998836148413432,false,143.21414414784394
1141,Bath textiles and bath mats,40275,40275,1.0,0.9999945970292888,false,1079.888030800821
1151,Outdoor toys,1211,1211,1.0,0.9998857674552821,true,653.4135568788499
1162,Light bulbs,3278,3278,1.0,0.9999677287132639,false,78.43493963039015
1164,Batteries,72564,68345,0.9418582217077338,0.9999762393116558,false,486.0581462012319
1166,Batteries,23330,23330,1.0,0.9999790256863503,false,167.61990431211487
1167,Batteries,59284,59284,1.0,0.9999522615400565,false,654.3046381930184
1170,Tableware,2968,2910,0.9804582210242587,0.9999111615226155,false,129.35575687885012
1171,Stairs,9932,6239,0.628171566653242,0.9995081138575153,false,634.9851843942507
1172,"Cloths, mops, sponges and brush",22256,20392,0.9162473040977714,0.9999478652958231,false,529.362233264887
1173,Racks and pockets,14647,13268,0.9058510275141667,0.9999733285342625,false,793.1209195071867
1174,Store kitchen,3367,3367,1.0,0.9996577411063775,false,1089.7801232032862
1178,Baskets,7854,7823,0.9960529666412019,0.9999236864701836,false,140.97452648870637
1180,Construction,744,744,1.0,0.9996204886876131,true,752.3682965092402
1182,Laundry baskets,15616,10955,0.7015240778688525,0.9997185946488625,false,547.6258427104723
1183,Baskets,6644,6644,1.0,0.9999482469524142,false,87.58778891170434
1184,Baskets,7237,7237,1.0,0.9999721607330999,false,344.2476156057495
1186,Cleaning products,612,612,1.0,0.9999511046219138,true,105.07227104722789
1187,Suitcases,691,680,0.984081041968162,0.9993589461172573,false,206.8186164271048
1188,Cleaning products,6544,6544,1.0,0.9999175697568755,false,219.7754784394251
1189,Wash treatment and accessories,308,308,1.0,0.999914257316047,false,1187.1553581108833
1191,Cleaning products,39534,32890,0.8319421257651641,0.9999462484857262,false,272.01908583162214
1201,Electric personal care,10934,10934,1.0,0.9999368345346934,false,115.62213059548249
1202,Kitchen appliances,308,308,1.0,0.999088437854674,false,2728.730231622174
1205,Kitchen tools,32617,32617,1.0,0.9999910983881449,false,267.46311498973284
1209,Cooking pans,13941,10246,0.7349544509002224,0.9996237128801767,false,671.1891154004104
1218,Personal care,7639,7639,1.0,0.9999751993146871,false,66.49460698151947
1243,Photo frames & albums,17610,17610,1.0,0.9999823749772822,false,134.7620394250513
1245,Clocks,11810,11810,1.0,0.9999552835868577,false,943.7945770020534
1248,Coffee makers and kettles,22220,22220,1.0,0.9992176012322503,false,13125.061571252569
1253,Frying pans,5926,5926,1.0,0.9998629388314587,false,336.6208266940449
1262,Construction,274,274,1.0,0.9998801169978723,true,167.62657084188896
1272,Hobby and creative,16598,16391,0.9875286179057717,0.9998926024324718,false,398.0644722792605
1282,Table paper,17848,17848,1.0,0.9999568993481955,false,1739.6581999999999
1283,Measuring and weighing,17922,10436,0.5823010824684745,0.9999568395101706,false,211.46465010266942
1284,Ironing boards,5848,5803,0.9923050615595075,0.9986693553441305,false,467.77357700205357
1286,Ironing boards,16453,16453,1.0,0.999959448665675,false,1281.7742833675557
1288,Drying racks,4537,4537,1.0,0.9995435610805705,false,12605.006727720744
1289,Bicycle accessories,5244,5244,1.0,0.9998770581142016,false,401.9998952772075
1290,Window and squeegees,50817,30965,0.6093433299879961,0.999942319224193,false,2907.153769199179
1293,Table textiles,904,904,1.0,0.999853032490074,false,146.97861190965085
1294,Bed textile,3886,2806,0.7220792588780237,0.9997266137256733,false,2560.117066119096
1296,Bath textiles and bath mats,26880,26880,1.0,0.9999357847100269,false,4988.273147843945
1304,Tableware,5563,5563,1.0,0.9999049231342453,true,1021.6157618069814
1307,Suitcases,491,491,1.0,0.9988277627589244,false,349.7699285420947
1314,Dishwashing articles,284,284,1.0,0.9998991313378848,false,6211.359399589331
1316,Cutlery,2105,2105,1.0,0.9999865927609419,false,21.89532156057494
1318,Foods,634,634,1.0,0.9999730539338153,false,100.07045051334701
1321,Vases,434,434,1.0,0.9999409503824324,false,74.6706702258727
1322,"Glasses (drink, beer, wine etc)",417,417,1.0,0.9999749359859746,false,69.84700616016421
1327,Tableware,4841,4841,1.0,0.9999567266673162,false,92.67705913757705
1330,Cutlery,2487,2487,1.0,0.9999081386637827,false,108.71745708418891
1333,Cutlery,418,418,1.0,0.9998880857283201,true,39.00841848049278
1334,Hobby and creative,1836,1836,1.0,0.9999613137350751,true,35.764491991786436
1337,Hobby and creative,6390,6390,1.0,0.999918784738695,false,118.95743655030788
1340,Games,5073,5073,1.0,0.9997591357973561,true,691.3227971252567
1347,Stuffed animals,3581,3581,1.0,0.9999185746499405,false,62.755356468172465
1352,Hobby and creative,252,252,1.0,0.9996587040289557,true,1613.4325728952776
1356,"Glasses (drink, beer, wine etc)",8720,8714,0.9993119266055046,0.9999207782633146,false,244.0265831622176
1357,"Glasses (drink, beer, wine etc)",1325,1325,1.0,0.9999653242566265,false,118.4333420944559
1361,Light bulbs,1538,1538,1.0,0.9999581283319556,false,82.7247466119097
1362,Batteries,114318,114266,0.9995451285011984,0.9999789459529619,false,493.2762874743325
1368,"Glasses (drink, beer, wine etc)",5144,5144,1.0,0.9999736898578838,false,52.82111457905545
1369,"Glasses (drink, beer, wine etc)",1827,1827,1.0,0.9999395431869165,true,134.6244283367558
1373,Wash treatment and accessories,8522,8424,0.9885003520300399,0.9999756597081477,false,45.43851498973307
1378,Drink & food To Go,7829,7656,0.9779026695618853,0.9999114179510049,false,173.82241889117054
1379,Window and squeegees,74989,66464,0.8863166597767672,0.9999880212579816,false,163.83014743326484
1380,Window and squeegees,115118,92034,0.7994753209749995,0.9999082853613818,false,1929.2363655030804
1382,Others,3977,3977,1.0,0.9999515906234572,false,475.2909848049284
1383,Table textiles,36285,36285,1.0,0.9999804116538936,false,1041.722297330595
1384,Baskets,2516,2516,1.0,0.9997045803235831,false,260.84032731006147
1389,Tea and coffee,2698,2698,1.0,0.9998154782800126,true,105.77674989733062
1393,Kitchen helpers,9099,8945,0.9830750631937576,0.9999412996037348,false,212.53845585215615
1397,Tableware,8845,8845,1.0,0.9999860389349987,false,531.9877190965088
1399,Store kitchen,40,40,1.0,0.9991886649465438,true,1519.0260911704277
1403,Mugs and cups,25804,4192,0.1624554332661603,0.9999654627880551,false,4192.759099383982
1433,Puzzles,9388,4599,0.48988069876438006,0.9992827225600323,true,4480.782559753594
1438,Measuring and weighing,45133,12465,0.27618372366117916,0.9999798293802662,false,1434.1354151950718
1440,"TV, Audio & Video",13952,13952,1.0,0.9995253241357218,true,809.5296468172484
1444,Planks,19061,19061,1.0,0.9999244229553734,false,8433.419431622173
1445,Kitchen tools,8382,8382,1.0,0.9999358869072102,false,448.4555490759754
1446,Cutlery trays,45371,45371,1.0,0.999916648048632,false,579.8270759753595
1448,Store kitchen,9369,9369,1.0,0.9999451876281865,false,227.54292566735103
1449,Drying racks,2043,2043,1.0,0.9997497134820523,true,502.39463696098557
1451,Foils and bags,165,165,1.0,0.9999003146133815,true,2045.3524804928124
1453,Bathroom accessories,35159,35159,1.0,0.999979564188939,false,2628.4605297741273
1456,Baskets,2884,2884,1.0,0.9999521025822947,false,280.8648377823408
1458,Baskets,8054,8054,1.0,0.9999877465032333,false,198.65350308008217
1460,Baskets,10458,10458,1.0,0.999974546877042,false,76.13616837782338
1461,Baskets,12061,12061,1.0,0.9999679421191948,false,110.32632443531826
1462,Storage boxes,6753,6753,1.0,0.9998524645543267,false,264.0168496919918
1463,Bed textile,734,734,1.0,0.9997929300937403,true,1618.3897429158098
1466,Cleaning products,6666,6611,0.9917491749174917,0.9999084614958844,false,161.34811991786435
1468,Cleaning products,5087,5087,1.0,0.999872157649284,false,227.82585215605738
1469,Cleaning products,84368,46035,0.5456452683481889,0.9995778165840559,true,22934.939537166327
1470,Cleaning products,7796,7796,1.0,0.9999922886034779,false,51.84944558521562
1471,Window and squeegees,10616,9202,0.8668048229088169,0.998960050003573,false,2067.187967145791
1474,Ironing,6607,3540,0.5357953685485092,0.9951174064599138,false,4921.849394661189
1477,Frying pans,1118,510,0.4561717352415027,0.9989210967776745,false,298.44567268993814
1490,Easter,22451,15021,0.6690570575920894,0.9998097712921415,false,1357.1757622176594
1508,Teletoys,946,946,1.0,0.9998368062296797,false,318.1803227926075
1512,Hobby and creative,304,304,1.0,0.999802155472203,true,158.35558398357293
1514,Tableware,2077,2077,1.0,0.9999591062952828,false,104.45766242299793
1527,Wash treatment and accessories,8366,5586,0.6677026057853216,0.9997593639043635,false,402.2583806981519
1531,Drink & food To Go,1940,1940,1.0,0.9998289926364264,false,543.4523075975358
1533,"Cloths, mops, sponges and brush",12046,12046,1.0,0.9999533089811954,false,376.5686997946609
1537,Cutlery,3376,3376,1.0,0.9993437434772081,false,350.7511560574948
1538,Drying racks,26,26,1.0,0.9997840867724045,false,2423.9181437371644
1540,Bicycle accessories,1653,1653,1.0,0.9991982942596459,true,5758.12352320329
1545,Table textiles,759,759,1.0,0.9997553029074722,true,724.5604529774124
1548,Ironing board textiles,33710,33453,0.992376149510531,0.9999348083476293,false,1083.1266303901439
1559,Tea and coffee,17942,17752,0.9894103221491473,0.9999666108016185,false,197.02234496919914
1561,Tea and coffee,502,502,1.0,0.9999805130893327,false,182.5796776180698
1564,Tableware,6517,6517,1.0,0.9999732775788385,false,273.0643195071868
1570,Kitchen tools,523,523,1.0,0.9997530706140412,false,247.13800410677624
1571,Tableware,3657,3657,1.0,0.9999821819203256,false,39.86116221765912
1575,"Cloths, mops, sponges and brush",2108,2108,1.0,0.9999574876364633,false,195.61981232032852
1582,Light bulbs,7425,7425,1.0,0.9999872550965332,false,80.62870800821355
1584,Light bulbs,845,845,1.0,0.9999359071575433,false,100.77557905544153
1585,Boys toys,1697,1697,1.0,0.9997619927055855,false,407.7793827515403
1589,Planks,346,346,1.0,0.9999493810097472,false,153.24082053388088
1593,Puzzles,510,510,1.0,0.9996931551699376,false,309.1287967145792
1597,Hobby and creative,3078,3078,1.0,0.9999562626358821,false,60.34526652977416
1605,Puzzles,4065,4065,1.0,0.9999291796273267,false,40.792952772073896
1606,Games,5212,5114,0.9811972371450499,0.9999119600632319,false,65.05698809034908
1607,Hobby and creative,3304,3304,1.0,0.9999030744572711,false,58.79780082135522
1612,Foodprep,20935,20935,1.0,0.9996441118175929,false,23655.180662423
1617,"Glasses (drink, beer, wine etc)",1191,1191,1.0,0.9999771757528418,false,113.72739014373715
1618,"Glasses (drink, beer, wine etc)",13542,13089,0.9665485157288436,0.9999543124895641,false,192.13519507186862
1619,Residential odors,233,233,1.0,0.9999657942214188,false,46.91654702258727
1621,Waste bins,2342,917,0.3915456874466268,0.9995511082597534,true,136.24791950718685
1623,Kitchen helpers,15885,15885,1.0,0.9999642152668529,false,2044.6237618069813
1624,Cutlery,24225,21110,0.8714138286893705,0.9999681248896448,false,1442.8976098562628
1626,Drying racks,13613,13613,1.0,0.9996573794208614,false,1057.109228747433
1631,Tea and coffee,22966,4463,0.19433074980405818,0.999977396816922,false,848.1814447638602
1636,Tableware,195,195,1.0,0.9993756796856039,true,420.54467186858346
1637,Tea and coffee,12599,12599,1.0,0.9999365672088171,false,2543.848795893224
1643,Light bulbs,9442,9442,1.0,0.9999856763386161,false,95.97043121149895
1646,Tea and coffee,63365,43382,0.6846366290538941,0.9999780618863567,false,518.579125667351
1650,Hobby and creative,11074,11074,1.0,0.9999076313501651,false,273.9626796714578
1661,Coffee makers and kettles,2701,1085,0.40170307293594965,0.9980343499385449,true,2493.4772501026673
1662,Batteries,19629,19629,1.0,0.9999598480858657,false,194.41616016427102
1663,Hobby and creative,389,389,1.0,0.9999155537416962,true,83.2510028747433
1665,Bakeware,25086,24261,0.967113130829945,0.9999146608564006,false,662.3685893223821
1666,Electric personal care,74624,74443,0.9975745068610634,0.999669600522669,false,4622.94347556468
1668,"Cloths, mops, sponges and brush",132035,101104,0.7657363577839209,0.9999640148342542,false,3619.426517043119
1669,Store kitchen,8023,8023,1.0,0.9999161435364315,false,278.1823457905543
1670,Bathroom accessories,3440,3440,1.0,0.999862198945304,true,760.0993063655043
1672,Watering cans,78661,75824,0.9639338426920583,0.9999755106749207,false,1500.4613149897332
1675,Baskets,14826,14826,1.0,0.9999797968326105,false,108.42136139630384
1678,Wash treatment and accessories,3277,3277,1.0,0.9999355263133145,false,54.09503696098565
1679,Cleaning products,6798,6760,0.9944101206237128,0.999866330986209,false,204.42244599589316
1680,Cleaning products,93767,78382,0.8359230859470816,0.9999589656527331,false,423.4357322381929
1681,Cleaning products,9638,9613,0.997406100850799,0.9999641966627117,false,170.5601112936344
1688,Personal care,158518,93794,0.5916930569399059,0.9999838978869988,false,398.6787733059546
1689,Personal care,174664,129208,0.7397517519351441,0.9999728917301564,false,602.8420698151947
1693,Coffee makers and kettles,11342,10425,0.9191500617175101,0.9996696050746587,false,905.7770767967145
1694,Electric personal care,71697,46171,0.6439739459112654,0.9997727037910941,false,11838.042657905542
1711,Small garden,7132,7132,1.0,0.9999741218191619,false,507.99129363449686
1724,Candles & Tealights,366,366,1.0,0.9999894830303975,true,344.61262751540096
1738,Partyfun,38737,38737,1.0,0.9999967012586872,false,33.058225872689924
1739,Vases,5588,5191,0.9289549033643522,0.9999295886905183,false,131.71582340862423
1753,Others,1373,1373,1.0,0.9999403315635466,false,136.0499876796714
1760,Kitchen tools,172,172,1.0,0.9996544661633575,true,408.33937987679667
1762,Teletoys,337,337,1.0,0.9998694616227382,false,61.73407515400409
1763,Hobby and creative,16,16,1.0,0.9998586250789129,true,113.78779137576979
1764,Hobby and creative,235,235,1.0,0.9999244796028585,true,9093.172519096503
1766,Puzzles,37,37,1.0,0.9998567608471272,true,117.5948254620123
1771,Cleaning products,7304,6406,0.877053669222344,0.9997162190842469,false,360.0489958932239
1772,Window and squeegees,22402,21102,0.9419694670118739,0.9998439725815614,false,723.7162012320325
1773,Cleaning products,2604,2604,1.0,0.9999679573229977,false,164.64834825462012
1774,"Cloths, mops, sponges and brush",6943,6943,1.0,0.9998913672846848,false,253.34508377823406
1783,Personal care,261084,257480,0.9861960135435339,0.9999904012223804,false,383.74816139630366
1784,Cutlery,4160,4160,1.0,0.9998509025966626,false,147.4360410677618
1786,Racks and pockets,26438,26438,1.0,0.9997261565614889,false,7835.173607802872
1787,Stairs,9565,9148,0.9564035546262415,0.9994595955578581,false,933.6499125256672
1795,"Cloths, mops, sponges and brush",2776,2776,1.0,0.9999872170383095,false,72.17734209445587
1797,Kitchen textile,4896,4896,1.0,0.9999569507820811,false,131.79410266940442
1799,Bath textiles and bath mats,69817,69817,1.0,0.9999630220225348,false,6925.849158110883
1806,Mugs and cups,54526,54526,1.0,0.999957629475578,false,14018.397523613958
1813,Tea and coffee,17580,16364,0.930830489192264,0.9999749573183753,false,249.58920862423008
1815,Light bulbs,1805,1805,1.0,0.9999749908342817,false,52.44727720739221
1821,"Glasses (drink, beer, wine etc)",24,24,1.0,0.9997162896651496,true,131.89654989733046
1823,Drinks,467,467,1.0,0.9999225535531222,false,176.39962628336755
1826,"Cloths, mops, sponges and brush",691,691,1.0,0.9999904330503644,false,340.38939958932224
1828,Foods,79,79,1.0,0.9999844127567713,false,71.41480205338809
1829,"Glasses (drink, beer, wine etc)",1635,1635,1.0,0.9999642194584366,false,45.144497741273085
1831,Bakeware,417,417,1.0,0.9996460805182943,true,127.9635646817248
1832,Tableware,5985,5985,1.0,0.9999115072118113,false,274.6171983572893
1833,Special pans,482,482,1.0,0.998206598453065,true,325.8736275154004
1850,Girls toys,833,833,1.0,0.9997847415580798,true,80.17239137577006
1862,Coffee makers and kettles,210,210,1.0,0.999842467019618,false,121204.16388090358
1868,Small storage,26244,26244,1.0,0.9999901980323848,false,130.37508336755644
1872,Toilet accessories,11682,10979,0.9398219482965245,0.9999318286425651,false,421.65442053388074
1874,Serve and present,619,619,1.0,0.9999272551021863,false,36.94641683778234
1876,Bathroom accessories,635,635,1.0,0.9999490109419442,false,31.18364024640653
1878,Bathroom accessories,1466,1466,1.0,0.9999459118775045,false,44.33464804928134
1879,Travel accessories,565,565,1.0,0.9999590592582493,false,52.22781930184806
1880,Laundry baskets,20385,15073,0.7394162374294825,0.9996240188567671,false,1122.6014414784395
1882,Baskets,17633,17633,1.0,0.9999672745986365,false,190.9649359342916
1883,Baskets,10058,10058,1.0,0.9999797588529521,false,59.486057494866536
1884,Storage boxes,28789,28789,1.0,0.9996512978885398,false,1552.6700143737157
1886,Personal care,58240,56991,0.9785542582417582,0.9999901020437929,false,127.2684
1887,Foods,976,976,1.0,0.9999835286241476,false,52.05145379876796
1889,Tools,4587,3162,0.6893394375408763,0.9998692764836727,false,170.18140123203284
1891,Toilet cleaners and odors,5007,5007,1.0,0.9999736635300867,false,55.77639671457903
1892,Wash treatment and accessories,11153,11153,1.0,0.9998920749549669,false,351.6643441478438
1893,Cleaning products,5100,5100,1.0,0.9998891744145876,false,170.62588829568782
1894,Cleaning products,3566,3566,1.0,0.9997573153251503,false,231.18106570841894
1898,Cleaning products,24615,22774,0.9252082063782247,0.9999587914854772,false,181.72498480492794
1903,Residential odors,5082,5082,1.0,0.999949171242053,false,74.29244599589323
1904,Dishwashing articles,47415,43459,0.9165664873985025,0.9999838233901238,false,447.45652977412726
1905,Stationary,75818,75818,1.0,0.9999949357451442,false,300.71725174537994
1906,Drink & food To Go,15968,15968,1.0,0.9999822985253899,false,177.11467843942495
1908,Drink & food To Go,9567,7711,0.8059997909480506,0.99992057367493,false,504.70965338809043
1917,Frying pans,23580,17388,0.7374045801526717,0.999794306371473,false,1331.553669404516
1944,Candles & Tealights,14263,14263,1.0,0.9999102457161165,false,1523.5467285420943
1945,Candles & Tealights,217,217,1.0,0.9999835262720258,true,137.235431211499
1947,Candles & Tealights,15118,15118,1.0,0.999945214026089,true,435.46476796714614
1948,Candles & Tealights,16364,16038,0.9800782204839893,0.999956169005671,false,194.25947227926076
1965,Residential odors,15343,11996,0.7818549175519781,0.9999678390359943,false,57.05584147843946
1970,Photo frames & albums,2322,2322,1.0,0.9999629231215096,false,64.73773634496918
1981,Foodprep,1007,1007,1.0,0.9981789920283538,true,2664.043910061601
1982,Drink & food To Go,17276,8959,0.5185806899745311,0.9998261850862377,true,948.3059548254618
1997,"Glasses (drink, beer, wine etc)",2163,1585,0.7327785483125289,0.9999646730302414,false,9.031440246406568
2004,Knives,215,215,1.0,0.9991785610600316,true,435.86219548254587
2006,Fans and electric blankets,778,778,1.0,0.9998136591686244,false,370.3187117043122
2007,Table textiles,296,296,1.0,0.9999173712828234,true,173.24195071868593
2009,Hobby and creative,414,414,1.0,0.9997548386420559,false,73.28994537987678
2011,Boys toys,9799,9799,1.0,0.9999659568817334,false,76.50700739219715
2014,"Glasses (drink, beer, wine etc)",2430,2430,1.0,0.9999851857831094,false,76.19711293634494
2019,Shoe maintenance,1403,1403,1.0,0.9991381885748611,false,359.2084468172485
2021,Baskets,4366,4366,1.0,0.999935384051159,false,78.60694989733058
2023,Vacuuming,140,140,1.0,0.9998624697300686,false,37981.98821930187
2024,Toilet accessories,15767,15186,0.9631508847593074,0.9997697397472644,false,648.3338250513341
2025,Knives,62750,59517,0.9484780876494023,0.9999855976564157,false,1432.1149334702257
2030,Ironing board textiles,18520,18520,1.0,0.999944936246529,false,609.8119999999996
2035,Bed textile,660,660,1.0,0.9995273776720565,true,5408.880739219711
2045,Shopping bags and trolleys,6342,6342,1.0,0.9999795892400937,false,83.04118398357289
2049,Hobby and creative,10656,10656,1.0,0.9998557175578662,false,321.2978496919919
2050,Boys toys,2569,2569,1.0,0.9999707443307516,false,39.54620533880906
2055,Hobby and creative,5984,5984,1.0,0.9999525640102782,false,66.83008952772074
2062,Hobby and creative,2094,2094,1.0,0.9997295683862317,false,261.5439063655033
2069,Hobby and creative,2593,2593,1.0,0.9998978080445938,false,59.19795646817248
2072,Foodprep,3883,3883,1.0,0.9993725446610406,false,571.0324743326488
2077,Small storage,41641,41641,1.0,0.9999912973599056,false,217.49281724846003
2078,Racks and pockets,23620,23620,1.0,0.9999470736083191,false,372.05786817248435
2082,Waste bins,5133,5133,1.0,0.9998302856095859,false,138.33622792607798
2085,"Cloths, mops, sponges and brush",13906,13906,1.0,0.9999571667630822,false,309.78753839835736
2086,Cutlery,2392,2392,1.0,0.999980389983179,false,73.44621355236143
2087,Cleaning products,11109,11094,0.9986497434512558,0.9999683309284437,false,128.4611942505134
2088,Cleaning products,3531,3531,1.0,0.9999494895982004,false,64.87630759753594
2092,Cleaning products,2657,2657,1.0,0.9999769965585809,false,15.197100616016426
2093,Cleaning products,4446,4446,1.0,0.9998754785218087,false,97.40725092402462
2094,Wash treatment and accessories,22885,22885,1.0,0.9998292864639988,false,3918.958606981518
2097,Shoe maintenance,6599,6599,1.0,0.999168242984411,false,1638.9458537987668
2099,Store kitchen,2182,1763,0.807974335472044,0.9997530002785621,true,798.9049002053383
2101,Coffee makers and kettles,13360,12558,0.9399700598802395,0.9997520647358646,false,691.1131449691994
2102,Electric personal care,44172,37357,0.845716743638504,0.99975113972786,false,2772.7033691991796
2103,Coffee makers and kettles,1880,1880,1.0,0.99983258634653,true,149.5253039014374
2109,Pan sets,3333,3333,1.0,0.999211086821941,false,798.2555876796716
2114,Construction,382,382,1.0,0.9998863962106777,false,108.41138316221763
2135,Watering cans,6662,6662,1.0,0.9999622715521989,false,148.3640168377823
2152,Tableware,1109,603,0.5437330928764653,0.9998197896428213,true,2021.7607786447643
2153,Teletoys,446,446,1.0,0.9997708753267334,false,482.2514082135523
2159,Phones,35,35,1.0,0.9998177411785124,true,7.260083778234086
2161,Boys toys,830,830,1.0,0.9998124188190833,false,107.76288131416841
2163,Boys toys,1938,1938,1.0,0.9998206038226917,true,106.17790882956882
2164,Foods,794,794,1.0,0.9999857112883178,false,27.546963449691994
2165,Games,404,370,0.9158415841584159,0.9990586599911175,false,3069.157853798769
2167,Games,1476,1476,1.0,0.9993827445231371,true,682.4701170431205
2170,"Glasses (drink, beer, wine etc)",895,895,1.0,0.9999183146884374,false,175.82872813141682
2179,Window and squeegees,7822,7105,0.908335464075684,0.9994616563113644,false,696.6156221765907
2182,Cleaning products,49145,47046,0.9572896530674535,0.9998996870933261,false,340.0104825462014
2183,"Cloths, mops, sponges and brush",8299,8299,1.0,0.9999729169250199,false,90.04971334702253
2185,Special pans,23039,23039,1.0,0.9999658186249997,false,2463.5008755646822
2188,Cutlery,4779,4779,1.0,0.9999225614048072,false,258.81164681724846
2189,Toilet accessories,12701,12477,0.9823635934178411,0.9998302765043298,false,407.2234562628336
2190,Window and squeegees,56073,56073,1.0,0.999957888548546,false,533.2975728952772
2192,Clothes hangers,51913,51913,1.0,0.9999756686164308,false,7683.943793839835
2194,Wash treatment and accessories,24294,24294,1.0,0.999965939572622,false,2961.349954004107
2195,Table textiles,885,885,1.0,0.9998199547472442,false,173.63248459958928
2196,Table textiles,3060,3060,1.0,0.9999010354547991,false,143.12475400410688
2200,Bath textiles and bath mats,14253,13684,0.9600785799480811,0.9999795764489507,false,749.8685519507186
2202,Bed textile,2926,2926,1.0,0.9998110081350519,false,3193.8615601642705
2212,Thermos jugs,1159,1159,1.0,0.9997948675505219,false,286.3643942505133
2218,Tableware,1039,1039,1.0,0.9998480262190905,false,64.83362053388089
2219,Thermos jugs,1998,1875,0.9384384384384384,0.9995129967243396,false,288.10500246406576
2221,Planks,2424,2365,0.9756600660066007,0.9999288450448872,false,97.23628418891174
2223,Cutlery,1504,1504,1.0,0.9998809188965132,false,290.5811252566734
2224,Personal care,121,121,1.0,0.9998871100058395,false,343.2570825462019
2225,Personal care,167,167,1.0,0.9999925537959878,false,4.051505133470233
2228,Tableware,7343,7343,1.0,0.9999670071431224,false,291.96872936344965
2230,"Cloths, mops, sponges and brush",775,775,1.0,0.9999883834040779,true,334.1614464065709
2232,"Cloths, mops, sponges and brush",380,380,1.0,0.9999896464403928,false,310.50623572895284
2246,Baby / Toddler,479,479,1.0,0.9998748450014858,false,72.98691868583163
2256,Baby / Toddler,1235,1235,1.0,0.9997626001789982,true,278.7910985626281
2264,Personal care,6516,5713,0.8767648864333947,0.9999860494607734,false,64.94073347022585
2265,Drink & food To Go,13824,13501,0.9766348379629629,0.9999710366131808,false,214.55942915811102
2269,Baskets,4362,4362,1.0,0.999837605934154,false,188.98009240246418
2270,Euro articles,1960,1960,1.0,0.9999786361194523,false,47.287084188911706
2271,"Cloths, mops, sponges and brush",69775,61160,0.8765317090648513,0.9999776885203466,false,904.1926016427103
2273,Tea and coffee,3785,3785,1.0,0.9998497407099697,true,235.31176427104714
2282,"Cloths, mops, sponges and brush",1592,1592,1.0,0.9999952605315364,false,140.904946201232
2283,Ironing board textiles,50860,50860,1.0,0.9999561935534638,false,1203.7807404517464
2288,Bed textile,12367,12367,1.0,0.9999213169929994,false,5220.305749897329
2291,Mugs and cups,29430,3741,0.1271151885830785,0.9999611852178008,false,6658.418513347022
2330,Store kitchen,3359,3359,1.0,0.9999836106568938,false,16.467817659137587
2336,Vacuuming,12394,12394,1.0,0.999923485063178,false,1651.3307913757706
2337,Light bulbs,4048,4048,1.0,0.9999669532047752,false,110.71259507186862
2341,Store kitchen,338,338,1.0,0.9999064507349498,true,326.2056804928133
2342,Drink & food To Go,19763,18803,0.9514243788898447,0.9999203276723536,false,492.4224887063655
2344,"Cloths, mops, sponges and brush",46435,33875,0.7295143749327017,0.9999603606845424,false,1030.931482546201
2345,Kitchen tools,8390,8169,0.9736591179976162,0.9998646376474775,false,270.79575030800817
2350,Baskets,11259,11259,1.0,0.9999660445348026,false,158.19610759753596
2353,Cleaning products,12814,12814,1.0,0.9999122808110092,false,267.70855770020535
2354,Cleaning products,6489,6489,1.0,0.9998925685614674,false,151.8456960985627
2355,Suitcases,367,367,1.0,0.9988931810655065,false,254.6257905544148
2356,Cleaning products,4859,4859,1.0,0.9999794686610045,false,32.82993100616015
2359,Foods,466,466,1.0,0.9999838573869294,false,68.0928550308008
2361,Cleaning products,34,34,1.0,0.9999802575119916,false,87.62459137576994
2363,Residential odors,7433,7433,1.0,0.9999762580869945,false,226.18918891170438
2364,Personal care,67167,67167,1.0,0.9999824919760526,false,151.88664394250506
2369,Window and squeegees,1748,1103,0.6310068649885584,0.9995362023516904,false,980.0702845995894
2370,Ironing,18545,14368,0.7747640873550823,0.9996708192950946,false,2187.0310862422994
2379,Pan sets,5909,5873,0.9939075985784397,0.9989861993980785,false,1574.6735901437373
2391,Foods,638,638,1.0,0.9999626785594034,false,98.8720390143737
2394,Residential odors,10216,10216,1.0,0.9999872658302195,false,35.75864476386035
2402,Baby / Toddler,86,86,1.0,0.9995305469920632,true,398.2644106776178
2406,Partyfun,2088,2088,1.0,0.999992734309544,false,55.09945790554418
2408,Construction,324,324,1.0,0.9999063687080475,false,41.06889938398353
2410,Construction,446,446,1.0,0.9998213147744731,false,143.14766570841894
2412,Electric personal care,242,242,1.0,0.9971667162394088,true,552.3163572895272
2415,Batteries,1114,1114,1.0,0.9999025707792164,false,44.44692977412732
2416,Construction,379,379,1.0,0.999644575707901,true,431.10155728952753
2421,Ironing,1645,852,0.5179331306990882,0.9992148441075238,false,355.9372591375769
2423,Store kitchen,13821,13821,1.0,0.9999857103051595,false,55.0954620123203
2430,Baskets,3902,3902,1.0,0.9998128799698097,false,185.2382057494866
2435,Vacuuming,258,258,1.0,0.999944698812997,false,6859.868080903488
2436,Bakeware,53806,53679,0.9976396684384641,0.9999806860663728,false,467.26790965092397
2437,Knives,56854,33055,0.5814014845041686,0.9999894169045745,false,787.132737166324
2441,Window and squeegees,28572,27912,0.9769004619907602,0.9999724121822666,false,459.1715745379876
2443,Drying racks,20986,15756,0.7507862384446774,0.9992241421880729,false,16998.600705544148
2445,Partyfun,45597,45597,1.0,0.9999621461003649,false,332.96254620123193
2449,Tableware,42050,42050,1.0,0.9999723344883559,false,2343.745763860368
2451,Mugs and cups,14992,5851,0.39027481323372465,0.9999750464800733,false,1104.8128344969195
2454,Tableware,11828,4573,0.38662495772742644,0.9999532351324191,false,923.8472648870635
2463,Tableware,995,444,0.4462311557788945,0.9981523228663326,false,842.7265848049291
2465,Tableware,7123,5671,0.7961533061912116,0.9999193702723359,false,153.56087433264884
2471,Vases,270,270,1.0,0.9999487109991679,false,56.176911704312154
2474,Tableware,2818,2818,1.0,0.9999727443867561,false,1584.993901437371
2478,Kitchen tools,935,935,1.0,0.9999605366390782,false,98.73209938398355
2486,Dishwashing articles,169,169,1.0,0.9999851353265395,false,483.49503367556474
2494,Oven dishes,1096,1096,1.0,0.9999416338906816,false,240.02411540041052
2495,Drinks,707,707,1.0,0.9999680908611596,false,124.60403901437371
2497,Table paper,1154,1154,1.0,0.9999338943383292,false,154.5068574948665
2498,Thermos jugs,1093,1077,0.9853613906678865,0.999776905951093,false,98.81297741273104
2499,Foils and bags,133,133,1.0,0.9998648450915335,true,2835.402768788503
2505,Pan sets,102,102,1.0,0.9942777509335786,true,291.98602956878875
2511,Games,3273,3273,1.0,0.9997330410052535,false,129.81942710472285
2518,Games,1849,1849,1.0,0.9985548507661552,true,1677.7444188911704
2519,"Glasses (drink, beer, wine etc)",1498,1498,1.0,0.9999758230323329,true,1968.4064681724867
2525,Table paper,7359,7240,0.9838293246364995,0.999994156273257,false,33.72464887063655
2526,Table paper,10145,10145,1.0,0.9999943492644285,false,38.73739342915811
2529,Store kitchen,5932,5754,0.9699932569116655,0.9996250256296733,false,294.2444595482546
2531,Drying racks,7029,7005,0.9965855740503627,0.999646197506747,false,652.3944344969195
2532,Ironing boards,209,209,1.0,0.9982959405047376,false,1372.6154940451747
2544,Mugs and cups,22605,9790,0.43309002433090027,0.999947857740383,false,5152.708009034907
2549,Serve and present,10114,10114,1.0,0.9999333887624888,false,173.93287227926078
2579,Coffee makers and kettles,16662,16662,1.0,0.9996327270026819,false,1080.6539889117043
2580,Vacuuming,35919,35919,1.0,0.9999298691598677,false,2252.6063100616016
2584,Store kitchen,59182,59182,1.0,0.9999518096470603,false,472.64666652977405
2585,Store kitchen,35781,35781,1.0,0.9999622470159609,false,285.6451564681724
2587,Bathroom accessories,27717,27717,1.0,0.999976610771722,false,277.2712533880904
2588,Watering cans,37586,37586,1.0,0.9999825394524514,false,136.6415926078028
2589,Bathroom accessories,4163,4163,1.0,0.999958920291508,false,57.709724845995936
2591,Tea and coffee,15093,15093,1.0,0.999843188426903,false,15518.226130595473
2592,Storage boxes,1447,1447,1.0,0.9997787837128541,false,231.30912977412714
2594,Cleaning products,4592,4592,1.0,0.999950381861131,false,73.79792402464064
2596,Cleaning products,7201,7201,1.0,0.9999134909351466,false,364.8431507186856
2597,Cleaning products,3028,2956,0.9762219286657859,0.9999738556084646,false,56.665537577002084
2599,Wash treatment and accessories,48483,43746,0.9022956500216571,0.9999548735080703,false,959.8816665297736
2600,Cleaning products,2342,2342,1.0,0.9999927545571606,false,30.608266119096513
2601,Wash treatment and accessories,4662,3661,0.7852852852852853,0.9999094421476123,false,196.38938398357286
2602,Foils and bags,15789,15789,1.0,0.9999256549467407,false,466.9415170431209
2604,Cleaning products,57483,47830,0.8320720908790425,0.9999484634322696,false,194.93668993839842
2605,Vacuuming,124528,121459,0.9753549402544006,0.9999852456590366,false,646.4046997946615
2606,Personal care,134990,86573,0.641328987332395,0.9999755118018958,false,463.0020205338811
2608,Coffee makers and kettles,9533,9533,1.0,0.9992858417252485,false,1061.020673511294
2613,Cooking pans,1807,1438,0.7957941339236303,0.9995496746072158,true,213.85769856262831
2634,Candles & Tealights,7570,7570,1.0,0.999923145220676,true,386.6103018480495
2637,Vases,1740,1740,1.0,0.9999434647809385,false,77.18704517453793
2645,Partyfun,13099,12803,0.9774028551797848,0.9999749103856799,false,87.79674537987674
2646,Photo frames & albums,12645,12645,1.0,0.9999858739289198,false,110.24467885010273
2652,Construction,345,345,1.0,0.9996763093511257,false,287.34701026694046
2654,Tableware,3460,2508,0.7248554913294798,0.9977943595109166,true,2481.524075975359
2658,Fans and electric blankets,536,536,1.0,0.9998948901297576,false,98.55231006160189
2660,Electric personal care,1660,1660,1.0,0.9997017264750757,false,210.03205913757694
2661,Phones,48,48,1.0,0.9999156619533538,true,11.08429158110884
2665,Others,1759,1759,1.0,0.9999725876830268,true,351.2056989733058
2667,Store kitchen,688,688,1.0,0.9998920336254606,true,130.15384312114995
2671,Games,10032,10032,1.0,0.9996700806416772,false,562.4911806981522
2672,Tea and coffee,13687,13648,0.9971505808431358,0.9999710690130487,false,157.21178398357296
2674,Stuffed animals,2175,2175,1.0,0.9997862761991255,false,131.50853716632446
2677,"Glasses (drink, beer, wine etc)",1833,1389,0.7577741407528642,0.9996852907425579,false,157.69347022587274
2680,Drink & food To Go,16441,16441,1.0,0.9999734741057245,false,372.6016747433264
2686,Kitchen tools,4880,4720,0.9672131147540983,0.9998765335290096,false,171.72976386036973
2688,Foils and bags,70520,70520,1.0,0.9999931111231265,false,158.64104599589322
2689,Vacuuming,150,150,1.0,0.9998628402487612,false,11995.411092402463
2690,Gift,37683,32382,0.8593264867446859,0.9999935337825451,false,302.25057659137576
2691,Toilet accessories,3832,3832,1.0,0.9998425556006174,false,216.07370020533864
2694,Bathroom accessories,8885,8885,1.0,0.9998560972039239,false,259.4125026694046
2698,Kitchen helpers,5042,5042,1.0,0.9999100804301659,false,249.55333182751542
2699,Window and squeegees,26092,26092,1.0,0.9999885676173904,false,281.59040000000005
2701,Ironing board textiles,23297,23142,0.9933467828475769,0.9999781707541493,false,298.0299388090351
2702,Table textiles,533,533,1.0,0.9998432774816556,false,111.46186817248457
2718,Bathroom accessories,1192,1192,1.0,0.9998003950663947,false,198.00897412731015
2719,Light bulbs,4294,4294,1.0,0.9999554019069014,false,215.31765995893227
2720,Cleaning products,4467,4467,1.0,0.9999873062611199,false,43.58621437371662
2730,Kitchen tools,1890,1890,1.0,0.9999045449629562,false,281.91691622176586
2732,Cutlery,2954,2954,1.0,0.9999905512259253,false,19.99492361396303
2736,Oven dishes,886,886,1.0,0.9996213519712726,true,165.9888008213551
2745,Stuffed animals,2455,1686,0.6867617107942974,0.9998168635561278,true,122.98005338809045
2748,Stuffed animals,79,79,1.0,0.9999446154617085,true,201.06271047227946
2758,Baby / Toddler,165,165,1.0,0.9998603448567078,true,286.90424804928074
2761,Kitchen helpers,1990,1990,1.0,0.9994602013005149,true,652.4814127310059
2763,Dishwashing articles,103294,61149,0.5919898542025674,0.999993842630812,false,485.4342320328542
2764,"Cloths, mops, sponges and brush",18354,18354,1.0,0.9999412485914241,false,644.4081905544143
2773,Foils and bags,18944,18944,1.0,0.9999808989952806,false,161.64214866529773
2777,Ironing board textiles,8787,8787,1.0,0.9999782487870966,false,251.13079835728954
2778,Kitchen tools,73547,73547,1.0,0.9999649683667596,false,4302.299382751537
2781,Ironing boards,9738,8679,0.8912507701786815,0.9982832865470994,false,2954.9432176591376
2783,Drying racks,10981,10981,1.0,0.9993639205413307,true,8382.970431622176
2784,Table textiles,1154,1154,1.0,0.9998526161966825,false,153.808806570842
2786,Bed textile,12586,12586,1.0,0.9999128175350646,false,1793.1898907597536
2787,Bath textiles and bath mats,8616,8616,1.0,0.9999582387647611,false,1193.128790143737
2791,Table textiles,7090,7090,1.0,0.9998879002434177,false,1801.7900418891172
2793,Baskets,5909,5909,1.0,0.9999762370317504,false,348.02305051334673
2794,Fans and electric blankets,1860,1860,1.0,0.9996028893417169,false,462.2386324435317
2796,Tableware,5092,5092,1.0,0.9999288076376132,false,125.3773190965092
2805,Light bulbs,6226,6226,1.0,0.9999896144225879,false,51.79917207392197
2817,Foodprep,10476,10476,1.0,0.9998653301478518,false,19322.542552361396
2823,Batteries,120724,24650,0.20418475199628905,0.9999676687449953,false,3117.7767548254615
2826,Wash treatment and accessories,7714,7714,1.0,0.9998967117310797,false,187.30898973305935
2828,Store kitchen,23882,23769,0.9952684029813248,0.9999287086509943,false,839.180137577002
2829,"Cloths, mops, sponges and brush",136452,106095,0.7775261630463459,0.9999789927777519,false,1707.4505503080068
2832,Window and squeegees,16086,16086,1.0,0.9999317401667196,false,404.19280698151937
2833,Racks and pockets,34281,34281,1.0,0.9999619694625266,false,243.8398542094457
2835,Clothes hangers,50901,45254,0.8890591540441248,0.9999873847745903,false,452.0009125256677
2838,Thermos jugs,9835,9835,1.0,0.9999008474402808,false,1596.7964562628329
2839,Thermos jugs,8942,8942,1.0,0.9998175009426548,false,5194.46102258727
2842,Baskets,9006,9006,1.0,0.9999855540550445,false,41.12238973305954
2844,Cleaning products,10724,10711,0.9987877657590452,0.9999627639081535,false,112.94727392197129
2845,Cleaning products,4523,4523,1.0,0.9999704141234429,false,46.193819301848016
2846,Cleaning products,5239,5224,0.9971368581790419,0.9999274489488619,false,104.53170431211504
2847,Personal care,11466,11466,1.0,0.9999881142850366,false,60.784809034907596
2853,Cleaning products,71,71,1.0,0.9999479094866353,false,98.18623737166314
2854,"Cloths, mops, sponges and brush",15206,15206,1.0,0.9999756779269279,false,307.7110997946612
2855,Window and squeegees,52599,52599,1.0,0.999989426903476,false,401.2381601642708
2894,Residential odors,13450,13024,0.9683271375464684,0.9999728672268317,false,43.25020862422996
2905,Pan sets,2757,2244,0.8139281828073993,0.9990056684197692,false,928.4695646817249
2909,Kitchen tools,490,490,1.0,0.9998934967198763,false,191.81873182751548
2911,Teletoys,241,241,1.0,0.9995980870024718,true,219.29117043121136
2912,Construction,84,84,1.0,0.9993134753027759,true,600.775551950718
2917,Construction,140,140,1.0,0.9999463767229285,false,53.66168377823407
2922,Pan sets,1219,1219,1.0,0.9995435576661731,false,682.2786591375775
2925,Kitchen helpers,765,765,1.0,0.9999510540598147,false,1327.4098533880897
2929,Thermos jugs,4070,4035,0.9914004914004914,0.9994424498137731,false,502.3061696098565
2934,"Glasses (drink, beer, wine etc)",1255,1255,1.0,0.9996450094720675,true,264.2028082135524
2938,Personal care,35090,35090,1.0,0.9999425607335681,false,300.1456377823409
2940,Ironing boards,1521,1107,0.727810650887574,0.9996318497353367,true,581.5715449691996
2943,Knives,24107,24107,1.0,0.9999512679375873,false,1456.6649396303897
2947,Kitchen helpers,19958,19958,1.0,0.9998507907935467,false,7099.493069815197
2949,Kitchen textile,6536,6536,1.0,0.9999765028372966,false,655.3298377823407
2950,Kitchen textile,3369,3369,1.0,0.9999008604378155,false,1765.99495687885
2951,Racks and pockets,16599,16599,1.0,0.9999730049183728,false,300.6040386036959
2952,Table textiles,419,419,1.0,0.9997548142772913,true,436.7895819301847
2953,Bath textiles and bath mats,32620,32620,1.0,0.9999381825108642,false,4534.362592197127
2957,Mugs and cups,14904,7864,0.5276435856146001,0.999967356149809,false,704.7929158110883
2968,Tea and coffee,72275,61272,0.8477620200622622,0.9999724300449613,false,1061.5061026694048
2969,Tea and coffee,75168,75168,1.0,0.999946567143482,false,779.7038225872686
2974,Foils and bags,542,542,1.0,0.999981610259622,false,41.181373716632464
2977,Drink & food To Go,377,377,1.0,0.9999009762026909,true,1229.2098891170428
2978,Tools,1633,1633,1.0,0.9999048650997011,false,131.37634496919918
2979,Tableware,1158,1158,1.0,0.9999043404679905,false,49.47499671457906
2980,Light bulbs,6031,6031,1.0,0.9999107752625906,false,324.1311823408625
2985,Cutlery,3224,3224,1.0,0.9999843585819053,false,73.49045297741274
2987,Tableware,4401,4401,1.0,0.9999764747034752,false,36.333924024640616
2996,Baby / Toddler,4645,4320,0.930032292787944,0.9994451336698067,false,1179.9616262833686
2997,Games,1296,1296,1.0,0.9996891827526156,false,106.3035466119095
3014,Phones,9792,9792,1.0,0.9991473184731173,false,1434.4817958932242
3015,Batteries,34161,34161,1.0,0.9999715680171821,false,368.07310882956875
3021,"Glasses (drink, beer, wine etc)",668,668,1.0,0.9999775199088755,false,52.834973716632426
3027,Kitchen helpers,28049,25414,0.9060572569432065,0.999983236536967,false,1053.1301843942497
3030,Vacuuming,183,183,1.0,0.9999520013786105,false,242.41187433264886
3031,Vacuuming,105,105,1.0,0.9998914898360407,false,5592.139373716637
3033,Kitchen helpers,17842,17842,1.0,0.9999455041108064,false,1173.1827802874734
3034,Measuring and weighing,39713,2902,0.07307430816105558,0.9999752272992752,false,2171.416529774127
3036,Ironing boards,20693,20693,1.0,0.9997360065945444,false,7837.425422997946
3037,Drying racks,8537,6681,0.7825934168911796,0.9987029930773333,false,1916.985445585216
3042,Bed textile,3261,3261,1.0,0.999810927968216,false,2438.758735934294
3046,Others,548,548,1.0,0.9998267806637472,false,64.90130636550309
3047,Bath textiles and bath mats,21094,21094,1.0,0.9999366247676276,false,2899.9220763860358
3055,Tea and coffee,342,342,1.0,0.999961682696583,true,227.24430308008212
3058,"Glasses (drink, beer, wine etc)",7658,7523,0.9823713763384696,0.9999505586570814,false,112.41673429158102
3059,Games,2181,2181,1.0,0.9997856803230932,false,100.94964476386043
3063,Games,94,94,1.0,0.9996752520647335,true,231.5038993839836
3075,Boys toys,1226,1226,1.0,0.9998704521320347,true,144.8540759753593
3080,Batteries,50340,46826,0.9301946762018276,0.9999423810976551,false,732.0456607802867
3082,Batteries,13532,13532,1.0,0.999967107853634,false,132.78630308008204
3083,"Cloths, mops, sponges and brush",57325,57325,1.0,0.9999948235042905,false,148.07439507186857
3087,Coffee makers and kettles,9201,9201,1.0,0.9998802852958262,true,16129.660382751545
3090,Personal care,27052,27052,1.0,0.9999377851341474,true,4846.788558521556
3091,"Cloths, mops, sponges and brush",27805,27805,1.0,0.999946712818048,false,778.1819622176591
3092,Cutlery,2866,2866,1.0,0.9999873938631513,false,49.946279260780265
3093,Bathroom accessories,8434,8407,0.9967986720417358,0.9998413633818853,false,330.249176591376
3097,Laundry baskets,14879,10285,0.6912426910410646,0.9998541702698815,false,315.9782722792607
3098,Baskets,13833,13833,1.0,0.999956355382472,false,137.07173470225868
3104,Cleaning products,6600,6543,0.9913636363636363,0.9999153491792335,false,199.3565963039013
3106,Baskets,3698,3698,1.0,0.9999640649591367,false,329.64200205338784
3108,Light bulbs,8382,8382,1.0,0.9999936465410436,false,39.8773700205339
3110,Ironing boards,2324,1417,0.6097246127366609,0.9997133021858771,false,722.0261913757694
3112,Dishwashing articles,11331,3625,0.3199188068131674,0.9999334876928575,false,148.51340574948668
3114,"Cloths, mops, sponges and brush",21918,21918,1.0,0.9996661242191158,false,24516.112821355222
3120,Electric personal care,11613,10510,0.9050202359424783,0.999444253728384,false,1154.6774537987671
3121,Electric personal care,8571,8151,0.9509975498774939,0.9997274093521858,false,376.5043572895278
3123,Alarm clocks,18502,9681,0.5232407307318128,0.9999018304217029,false,1915.9789921971242
3128,Stationary,32283,32283,1.0,0.9999965487284617,false,41.39250924024642
3159,Pan sets,3411,3174,0.93051890941073,0.9959216162101745,true,4020.5847880903507
3162,Kitchen tools,244,244,1.0,0.9998636980706356,true,418.39826488706393
3163,Tea and coffee,1833,1833,1.0,0.9999878730984778,false,63.195747022587256
3165,Construction,448,448,1.0,0.9998165479595256,true,420.69402628336735
3170,Stationary,4116,4116,1.0,0.9999926071587428,false,11.36466529774128
3171,Batteries,1515,1515,1.0,0.9999426423645091,false,53.490202464065696
3172,Toilet cleaners and odors,78,78,1.0,0.9999636496815438,true,3114.4960574948595
3173,Construction,296,296,1.0,0.9998251286868666,true,212.67502053388088
3176,Girls toys,8,8,1.0,0.9997739153058542,true,80.66510800821356
3179,Baby / Toddler,12321,12321,1.0,0.99981677043668,false,370.3708566735111
3185,Kitchen appliances,8227,8227,1.0,0.9989669015718213,false,66764.74572073927
3188,Personal care,12110,12110,1.0,0.9999540950535506,false,301.7837125256672
3189,Wash treatment and accessories,13808,9977,0.7225521436848203,0.9997548283158111,false,538.6350714579057
3196,"Cloths, mops, sponges and brush",8363,8363,1.0,0.9999130051692219,false,346.2745281314168
3201,Oven dishes,2419,2419,1.0,0.9999861001545097,false,210.27707063655038
3205,Partyfun,28055,28055,1.0,0.9999594445094516,false,233.79024024640643
3210,Knives,57,57,1.0,0.9913052398370455,true,1912.513509240253
3212,Table textiles,1724,1724,1.0,0.9999283973070361,false,95.47917782340859
3218,Mugs and cups,20254,4026,0.1987755505085415,0.9999452377239372,false,1785.9409006160167
3228,Vases,9090,9090,1.0,0.9999660920283866,false,148.03382956878855
3229,Tea and coffee,9999,8947,0.8947894789478947,0.9999761516232897,false,123.84774004106778
3230,Hobby and creative,195,195,1.0,0.9999218680525133,true,94.3569930184804
3235,Cutlery,2192,2192,1.0,0.9998979266440985,false,95.13006899383983
3237,Oven dishes,855,855,1.0,0.999877364621939,false,136.91065133470255
3238,Large garden,242,242,1.0,0.9998949525600602,true,293.51704312115
3244,Serve and present,709,709,1.0,0.9999479386528424,false,30.444359753593425
3246,Kitchen helpers,779,779,1.0,0.9995209627587408,true,754.5240579055438
3247,Cutlery,1348,1348,1.0,0.9998999218147672,false,54.638941273100656
3249,Shopping bags and trolleys,6110,6110,1.0,0.9999888711253976,false,896.5808131416841
3251,Laundry baskets,167,167,1.0,0.9998169690266836,false,188.42083983572903
3252,Thermos jugs,1068,1068,1.0,0.9998167032465918,false,200.63090102669406
3259,Hobby and creative,5394,5394,1.0,0.9998982610609929,false,176.5958648870637
3264,Hobby and creative,3170,3162,0.9974763406940063,0.9998605323482654,false,109.72752114989731
3279,Table textiles,6665,6665,1.0,0.9999593258350771,true,101.92940041067754
3281,Vacuuming,396,396,1.0,0.9998900677099813,false,1286.0683305954815
3285,Knives,13611,13611,1.0,0.9999845029496929,false,832.488180698152
3286,Knives,24629,20212,0.820658573226684,0.9999851815039585,false,726.7328131416837
3287,Drying racks,10459,10459,1.0,0.9986963665642162,false,25125.11498891169
3288,Bicycle accessories,1823,1823,1.0,0.9991678744631789,true,1926.6975359342903
3291,Kitchen textile,11083,11083,1.0,0.9999824645211888,false,879.1182422997939
3293,Bed textile,3772,3772,1.0,0.999854370929059,false,6579.16768418891
3295,Mugs and cups,21626,4447,0.2056321094978267,0.9999745339995184,false,2081.1971088295686
3296,Mugs and cups,16197,9825,0.606593813669198,0.9999418702259969,false,2862.242413141683
3297,Mugs and cups,23104,4888,0.2115650969529086,0.9999481017100292,false,3985.4051683778243
3298,Mugs and cups,13180,7606,0.5770864946889226,0.9999771946338889,false,434.72041067761813
3321,Puzzles,1176,1176,1.0,0.9997823974013664,true,244.54347638603693
3322,Foodprep,7318,7318,1.0,0.9996753603504219,false,10135.236269815194
3329,Baby / Toddler,273,273,1.0,0.9998685039433666,false,194.13697084188917
3330,Moisture treatment and climate,14282,14282,1.0,0.9998983071882573,false,4778.7878735112945
3332,Cleaning products,88246,88246,1.0,0.9999851344570085,false,805.4038036960981
3333,Bathroom accessories,3072,3072,1.0,0.99993293202254,false,76.92260041067762
3335,Bathroom accessories,634,634,1.0,0.9998367125876678,false,531.640461601643
3336,Thermos jugs,4674,4458,0.9537869062901155,0.9994573735944571,false,648.4388969199183
3337,Cleaning products,11582,11523,0.9949058884475911,0.9999650157961447,false,114.97703819301844
3339,Baskets,7856,7856,1.0,0.9999576069253274,false,84.69502669404517
3341,Cleaning products,4412,4412,1.0,0.9998347377464775,false,167.59758767967153
3342,Cleaning products,6561,6561,1.0,0.9999535530235606,false,104.15282464065699
3343,Cleaning products,10488,9759,0.9304919908466819,0.9999702032242345,false,77.7008882956879
3346,Window and squeegees,1143,1143,1.0,0.9999375724429137,false,113.10302751540038
3348,Wash treatment and accessories,31574,9886,0.3131057198961171,0.9998989144944762,false,3943.9193507186865
3349,Waste bins,2949,2942,0.9976263140047473,0.9999247153042338,false,99.48425585215607
3350,Cleaning products,1938,1938,1.0,0.9999684990363288,false,85.13422997946616
3352,Cleaning products,4422,4405,0.9961555857078245,0.9999793448631953,false,53.38062012320329
3353,Bathroom accessories,42047,42047,1.0,0.9999938694997353,false,275.8554882956878
3354,Bathroom accessories,24788,24788,1.0,0.9999719340236245,false,2247.725470225873
3355,Toilet accessories,40666,24225,0.59570648699159,0.9999826156469807,false,738.0062312114992
3356,Residential odors,12863,12863,1.0,0.9999595513497578,false,138.2265449691991
3359,Electric personal care,6266,5941,0.9481327800829875,0.9986675162738355,false,2076.254065297742
3363,Electric personal care,2970,2932,0.9872053872053872,0.999297852363551,false,290.7584451745379
3366,"TV, Audio & Video",245,245,1.0,0.9984930419546485,true,25909.948957700268
3368,Bathroom scales,13306,9793,0.7359837667217797,0.999798662551553,false,715.8028262833677
3370,Special pans,7773,7773,1.0,0.9976496543847742,true,30182.276988090358
3387,Candles & Tealights,845,845,1.0,0.9999866389296969,true,506.64632197125303
3388,Candles & Tealights,804,804,1.0,0.9999837712053635,true,250.04972813141703
3410,Foods,950,950,1.0,0.9999880194725429,false,23.57509733059546
3411,Construction,393,393,1.0,0.9996461962053852,false,324.5077880903492
3413,Boys toys,1082,1082,1.0,0.999937459992115,true,193.05886447638608
3414,Electric personal care,1671,1671,1.0,0.9993287055806512,true,1416.9474714579053
3416,Construction,511,511,1.0,0.9997183215593854,true,971.0372000000001
3428,Store kitchen,24307,8029,0.3303163697700251,0.9996704622406789,false,7176.706119917863
3429,Sockets and security,1249,1249,1.0,0.9999647272194102,false,29.53802217659135
3436,Toilet cleaners and odors,3691,2626,0.7114603088593877,0.9999407894256861,false,88.68923531827512
3438,Cooking books,9539,9539,1.0,0.9996983104748417,false,502.018410677618
3441,"Glasses (drink, beer, wine etc)",4202,4202,1.0,0.9999163259793795,true,216.28629609856253
3442,Window and squeegees,29425,28735,0.9765505522514868,0.9998508404879229,false,917.2936837782338
3443,Window and squeegees,33103,27698,0.836721747273661,0.9997383179367273,false,2041.3026398357285
3444,Kitchen tools,19156,19156,1.0,0.999956675310775,false,2863.2346078028736
3445,Cutlery,7377,7324,0.99281550765894,0.9999464323003417,false,154.9261675564682
3453,Ironing board textiles,51921,51921,1.0,0.9999307017854908,false,1784.4943441478445
3457,Bath textiles and bath mats,35178,35178,1.0,0.9999505106303117,false,5550.874051745382
3465,Tableware,37656,35396,0.9399830040365413,0.9999708952089562,false,452.7384969199179
3467,Cutlery,687,687,1.0,0.9998785487766473,false,264.5725577002056
3468,Tableware,698,698,1.0,0.9998003518827461,false,93.16942505133471
3469,Baby / Toddler,850,850,1.0,0.9997418607034827,true,125.16133388090358
3471,Cutlery,3263,3263,1.0,0.9999749388922432,false,48.82694045174535
3473,Serve and present,2628,2628,1.0,0.999862033449984,false,95.10685256673506
3474,Cutlery,3624,3624,1.0,0.9999795327222684,false,86.58745297741271
3476,Light bulbs,5182,5182,1.0,0.9999696665269578,false,115.36285749486649
3477,Tableware,5323,5323,1.0,0.9999544678988209,false,130.57012607802878
3478,Baskets,2631,2631,1.0,0.9999559388192101,false,206.8651786447639
3482,Drink & food To Go,4388,4388,1.0,0.999964954267992,false,222.98282956878862
3483,Light bulbs,4844,4844,1.0,0.9999895622940292,false,54.61315482546202
3485,Frying pans,1675,1501,0.8961194029850746,0.9992886576726461,false,874.2729141683783
3490,Hobby and creative,5656,5656,1.0,0.9998704695731715,false,156.86692114989725
3499,Hobby and creative,62,62,1.0,0.9999338252035286,false,45.583367556468154
3504,Games,2890,2855,0.9878892733564014,0.9997231599496965,true,519.4020123203287
3514,Drink & food To Go,5723,5723,1.0,0.9999797458094917,false,90.42052648870632
3517,Measuring and weighing,22004,22004,1.0,0.9999919054089378,false,62.54626201232035
3519,"Glasses (drink, beer, wine etc)",411,411,1.0,0.9999664151516576,false,30.678427104722775
3526,Window and squeegees,2399,2399,1.0,0.999830210148944,false,752.5679416837783
3528,Toilet cleaners and odors,4347,3195,0.7349896480331263,0.9999497727518926,false,86.97083449691988
3529,Kitchen helpers,54710,54710,1.0,0.9999832924942481,false,1595.1951954825468
3531,Vacuuming,141,141,1.0,0.9999129227250396,false,1079.8572164271066
3532,Kitchen tools,39401,35991,0.9134539732494099,0.9999765548660526,false,769.3675133470222
3533,Tea and coffee,8223,8223,1.0,0.999914396334593,false,3026.057813141682
3541,"Cloths, mops, sponges and brush",123,123,1.0,0.9999975832868497,false,64.77133059548248
3543,Bath textiles and bath mats,7761,7761,1.0,0.9999622002438072,false,802.5609987679667
3546,Bed textile,1544,1544,1.0,0.9995913600511347,false,4359.258080903492
3549,Mugs and cups,35436,13083,0.3692008127328141,0.9999358987552653,false,2392.954723203285
3556,Tea and coffee,11594,10969,0.9460928066241159,0.9999772059575391,false,108.24739342915811
3558,Kitchen helpers,1919,1919,1.0,0.9999730119080373,false,283.67179466119103
3560,Oven dishes,81,81,1.0,0.9996278658990188,true,952.3518455852162
3561,Oven dishes,408,408,1.0,0.9998925046236424,true,68.74653141683775
3576,Hobby and creative,1799,1799,1.0,0.9998301098506613,true,126.02740205338813
3579,Batteries,9980,9980,1.0,0.9997575031542886,true,1522.9081675564678
3583,Baby / Toddler,962,962,1.0,0.9998658449456702,false,74.72566981519506
3587,Bakeware,25737,25737,1.0,0.9999738893088366,false,2118.066436550309
3588,Drink & food To Go,27154,27154,1.0,0.9999664477495733,false,373.8575379876798
3589,Dishwashing articles,98839,81989,0.8295207357419642,0.9999783344973284,false,808.8802480492814
3591,Dishwashing articles,94783,87889,0.9272654378949812,0.9999924958991193,false,1311.7232587268988
3592,"Glasses (drink, beer, wine etc)",1868,1868,1.0,0.9999630405522325,false,32.18347022587268
3593,Cleaning products,17337,17337,1.0,0.9999508682553685,false,950.9885445585217
3594,Clothes hangers,112663,111719,0.9916210290867454,0.9999694945573112,false,2018.3831478439436
3597,Oven dishes,807,807,1.0,0.9998482927436035,false,150.505318275154
3601,Personal care,74,74,1.0,0.9998476862543109,false,164.64062956878843
3602,Wash treatment and accessories,1980,1980,1.0,0.9999376986580073,false,152.58443039014378
3603,Cleaning products,54259,53317,0.9826388248954091,0.9999672428279871,false,433.05023367556464
3605,Baskets,2813,2813,1.0,0.999964679138985,false,203.38952772073924
3607,Cleaning products,1537,1537,1.0,0.9998439472902387,false,136.4344156057495
3611,Wash treatment and accessories,16452,16452,1.0,0.9999022298809722,false,232.788170841889
3612,Dishwashing articles,5264,5264,1.0,0.999980138423125,false,52.8304114989733
3616,Cleaning products,7345,7345,1.0,0.9999368223264579,false,266.9114316221767
3619,Ironing,11892,11602,0.9756138580558359,0.9949126382625916,false,9514.90057905544
3622,Alarm clocks,20563,20563,1.0,0.9999077826386614,false,12139.484333470222
3623,Electric personal care,2232,1641,0.7352150537634409,0.9979150725642972,true,1410.1356694045173
3641,Candles & Tealights,1049,1049,1.0,0.9999691404983629,true,664.5410759753594
3646,Party lights,12601,12601,1.0,0.9999598225045107,false,13078.890810266932
3647,Residential odors,9449,9449,1.0,0.9999814308537113,false,30.30264640657084
3651,Vases,16851,14688,0.8716396653017625,0.999866288527773,false,525.1167375770018
3661,Kitchen tools,8058,8058,1.0,0.9999662863149247,false,98.76112566735107
3670,Construction,279,279,1.0,0.9999173141861437,false,92.63760903490761
3671,Hobby and creative,327,327,1.0,0.9999218222873391,false,20.867186858316213
3674,Puzzles,231,231,1.0,0.9996274291639812,false,594.3747548254617
3675,Construction,549,549,1.0,0.999537731866386,true,2744.292651745379
3678,Boys toys,34,34,1.0,0.9997517620757255,true,155.81517043121164
3687,"Glasses (drink, beer, wine etc)",2020,2020,1.0,0.9999835836272719,false,69.21455975359345
3690,"Glasses (drink, beer, wine etc)",1354,1354,1.0,0.9999841510881178,false,47.34371088295689
3691,"Glasses (drink, beer, wine etc)",1249,1249,1.0,0.9998757430427708,true,90.08829815195074
3692,Cleaning products,7893,7893,1.0,0.9999327689336689,false,1370.1721088295683
3696,Drink & food To Go,453,453,1.0,0.9999464851279543,false,147.91377166324435
3698,Cooking books,146,146,1.0,0.9996380097271985,false,285.67007186858297
3700,Clocks,3076,3076,1.0,0.9999207940897538,false,52.07699014373717
3705,Ironing,156,156,1.0,0.9992689552931304,true,19792.52226776181
3719,Mugs and cups,9911,4425,0.446473615175058,0.9999555672329346,false,718.3575704312112
3720,Mugs and cups,11289,4203,0.3723093276640978,0.9999313940167956,false,915.9704566735113
3721,Mugs and cups,24620,20072,0.8152721364744111,0.9999681045283529,false,2909.7541010266946
3722,Mugs and cups,23861,2217,0.09291312183060224,0.999958606255431,false,3966.055084188911
3733,Oven dishes,163,163,1.0,0.9997532331210229,false,178.15731909650938
3735,Tableware,1036,1036,1.0,0.9999504810232474,false,21.216985626283385
3736,"Cloths, mops, sponges and brush",11383,11383,1.0,0.9999802584133417,false,268.8109297741275
3738,Puzzles,3111,3111,1.0,0.999964708842616,false,16.36528131416838
3741,Kitchen helpers,762,479,0.6286089238845144,0.9996249067680647,false,136.8500057494868
3746,Cutlery,2515,2515,1.0,0.9999857247709206,false,27.63971416837782
3752,Cooking books,537,537,1.0,0.9998859867608473,false,201.29998891170436
3753,Light bulbs,2303,2303,1.0,0.9999493694022338,false,142.43521232032853
3754,Special pans,607,492,0.8105436573311368,0.9999005161197847,false,154.57851334702264
3755,Personal care,462,462,1.0,0.9999822754672277,false,20.5985938398357
3756,Wash treatment and accessories,3081,2891,0.9383317104836092,0.9999209870102314,false,167.75916837782344
3757,Cutlery,1565,1565,1.0,0.9999577534288709,false,126.30023819301843
3758,Light bulbs,5072,5072,1.0,0.9999747324427201,true,449.7203010266939
3759,Personal care,762,762,1.0,0.9999876144002618,false,8.760596303901433
3772,"Glasses (drink, beer, wine etc)",773,773,1.0,0.9999746716494857,false,82.05721971252567
3779,Vacuuming,368,368,1.0,0.9999257947594361,false,1373.8412127310062
3782,Ironing boards,4727,4727,1.0,0.9980545242406321,false,1894.9391108829568
3783,Clothes hangers,82972,62280,0.7506146651882563,0.9999831849936989,false,1645.875169609856
3788,Bath textiles and bath mats,47222,47222,1.0,0.9999912858071894,false,793.6411416837781
3797,Vehicles,4008,4004,0.999001996007984,0.9998069768658691,false,131.02709815195072
3803,Hobby and creative,1932,1932,1.0,0.9997226819746882,false,219.22897823408633
3815,Tea and coffee,3722,3459,0.9293390650188071,0.9999814253739897,false,63.59032854209445
3819,Coffee makers and kettles,391,391,1.0,0.9972212528205889,true,9935.61632977413
3822,Batteries,93369,93369,1.0,0.9999952329207844,false,137.96902833675563
3827,Personal care,482,482,1.0,0.9999888050527656,false,5.09159014373717
3828,Drink & food To Go,17461,16576,0.9493156176622186,0.9999328097249135,false,309.3899039014374
3831,Baskets,12429,12429,1.0,0.9999613225727537,false,93.64966242299795
3832,Tools,7314,7314,1.0,0.9998891555329917,false,186.20205256673506
3835,Personal care,13812,13679,0.9903706921517521,0.9999751009835107,false,81.12226119096505
3836,Personal care,114,114,1.0,0.9999820371765104,false,114.88147597535958
3837,Wash treatment and accessories,2881,2881,1.0,0.9999485456426522,false,94.45622340862423
3844,Wash treatment and accessories,29869,20031,0.6706284107268405,0.999917542948257,false,1030.3844045174542
3845,Personal care,19686,19686,1.0,0.9999613785538921,false,204.4095585215605
3886,Gift,3367,3367,1.0,0.9999858432514143,false,615.3507535934294
3891,Residential odors,6970,6970,1.0,0.999977767584659,false,80.72060780287478
3909,Construction,226,226,1.0,0.9996330431153108,true,753.4644763860365
3910,Kitchen tools,1981,1981,1.0,0.9999061138169439,false,101.03751704312118
3911,Teletoys,585,585,1.0,0.999772586052118,false,576.170201232033
3912,Hobby and creative,505,505,1.0,0.999891969089431,true,156.88137823408613
3915,Construction,305,305,1.0,0.9998465838824807,false,399.74034702258723
3918,Special pans,4185,4185,1.0,0.9997885852620443,false,434.21283449691975
3920,Games,1919,1919,1.0,0.9996282491936993,true,872.0230250513343
3921,Teletoys,355,355,1.0,0.9999225967033272,false,39.766065708418886
3922,Vehicles,4419,4419,1.0,0.9999320009375127,false,87.28265790554414
3923,Games,1944,1872,0.9629629629629629,0.9998406512206167,true,181.28506858316229
3925,"Glasses (drink, beer, wine etc)",3405,3405,1.0,0.9999438849947326,false,67.77885831622173
3947,Bath textiles and bath mats,13253,13253,1.0,0.9999501656722631,false,237.92307186858304
3948,Bath textiles and bath mats,14811,14811,1.0,0.9998499900754613,false,707.104439425051
3951,Window and squeegees,60373,60373,1.0,0.9999903531733467,false,634.042780287474
3965,Oven dishes,248,248,1.0,0.9998628359903985,true,103.61315482546198
3967,Ironing boards,127,127,1.0,0.9987315167247544,false,559.0041745379874
3970,Foods,124,124,1.0,0.9999826107510716,false,39.88213059548266
3971,Cleaning products,656,656,1.0,0.9998125254166825,true,760.7268599589319
3973,Light bulbs,2433,2433,1.0,0.9999733809647247,false,63.9597733059548
3975,Table paper,1674,1674,1.0,0.9999878348467521,false,45.642288295687884
3979,Special pans,680,562,0.8264705882352941,0.9999169907323427,false,88.8294480492814
3987,Travel accessories,1130,1130,1.0,0.999962333405182,false,61.31726611909655
3989,Tea and coffee,13674,12360,0.903905221588416,0.9998672325200185,false,4839.457905544146
4006,Hobby and creative,5386,5386,1.0,0.9999440040278018,false,107.28716878850094
4016,Hobby and creative,510,510,1.0,0.9998935497546759,false,108.01878521560583
4028,Window and squeegees,68609,58633,0.8545963357576994,0.9999261988557491,false,823.9301704312118
4029,Shoe maintenance,3407,3407,1.0,0.9999785093417676,false,249.11279178644762
4036,Vacuuming,164,164,1.0,0.9998782191269087,false,1099.6525667351125
4040,Kitchen textile,12795,12360,0.9660023446658851,0.9999774762187105,false,662.4740205338808
4042,Window and squeegees,14677,12811,0.8728623015602643,0.999904669514287,false,710.3415182751536
4043,Table textiles,2570,2570,1.0,0.999939843894317,false,96.88340082135525
4046,Tableware,12066,3962,0.32836068291065806,0.9999457200363945,false,565.1166119096509
4047,Tableware,15264,15264,1.0,0.9999635807183745,false,2702.851671457905
4054,Light bulbs,7689,7689,1.0,0.9999873974890858,false,76.04927926078027
4055,Thermos jugs,1959,1959,1.0,0.9999309405599223,false,70.55067433264881
4059,Foods,300,300,1.0,0.9999704485342734,false,68.05760492813143
4068,Baby / Toddler,744,682,0.9166666666666666,0.9998118543842175,true,192.0619466119096
4073,Hobby and creative,6489,6489,1.0,0.9999782939535519,false,22.705102258726892
4074,Puzzles,4263,4263,1.0,0.9999463902713096,false,31.83100944558521
4076,Vehicles,162,162,1.0,0.99953726608084,false,230.7432566735112
4077,Puzzles,4444,4444,1.0,0.9999108450481367,false,72.29967967145794
4079,Foodprep,7093,7093,1.0,0.9995970980688131,false,17143.458521560588
4080,Coffee makers and kettles,2875,2875,1.0,0.9996212383847942,true,52616.346235318284
4085,Vacuuming,5287,5180,0.9797616795914508,0.998220932951574,false,1742.6294082135516
4086,Fans and electric blankets,13284,13284,1.0,0.9992125297211566,true,18777.681810266935
4091,Store kitchen,725,725,1.0,0.9999414040929687,true,224.75201273100623
4094,Bathroom accessories,2958,2958,1.0,0.9999000368993604,false,63.147945790554445
4097,Cleaning products,26319,26319,1.0,0.9999670055210456,false,526.2261498973309
4098,Cooking pans,79,79,1.0,0.9981680136632107,true,472.62288952772064
4103,Wash treatment and accessories,2154,2154,1.0,0.999977661156299,false,25.464620123203286
4104,Cleaning products,5399,5388,0.9979625856640119,0.9998956627850873,false,116.76645092402458
4105,(Steam) cleaners,156,156,1.0,0.999791249811297,true,179.41745420944554
4108,Wash treatment and accessories,39177,10616,0.2709753171503688,0.9999227981059565,false,3848.2429712525654
4113,Residential odors,5318,5318,1.0,0.9999735207618923,false,227.12121806981506
4114,Window and squeegees,78016,58983,0.7560372231337161,0.999953284470893,false,795.0410784394248
4116,Shoe maintenance,2629,2339,0.8896918980600989,0.9999532523564385,true,106.078968788501
4117,Coffee makers and kettles,37998,36686,0.9654718669403652,0.9997049295746206,false,1725.6021971252574
4122,Electric personal care,18647,16359,0.8772992974741245,0.9994964211964213,false,1041.7435618069821
4123,Electric personal care,21869,21869,1.0,0.9995593941805168,false,2386.9835535934285
4133,Special pans,22939,21543,0.939142944330616,0.9995259007569467,false,1954.6899178644767
4134,Frying pans,8230,7033,0.8545565006075334,0.9979059872416368,false,3171.8104706365507
4153,Stationary,37286,37286,1.0,0.9999918104790188,false,93.4458402464066
4160,Hobby and creative,7105,4937,0.694862772695285,0.9999082185550253,true,2967.781645995893
4164,Kitchen tools,821,821,1.0,0.9999312653933656,false,102.72775975359347
4166,Girls toys,161,161,1.0,0.9998113873614307,true,207.05620533880904
4168,Vehicles,16241,10664,0.6566098146665845,0.9998438475111203,false,279.1395548254618
4171,"Glasses (drink, beer, wine etc)",2323,2323,1.0,0.9999888039427174,false,63.45422669404517
4172,Tea and coffee,21777,21541,0.9891628782660605,0.9999769371134658,false,168.58092813141684
4176,Window and squeegees,68404,59021,0.8628296590842641,0.9999557405109311,false,562.3613889117039
4187,Knives,32835,32835,1.0,0.999992922997714,false,532.4315564681724
4191,Cutlery,22975,22975,1.0,0.9999561861295363,false,5989.5008131416835
4192,Window and squeegees,48815,48815,1.0,0.9999380897401255,false,477.5082340862424
4194,Stairs,3218,3218,1.0,0.9997033436809039,false,268.8872254620124
4203,Bed textile,842,842,1.0,0.9997266279574952,false,1218.226877618069
4206,Mugs and cups,12408,12408,1.0,0.9999352544247674,false,4093.5161293634483
4215,Tea and coffee,15330,12511,0.8161121983039791,0.9997144430780434,false,3146.529825462013
4217,Tableware,4585,4585,1.0,0.999969905953325,false,72.54956673511299
4221,Large garden,57,57,1.0,0.9998882640761994,true,258.296751540041
4223,"Glasses (drink, beer, wine etc)",559,559,1.0,0.9998554087103617,false,138.37127104722788
4224,Cutlery,628,628,1.0,0.9999390040741752,false,126.22871457905543
4227,Special pans,2738,2080,0.7596785975164354,0.999927145082249,false,59.62525256673511
4233,Bakeware,548,548,1.0,0.9997595488718298,true,290.76481848049286
4239,Baby / Toddler,4329,4329,1.0,0.9998115590685007,false,116.93713305954826
4242,Stuffed animals,2371,2371,1.0,0.9999281085120947,true,102.89591498973301
4255,Boys toys,7956,7956,1.0,0.999979945875982,false,84.43416098562622
4261,Foodprep,9502,9502,1.0,0.9996159066122962,false,149910.58504558515
4262,Batteries,37008,34144,0.922611327280588,0.9999282138193601,false,460.74100328542096
4264,Cooking pans,1274,1274,1.0,0.9995210608466242,false,258.1670488706366
4265,Window and squeegees,53684,48999,0.9127300499217644,0.9999219076200764,false,1098.7383983572895
4266,Kitchen helpers,38994,38994,1.0,0.9999877543563104,false,869.3386414784399
4267,Hobby and creative,531,531,1.0,0.9997987148288112,false,48.42405092402459
4279,"Cloths, mops, sponges and brush",34302,28978,0.844790391230832,0.9999541950131369,false,800.2022488706363
4281,Wash treatment and accessories,3710,3710,1.0,0.9999714633952967,false,232.92220574948658
4282,Bakeware,17999,17999,1.0,0.9999106977464423,false,611.1015121149895
4283,Tea and coffee,8061,8061,1.0,0.9999710933416793,false,720.3227737166321
4284,Cutlery,11933,8791,0.7366965557697143,0.9999708143822279,false,88.12111704312107
4286,Bathroom accessories,11458,11458,1.0,0.9999412857199772,false,153.17568459958943
4287,Kitchen textile,5286,5286,1.0,0.9999609940774135,false,104.96826283367552
4303,"Cloths, mops, sponges and brush",24399,24399,1.0,0.9999914257404706,false,156.0094599589323
4309,Vehicles,10016,9358,0.9343051118210862,0.9999000785133141,false,190.00185092402464
4312,Hobby and creative,9797,9797,1.0,0.9999327174913415,false,129.83463737166315
4317,Puzzles,2221,2187,0.984691580369203,0.9998769181351718,false,46.05313798767969
4323,Vacuuming,162,162,1.0,0.9977812369976954,false,4118.069953182756
4326,Foodprep,19024,19024,1.0,0.9997631158774176,false,804.8257848049273
4329,Small storage,47997,47997,1.0,0.9999841467384658,false,301.792638603696
4331,Window and squeegees,32145,29898,0.9300979934671022,0.9998551490396003,false,1143.9438119096505
4332,Tableware,4676,3966,0.8481608212147135,0.9999418366727199,true,191.4249092402464
4336,Racks and pockets,25511,17697,0.6937007565363961,0.999981815360775,false,258.40742340862414
4337,Racks and pockets,135898,118472,0.8717714756655727,0.9999916730279025,false,2454.941775770018
4341,Baskets,8912,8912,1.0,0.9999638885750689,false,85.80677618069807
4343,Baskets,10270,10270,1.0,0.9999176087025987,false,197.8600739219712
4345,Wash treatment and accessories,3589,3589,1.0,0.9998966571219329,true,152.28579055441472
4346,Wash treatment and accessories,2549,2549,1.0,0.999956365695742,false,69.07620123203286
4347,Wash treatment and accessories,12445,12445,1.0,0.9999429225091785,false,205.3952706365503
4348,Cleaning products,5424,5411,0.9976032448377581,0.9999727549299969,false,45.3799449691992
4355,Drink & food To Go,11928,11928,1.0,0.9998870594315753,true,580.8566451745376
4356,Personal care,1187,1187,1.0,0.999954475818123,false,261.96782464065694
4362,Measuring and weighing,4226,4129,0.9770468528159015,0.9996949980418275,false,342.51482956878857
4363,Pan sets,47,47,1.0,0.998841108448253,false,1826.3411950718655
4384,Candles & Tealights,1002,1002,1.0,0.999987512432412,true,402.8442706365504
4389,Vases,5005,5005,1.0,0.9999425241290993,false,117.85314989733061
4402,Photo frames & albums,3255,3255,1.0,0.9999276069506354,false,129.19295154004104
4404,Photo frames & albums,24984,24984,1.0,0.999992291803642,false,99.2457556468172
4411,Construction,204,204,1.0,0.9998872030442804,true,105.0602689938398
4418,Hobby and creative,1189,1189,1.0,0.9999689500834651,false,28.284369609856327
4422,Construction,348,348,1.0,0.9998519718972779,true,315.2197080082136
4425,Boys toys,7473,7473,1.0,0.9999291878703943,false,173.23090020533877
4429,Store kitchen,5989,5989,1.0,0.9999731870313265,false,44.98346611909649
4433,Drink & food To Go,12802,12214,0.9540696766130292,0.9998991963523838,false,619.2308291581112
4437,Wash treatment and accessories,31796,31796,1.0,0.9999776922862188,false,206.22600533880905
4438,Racks and pockets,1609,1609,1.0,0.999689222251264,false,137.5557121149897
4440,"Cloths, mops, sponges and brush",75021,59535,0.7935777982164994,0.9999900780106714,false,462.95618562628334
4441,Kitchen helpers,8390,7481,0.8916567342073898,0.9998728073830684,false,120.29000657084184
4442,"Cloths, mops, sponges and brush",17238,17238,1.0,0.9999657537117859,false,318.7296
4445,Vacuuming,13968,13931,0.9973510882016037,0.9999521251461215,false,321.6774049281314
4447,Store kitchen,8777,8777,1.0,0.9999303287754754,false,201.1856488706364
4448,Bakeware,23702,23702,1.0,0.9999100486208583,false,830.2395277207394
4452,Waste bins,22533,18657,0.8279856210890694,0.9986688772975184,false,5484.917125256673
4453,Window and squeegees,11698,11698,1.0,0.999719612773246,false,756.5836447638608
4456,"Cloths, mops, sponges and brush",7448,7448,1.0,0.9999532794501971,false,194.71534332648864
4474,Tableware,5096,5096,1.0,0.9999317496384432,false,176.52632197125243
4477,Tableware,6219,6219,1.0,0.9999835877462248,false,159.082942915811
4479,Bicycle accessories,21,21,1.0,0.9999105334703222,false,172.30536221765928
4480,Others,1513,1513,1.0,0.9999391383411841,true,424.2719347022586
4481,"Glasses (drink, beer, wine etc)",414,414,1.0,0.9999771611781025,false,41.76052238193015
4482,Bed textile,2211,2211,1.0,0.9998602878071216,false,1449.4327149897333
4485,Table textiles,72505,72505,1.0,0.9999962249116444,false,1937.217227926077
4489,Vehicles,3311,3311,1.0,0.9999424569562764,false,159.82832361396302
4490,Construction,1460,1460,1.0,0.9999282276088926,false,56.62353470225875
4492,Foods,491,491,1.0,0.9999763236237548,false,200.5416258726897
4496,Hobby and creative,3126,3126,1.0,0.9997989573054749,false,156.1883149897331
4499,Cleaning products,4420,4420,1.0,0.9999666757573401,false,96.13963860369611
4503,Games,3000,3000,1.0,0.9997366634382064,true,385.90140164271037
4513,Measuring and weighing,37116,37116,1.0,0.9999201551799429,false,2878.8181256673506
4516,Vacuuming,30461,30461,1.0,0.9999164633533351,false,1562.4917963038997
4517,Knives,6337,6337,1.0,0.9998713155300561,false,1104.9053552361393
4518,Foodprep,4625,4625,1.0,0.9994534534546944,false,519.4972755646816
4520,Vacuuming,3260,3250,0.9969325153374233,0.9967715017525121,false,2346.415673100617
4526,Insecticides,124,124,1.0,0.999875276591239,false,992.3153544147858
4527,Tea and coffee,11301,11301,1.0,0.9999845980521621,false,212.1059650924026
4531,Store kitchen,21322,21322,1.0,0.9999716309787893,false,172.2846726899384
4535,Laundry baskets,10558,10558,1.0,0.9998160763560066,false,363.3556262833678
4536,Drying racks,14843,13668,0.9208381055042781,0.9999364570962452,false,283.7908780287474
4537,Small storage,18639,18639,1.0,0.999979052124358,false,137.00421273100613
4539,Bathroom accessories,4938,4938,1.0,0.9998478778776825,false,4188.153274743322
4544,Bakeware,503,503,1.0,0.999806607285839,false,69.36475071868588
4546,Wash treatment and accessories,1144,1144,1.0,0.9999268146969715,false,693.7562874743322
4547,Cleaning products,17454,16992,0.9735304228257133,0.9999668446538669,false,247.07632648870643
4548,Wash treatment and accessories,2291,2291,1.0,0.9999611857289481,false,31.169105544147822
4552,Cleaning products,10344,8371,0.809261407579273,0.9998820640177148,false,228.2245733059548
4556,Euro articles,5133,5133,1.0,0.9999798916078162,false,467.40635154004127
4558,Cleaning products,6892,6892,1.0,0.9999546093530426,false,108.42195646817248
4559,Cleaning products,2921,2921,1.0,0.9999901355044234,false,35.37686735112937
4560,Waste bins,11524,11524,1.0,0.9996863061301835,false,1345.6800459958936
4562,Window and squeegees,540,540,1.0,0.9981756639961533,false,10320.649725667357
4563,Stationary,81457,80053,0.98276391224818,0.9999947643725885,false,336.24698644763856
4564,Residential odors,11759,11759,1.0,0.9999373775165479,false,353.5175704312112
4566,Personal care,29339,29339,1.0,0.9999565300129671,false,500.2123503080082
4567,Window and squeegees,36509,27895,0.7640581774357008,0.9998927558179076,false,642.7545375770017
4576,Electric personal care,10559,9533,0.9028317075480633,0.999117725040634,false,1591.354647638603
4581,Measuring and weighing,5752,4323,0.7515646731571627,0.9996752355771777,false,1030.2122907597538
4589,Other Holidays,15412,11337,0.735595639761225,0.9998614274496772,false,700.6956102669398
4596,Personal care,714,714,1.0,0.9998282627089656,false,105.1259137577002
4620,Candles & Tealights,39765,39765,1.0,0.9999850289125076,false,602.0960078028742
4621,Candles & Tealights,136,136,1.0,0.9999809626431283,true,337.21787926077957
4628,Drinks,1331,1331,1.0,0.999946209639318,false,403.93581930184797
4638,Residential odors,12006,11762,0.9796768282525404,0.999967723613876,false,44.274695277207364
4652,Photo frames & albums,29513,29513,1.0,0.9999931979599676,false,92.3350595482546
4654,Photo frames & albums,9297,9297,1.0,0.9999606747108573,false,131.88218480492816
4665,Window and squeegees,2433,2433,1.0,0.9998999415410675,true,552.8269404517454
4683,Personal care,1978,1412,0.7138523761375126,0.9998163914249013,false,74.90497330595481
4685,Boys toys,17,17,1.0,0.9996591483958457,true,392.89125667351124
4687,Construction,250,250,1.0,0.9992357683321272,true,3134.336782751542
4690,Hobby and creative,13822,13617,0.985168571841991,0.9999958515411106,false,7.893809445585214
4701,Residential odors,13673,13631,0.9969282527609157,0.9999751083493582,false,38.33944558521558
4706,Foils and bags,4367,4298,0.9841996794137852,0.9999802489993344,false,269.6224008213553
4707,Boys toys,1379,1379,1.0,0.9992223450406732,false,697.7085047227924
4711,"Glasses (drink, beer, wine etc)",5346,5346,1.0,0.9999713331588495,false,60.520985215605776
4715,Drink & food To Go,6125,6125,1.0,0.999869210415917,false,415.78575852156047
4716,Wash treatment and accessories,5160,5160,1.0,0.9999764148818316,false,49.92588295687885
4718,Window and squeegees,21050,17022,0.808646080760095,0.9997828824008725,false,1119.1571999999996
4720,Wash treatment and accessories,17964,17964,1.0,0.9999913058391295,false,47.371822997946616
4726,Drying racks,22840,18522,0.8109457092819615,0.9997822502133529,false,2670.611232443531
4729,Knives,2520,2520,1.0,0.9983181945033104,false,762.0367453798768
4730,Ironing board textiles,2861,2861,1.0,0.9998959460712955,false,194.9168484599588
4731,Mugs and cups,27558,13724,0.49800420930401335,0.999967259268238,false,791.2581059548254
4742,Light bulbs,2813,2813,1.0,0.9999348822642613,false,130.77828336755647
4746,Hobby and creative,135,135,1.0,0.9998783270916803,false,42.96132279260781
4757,Games,1912,1912,1.0,0.9998351115787081,true,299.00728542094475
4764,Construction,1014,1014,1.0,0.999854153025472,false,133.65792813141687
4770,Vacuuming,9202,9202,1.0,0.9999116915074132,false,1530.8147811088293
4773,Tableware,16644,16644,1.0,0.9999773359163274,false,729.6930139630388
4776,Store kitchen,19440,19440,1.0,0.9998770714384962,false,371.0976895277205
4782,Thermos jugs,13465,13465,1.0,0.9999319301851638,false,2068.8314924024658
4783,Baskets,12952,12952,1.0,0.999981451716261,false,52.08745133470224
4784,Tools,20852,20798,0.9974103203529637,0.9999288436676618,false,374.85541601642683
4785,Cleaning products,5066,5066,1.0,0.9999595689472579,false,79.01902422997945
4786,Personal care,10404,9995,0.9606881968473664,0.9999756969556916,false,95.78966735112935
4787,Cleaning products,4255,4255,1.0,0.9999523859822751,false,59.97601149897331
4788,Cleaning products,3152,3152,1.0,0.9998107626420892,false,144.48459958932227
4793,Personal care,13829,13829,1.0,0.9999696351946077,false,215.2674036960986
4794,Wash treatment and accessories,7814,7814,1.0,0.9999342509965206,false,115.40038151950719
4797,Cleaning products,5054,5054,1.0,0.999814395364954,false,468.16340082135514
4798,Wash treatment and accessories,3232,2684,0.8304455445544554,0.9997927554582966,false,268.92497659137575
4806,Electric personal care,9313,8837,0.9488886502738108,0.999886255850656,false,163.50372607802862
4812,Cooking pans,2493,1855,0.7440834336141195,0.9992109372544106,false,429.0927182751539
4818,Other Holidays,8297,8297,1.0,0.9999128098896468,true,697.3408394250515
4841,Stationary,10586,10586,1.0,0.9999644311670913,false,468.08670554414743
4849,Kitchen tools,1784,1784,1.0,0.9999552615030007,false,42.40885749486653
4850,Kitchen tools,1093,1093,1.0,0.9998642401552296,false,71.56499014373718
4851,Kitchen tools,803,803,1.0,0.9996722221272292,false,314.7618332648872
4852,Hobby and creative,519,243,0.4682080924855491,0.9998020876090915,false,5076.51623162218
4857,Hobby and creative,2225,2225,1.0,0.9999909932791586,false,12.100062012320329
4858,Tableware,2241,2241,1.0,0.9999593878800324,false,115.88913388090347
4859,Tableware,2130,2130,1.0,0.9999779831296679,false,62.01097330595482
4864,"Glasses (drink, beer, wine etc)",490,490,1.0,0.9998845629279536,true,344.8168521560575
4866,Serve and present,985,985,1.0,0.9999688716883026,false,75.9760595482546
4873,Toilet cleaners and odors,28709,27970,0.9742589431885471,0.9999862993209794,false,179.86108747433263
4875,Table paper,4997,4997,1.0,0.9999819879017722,false,76.52923203285421
4876,Moisture treatment and climate,27466,27409,0.997924706910362,0.9999583576949536,false,572.4321609856264
4880,Window and squeegees,51536,51536,1.0,0.999977666193675,false,278.6945618069817
4881,Window and squeegees,31522,31235,0.9908952477634668,0.9998840739225542,false,589.1846932238192
4882,Stairs,5598,5598,1.0,0.9996395377802377,false,611.921975359343
4886,Kitchen textile,10402,10402,1.0,0.9999393962413438,false,2030.8420123203282
4887,Kitchen textile,15698,15698,1.0,0.9999820428461124,false,1246.433626283367
4892,Ironing board textiles,10387,10354,0.9968229517666314,0.9999639480864123,false,258.2570254620124
4894,Bed textile,4659,3494,0.7499463404163984,0.9998881865171128,false,2230.4155827515397
4901,Serve and present,3669,3669,1.0,0.9999456273619084,false,85.43581930184797
4902,Tea and coffee,4644,4644,1.0,0.9999505582532242,false,127.42244599589327
4903,Tea and coffee,259,259,1.0,0.9998434224779129,false,349.05049527720746
4904,Light bulbs,4044,4044,1.0,0.9999503352134752,false,171.1441930184806
4906,Cleaning products,643,643,1.0,0.9998201514537607,true,114.9319219712525
4907,Tools,26,26,1.0,0.999815492895272,true,41.03753593429153
4915,Light bulbs,6610,6610,1.0,0.9999898951933912,false,61.46259301848045
4917,Personal care,227,227,1.0,0.9999794974115961,false,83.47538809034906
4918,Tools,72,72,1.0,0.9996375907886931,true,162.38730513347028
4921,Baskets,2689,2689,1.0,0.9999627712722904,false,220.94106036960986
4922,Light bulbs,1322,1322,1.0,0.9999687779631363,false,69.49228583162217
4930,Kitchen tools,1419,1419,1.0,0.999786744046277,false,228.02645462012273
4933,Puzzles,174,174,1.0,0.9992372285492833,true,293.7927223819294
4951,Games,2569,2569,1.0,0.9998249990934394,true,389.2330049281309
4953,Puzzles,3889,3889,1.0,0.9999077242269667,false,41.94087227926078
4962,"Glasses (drink, beer, wine etc)",672,672,1.0,0.9998158703256818,true,85.7595585215606
4965,"Glasses (drink, beer, wine etc)",658,658,1.0,0.999972407474117,false,32.96887022587267
4966,Store kitchen,7858,7858,1.0,0.9999933819761653,false,16.214906365503072
4970,"Cloths, mops, sponges and brush",24494,24329,0.9932636564056504,0.9999819115304632,false,301.78388501026694
4974,Kitchen tools,31833,30357,0.9536330223353124,0.9999878366027204,false,917.9551392197122
4978,Window and squeegees,38501,38501,1.0,0.9999635146855215,false,448.47094045174526
4982,Ironing board textiles,37696,37605,0.9975859507640068,0.9999671589071105,false,649.8968488706363
4985,Personal care,14144,12632,0.8930995475113123,0.9999509973396018,false,369.0716911704314
5001,Shopping bags and trolleys,5129,5129,1.0,0.9999881118849707,false,31.543983572895268
5008,Measuring and weighing,954,954,1.0,0.9999586357519864,false,74.52409281314165
5015,Construction,841,841,1.0,0.9995580770894198,true,465.6637712525664
5025,Tea and coffee,12603,12603,1.0,0.9999679439104262,false,933.1015149897333
5027,Small storage,33261,33144,0.9964823667358167,0.9999855111563144,false,151.12205708418887
5033,Bathroom accessories,5936,5879,0.9903975741239892,0.9997644410339013,false,377.03575359342915
5038,Storage boxes,2197,2197,1.0,0.9989737879206729,false,603.5544915811088
5039,Baskets,13201,13201,1.0,0.9999611749580594,false,118.08364681724838
5040,Wash treatment and accessories,4593,3614,0.7868495536686262,0.9999738935286753,false,85.46889609856261
5042,Personal care,82981,80515,0.9702823537918319,0.9999858970765018,false,266.4449383983571
5045,Cleaning products,22896,22896,1.0,0.9999327240364309,false,286.47432443531824
5047,Cleaning products,7653,7653,1.0,0.9999725441764086,false,66.82964106776177
5051,Cleaning products,5931,5931,1.0,0.9998608629388475,false,283.22526652977393
5052,Commercial non-trade goods,72275,72275,1.0,0.9999960487352445,false,253.95980451745393
5057,Foodprep,7670,7507,0.978748370273794,0.9994777612073038,false,811.1601264887058
5062,Electric personal care,2404,2316,0.9633943427620633,0.9990446280784809,true,700.3470907597535
5063,Pan sets,3446,3376,0.97968659315148,0.9959335107976048,true,4926.396899383982
5066,Bakeware,13569,13569,1.0,0.999928844183905,false,3577.0285749486648
5067,"BBQ, beach and camping",72603,31979,0.4404638926766112,0.9999500699604965,false,4594.047679671454
5068,Other Holidays,8607,8607,1.0,0.9998011861383133,true,2218.4343310061604
5082,Candles & Tealights,932,932,1.0,0.999975550733157,true,462.12221396303914
5088,Residential odors,15277,15235,0.9972507691300648,0.9999505851347001,false,91.71266036960985
5096,Vases,3339,3278,0.9817310572027553,0.9998326620068893,false,161.63833675564672
5101,Small garden,1125,1125,1.0,0.999947128900291,true,643.9781864476382
5108,Games,2450,2450,1.0,0.999918243353886,false,115.32392197125253
5114,"Glasses (drink, beer, wine etc)",902,902,1.0,0.9999816247709483,false,46.22480903490758
5117,Store kitchen,11318,11318,1.0,0.9999839120750867,false,42.693425462012286
5119,Personal care,6790,5877,0.8655375552282769,0.9999798259731957,false,80.31763778234085
5121,Wash treatment and accessories,11114,11079,0.9968508187871153,0.9999668363729949,false,97.14478398357289
5124,Bakeware,47314,43274,0.9146130109481337,0.9999612182287627,false,660.2545921971252
5125,Foils and bags,40126,40126,1.0,0.99997766560952,false,282.482059137577
5126,Gift,107362,107362,1.0,0.9999838836898577,false,663.786996303901
5128,Cutlery,14997,14997,1.0,0.9999613798805239,false,193.02383572895272
5129,Cutlery,2581,2581,1.0,0.9998111316648164,false,116.51140082135522
5134,Kitchen helpers,15008,15008,1.0,0.9999588516810711,false,2364.412974948666
5139,Bed textile,1500,1500,1.0,0.9998803166148266,false,789.6931761806981
5142,Bath textiles and bath mats,47167,47167,1.0,0.9999786434154115,false,1909.9238082135516
5144,Bed textile,2056,2056,1.0,0.9997118764885006,false,5386.5342381930195
5153,Planks,929,929,1.0,0.9999668737620432,false,83.66472443531828
5155,Cutlery,4430,4430,1.0,0.9999827565516052,false,50.131053388090365
5156,Clocks,133,133,1.0,0.9998055470692586,false,211.54110390143717
5157,Tableware,4676,3190,0.6822070145423439,0.9999795812645926,false,57.019912936344966
5159,Home decoration,370,370,1.0,0.9997089772796199,false,185.53619014373712
5160,Waste bins,720,720,1.0,0.9999392319451711,false,185.48986940451744
5161,Light bulbs,480,480,1.0,0.9999204927219558,true,174.28373182751545
5162,Baby / Toddler,583,583,1.0,0.9998115676102597,false,80.33749075975358
5165,Personal care,1247,493,0.3953488372093023,0.9999743413637765,false,16.70055687885011
5175,Toilet cleaners and odors,4229,4106,0.9709151099550721,0.9999745486755602,false,46.90583572895279
5179,Hobby and creative,641,641,1.0,0.9999740999628758,false,12.994299794661188
5181,Shopping bags and trolleys,6174,6174,1.0,0.9999793317202665,false,82.98124558521559
5186,Hobby and creative,3799,899,0.2366412213740458,0.9998731375705473,true,68.05613880903493
5190,Wash treatment and accessories,4126,4126,1.0,0.9999837559604979,false,69.34187063655025
5198,Hobby and creative,190,190,1.0,0.9998422402816796,false,500.8062320328539
5200,Outdoor toys,745,745,1.0,0.9997117215488825,false,226.60183819301852
5204,Oven dishes,314,314,1.0,0.9998584511593148,true,214.38178439424976
5205,Coffee makers and kettles,3772,3772,1.0,0.999687733037463,true,41490.31061273102
5206,"Glasses (drink, beer, wine etc)",6865,6538,0.952367079388201,0.9999547002530419,false,112.6647642710472
5210,Vacuuming,4550,4550,1.0,0.9971793307522503,false,2106.7961462012327
5212,Batteries,81361,81361,1.0,0.9999907736433578,false,195.88185092402466
5219,Drink & food To Go,43097,42833,0.9938742835928255,0.9999477715498997,false,642.2710718685831
5221,Toilet accessories,14478,14361,0.9919187733112308,0.99994662019704,false,454.22899958932226
5222,Toilet accessories,34827,34827,1.0,0.9999033448453817,false,11086.609636139628
5223,"Glasses (drink, beer, wine etc)",765,765,1.0,0.9999614397313911,false,106.04741273100618
5226,Wash treatment and accessories,3171,3171,1.0,0.9998714160153304,true,178.85872484599577
5227,Wash treatment and accessories,1921,1921,1.0,0.9998916261108333,false,56.8219638603696
5228,Toilet cleaners and odors,57774,40379,0.6989130058503825,0.9999289095402103,false,1451.6055408624222
5236,Wash treatment and accessories,274,274,1.0,0.999987413390223,false,46.23397084188916
5239,Residential odors,6530,6530,1.0,0.9999684941720797,false,238.08449445585202
5241,Phones,12802,12802,1.0,0.9997412514348368,false,971.9215601642715
5243,Electrical tools,14697,10573,0.7193985167040893,0.9972142533349866,false,4344.139285420946
5255,Cooking pans,5253,5253,1.0,0.9999547630192218,false,315.74285667351137
5271,Candles & Tealights,36006,36006,1.0,0.9998923396231438,false,758.4640689938399
5273,Candles & Tealights,36715,36715,1.0,0.9999856705765351,false,163.46458644763877
5275,Candles & Tealights,50,50,1.0,0.9999784391292605,false,40.889245174538054
5276,Candles & Tealights,16017,16017,1.0,0.9999273786521912,true,747.993264887064
5283,Other Holidays,12263,12263,1.0,0.9999268193231092,true,981.5241745379896
5293,Photo frames & albums,17860,17860,1.0,0.9999820732993044,false,147.94737166324427
5294,Photo frames & albums,24384,24384,1.0,0.9999900695842643,false,116.70458069815191
5303,Window and squeegees,1436,1436,1.0,0.9996811765017493,true,379.8384156057496
5311,Drying racks,6568,6568,1.0,0.9998581073584817,false,137.1065392197126
5315,Hobby and creative,401,401,1.0,0.9995488695426817,false,436.81095277207385
5318,Teletoys,360,360,1.0,0.999883336592552,false,306.56876303901436
5320,"Cloths, mops, sponges and brush",18502,17116,0.925089179548157,0.999987640358251,false,204.953192607803
5323,Construction,2,2,1.0,0.9991996056740181,true,879.6920669404534
5330,"Glasses (drink, beer, wine etc)",887,887,1.0,0.9999124677590601,false,138.40453470225864
5335,Commercial non-trade goods,124,124,1.0,0.9999603771156891,false,108.71244640657076
5336,Table paper,7275,7275,1.0,0.9999887003923628,false,55.80509240246406
5337,Cutlery,7965,7965,1.0,0.9999614484279089,false,121.46697535934291
5341,Drying racks,9953,9953,1.0,0.9998055285147656,false,780.771502258727
5343,Kitchen tools,20206,20206,1.0,0.9999597902134626,false,730.8260106776178
5346,Kitchen helpers,243,243,1.0,0.9996322971201844,false,438.6023002053392
5347,Kitchen helpers,21447,16710,0.7791299482445098,0.9988361989281537,false,4203.342110472276
5349,Cutlery,1834,1834,1.0,0.9995878461098033,false,298.81501108829576
5353,Bed textile,3577,3577,1.0,0.9997876736783757,false,2468.390707597536
5360,Mugs and cups,15648,14085,0.9001150306748467,0.9999768956887856,false,919.445314168378
5375,Tea and coffee,2481,2481,1.0,0.9996878288516333,false,167.40592279260778
5376,Vehicles,88368,88368,1.0,0.9999807796574453,false,314.5971047227926
5377,Boys toys,1711,1711,1.0,0.9992660860046823,false,815.0315691991781
5394,Foodprep,6430,6430,1.0,0.9989535771479623,false,21479.647520328544
5397,Batteries,60496,60496,1.0,0.9999915008197504,false,181.61600616016418
5400,Coffee makers and kettles,32824,27922,0.8506580550816476,0.9994843255123118,false,3076.796667761806
5401,Bakeware,4209,4050,0.962223806129722,0.9999264730873887,true,194.22064599589325
5403,Store kitchen,370,370,1.0,0.999943253292114,true,221.59647310061612
5404,Store kitchen,6919,6867,0.9924844630726983,0.9999008349251878,false,316.9524825462011
5405,"Cloths, mops, sponges and brush",53557,43485,0.8119386821517262,0.9999843534269954,false,598.9629314168374
5408,Others,121,121,1.0,0.9998133182057388,true,4118.840982340862
5411,Cleaning products,6120,6120,1.0,0.9998754381102982,false,209.7066381930182
5414,Cleaning products,1356,1223,0.9019174041297935,0.9999297149093992,false,25.312002874743314
5415,"Cloths, mops, sponges and brush",10826,10826,1.0,0.9999654830664768,false,117.07960821355232
5423,Measuring and weighing,1351,1351,1.0,0.9997726585583983,false,212.67811088295687
5424,Special pans,21921,17199,0.7845901190639113,0.9995969873839184,false,1810.5165782340862
5440,Candles & Tealights,240,240,1.0,0.9999439519271602,true,844.0798299794664
5441,Candles & Tealights,15284,15284,1.0,0.9999391843261977,true,641.3559490759754
5451,Party lights,10105,10105,1.0,0.9999718681594528,false,819.2807876796705
5457,Photo frames & albums,1960,1960,1.0,0.9999504704925272,false,57.11036960985625
5458,Stationary,20388,20388,1.0,0.9999624415752618,false,628.5634016427101
5460,Coffee makers and kettles,1066,882,0.8273921200750469,0.9988750929297021,true,302.3579137577001
5462,Ironing boards,6969,4881,0.7003874300473526,0.9967135309411087,true,20729.282091991787
5467,Teletoys,442,442,1.0,0.9998071150266987,false,575.2470751540045
5468,Tea and coffee,2119,2119,1.0,0.9999328277291712,false,151.31131581108832
5469,Cooking books,214,214,1.0,0.9998399540972518,true,149.4015663244353
5472,Bath textiles and bath mats,3683,1900,0.5158837903882705,0.9999108262740134,true,696.6651367556469
5474,Hobby and creative,2211,2211,1.0,0.9999789253598508,false,20.002147843942506
5484,Wash treatment and accessories,8770,6114,0.6971493728620296,0.9998390088380409,false,272.3387400410678
5488,Bakeware,31413,31413,1.0,0.9999655417419016,false,1431.844394250513
5491,Vacuuming,251,251,1.0,0.9999495269888374,false,792.0440981519507
5492,Bakeware,31111,31080,0.9990035678698852,0.9999263155845087,false,865.5403494866526
5494,Kitchen tools,34433,34433,1.0,0.9999802159676154,false,532.5398308008215
5495,Kitchen tools,95779,95779,1.0,0.9999832253560786,false,323.2577002053388
5497,Racks and pockets,15302,15302,1.0,0.9999653142793945,false,2615.053919917863
5498,Cutlery,16818,16818,1.0,0.9999513740859801,false,3190.9882484599584
5499,Stairs,4067,4067,1.0,0.9995975696672244,false,504.7499055441481
5508,Bath textiles and bath mats,18024,17795,0.9872947181535731,0.9999930640865957,false,433.4027289527723
5515,Tableware,1032,1032,1.0,0.999819395687961,true,2722.371262012319
5516,Mugs and cups,30443,4369,0.14351410833360706,0.9999452463463065,false,5469.131751540041
5523,Oven dishes,314,314,1.0,0.9999088489383788,true,61.06361314168374
5524,Planks,2666,2641,0.9906226556639159,0.9999654939855116,false,40.422565092402486
5527,Tableware,5551,5551,1.0,0.9998747362744514,false,337.623180698152
5530,Foods,460,460,1.0,0.999970834936248,false,89.94308911704313
5534,Kitchen tools,469,469,1.0,0.9998616571585058,true,1410.5683958932234
5536,"Glasses (drink, beer, wine etc)",308,308,1.0,0.9999491848153695,false,72.29234332648868
5540,Wash treatment and accessories,1461,1461,1.0,0.9998438067871177,false,616.1570759753594
5554,Baby / Toddler,36,36,1.0,0.999884264051176,true,74.12988788501025
5562,"Glasses (drink, beer, wine etc)",221,221,1.0,0.9999404084262935,true,209.02108090349068
5563,Electrical tools,5912,5068,0.8572395128552097,0.9996415813283525,false,325.4494907597534
5566,"Cloths, mops, sponges and brush",26005,23906,0.9192847529321284,0.9999386910853485,false,717.7680899383979
5568,"Cloths, mops, sponges and brush",12087,12087,1.0,0.999931067942018,false,340.65257659137575
5569,Small storage,13872,13872,1.0,0.9999494561257602,false,229.9473609856262
5573,Home decoration,19584,13233,0.6757046568627451,0.9999773714274627,false,696.2405774127308
5581,Puzzles,1034,1034,1.0,0.9998404189030391,true,954.0582184804889
5582,Puzzles,3290,3290,1.0,0.9999682768298658,false,17.722677618069827
5583,Hobby and creative,2981,2622,0.8795706138879571,0.9999231715912587,false,56.84661765913759
5588,Batteries,78336,77596,0.9905535130718954,0.999987807873752,false,240.90734291581103
5593,Foodprep,32042,28026,0.8746645028400225,0.9971214611555553,false,10249.708986036956
5596,Kitchen tools,8926,7102,0.7956531481066547,0.9997405775525999,false,601.3373429158113
5597,Buckets,164,164,1.0,0.9999377667758712,false,173.03230143737136
5598,Window and squeegees,17484,17484,1.0,0.9999629562339789,false,178.57020123203287
5599,Window and squeegees,15144,15144,1.0,0.9999613536563744,false,221.526464476386
5602,Cleaning products,14925,14925,1.0,0.9999457816032187,false,217.9270673511294
5603,Bathroom accessories,10899,10899,1.0,0.9998866739974808,false,411.9152012320328
5604,Table textiles,1746,1746,1.0,0.9996218374115721,false,372.50379835728967
5605,Foils and bags,208,208,1.0,0.9998804157721517,true,2333.6030599589317
5606,Bathroom accessories,5908,5782,0.9786729857819905,0.9999286909052972,false,133.60161478439423
5608,Laundry baskets,20500,13534,0.6601951219512195,0.9997422424416591,false,785.0041363449694
5609,Storage boxes,16324,16324,1.0,0.9998797678526491,false,568.5984349075975
5610,Baskets,13421,13421,1.0,0.9999673591198887,false,156.56940246406566
5611,Baskets,8788,8788,1.0,0.9999577293065275,false,96.26328706365499
5613,Baskets,10314,10314,1.0,0.9999626934178188,false,77.68618973305949
5614,Baskets,8319,8319,1.0,0.9999593472482904,false,92.25742997946608
5615,Drink & food To Go,11290,8972,0.7946855624446413,0.9998503098380216,false,817.1212028747434
5616,Personal care,68357,58955,0.8624573928054187,0.9999856327986649,false,157.09609856262833
5617,Cleaning products,11644,11049,0.9489007214015802,0.9999538401528555,false,318.4190472279262
5618,Others,4868,4868,1.0,0.999876790809813,false,163.0330817248459
5620,Oven dishes,184,184,1.0,0.9999598950489621,false,132.14021889117043
5621,Personal care,2795,2132,0.7627906976744186,0.9999628945534013,false,28.41390554414783
5622,Wash treatment and accessories,4894,4894,1.0,0.9999698540803786,false,56.55921232032851
5625,Wash treatment and accessories,8941,6914,0.7732915781232524,0.9998169002362188,false,527.98059137577
5629,Cleaning products,2749,2749,1.0,0.999961169086498,false,28.137191375770012
5634,Stationary,10037,10037,1.0,0.9999759171834435,false,301.6560940451746
5635,Window and squeegees,69857,62830,0.8994087922470189,0.9999739264368013,false,362.9691630390144
5638,Electric personal care,35727,35706,0.9994122092535057,0.9998709544010681,false,901.9035843942505
5640,Electric personal care,3106,2439,0.7852543464262718,0.9992247937835166,false,256.29072689938397
5642,Electric personal care,16096,15793,0.9811754473161034,0.9997294400908127,false,628.0374271047228
5644,Electric personal care,17241,17241,1.0,0.9998196636615069,false,584.478180698152
5650,Pan sets,1792,1043,0.58203125,0.9986161654707023,true,1101.395678850103
5652,Partyfun,23400,23400,1.0,0.9999881681119596,false,69.13412731006161
5653,Pan sets,1992,1992,1.0,0.9972861055407614,false,1262.6562197125265
5660,Personal care,1930,1913,0.9911917098445596,0.9998497937108553,false,134.5389219712525
5677,Foods,125,125,1.0,0.9999770848601943,false,67.74159014373716
5709,"TV, Audio & Video",5730,5542,0.9671902268760908,0.9996282771544481,true,318.607590143737
5710,Drink & food To Go,7956,2130,0.26772247360482654,0.9998085052264293,true,299.3426328542093
5713,Electric personal care,20758,18042,0.8691588785046729,0.9995378848928709,false,768.3380505133466
5725,"Cloths, mops, sponges and brush",16396,16373,0.9985972188338619,0.9999894582528539,false,160.83079260780283
5726,Kitchen helpers,276,276,1.0,0.999790653680918,true,515.3974287474334
5727,Hobby and creative,806,806,1.0,0.9997056031813265,false,121.74275236139634
5736,Planks,16247,16247,1.0,0.9999392698259514,false,6640.164425051333
5742,Storage boxes,3139,3139,1.0,0.9994208070985295,false,364.3608521560571
5746,Planks,1069,1069,1.0,0.9992892162117498,true,457.4003445585212
5747,Wash treatment and accessories,1501,1501,1.0,0.9999672008139654,false,26.737013141683768
5748,Personal care,91,91,1.0,0.9998144182593877,false,230.9691942505134
5749,Cleaning products,20223,13220,0.6537111210008406,0.9999609110467272,false,187.63734291581102
5751,Cleaning products,2492,2492,1.0,0.9998110937585267,false,182.68147515400406
5753,Wash treatment and accessories,15747,15747,1.0,0.9998448105524389,false,333.8961478439424
5757,Cleaning products,46232,24898,0.5385447309223049,0.9999820495150857,false,226.66985462012315
5761,Bathroom accessories,34955,34955,1.0,0.9999905595033435,false,294.3677026694046
5772,Foodprep,5605,5605,1.0,0.9996942650647325,false,532.5827909650924
5773,Electric personal care,10193,4233,0.4152849995094673,0.9994901760530923,false,1382.4378480492815
5798,Candles & Tealights,202,202,1.0,0.9998946758869259,true,600.0787371663249
5799,Candles & Tealights,340,340,1.0,0.9999696207591031,true,341.7739622176595
5800,Candles & Tealights,902,902,1.0,0.9999850605214338,true,341.76236550308016
5804,Others,783,783,1.0,0.9999712544610153,false,83.31875482546202
5805,Candles & Tealights,9363,9363,1.0,0.999961606859824,false,94.92714661190959
5807,Drink & food To Go,4519,4519,1.0,0.9999886761100905,false,32.103431622176615
5815,Residential odors,20367,18395,0.9031767074188638,0.9999476048305368,false,160.85665379876792
5820,Photo frames & albums,13267,13267,1.0,0.9999892456910273,false,80.1038431211498
5821,Photo frames & albums,2988,2988,1.0,0.9999554345127607,false,87.99129363449691
5827,Foodprep,2734,2734,1.0,0.9967656447155482,true,6662.566618480497
5837,Drying racks,2915,2804,0.9619210977701543,0.9998722085432042,true,275.97172279260786
5838,Hobby and creative,10,10,1.0,0.999588188179269,true,230.0297856262837
5839,"Cloths, mops, sponges and brush",20371,20371,1.0,0.9999893523776819,false,220.47697330595477
5840,Construction,406,406,1.0,0.99979446647096,true,695.8383145790553
5843,Kitchen tools,1089,1089,1.0,0.9998944275318992,false,160.0837330595482
5845,Kitchen tools,1017,1017,1.0,0.999703077938399,false,317.6375367556467
5848,Bath textiles and bath mats,3905,2353,0.602560819462228,0.9998628080851819,true,966.7726016427105
5849,Tableware,1811,1534,0.8470458310325787,0.999942085635327,true,1332.641331416838
5850,Tableware,1482,1482,1.0,0.9997730396883271,true,4592.590282546198
5851,Hobby and creative,930,930,1.0,0.9999816249706481,true,23.09881560574947
5857,Bathroom accessories,7208,7208,1.0,0.9998981536104935,false,257.0039104722793
5858,Racks and pockets,19847,19847,1.0,0.9999569431087532,false,146.2349445585216
5859,Waste bags,32709,32245,0.9858143018741019,0.9999661062166846,false,362.7077913757701
5861,Construction,694,694,1.0,0.9997945772944019,false,307.8102381930188
5863,Baskets,7560,7560,1.0,0.9999602277149486,false,174.95679260780292
5864,Storage boxes,3305,3305,1.0,0.999661331176139,true,1399.7243408624186
5866,Storage boxes,140,140,1.0,0.9993660999618752,false,322.8917482546202
5867,Storage boxes,6104,6104,1.0,0.9998605357493214,false,149.96495277207387
5868,Cleaning products,13087,12825,0.9799801329563689,0.9999380192600701,false,225.28141683778233
5869,Cleaning products,3231,3231,1.0,0.9998835884938394,true,336.9565305954828
5870,Cleaning products,23645,16349,0.6914358215267499,0.9999643611657643,false,577.1463893223811
5871,Cleaning products,16862,12500,0.7413118254062389,0.9999775942690724,false,88.30984394250513
5872,Baskets,3880,3880,1.0,0.9999681810210671,false,310.8275285420944
5874,Cleaning products,4646,4646,1.0,0.9998213896654226,false,522.1100895277208
5878,Dishwashing articles,88,88,1.0,0.9999601992041838,false,63.131916221765934
5880,Residential odors,8291,8291,1.0,0.9999635200324567,false,197.67444024640648
5895,Electric personal care,8199,8199,1.0,0.999753022536167,false,235.27826201232034
5896,Electric personal care,4295,4295,1.0,0.9995553650011781,false,312.1615589322383
5897,"TV, Audio & Video",235,235,1.0,0.9992899915203065,false,523.7679770020535
5899,Frying pans,16590,12271,0.739662447257384,0.9996197183547901,false,1486.367776591376
5915,Candles & Tealights,18492,18492,1.0,0.9999382396316217,true,556.5480427104723
5918,Candles & Tealights,22346,22346,1.0,0.9999367362118223,false,266.31160780287473
5919,Residential odors,2090,1681,0.8043062200956937,0.9999612387201128,false,19.598982340862424
5922,Drinks,1618,1618,1.0,0.9999353225777692,false,451.54737577002084
5924,Cooking books,103,103,1.0,0.9998848675788345,false,439.7561675564685
5931,Residential odors,8151,8122,0.9964421543368912,0.9998906275916677,false,172.03765174537983
5941,Kitchen helpers,7753,7753,1.0,0.999952697745531,false,124.23186036960985
5943,Stationary,40808,40808,1.0,0.9999782801733478,false,378.1350410677617
5946,Clocks,5990,5938,0.9913188647746244,0.9998282833907346,false,263.22421971252567
5948,Stationary,11671,11671,1.0,0.9999752727179267,true,7400.790022176589
5951,Stationary,31596,31596,1.0,0.9999959258110336,false,26.19466119096509
5954,Foodprep,140,140,1.0,0.9978853799702593,true,6980.647624640656
5955,Racks and pockets,2665,2665,1.0,0.9989949200372927,true,2761.870841889116
5959,Construction,972,972,1.0,0.9999437495005372,true,49.5624234086243
5971,Construction,340,340,1.0,0.9996657605643143,false,126.32667720739224
5974,Girls toys,657,657,1.0,0.9997771448862743,true,281.840594661191
5977,Cleaning products,26230,23227,0.8855127716355319,0.9999673802516372,false,332.88943572895266
5981,Window and squeegees,9923,9847,0.9923410258994255,0.9997976412140078,false,406.0873979466119
5982,"Glasses (drink, beer, wine etc)",503,503,1.0,0.9998974328651782,false,125.80957700205343
5983,"Glasses (drink, beer, wine etc)",940,940,1.0,0.9999149158540889,false,99.67971252566728
5987,Baskets,8440,8440,1.0,0.9999253085820038,false,167.44727310061592
5989,Baskets,13532,13532,1.0,0.9999764058473087,false,63.780004106776154
5991,Cleaning products,47876,47876,1.0,0.9999736658835926,false,190.375495687885
5992,Cleaning products,28447,28447,1.0,0.9999863537467538,false,177.8133416837782
5993,Wash treatment and accessories,589,589,1.0,0.9999926059723999,false,206.77453798767976
5994,Wash treatment and accessories,3293,3293,1.0,0.9999346107947567,false,77.57452607802877
5995,Toilet cleaners and odors,22789,22789,1.0,0.9998753354849192,false,233.0926176591374
5997,Cleaning products,6986,6986,1.0,0.9999413210067093,false,103.49679671457905
5998,Thermos jugs,1755,1755,1.0,0.9998008408444672,true,618.2935133470228
5999,Cleaning products,7591,7591,1.0,0.9998527934324065,false,280.9654767967146
6000,Cleaning products,26946,26946,1.0,0.9999500637509294,false,271.93229158110887
6001,Wash treatment and accessories,18385,18385,1.0,0.9998652056578724,false,476.75171088295644
6003,Waste bins,2949,2949,1.0,0.9997321307564225,true,655.5105470225876
6006,Residential odors,3854,3854,1.0,0.9998711289304861,false,224.08836960985613
6009,Cleaning products,7102,7102,1.0,0.999962567827766,false,289.9820402464064
6010,Personal care,15172,15172,1.0,0.9999501025041924,false,254.13372648870654
6015,Coffee makers and kettles,4407,4340,0.9847969140004538,0.9999167540603072,false,80.51456919917865
6018,Coffee makers and kettles,10818,10818,1.0,0.9991533129065281,false,1504.529372895277
6024,Measuring and weighing,41584,5447,0.1309878799538284,0.9999557711703494,false,8786.80585626283
6029,Partyfun,24657,24657,1.0,0.9999898155473255,false,62.172729363449676
6040,Personal care,1830,1830,1.0,0.9998438227226176,false,138.6633449691992
6052,Candles & Tealights,55909,55909,1.0,0.9998797204203397,false,937.250307186858
6053,Candles & Tealights,74177,74177,1.0,0.9999889285118423,false,153.85168336755652
6069,Clocks,16793,14644,0.8720300125052105,0.9999446390104921,false,1739.1248057494872
6071,Photo frames & albums,21370,21370,1.0,0.9999877214370508,false,122.00841026694044
6075,Stationary,27641,27641,1.0,0.9999823496681355,false,214.0766476386037
6077,Foodprep,174,174,1.0,0.9959298941648106,true,2644.811951950719
6078,Drink & food To Go,9077,9077,1.0,0.9997773963023718,true,1052.4816193018476
6080,Drink & food To Go,11945,6037,0.5053997488488907,0.9998864808995955,true,416.7117650924024
6082,Electric personal care,5430,5263,0.9692449355432781,0.9994164505351897,true,546.3138184804925
6095,Construction,597,597,1.0,0.9999274981683683,false,140.84986611909648
6098,Batteries,309,309,1.0,0.9998310498373103,true,114.83700944558515
6107,Ironing,982,825,0.840122199592668,0.9972550963971389,true,1074.1308628336756
6108,Ironing,3357,2751,0.8194816800714924,0.9995804106405383,false,258.1350759753593
6109,Hobby and creative,1146,1146,1.0,0.9999771718742467,false,43.213940862422966
6139,Foods,795,795,1.0,0.9999855009713929,false,42.02405585215601
6140,Store kitchen,6400,6400,1.0,0.9999503318351205,false,160.71262915811093
6143,Drink & food To Go,12860,11508,0.8948678071539657,0.999876160491318,false,484.6023531827514
6144,Bathroom accessories,79927,79927,1.0,0.999994761024594,false,975.1882833675561
6145,Cooking pans,943,737,0.7815482502651113,0.9999246885136619,false,109.20885708418888
6152,Storage boxes,14736,13229,0.8977334419109664,0.9997450085021822,false,829.0367638603694
6154,Thermos jugs,2099,2099,1.0,0.9998217105115195,false,147.62481108829562
6155,Storage boxes,6880,6852,0.9959302325581395,0.9998052439534298,false,204.53096180698157
6157,Wash treatment and accessories,14196,14047,0.9895040856579318,0.9999357311438886,false,205.6306804928132
6158,Personal care,74272,74272,1.0,0.9999687043243749,false,1116.6397700205332
6159,Cleaning products,7450,7353,0.9869798657718121,0.9999591621837619,false,113.19488131416834
6162,Wash treatment and accessories,22734,13813,0.6075921527227941,0.9998887048094491,false,896.5846135523617
6168,"Cloths, mops, sponges and brush",10657,10657,1.0,0.9999133555058766,false,299.3904024640655
6174,Coffee makers and kettles,25984,25984,1.0,0.9998454667285397,false,681.5800390143734
6184,Special pans,13360,9943,0.7442365269461078,0.9987899414924796,false,3472.644137987679
6190,Bags and backpacks,18716,18716,1.0,0.9999540068740156,false,329.30892854209446
6215,Vases,2031,2031,1.0,0.9999358276187441,false,107.78063285420949
6216,Candles & Tealights,10442,10442,1.0,0.9999477947987551,false,880.6029178644759
6227,Clocks,10540,10540,1.0,0.9999536928519177,false,175.95151704312107
6233,"Glasses (drink, beer, wine etc)",205,205,1.0,0.9998701518241897,false,224.3836229979466
6238,Batteries,234,234,1.0,0.9998736539774078,true,26.759318275153984
6245,Storage boxes,410,410,1.0,0.9995350776894504,false,415.5395137577001
6246,"Glasses (drink, beer, wine etc)",548,548,1.0,0.9999848094051054,false,20.163676796714586
6248,Storage boxes,8281,8281,1.0,0.9999292395692156,false,133.4007392197125
6250,Cleaning products,5549,5549,1.0,0.9999345943023304,false,97.2063121149897
6251,Storage boxes,884,884,1.0,0.9996107481559706,false,226.94304722792634
6256,Light bulbs,777,777,1.0,0.9998768113730427,false,85.6696394250513
6257,Wash treatment and accessories,29816,18547,0.6220485645291118,0.9999101930642237,false,881.2570340862421
6258,Cleaning products,5109,5109,1.0,0.9998918690016301,false,311.7113683778236
6259,Wash treatment and accessories,47852,40048,0.8369138176042799,0.9997659621789385,false,1603.3142899383986
6261,Cleaning products,3273,3273,1.0,0.9999756298529968,false,105.61318275154
6264,Waste bins,6155,6084,0.9884646628757108,0.9997679191218577,false,167.42648870636543
6266,Shoe maintenance,2141,2141,1.0,0.9999421787383396,false,111.49737700205337
6267,Residential odors,4928,4928,1.0,0.9999819948587846,false,151.82132402464066
6268,Residential odors,5989,5989,1.0,0.9999775451608482,false,128.31223655030803
6269,Window and squeegees,74367,74367,1.0,0.999993970405694,false,336.5754488706364
6272,Foodprep,58678,46385,0.7905006987286547,0.9995020902786489,false,3717.391292813143
6273,Sockets and security,7321,7321,1.0,0.9998935046208857,false,535.4223991786452
6274,Coffee makers and kettles,162,162,1.0,0.9984309741770356,false,8076.952558521559
6284,Construction,440,440,1.0,0.9989697810197753,true,583.3651548254617
6297,Candles & Tealights,6563,6563,1.0,0.9999342308678947,false,131.27738193018476
6299,Candles & Tealights,226,226,1.0,0.9999748337384231,true,293.84277453798785
6300,Candles & Tealights,447,447,1.0,0.999982768339804,true,435.3000049281313
6301,Candles & Tealights,784,784,1.0,0.9999652397745811,false,377.1977453798769
6307,Foods,4556,4556,1.0,0.9999802165957706,false,57.105761396303905
6308,Others,18875,18875,1.0,0.9999697452412784,false,105.0929462012321
6309,Other Holidays,30035,30035,1.0,0.9999822421577186,true,541.7488295687879
6332,Photo frames & albums,1483,1483,1.0,0.9998963228740244,false,89.52171211498977
6334,Photo frames & albums,16563,16563,1.0,0.9999869557337495,false,118.63735112936347
6347,Window and squeegees,2949,2949,1.0,0.9998637245414593,true,125.16942628336757
6348,Vacuuming,541,541,1.0,0.9964307020794885,true,8768.664788501024
6349,Store kitchen,868,868,1.0,0.9996639068905625,true,389.0835154004106
6351,Tableware,6217,4401,0.7078976998552357,0.9972200264097589,true,5172.688892402459
6367,Store kitchen,927,927,1.0,0.9998684294045416,true,152.20796550308006
6369,Drink & food To Go,450,450,1.0,0.9999250106971032,false,109.39819630390133
6371,Thermos jugs,2081,2064,0.9918308505526189,0.9996641189442821,false,246.3257511293635
6375,Bathroom scales,1323,1323,1.0,0.9992761884576494,false,902.9204242299796
6380,Hobby and creative,4532,4532,1.0,0.999911622791387,false,77.44301519507185
6387,Baby / Toddler,2500,1635,0.654,0.9996869664134829,false,318.41838028747424
6395,"Glasses (drink, beer, wine etc)",1085,1085,1.0,0.9997880001935527,true,183.75620082135518
6403,Small storage,32297,32297,1.0,0.9999806466850296,false,202.02086242299796
6406,Foils and bags,45165,44341,0.9817557843462859,0.9999893445263919,false,241.54323613963027
6407,Shoe maintenance,16182,16182,1.0,0.9999851191085379,false,776.6095408624229
6408,Cleaning products,9609,9609,1.0,0.9999629187285095,false,301.1683248459958
6411,Buckets,30120,29877,0.9919322709163346,0.9999125582832944,false,490.869920328542
6414,Baskets,4342,4342,1.0,0.9998282811740415,false,105.2511663244353
6417,Wash treatment and accessories,4960,4960,1.0,0.9999857193112728,false,25.293478028747433
6418,Cleaning products,33663,33213,0.9866322074681401,0.9999632431647072,false,320.43120369609863
6419,Personal care,10361,10361,1.0,0.9999905754762949,false,36.38953593429157
6420,Cleaning products,22293,22184,0.9951105728255506,0.9999835029848747,false,117.19333880903491
6421,Cleaning products,7599,7549,0.993420186866693,0.9999249670522816,false,144.20656878850104
6423,Personal care,8314,8314,1.0,0.9999305381342084,false,163.18588295687883
6428,Cleaning products,5201,5201,1.0,0.9997327860238058,true,1545.6980402464064
6429,Wash treatment and accessories,16387,16387,1.0,0.9998779439764187,false,2440.312022997946
6430,Waste bins,4577,4555,0.9951933580948219,0.9997575645671946,false,155.93382258726905
6433,Shoe maintenance,1581,1581,1.0,0.9995297084125236,false,879.0568004106774
6434,Phones,9897,9897,1.0,0.9999939085528525,false,85.47425462012319
6437,Electric personal care,26464,22816,0.8621523579201935,0.9995634311099071,false,3451.9192566735105
6440,Electric personal care,3671,3671,1.0,0.9993190471257185,false,552.6128554414782
6442,Electric personal care,17955,14594,0.8128098022834865,0.9998236786193977,false,607.2051770020533
6503,"Glasses (drink, beer, wine etc)",555,555,1.0,0.9997178515805891,true,707.3315498973302
6512,Construction,1784,1784,1.0,0.9997390870924707,true,1860.545262012321
6513,Reading glasses,2979,2564,0.860691507217187,0.9999516760754122,true,1920.1084862422995
6515,Construction,393,393,1.0,0.9996434394452877,false,348.4634324435318
6517,Ironing,6282,5614,0.8936644380770455,0.9989861644515329,true,1091.2899154004108
6520,Insecticides,46,46,1.0,0.9995328941196847,true,150.85497905544133
6522,Kitchen tools,801,801,1.0,0.9998120875542297,false,89.3149519507187
6523,Bathroom accessories,13412,13035,0.9718908440202804,0.9999508808423495,false,270.1145137577001
6524,Foodprep,13168,13168,1.0,0.9996796222252387,false,18136.746467761815
6526,Batteries,8920,8920,1.0,0.9999673370540783,false,67.00535687885015
6527,Batteries,32806,32806,1.0,0.9999720869220191,false,358.8444640657083
6528,Sockets and security,25950,24976,0.962466281310212,0.9999825103710881,false,136.0116098562628
6533,Bath textiles and bath mats,27411,25792,0.9409361205355514,0.9998208997061434,false,925.4944238193015
6534,Hobby and creative,613,613,1.0,0.9999066767794922,false,56.441480082135485
6538,Home decoration,1097,904,0.8240656335460347,0.999831544195671,false,88.65078275154009
6540,Cleaning products,17557,17472,0.9951586261889844,0.9999792625492863,false,127.22199589322376
6541,Personal care,314,314,1.0,0.9999889015276209,false,54.91418932238194
6544,Wash treatment and accessories,10465,10465,1.0,0.9999277540252731,false,305.04015277207395
6545,Foods,849,849,1.0,0.9999779810407724,false,66.50436960985621
6546,Cleaning products,7365,7365,1.0,0.9999260253981577,false,125.77935770020532
6547,Cleaning products,79621,70790,0.889087049898896,0.999970918286473,false,519.7236874743321
6548,Cleaning products,3068,3068,1.0,0.9998579474384569,false,138.13920739219714
6549,Cleaning products,18329,18329,1.0,0.999987348694247,false,85.47478069815192
6552,Cleaning products,3488,3488,1.0,0.9999711165505525,false,24.17958110882959
6553,Cleaning products,8772,8772,1.0,0.9999267284612463,false,102.4874168377823
6558,Cleaning products,2632,2632,1.0,0.9999865585911589,false,47.59518193018478
6559,Personal care,27167,23790,0.8756947767512056,0.9999768691185713,false,177.16018562628344
6562,Shoe maintenance,4917,4917,1.0,0.999087895486115,false,1486.417348665298
6563,Residential odors,22580,22580,1.0,0.9999423421327058,false,263.4315088295689
6564,Sockets and security,8203,8203,1.0,0.9998885141505718,false,5392.857627104724
6565,Coffee makers and kettles,151,151,1.0,0.999124851579688,false,2844.3762024640637
6566,Electric personal care,8990,8937,0.9941045606229143,0.9996783558589081,false,667.0545330595484
6567,(Steam) cleaners,369,369,1.0,0.9967540795461374,false,710.0186242299799
6568,Electric personal care,9237,9104,0.9856013857312981,0.9994587470923559,false,685.5960468172482
6578,Frying pans,6815,6702,0.9834189288334556,0.9995079532838302,false,2775.652519507187
6583,Partyfun,8893,8893,1.0,0.9999459108083849,true,524.6881564681727
6587,Personal care,93,93,1.0,0.9999749333490705,false,86.82837371663243
6603,Candles & Tealights,605,605,1.0,0.9999883221075826,true,267.54523203285424
6604,Candles & Tealights,1157,1157,1.0,0.9999847508838411,true,313.6736365503081
6619,Candles & Tealights,39432,39432,1.0,0.9999949573371203,false,38.10575770020532
6625,Photo frames & albums,10658,10658,1.0,0.999959409092646,false,214.15102874743317
6628,Photo frames & albums,1548,1548,1.0,0.9998564537566415,false,136.12813182751526
6632,Stationary,11831,11831,1.0,0.9999957263855634,false,15.894128131416831
6633,Clocks,2577,2577,1.0,0.9998378965996705,false,8530.941666529776
6654,Hobby and creative,395,395,1.0,0.9998364911841466,false,169.47112977412738
6661,Fans and electric blankets,102,102,1.0,0.9987797297924056,true,1144.629489938402
6662,Mugs and cups,2036,1384,0.6797642436149313,0.9999432796988557,true,996.5318151950714
6663,Others,2163,2163,1.0,0.9998325118835522,true,5153.982825462011
6665,Tea and coffee,12809,12809,1.0,0.9999811953584355,false,103.23042299794658
6668,Waste bags,54218,54218,1.0,0.9999878746841534,false,286.7389503080081
6673,Baskets,8938,8938,1.0,0.9999621173677644,false,95.67611498973307
6674,Baskets,6857,6857,1.0,0.999983509219144,false,41.40113347022587
6675,Baskets,6918,6918,1.0,0.9999584096426796,false,79.35730102669407
6677,Wash treatment and accessories,915,915,1.0,0.9996951345656008,true,853.5804110882955
6678,Baby / Toddler,167,167,1.0,0.9999200279847129,true,152.75174620123195
6682,Cleaning products,15077,15077,1.0,0.9999718045200299,false,255.67838069815198
6683,Cleaning products,3182,3182,1.0,0.9999735941087557,false,50.90324106776184
6684,Waste bins,7964,7788,0.9779005524861878,0.9997580682268277,false,721.801952772074
6686,Waste bins,2923,2697,0.9226821758467328,0.9995343915812743,false,443.1886915811085
6688,Drink & food To Go,7695,7695,1.0,0.9999484125992384,false,172.6059856262835
6690,Cleaning products,21236,21236,1.0,0.9999853018242074,false,236.06916139630385
6692,Electric personal care,39721,37095,0.9338888749024445,0.9995167184779882,false,3942.201711704312
6700,Electric personal care,91,91,1.0,0.9995051798637173,true,6270.620002464066
6703,Special pans,152,152,1.0,0.9981179120594613,true,36206.96795400411
6711,Personal care,1354,1184,0.8744460856720827,0.9998300604589035,false,254.33495277207382
6720,Candles & Tealights,130,130,1.0,0.9999896784452742,true,239.38359671457926
6721,Candles & Tealights,128,128,1.0,0.9999710886283533,true,272.034546201232
6735,Vases,51074,51074,1.0,0.9999108057404317,false,32198.72110431211
6743,Wash treatment and accessories,4955,4682,0.944904137235116,0.999744484200606,false,192.55777084188918
6751,Cleaning products,39370,39052,0.9919227838455676,0.9999652903576092,false,421.21637289527706
6753,Hobby and creative,1029,1029,1.0,0.9999875417808844,false,22.450836960985626
6762,"Cloths, mops, sponges and brush",21892,21892,1.0,0.9999921349463898,false,136.62596550308
6763,Planks,1315,1315,1.0,0.9998445084484424,false,295.42835071868575
6765,Tableware,2417,2412,0.9979313198179561,0.999944751972132,false,68.3522977412731
6768,Store kitchen,27003,27003,1.0,0.9999113881718563,false,476.86431745379855
6770,Cleaning products,19013,19013,1.0,0.9999227868626869,false,331.3892997946612
6771,Cleaning products,16897,16897,1.0,0.9999734954073554,false,120.04108829568786
6772,Thermometers,12532,12532,1.0,0.9999876374106308,false,980.0163055441475
6773,Measuring and weighing,23497,23227,0.9885091713835809,0.999947901085025,false,440.90370184804925
6775,Bathroom accessories,1432,1432,1.0,0.9997961887189072,false,396.6433227926078
6776,"Cloths, mops, sponges and brush",155,155,1.0,0.9999864999478524,false,463.40984312114983
6777,Baby / Toddler,215,215,1.0,0.9996158791589206,true,1155.4476320328536
6779,Waste bags,86173,86173,1.0,0.9999920553845729,false,917.7404907597532
6782,Storage boxes,8082,8082,1.0,0.999912484247493,false,245.32369609856266
6784,Cleaning products,11148,11148,1.0,0.9999759755280816,false,99.71345051334701
6786,Cleaning products,5631,5631,1.0,0.9998720032872779,false,223.3011154004106
6787,Personal care,74762,69935,0.935435114095396,0.999979548296844,false,579.9509199178642
6791,Cleaning products,21107,17820,0.8442696735680106,0.9999877488106719,false,107.09448911704307
6792,Window and squeegees,6671,6671,1.0,0.9999731843959874,false,165.3328706365502
6794,Cleaning products,8492,8492,1.0,0.9998988635509621,false,225.97616468172473
6796,"Cloths, mops, sponges and brush",1716,1716,1.0,0.999975654559185,false,182.1068254620125
6798,Cleaning products,2066,2066,1.0,0.9999790948132101,false,59.632790143737125
6801,Partyfun,40498,40498,1.0,0.9999918614437767,false,63.8632681724846
6803,Residential odors,13898,13898,1.0,0.9999701086810454,false,137.0247556468173
6815,Partyfun,84619,84619,1.0,0.9999669333542252,false,385.8393100616018
6830,Candles & Tealights,214,214,1.0,0.9999449002694693,true,254.72517043121107
6833,Residential odors,10611,10426,0.9825652624634813,0.9999706901420214,false,51.17772443531827
6838,Greeting cards,3512,3512,1.0,0.9999679075069523,false,177.87235441478427
6846,Photo frames & albums,16384,16384,1.0,0.9999801590155353,false,142.5678759753593
6848,Photo frames & albums,12640,12640,1.0,0.999982585197078,false,108.07932156057494
6850,Photo frames & albums,2128,2128,1.0,0.9999557398342334,false,54.61381889117042
6864,"Glasses (drink, beer, wine etc)",378,378,1.0,0.9998560954634889,true,846.5516492813142
6872,Drink & food To Go,892,892,1.0,0.9999207022231151,false,142.44465010266936
6873,Reading glasses,1216,1216,1.0,0.9999603661217396,true,374.2749794661191
6875,Racks and pockets,2126,2126,1.0,0.9997531213466045,false,5084.2115256673505
6879,"Glasses (drink, beer, wine etc)",88,88,1.0,0.9999707219335472,true,922.9939404517435
6882,Teletoys,969,969,1.0,0.9996782831698185,false,924.8931885010268
6883,Electric personal care,6298,3165,0.502540489044141,0.9995248685772574,false,920.7931663244349
6884,Batteries,36242,32321,0.8918106064786712,0.9999637506183794,false,4779.0982911704305
6887,Batteries,29964,29964,1.0,0.9999809862791688,false,219.7180123203284
6893,Serve and present,2737,2737,1.0,0.9999251009352559,true,194.69746817248452
6896,Store kitchen,31045,30818,0.9926880334997584,0.9999518484541117,false,733.4268254620117
6897,Store kitchen,36435,36435,1.0,0.9999570273734165,false,264.25666365503076
6898,Shoe maintenance,18709,18709,1.0,0.9999835377475123,false,1611.5506365503072
6899,Cleaning products,18825,18825,1.0,0.9999460463321264,false,224.26045749486656
6900,Dishwashing articles,23249,23249,1.0,0.9999738921507264,false,450.7241527720738
6902,Shoe maintenance,16731,16731,1.0,0.9999824196738316,false,2494.1861675564664
6905,Racks and pockets,36135,36135,1.0,0.9999338592605933,false,15092.156466529763
6908,Vacuuming,561,561,1.0,0.9999310805161469,false,513.1825770020533
6909,Storage boxes,250,250,1.0,0.9991151595204075,true,877.0199642710487
6910,Baskets,9335,9335,1.0,0.9999894166387514,false,30.32154209445586
6911,Baskets,11083,11083,1.0,0.9999720378925596,false,82.71726078028742
6912,Storage boxes,93,93,1.0,0.9993785255237144,false,392.38003819301815
6913,Personal care,20866,10603,0.5081472251509633,0.99998118299488,false,48.89255646817249
6915,Hobby and creative,360,360,1.0,0.9999051134487938,false,82.25802915811092
6916,Cleaning products,2785,2785,1.0,0.9995051836075053,true,2198.4049478439406
6921,Wash treatment and accessories,23831,23831,1.0,0.9998758933512393,false,683.3935622176591
6922,Wash treatment and accessories,30316,16399,0.5409354796147249,0.9999100073521098,false,883.7198094455853
6924,Residential odors,5146,5146,1.0,0.9999704885780322,false,167.19244435318276
6932,Others,1571,1571,1.0,0.9999431176183943,false,44.99286652977413
6934,Cooking pans,1497,1245,0.8316633266533067,0.9990734035648078,true,483.1193248459959
6954,Candles & Tealights,7157,7157,1.0,0.9999499170356755,false,115.0404291581109
6955,Candles & Tealights,78,78,1.0,0.9999592756579918,true,241.66589568788498
6956,Candles & Tealights,194,194,1.0,0.9999199970829293,true,458.06325462012285
6957,Candles & Tealights,189,189,1.0,0.9999713092548633,true,470.27888131416864
6964,Residential odors,34997,24331,0.6952310198016973,0.9998571712609157,false,826.196744558521
6969,Gift,22531,22531,1.0,0.9999741176940512,false,288.2943474332648
6973,Gift,56661,56661,1.0,0.9999812092220277,false,448.8721683778234
6977,Photo frames & albums,4362,4362,1.0,0.9999401875088184,false,146.6905051334702
6978,Vases,17077,17077,1.0,0.9998825263121078,false,4755.244858316225
6985,Storage boxes,35698,29826,0.8355089921003978,0.9998889688870238,true,1673.5070357289526
6987,Store kitchen,3523,3523,1.0,0.9975133766241476,true,31494.466162217675
6994,Hobby and creative,529,529,1.0,0.9999338573818466,true,524.3012303901439
7000,Hobby and creative,357,357,1.0,0.9998887352282285,true,396.3115515400409
7001,Hobby and creative,454,454,1.0,0.9997820988695783,true,1037.0081552361403
7005,Kitchen tools,1041,1041,1.0,0.9999202826810561,false,63.043897330595506
7006,Drinks,3869,3869,1.0,0.9996748709966723,false,2426.1079507186855
7011,Others,3066,3066,1.0,0.9999355392840369,true,14898.613963860373
7020,Bathroom accessories,7966,7966,1.0,0.9998590192527937,false,382.4824435318275
7027,Toilet cleaners and odors,5782,5782,1.0,0.9999192990157897,false,1123.4043457905543
7028,Light bulbs,1793,1793,1.0,0.9999567887677103,false,102.26389117043122
7029,Cleaning products,4738,4738,1.0,0.9999145645126899,false,117.70224887063654
7030,Cleaning products,5480,5480,1.0,0.9999002875351019,false,137.42142422997946
7036,"Cloths, mops, sponges and brush",2667,2667,1.0,0.9999709791480306,false,583.6065067761808
7050,Phones,8354,8354,1.0,0.9992317794898794,false,1260.735261601642
7055,Electric personal care,9820,9543,0.9717922606924644,0.9993900931071135,true,1130.6307462012323
7080,Others,29051,28754,0.9897765997728133,0.9999766810805674,false,122.06399342915813
7089,Residential odors,66,66,1.0,0.9999806750219002,true,63.16247761806978
7091,Gift,17523,17523,1.0,0.9999813097164012,false,285.1780509240246
7093,Partyfun,5855,5855,1.0,0.9999840645079753,false,54.65483860369608
7096,Others,8249,8249,1.0,0.9999163309478164,true,1399.23359342916
7103,Vases,15130,15130,1.0,0.9999427823453608,false,193.25946119096514
7115,Window and squeegees,1697,1697,1.0,0.9999157244122814,true,90.31484229979459
7133,Games,138,138,1.0,0.9997551067587931,true,136.3200496919917
7134,Tableware,3004,3004,1.0,0.9999370277957064,true,2440.581694045174
7135,"Cloths, mops, sponges and brush",21985,21796,0.9914032294746418,0.9999898393821516,false,142.04703860369608
7136,"Cloths, mops, sponges and brush",12591,12591,1.0,0.9999953018600667,false,62.233504312114995
7141,Laundry baskets,26948,19402,0.7199792192370491,0.9997114907622106,false,1129.7328344969198
7142,Baskets,8946,8946,1.0,0.9999830161431468,false,78.90015359342918
7143,Baskets,12453,12453,1.0,0.9999352302352761,false,170.1980776180698
7144,Personal care,89392,55016,0.6154465724002148,0.9999883033206559,false,277.99791375770025
7145,Storage boxes,6963,6963,1.0,0.9997229360751222,false,264.35937248459953
7146,Storage boxes,6513,6513,1.0,0.9999044141316268,false,106.94636509240246
7148,Wash treatment and accessories,3033,3033,1.0,0.9999486341324418,false,49.50997946611907
7149,Wash treatment and accessories,1917,1917,1.0,0.999893117907272,false,65.85539630390144
7158,Cleaning products,18242,17381,0.9528012279355333,0.9999794151163508,false,88.7314854209446
7161,Bathroom accessories,24507,24507,1.0,0.9999899249622991,false,743.8074431211498
7162,Measuring and weighing,12537,12274,0.979022094599984,0.9999753315966516,false,172.4012895277206
7163,Shoe maintenance,16679,16679,1.0,0.9999703874077271,false,380.8006611909651
7168,Electric personal care,6733,6733,1.0,0.9996187391596121,false,209.17025708418876
7177,Moisture treatment and climate,38435,38105,0.9914140757122415,0.9998191432750214,false,1161.3474907597536
7195,Candles & Tealights,210,210,1.0,0.9999514965665856,true,257.2747515400412
7196,Candles & Tealights,129,129,1.0,0.9999733375516564,true,401.8220895277196
7216,Photo frames & albums,13263,13263,1.0,0.9999727877923195,false,173.44491909650927
7225,Storage boxes,27545,27545,1.0,0.9998921079372346,true,980.0885995893227
7228,Kitchen helpers,2376,2376,1.0,0.9997025124810811,true,305.5542546201234
7230,Construction,1465,1465,1.0,0.9997285727816664,false,233.63976180698134
7236,Boys toys,18,18,1.0,0.9996761781674682,true,271.50549568788506
7239,"Cloths, mops, sponges and brush",13469,13469,1.0,0.9999862908031196,false,138.70871704312103
7240,Hobby and creative,226,226,1.0,0.9998270023061862,true,372.4380357289529
7242,Batteries,6646,6646,1.0,0.9999862771958075,false,52.34452525667352
7244,Cleaning products,2,2,1.0,0.9997068787357926,true,49.17475852156065
0,total,20416787,18507988,0.9065083551099397,0.9997850701335387,false,2192752.2073917864
