article_id,article_name,total_demand,demand_satisfied_from_stock,achieved_fill_rate,target_fill_rate,slow_mover,holding_cost
1111,Puzzles,92,92,1.0,0.9968196442064448,true,78.16008542094485
1126,Table paper,3940,3940,1.0,0.9994702229304735,false,950.8937987679668
1127,Table paper,16478,16478,1.0,0.9998770551868096,false,94.15449609856262
1129,Kitchen tools,5969,5969,1.0,0.9987798767434987,false,272.43414989733054
1131,Bicycle accessories,5319,5319,1.0,0.9996109316058656,false,176.89203819301844
1134,Ironing boards,4323,4323,1.0,0.9839021124765821,false,822.226126078028
1135,"Cloths, mops, sponges and brush",9812,9812,1.0,0.9998794339462118,false,106.44532895277204
1136,Kitchen textile,9291,9291,1.0,0.9997625169844888,false,1193.6140410677622
1137,Table textiles,2134,2134,1.0,0.998622458284674,false,149.05095687885006
1138,Table textiles,1839,1839,1.0,0.9989439998501851,false,119.46191088295686
1139,Table textiles,1671,1671,1.0,0.9988361484134318,false,129.15407063655022
1141,Bath textiles and bath mats,40275,40275,1.0,0.9999459702928878,false,1044.3643963039017
1151,Outdoor toys,1211,1211,1.0,0.998857674552821,true,638.2712344969194
1162,Light bulbs,3278,3278,1.0,0.9996772871326394,false,68.1370369609856
1164,Batteries,72564,67745,0.93358965878397,0.9997623931165579,false,428.9102813141685
1166,Batteries,23330,23330,1.0,0.999790256863503,false,148.52161601642692
1167,Batteries,59284,59284,1.0,0.9995226154005651,false,563.8425400410678
1170,Tableware,2968,2822,0.9508086253369272,0.9991116152261554,false,109.65455728952765
1171,Stairs,9932,6196,0.6238421264599275,0.9950811385751525,false,530.0483137577003
1172,"Cloths, mops, sponges and brush",22256,20351,0.9144051042415529,0.9994786529582308,false,474.21391622176577
1173,Racks and pockets,14647,12876,0.8790878678227624,0.9997332853426247,false,733.3983080082133
1174,Store kitchen,3367,3367,1.0,0.9965774110637746,false,911.9785305954823
1178,Baskets,7854,7792,0.9921059332824038,0.9992368647018363,false,126.88967556468171
1180,Construction,744,744,1.0,0.9962048868761311,true,320.42895564681703
1182,Laundry baskets,15616,10311,0.6602843237704918,0.9971859464886248,false,468.1948160164271
1183,Baskets,6644,6644,1.0,0.9994824695241424,false,79.42279917864474
1184,Baskets,7237,7237,1.0,0.9997216073309988,false,317.9835006160165
1186,Cleaning products,612,612,1.0,0.999511046219138,true,83.09928542094457
1187,Suitcases,691,665,0.9623733719247467,0.9935894611725719,false,165.8856061601644
1188,Cleaning products,6544,6544,1.0,0.9991756975687549,false,197.69986447638604
1189,Wash treatment and accessories,308,308,1.0,0.9991425731604695,false,980.0214110882954
1191,Cleaning products,39534,31904,0.8070015682703495,0.9994624848572621,false,234.82764024640647
1201,Electric personal care,10934,10934,1.0,0.9993683453469334,false,99.35755154004104
1202,Kitchen appliances,308,308,1.0,0.9908843785467398,false,2094.2088266940445
1205,Kitchen tools,32617,32617,1.0,0.9999109838814495,false,256.95591375770016
1209,Cooking pans,13941,10112,0.7253425148841547,0.9962371288017662,false,539.60765174538
1218,Personal care,7639,7639,1.0,0.9997519931468709,false,57.68947515400405
1243,Photo frames & albums,17610,17610,1.0,0.9998237497728212,false,119.16019794661193
1245,Clocks,11810,10936,0.9259949195596952,0.999552835868577,false,707.2246784394248
1248,Coffee makers and kettles,22220,22220,1.0,0.9921760123225022,false,12164.433647227928
1253,Frying pans,5926,5926,1.0,0.9986293883145874,false,282.365568788501
1262,Construction,274,274,1.0,0.9988011699787231,true,144.73956344969213
1272,Hobby and creative,16598,16123,0.9713820942282203,0.9989260243247176,false,354.4765273100616
1282,Table paper,17848,17718,0.9927162707306141,0.9995689934819554,false,1612.9299843942501
1283,Measuring and weighing,17922,7704,0.4298627385336458,0.999568395101706,false,157.34932320328537
1284,Ironing boards,5848,5716,0.9774281805745554,0.9866935534413034,false,357.2317761806983
1286,Ironing boards,16453,16453,1.0,0.9995944866567502,false,1183.23095687885
1288,Drying racks,4537,4537,1.0,0.9954356108057045,false,11967.308489938394
1289,Bicycle accessories,5244,5244,1.0,0.9987705811420151,false,363.82399096509255
1290,Window and squeegees,50817,30635,0.602849440147982,0.9994231922419297,false,2773.741214784394
1293,Table textiles,904,904,1.0,0.9985303249007392,false,135.446636550308
1294,Bed textile,3886,2734,0.7035512094698919,0.9972661372567326,false,2459.498312936345
1296,Bath textiles and bath mats,26880,26880,1.0,0.9993578471002686,false,4794.594560574951
1304,Tableware,5563,5563,1.0,0.9990492313424522,true,327.121613963039
1307,Suitcases,491,491,1.0,0.9882776275892429,false,273.75394455852177
1314,Dishwashing articles,284,284,1.0,0.9989913133788472,false,5783.050960164268
1316,Cutlery,2105,2105,1.0,0.9998659276094197,false,19.628827926078028
1318,Foods,634,634,1.0,0.999730539338153,false,85.67889609856262
1321,Vases,434,434,1.0,0.9994095038243238,false,67.81937494866528
1322,"Glasses (drink, beer, wine etc)",417,417,1.0,0.9997493598597464,false,63.964591375769984
1327,Tableware,4841,4841,1.0,0.9995672666731615,false,79.40709445585216
1330,Cutlery,2487,2487,1.0,0.9990813866378268,false,92.0886997946612
1333,Cutlery,418,418,1.0,0.9988808572832006,true,31.961646406570853
1334,Hobby and creative,1836,1836,1.0,0.9996131373507507,true,33.007923613963044
1337,Hobby and creative,6390,6390,1.0,0.9991878473869494,false,101.73039917864475
1340,Games,5073,5073,1.0,0.997591357973561,true,323.27789527720734
1347,Stuffed animals,3581,3581,1.0,0.9991857464994053,false,53.914192607802846
1352,Hobby and creative,252,252,1.0,0.9965870402895567,true,1302.3355256673506
1356,"Glasses (drink, beer, wine etc)",8720,8439,0.9677752293577981,0.9992077826331457,false,226.53701848049258
1357,"Glasses (drink, beer, wine etc)",1325,1325,1.0,0.9996532425662651,false,98.88088459958936
1361,Light bulbs,1538,1538,1.0,0.9995812833195561,false,71.85914825462011
1362,Batteries,114318,113132,0.9896254308157946,0.9997894595296184,false,436.48159342915824
1368,"Glasses (drink, beer, wine etc)",5144,5144,1.0,0.9997368985788377,false,45.736990965092374
1369,"Glasses (drink, beer, wine etc)",1827,1827,1.0,0.9993954318691644,true,75.48423408624218
1373,Wash treatment and accessories,8522,8371,0.9822811546585308,0.9997565970814777,false,40.59155975359343
1378,Drink & food To Go,7829,7589,0.9693447439008813,0.999114179510049,false,148.83639753593428
1379,Window and squeegees,74989,65151,0.8688074250890131,0.9998802125798154,false,146.03864271047226
1380,Window and squeegees,115118,88623,0.7698448548445942,0.9990828536138175,false,1676.96332238193
1382,Others,3977,3977,1.0,0.9995159062345715,false,443.0970792607802
1383,Table textiles,36285,35763,0.9856138900372055,0.9998041165389365,false,959.2757108829562
1384,Baskets,2516,2516,1.0,0.9970458032358309,false,213.34188911704302
1389,Tea and coffee,2698,2698,1.0,0.9981547828001264,true,91.93448993839833
1393,Kitchen helpers,9099,8786,0.9656006154522475,0.9994129960373473,false,177.88509240246404
1397,Tableware,8845,8845,1.0,0.9998603893499871,false,515.9158110882959
1399,Store kitchen,40,40,1.0,0.9918866494654375,true,387.51784681724916
1403,Mugs and cups,25804,3785,0.14668268485506122,0.9996546278805507,false,4143.780884188912
1433,Puzzles,9388,4449,0.47390285470813803,0.9928272256003223,true,3153.055449691996
1438,Measuring and weighing,45133,11646,0.2580373562581703,0.9997982938026618,false,1396.2230242299793
1440,"TV, Audio & Video",13952,13952,1.0,0.9952532413572176,true,680.1380246406572
1444,Planks,19061,19061,1.0,0.9992442295537337,false,8119.939802874742
1445,Kitchen tools,8382,8382,1.0,0.9993588690721023,false,394.10399589322384
1446,Cutlery trays,45371,45371,1.0,0.9991664804863198,false,493.78142587268997
1448,Store kitchen,9369,9369,1.0,0.9994518762818655,false,200.51508911704315
1449,Drying racks,2043,2043,1.0,0.997497134820523,true,465.14311211498966
1451,Foils and bags,165,165,1.0,0.9990031461338142,true,1824.2961026694045
1453,Bathroom accessories,35159,35159,1.0,0.9997956418893893,false,2490.6853942505127
1456,Baskets,2884,2884,1.0,0.9995210258229473,false,255.14744147843945
1458,Baskets,8054,8054,1.0,0.9998774650323325,false,184.17659466119082
1460,Baskets,10458,10458,1.0,0.9997454687704198,false,69.17962012320328
1461,Baskets,12061,12061,1.0,0.9996794211919486,false,99.15351950718684
1462,Storage boxes,6753,6719,0.9949652006515622,0.998524645543267,false,220.04708706365497
1463,Bed textile,734,734,1.0,0.9979293009374026,true,1510.211357700206
1466,Cleaning products,6666,6578,0.9867986798679867,0.9990846149588438,false,139.3729379876796
1468,Cleaning products,5087,5087,1.0,0.9987215764928402,false,188.82273757700202
1469,Cleaning products,84368,38577,0.45724682344016687,0.9957781658405587,true,17627.981730184794
1470,Cleaning products,7796,7796,1.0,0.9999228860347784,false,46.85400410677616
1471,Window and squeegees,10616,8865,0.835060286360211,0.9896005000357289,false,1713.7282135523603
1474,Ironing,6607,3178,0.4810049947025882,0.9511740645991327,false,3966.170982340859
1477,Frying pans,1118,471,0.4212880143112701,0.9892109677767434,false,237.2901252566735
1490,Easter,22451,14231,0.6338693153979779,0.9980977129214156,false,1255.704288295688
1508,Teletoys,946,946,1.0,0.9983680622967971,false,267.4635117043118
1512,Hobby and creative,304,304,1.0,0.998021554722029,true,62.323713757700204
1514,Tableware,2077,2077,1.0,0.9995910629528284,false,94.03617166324433
1527,Wash treatment and accessories,8366,5339,0.6381783409036577,0.9975936390436341,false,327.3910636550307
1531,Drink & food To Go,1940,1940,1.0,0.9982899263642636,false,466.42017659137565
1533,"Cloths, mops, sponges and brush",12046,12046,1.0,0.9995330898119543,false,332.3577691991784
1537,Cutlery,3376,3376,1.0,0.9934374347720805,false,285.38081519507193
1538,Drying racks,26,26,1.0,0.9978408677240446,false,2008.165232032849
1540,Bicycle accessories,1653,1653,1.0,0.9919829425964586,true,971.6412468172471
1545,Table textiles,759,759,1.0,0.997553029074721,true,274.7143445585214
1548,Ironing board textiles,33710,33167,0.9838920201720558,0.9993480834762928,false,936.7685749486656
1559,Tea and coffee,17942,17649,0.9836696020510534,0.999666108016185,false,178.2815482546202
1561,Tea and coffee,502,502,1.0,0.9998051308933261,false,161.04997741273104
1564,Tableware,6517,6517,1.0,0.9997327757883844,false,244.07491909650935
1570,Kitchen tools,523,523,1.0,0.9975307061404117,false,212.06005544147857
1571,Tableware,3657,3657,1.0,0.9998218192032557,false,34.73470431211498
1575,"Cloths, mops, sponges and brush",2108,2108,1.0,0.9995748763646335,false,175.81120082135527
1582,Light bulbs,7425,7425,1.0,0.9998725509653313,false,70.82178562628333
1584,Light bulbs,845,845,1.0,0.9993590715754329,false,92.14064928131414
1585,Boys toys,1697,1697,1.0,0.9976199270558548,false,381.3706279260779
1589,Planks,346,346,1.0,0.9994938100974717,false,125.55049650924028
1593,Puzzles,510,510,1.0,0.9969315516993761,false,277.0921683778233
1597,Hobby and creative,3078,3078,1.0,0.999562626358821,false,52.75765174537989
1605,Puzzles,4065,4065,1.0,0.9992917962732676,false,34.8540320328542
1606,Games,5212,5053,0.9694934765924789,0.9991196006323187,false,56.208183162217686
1607,Hobby and creative,3304,3304,1.0,0.9990307445727107,false,50.4282357289528
1612,Foodprep,20935,20935,1.0,0.9964411181759286,false,22099.09875605751
1617,"Glasses (drink, beer, wine etc)",1191,1191,1.0,0.9997717575284178,false,104.08113141683776
1618,"Glasses (drink, beer, wine etc)",13542,12772,0.943139861172648,0.999543124895641,false,171.14801642710472
1619,Residential odors,233,233,1.0,0.9996579422141886,false,40.03114579055444
1621,Waste bins,2342,917,0.3915456874466268,0.9955110825975333,true,118.6884065708419
1623,Kitchen helpers,15885,15885,1.0,0.999642152668529,false,1956.7343921971249
1624,Cutlery,24225,19810,0.817750257997936,0.9996812488964478,false,1331.8909486652972
1626,Drying racks,13613,13613,1.0,0.9965737942086139,false,864.9932714579045
1631,Tea and coffee,22966,4059,0.17673952799790996,0.99977396816922,false,822.5642850102669
1636,Tableware,195,195,1.0,0.9937567968560389,true,117.16599425051334
1637,Tea and coffee,12599,12599,1.0,0.9993656720881712,false,2398.837672689938
1643,Light bulbs,9442,9442,1.0,0.9998567633861611,false,84.39613963039018
1646,Tea and coffee,63365,42135,0.6649569951866172,0.9997806188635676,false,484.461485010267
1650,Hobby and creative,11074,11074,1.0,0.9990763135016512,false,234.40570841889112
1661,Coffee makers and kettles,2701,292,0.10810810810810811,0.9803434993854473,true,1038.6748336755645
1662,Batteries,19629,19605,0.998777319272505,0.9995984808586568,false,169.6335441478439
1663,Hobby and creative,389,389,1.0,0.9991555374169614,true,26.946142094455844
1665,Bakeware,25086,24261,0.967113130829945,0.9991466085640054,false,578.4231864476388
1666,Electric personal care,74624,73617,0.9865056818181818,0.9966960052266897,false,3766.981854209444
1668,"Cloths, mops, sponges and brush",132035,98256,0.7441663195364865,0.9996401483425423,false,3381.5281133470216
1669,Store kitchen,8023,8023,1.0,0.9991614353643151,false,237.70482997946607
1670,Bathroom accessories,3440,3440,1.0,0.9986219894530399,true,411.4509129363449
1672,Watering cans,78661,75004,0.9535093629625863,0.9997551067492074,false,1372.0836722792603
1675,Baskets,14826,14826,1.0,0.999797968326105,false,101.41830266940454
1678,Wash treatment and accessories,3277,3277,1.0,0.9993552631331454,false,46.400067761806994
1679,Cleaning products,6798,6715,0.9877905266254781,0.9986633098620904,false,175.4868895277207
1680,Cleaning products,93767,75435,0.8044941183998635,0.9995896565273308,false,368.0755063655031
1681,Cleaning products,9638,9385,0.9737497406100851,0.9996419666271169,false,150.5522772073922
1688,Personal care,158518,90786,0.5727172939350736,0.9998389788699886,false,363.99630308008204
1689,Personal care,174664,124324,0.7117894929693583,0.999728917301563,false,539.4213798767965
1693,Coffee makers and kettles,11342,10335,0.9112149532710281,0.9966960507465874,false,754.528223408624
1694,Electric personal care,71697,44815,0.6250610206842685,0.9977270379109403,false,11125.19305256673
1711,Small garden,7132,7132,1.0,0.999741218191619,false,466.80900574948635
1724,Candles & Tealights,366,366,1.0,0.9998948303039742,true,354.9484336755648
1738,Partyfun,38737,38737,1.0,0.999967012586872,false,29.580643121149894
1739,Vases,5588,5076,0.9083750894774517,0.9992958869051831,false,114.4979679671458
1753,Others,1373,1373,1.0,0.9994033156354651,false,123.70966324435317
1760,Kitchen tools,172,172,1.0,0.9965446616335751,true,154.56443285420937
1762,Teletoys,337,337,1.0,0.998694616227381,false,55.30699712525668
1763,Hobby and creative,16,16,1.0,0.9985862507891285,true,113.78779137576979
1764,Hobby and creative,235,235,1.0,0.9992447960285844,true,9093.172519096503
1766,Puzzles,37,37,1.0,0.9985676084712716,true,117.14826283367555
1771,Cleaning products,7304,6095,0.8344742606790799,0.9971621908424686,false,292.8978377823408
1772,Window and squeegees,22402,20827,0.9296937773413088,0.998439725815614,false,607.8600722792607
1773,Cleaning products,2604,2604,1.0,0.9996795732299771,false,162.0313084188911
1774,"Cloths, mops, sponges and brush",6943,6943,1.0,0.9989136728468476,false,212.11058767967148
1783,Personal care,261084,251801,0.9644443933753122,0.9999040122238042,false,338.40874743326464
1784,Cutlery,4160,4132,0.9932692307692308,0.9985090259666258,false,125.10646940451745
1786,Racks and pockets,26438,26033,0.9846811407822075,0.9972615656148884,false,6773.995108008215
1787,Stairs,9565,8837,0.9238891792995295,0.9945959555785802,false,756.9123831622176
1795,"Cloths, mops, sponges and brush",2776,2776,1.0,0.9998721703830951,false,66.34422915811089
1797,Kitchen textile,4896,4896,1.0,0.9995695078208112,false,119.38234086242296
1799,Bath textiles and bath mats,69817,69817,1.0,0.9996302202253479,false,6681.060451745379
1806,Mugs and cups,54526,54526,1.0,0.9995762947557792,false,13760.256810266943
1813,Tea and coffee,17580,15890,0.90386803185438,0.9997495731837522,false,224.3046049281314
1815,Light bulbs,1805,1805,1.0,0.9997499083428164,false,46.49552361396303
1821,"Glasses (drink, beer, wine etc)",24,24,1.0,0.9971628966514952,true,128.2872320328541
1823,Drinks,467,467,1.0,0.9992255355312223,false,146.15857412730986
1826,"Cloths, mops, sponges and brush",691,691,1.0,0.9999043305036442,false,259.5698891170431
1828,Foods,79,79,1.0,0.9998441275677131,false,63.252408213552336
1829,"Glasses (drink, beer, wine etc)",1635,1635,1.0,0.9996421945843664,false,41.26388747433262
1831,Bakeware,417,417,1.0,0.9964608051829421,true,98.56869609856267
1832,Tableware,5985,5979,0.9989974937343359,0.9991150721181128,false,232.95542628336756
1833,Special pans,482,482,1.0,0.9820659845306484,true,250.84594004106785
1850,Girls toys,833,833,1.0,0.9978474155807987,true,64.48142422997951
1862,Coffee makers and kettles,210,210,1.0,0.9984246701961798,false,120518.32403285413
1868,Small storage,26244,26244,1.0,0.9999019803238478,false,123.48472607802874
1872,Toilet accessories,11682,10660,0.9125149803115905,0.9993182864256518,false,368.2820624229978
1874,Serve and present,619,619,1.0,0.9992725510218632,false,31.22086242299793
1876,Bathroom accessories,635,635,1.0,0.9994901094194422,false,26.463050102669413
1878,Bathroom accessories,1466,1466,1.0,0.9994591187750442,false,37.769286242299756
1879,Travel accessories,565,565,1.0,0.9995905925824936,false,47.57556468172483
1880,Laundry baskets,20385,14372,0.7050282070149619,0.9962401885676707,false,946.8057901437373
1882,Baskets,17633,17633,1.0,0.9996727459863658,false,174.32004271047228
1883,Baskets,10058,10058,1.0,0.9997975885295207,false,53.93399383983572
1884,Storage boxes,28789,28789,1.0,0.9965129788853975,false,1243.853219301847
1886,Personal care,58240,56441,0.9691105769230769,0.9999010204379295,false,113.69734045174538
1887,Foods,976,976,1.0,0.9998352862414766,false,45.08484394250509
1889,Tools,4587,3118,0.6797471114017877,0.9986927648367278,false,141.72990554414787
1891,Toilet cleaners and odors,5007,5007,1.0,0.999736635300866,false,50.34750143737165
1892,Wash treatment and accessories,11153,11153,1.0,0.9989207495496695,false,299.8233905544146
1893,Cleaning products,5100,5100,1.0,0.9988917441458758,false,152.8772431211499
1894,Cleaning products,3566,3566,1.0,0.9975731532515029,false,199.68644722792604
1898,Cleaning products,24615,22307,0.9062360349380459,0.9995879148547722,false,161.27976427104718
1903,Residential odors,5082,5082,1.0,0.99949171242053,false,66.18221149897326
1904,Dishwashing articles,47415,43211,0.9113360750817252,0.9998382339012379,false,408.41719342915803
1905,Stationary,75818,75818,1.0,0.9999493574514416,false,286.4397930184805
1906,Drink & food To Go,15968,15968,1.0,0.9998229852538992,false,163.65322422997957
1908,Drink & food To Go,9567,7622,0.796696979199331,0.9992057367493005,false,474.30289240246367
1917,Frying pans,23580,16722,0.7091603053435115,0.9979430637147297,false,1180.1380061601626
1944,Candles & Tealights,14263,14263,1.0,0.9991024571611647,false,1380.2776624229982
1945,Candles & Tealights,217,217,1.0,0.9998352627202579,true,183.8664271047226
1947,Candles & Tealights,15118,15118,1.0,0.9994521402608907,true,359.2945683778233
1948,Candles & Tealights,16364,15621,0.9545954534343681,0.9995616900567096,false,172.1866036960986
1965,Residential odors,15343,11705,0.7628886137000587,0.9996783903599431,false,49.27947104722795
1970,Photo frames & albums,2322,2322,1.0,0.999629231215096,false,58.573254620123194
1981,Foodprep,1007,1007,1.0,0.981789920283536,true,978.8291486652972
1982,Drink & food To Go,17276,8559,0.49542718221810605,0.9982618508623766,true,857.8496406570837
1997,"Glasses (drink, beer, wine etc)",2163,1546,0.7147480351363846,0.9996467303024139,false,7.944945379876796
2004,Knives,215,215,1.0,0.9917856106003149,true,289.1567848049281
2006,Fans and electric blankets,778,778,1.0,0.9981365916862439,false,320.34492689938367
2007,Table textiles,296,296,1.0,0.9991737128282344,true,126.14035934291577
2009,Hobby and creative,414,414,1.0,0.9975483864205591,false,60.65519835728949
2011,Boys toys,9799,9799,1.0,0.9996595688173342,false,66.67194414784396
2014,"Glasses (drink, beer, wine etc)",2430,2430,1.0,0.9998518578310938,false,68.20795975359346
2019,Shoe maintenance,1403,1403,1.0,0.9913818857486101,false,287.5358176591375
2021,Baskets,4366,4366,1.0,0.9993538405115899,false,66.73254948665299
2023,Vacuuming,140,140,1.0,0.9986246973006858,false,35109.13622381931
2024,Toilet accessories,15767,15047,0.9543350034882984,0.9976973974726435,false,552.7900517453799
2025,Knives,62750,58016,0.9245577689243027,0.9998559765641574,false,1348.73062587269
2030,Ironing board textiles,18520,18417,0.994438444924406,0.9994493624652897,false,530.0524073921972
2035,Bed textile,660,660,1.0,0.995273776720564,true,963.2300985626262
2045,Shopping bags and trolleys,6342,6342,1.0,0.9997958924009365,false,71.48843572895277
2049,Hobby and creative,10656,10656,1.0,0.9985571755786612,false,272.0419026694044
2050,Boys toys,2569,2569,1.0,0.9997074433075157,false,34.74969609856263
2055,Hobby and creative,5984,5984,1.0,0.9995256401027817,false,59.06486735112939
2062,Hobby and creative,2094,2094,1.0,0.9972956838623167,false,221.8670381930184
2069,Hobby and creative,2593,2570,0.9911299652911685,0.9989780804459385,false,51.039112936345
2072,Foodprep,3883,3883,1.0,0.9937254466104054,false,458.9841930184801
2077,Small storage,41641,41641,1.0,0.9999129735990558,false,206.39685420944554
2078,Racks and pockets,23620,23620,1.0,0.9994707360831911,false,334.47186406570825
2082,Waste bins,5133,5128,0.9990259107734268,0.9983028560958589,false,118.6378110882957
2085,"Cloths, mops, sponges and brush",13906,13877,0.9979145692506831,0.9995716676308221,false,270.5022160164271
2086,Cutlery,2392,2392,1.0,0.99980389983179,false,68.544
2087,Cleaning products,11109,11030,0.9928886488432802,0.9996833092844372,false,113.13295934291581
2088,Cleaning products,3531,3520,0.9968847352024922,0.9994948959820038,false,57.686051334702285
2092,Cleaning products,2657,2657,1.0,0.9997699655858084,false,13.163650924024639
2093,Cleaning products,4446,4395,0.9885290148448043,0.9987547852180871,false,82.28918275154004
2094,Wash treatment and accessories,22885,22885,1.0,0.9982928646399885,false,3297.4633051334704
2097,Shoe maintenance,6599,6599,1.0,0.991682429844109,false,1266.3213190965093
2099,Store kitchen,2182,1695,0.7768102658111824,0.9975300027856207,true,741.3046110882954
2101,Coffee makers and kettles,13360,12289,0.9198353293413174,0.9975206473586465,false,577.3599770020531
2102,Electric personal care,44172,35783,0.8100833106945576,0.9975113972786003,false,2384.382028747433
2103,Coffee makers and kettles,1880,1880,1.0,0.9983258634653001,true,128.22748336755643
2109,Pan sets,3333,3333,1.0,0.9921108682194093,false,630.1614714579057
2114,Construction,382,382,1.0,0.9988639621067763,false,129.65762217659136
2135,Watering cans,6662,6662,1.0,0.9996227155219883,false,127.91059466119093
2152,Tableware,1109,603,0.5437330928764653,0.9981978964282128,true,1945.563981930186
2153,Teletoys,446,446,1.0,0.9977087532673331,false,417.5626028747434
2159,Phones,35,35,1.0,0.9981774117851236,true,3.330091170431217
2161,Boys toys,830,830,1.0,0.9981241881908336,false,88.7309075975359
2163,Boys toys,1938,1938,1.0,0.9982060382269163,true,102.75285913757696
2164,Foods,794,794,1.0,0.9998571128831782,false,23.94190595482546
2165,Games,404,370,0.9158415841584159,0.9905865999111741,false,2685.69783080082
2167,Games,1476,1476,1.0,0.9938274452313706,true,568.7608262833678
2170,"Glasses (drink, beer, wine etc)",895,895,1.0,0.9991831468843735,false,153.7781416837782
2179,Window and squeegees,7822,6831,0.8733060598312452,0.9946165631136435,false,567.4304180698152
2182,Cleaning products,49145,45733,0.9305727947909248,0.9989968709332606,false,290.7900702258726
2183,"Cloths, mops, sponges and brush",8299,8299,1.0,0.9997291692501986,false,78.02620287474339
2185,Special pans,23039,23039,1.0,0.9996581862499967,false,2331.519333880904
2188,Cutlery,4779,4779,1.0,0.9992256140480721,false,236.3345577002052
2189,Toilet accessories,12701,12356,0.9728367845051571,0.9983027650432975,false,348.7487363449693
2190,Window and squeegees,56073,56073,1.0,0.9995788854854594,false,462.69597248459957
2192,Clothes hangers,51913,51913,1.0,0.9997566861643082,false,7429.029347433267
2194,Wash treatment and accessories,24294,24294,1.0,0.9996593957262209,false,2784.994325667349
2195,Table textiles,885,885,1.0,0.9981995474724419,false,160.1686242299794
2196,Table textiles,3060,3060,1.0,0.9990103545479916,false,125.55454127310067
2200,Bath textiles and bath mats,14253,13474,0.9453448396828737,0.9997957644895076,false,720.0993314168379
2202,Bed textile,2926,2926,1.0,0.9981100813505187,false,3040.6509129363467
2212,Thermos jugs,1159,1159,1.0,0.9979486755052197,false,274.60607310061596
2218,Tableware,1039,1029,0.9903753609239654,0.9984802621909051,false,54.48304969199173
2219,Thermos jugs,1998,1822,0.9119119119119119,0.9951299672433956,false,244.87988747433275
2221,Planks,2424,2228,0.9191419141914191,0.9992884504488725,false,79.8544246406571
2223,Cutlery,1504,1504,1.0,0.998809188965132,false,268.126847227926
2224,Personal care,121,121,1.0,0.9988711000583955,false,279.99345708418946
2225,Personal care,167,167,1.0,0.9999255379598784,false,3.5694078028747405
2228,Tableware,7343,7343,1.0,0.9996700714312234,false,248.46344188911704
2230,"Cloths, mops, sponges and brush",775,775,1.0,0.9998838340407791,true,334.1614464065709
2232,"Cloths, mops, sponges and brush",380,380,1.0,0.9998964644039283,false,297.53756714579055
2246,Baby / Toddler,479,479,1.0,0.9987484500148578,false,63.1871975359343
2256,Baby / Toddler,1235,1235,1.0,0.997626001789982,true,239.11763696098566
2264,Personal care,6516,6145,0.9430632289748312,0.9998604946077344,false,59.29007474332644
2265,Drink & food To Go,13824,13352,0.9658564814814815,0.9997103661318076,false,195.33492813141675
2269,Baskets,4362,4362,1.0,0.9983760593415402,false,156.9349002053389
2270,Euro articles,1960,1960,1.0,0.9997863611945224,false,40.76673511293636
2271,"Cloths, mops, sponges and brush",69775,60500,0.8670727337871731,0.9997768852034665,false,828.1978016427104
2273,Tea and coffee,3785,3785,1.0,0.9984974070996968,true,209.60471129363438
2282,"Cloths, mops, sponges and brush",1592,1592,1.0,0.9999526053153646,false,130.64673511293628
2283,Ironing board textiles,50860,50268,0.9883602044828942,0.9995619355346376,false,1061.9104065708411
2288,Bed textile,12367,12367,1.0,0.999213169929994,false,5090.009857084187
2291,Mugs and cups,29430,3132,0.10642201834862386,0.9996118521780075,false,6592.675180287471
2330,Store kitchen,3359,3337,0.993450431676094,0.9998361065689384,false,14.5163498973306
2336,Vacuuming,12394,12394,1.0,0.9992348506317794,false,1545.4805486652976
2337,Light bulbs,4048,4048,1.0,0.9996695320477524,false,96.2320501026694
2341,Store kitchen,338,338,1.0,0.9990645073494976,true,296.5996073921966
2342,Drink & food To Go,19763,18591,0.940697262561352,0.9992032767235366,false,426.45152772073914
2344,"Cloths, mops, sponges and brush",46435,33562,0.7227737697857219,0.9996036068454246,false,948.8978299794665
2345,Kitchen tools,8390,8043,0.9586412395709177,0.9986463764747742,false,232.44646160164262
2350,Baskets,11259,11259,1.0,0.9996604453480269,false,147.09771827515405
2353,Cleaning products,12814,12814,1.0,0.9991228081100922,false,229.01471950718687
2354,Cleaning products,6489,6454,0.9946062567421791,0.9989256856146735,false,131.81758932238193
2355,Suitcases,367,360,0.9809264305177112,0.9889318106550636,false,199.19940246406586
2356,Cleaning products,4859,4859,1.0,0.9997946866100447,false,29.371706776180687
2359,Foods,466,466,1.0,0.9998385738692943,false,57.46566488706369
2361,Cleaning products,34,34,1.0,0.9998025751199158,false,53.82248829568787
2363,Residential odors,7433,7433,1.0,0.9997625808699458,false,224.61346447638604
2364,Personal care,67167,67167,1.0,0.9998249197605257,false,132.3472492813141
2369,Window and squeegees,1748,1085,0.6207093821510298,0.9953620235169033,false,892.5951281314168
2370,Ironing,18545,14193,0.7653275815583716,0.996708192950946,false,1881.3560205338808
2379,Pan sets,5909,5658,0.9575224234218987,0.9898619939807847,false,1269.023307597535
2391,Foods,638,638,1.0,0.9996267855940338,false,84.21812114989727
2394,Residential odors,10216,10216,1.0,0.9998726583021946,false,32.99440657084189
2402,Baby / Toddler,86,86,1.0,0.9953054699206314,true,321.3139770020535
2406,Partyfun,2088,2088,1.0,0.9999273430954406,false,60.93466940451748
2408,Construction,324,324,1.0,0.9990636870804747,false,35.2933819301848
2410,Construction,446,446,1.0,0.9982131477447315,false,120.26457659137579
2412,Electric personal care,242,242,1.0,0.9716671623940848,true,382.79298480492787
2415,Batteries,1114,1114,1.0,0.9990257077921642,false,37.74916303901435
2416,Construction,379,379,1.0,0.9964457570790097,true,367.8712328542098
2421,Ironing,1645,832,0.505775075987842,0.9921484410752375,false,309.19310472279267
2423,Store kitchen,13821,13821,1.0,0.9998571030515944,false,48.099486652977404
2430,Baskets,3902,3902,1.0,0.9981287996980965,false,152.35836632443528
2435,Vacuuming,258,258,1.0,0.9994469881299698,false,6071.388744969199
2436,Bakeware,53806,53412,0.9926773965728729,0.9998068606637276,false,423.35257166324453
2437,Knives,56854,31793,0.5592042776233862,0.9998941690457452,false,751.0628698151954
2441,Window and squeegees,28572,27701,0.9695156096878063,0.9997241218226659,false,412.7721133470226
2443,Drying racks,20986,14194,0.6763556656818832,0.9922414218807277,false,15774.67009281314
2445,Partyfun,45597,45597,1.0,0.9996214610036489,false,285.8708698151952
2449,Tableware,42050,41888,0.9961474435196195,0.9997233448835586,false,2177.114391786445
2451,Mugs and cups,14992,5447,0.3633271077908218,0.9997504648007334,false,1085.3924829568784
2454,Tableware,11828,4362,0.36878593168752116,0.9995323513241904,false,897.9828542094451
2463,Tableware,995,408,0.4100502512562814,0.9815232286633234,false,644.1670398357286
2465,Tableware,7123,5554,0.7797276428471149,0.9991937027233587,false,130.87488336755652
2471,Vases,270,270,1.0,0.9994871099916793,false,50.121848459958926
2474,Tableware,2818,2818,1.0,0.9997274438675605,false,1539.950991375769
2478,Kitchen tools,935,935,1.0,0.999605366390782,false,94.51573347022588
2486,Dishwashing articles,169,169,1.0,0.9998513532653954,false,461.3789893223819
2494,Oven dishes,1096,1096,1.0,0.9994163389068158,false,224.65697946611903
2495,Drinks,707,707,1.0,0.9996809086115959,false,104.57402340862426
2497,Table paper,1154,1154,1.0,0.9993389433832919,false,145.12021108829572
2498,Thermos jugs,1093,1066,0.9752973467520586,0.9977690595109303,false,90.83060574948665
2499,Foils and bags,133,133,1.0,0.9986484509153345,true,2507.0166616016427
2505,Pan sets,102,102,1.0,0.94277750933578,true,229.82408624229987
2511,Games,3273,3273,1.0,0.9973304100525352,false,106.87240657084183
2518,Games,1849,1849,1.0,0.9855485076615504,true,1001.2995051334684
2519,"Glasses (drink, beer, wine etc)",1498,1498,1.0,0.9997582303233284,true,1726.7034537987681
2525,Table paper,7359,7187,0.9766272591384699,0.9999415627325701,false,31.543558110882955
2526,Table paper,10145,10145,1.0,0.9999434926442852,false,36.07167843942505
2529,Store kitchen,5932,5683,0.958024275118004,0.9962502562967325,false,245.61369733059564
2531,Drying racks,7029,6917,0.9840660122350263,0.9964619750674693,false,534.7672739219713
2532,Ironing boards,209,209,1.0,0.9829594050473736,false,1007.3775030800809
2544,Mugs and cups,22605,9413,0.416412298164123,0.9994785774038295,false,5072.654128952771
2549,Serve and present,10114,10114,1.0,0.9993338876248884,false,154.74666858316212
2579,Coffee makers and kettles,16662,16649,0.9992197815388308,0.9963272700268186,false,881.7641158110886
2580,Vacuuming,35919,35919,1.0,0.9992986915986769,false,2025.9154065708408
2584,Store kitchen,59182,58931,0.9957588455949444,0.9995180964706033,false,411.1706887063657
2585,Store kitchen,35781,35781,1.0,0.9996224701596094,false,254.20833757700208
2587,Bathroom accessories,27717,27717,1.0,0.999766107717219,false,280.03111909650903
2588,Watering cans,37586,37586,1.0,0.9998253945245138,false,119.62609034907594
2589,Bathroom accessories,4163,4163,1.0,0.9995892029150799,false,51.56047638603693
2591,Tea and coffee,15093,15093,1.0,0.9984318842690295,false,15019.674531006156
2592,Storage boxes,1447,1447,1.0,0.9977878371285408,false,188.60908665297745
2594,Cleaning products,4592,4592,1.0,0.9995038186113108,false,66.45526324435319
2596,Cleaning products,7201,7201,1.0,0.9991349093514656,false,336.4000722792607
2597,Cleaning products,3028,2937,0.9699471598414795,0.9997385560846468,false,53.31988829568789
2599,Wash treatment and accessories,48483,42800,0.8827836561268898,0.9995487350807031,false,846.4860390143734
2600,Cleaning products,2342,2342,1.0,0.9999275455716065,false,27.86349568788501
2601,Wash treatment and accessories,4662,3529,0.756971256971257,0.9990944214761233,false,172.5454004106776
2602,Foils and bags,15789,15789,1.0,0.9992565494674069,false,398.0161133470226
2604,Cleaning products,57483,46214,0.803959431484091,0.9994846343226964,false,169.32548665297733
2605,Vacuuming,124528,118976,0.9554156494924836,0.9998524565903655,false,575.6593650924027
2606,Personal care,134990,82845,0.6137121268242092,0.9997551180189586,false,413.0740303901437
2608,Coffee makers and kettles,9533,9533,1.0,0.9928584172524838,false,841.9548887063658
2613,Cooking pans,1807,1133,0.6270060874377421,0.9954967460721577,true,162.92587679671448
2634,Candles & Tealights,7570,7570,1.0,0.9992314522067608,true,302.0738316221766
2637,Vases,1740,1740,1.0,0.9994346478093848,false,68.7770008213552
2645,Partyfun,13099,12135,0.926406595923353,0.9997491038567993,false,76.28842628336758
2646,Photo frames & albums,12645,12645,1.0,0.9998587392891981,false,99.814681724846
2652,Construction,345,345,1.0,0.9967630935112565,false,253.79830718685827
2654,Tableware,3460,997,0.288150289017341,0.9779435951091628,true,1566.94820328542
2658,Fans and electric blankets,536,536,1.0,0.9989489012975765,false,84.92595195071877
2660,Electric personal care,1660,1660,1.0,0.9970172647507567,false,171.59279671457918
2661,Phones,48,48,1.0,0.9991566195335383,true,3.683264887063649
2665,Others,1759,1759,1.0,0.9997258768302679,true,334.54404887063663
2667,Store kitchen,688,688,1.0,0.9989203362546061,true,69.40467515400404
2671,Games,10032,10032,1.0,0.9967008064167712,false,461.77109856262837
2672,Tea and coffee,13687,13462,0.9835610433257835,0.9997106901304866,false,139.12110472279264
2674,Stuffed animals,2175,2175,1.0,0.9978627619912551,false,109.41412238193018
2677,"Glasses (drink, beer, wine etc)",1833,1279,0.6977632296781233,0.9968529074255782,false,128.27075975359344
2680,Drink & food To Go,16441,16441,1.0,0.9997347410572446,false,352.2419835728952
2686,Kitchen tools,4880,4656,0.9540983606557377,0.9987653352900959,false,151.36438644763857
2688,Foils and bags,70520,70520,1.0,0.9999311112312648,false,141.92236960985633
2689,Vacuuming,150,150,1.0,0.9986284024876119,false,10460.936205338794
2690,Gift,37683,31927,0.8472520765331847,0.9999353378254504,false,278.7885975359343
2691,Toilet accessories,3832,3832,1.0,0.998425556006174,false,192.50379466119077
2694,Bathroom accessories,8885,8885,1.0,0.9985609720392381,false,223.42635071868585
2698,Kitchen helpers,5042,5042,1.0,0.9991008043016593,false,217.863483778234
2699,Window and squeegees,26092,26092,1.0,0.9998856761739037,false,256.46318850102693
2701,Ironing board textiles,23297,22941,0.9847190625402412,0.9997817075414934,false,262.6572455852155
2702,Table textiles,533,533,1.0,0.9984327748165558,false,110.83549897330592
2718,Bathroom accessories,1192,1192,1.0,0.9980039506639471,false,173.71103983572883
2719,Light bulbs,4294,4294,1.0,0.9995540190690136,false,188.15922381930187
2720,Cleaning products,4467,4467,1.0,0.9998730626111991,false,39.54684353182752
2730,Kitchen tools,1890,1890,1.0,0.999045449629562,false,265.63269979466105
2732,Cutlery,2954,2954,1.0,0.9999055122592525,false,17.866006570841893
2736,Oven dishes,886,886,1.0,0.9962135197127255,true,148.75131088295697
2745,Stuffed animals,2455,1636,0.6663951120162933,0.9981686355612771,true,104.9413264887064
2748,Stuffed animals,79,79,1.0,0.999446154617085,true,200.87976180698172
2758,Baby / Toddler,165,165,1.0,0.9986034485670777,true,175.89956755646762
2761,Kitchen helpers,1990,1348,0.6773869346733669,0.9946020130051492,true,238.71865708418883
2763,Dishwashing articles,103294,60438,0.5851065889596685,0.99993842630812,false,456.50110472279266
2764,"Cloths, mops, sponges and brush",18354,18354,1.0,0.9994124859142413,false,570.5535104722793
2773,Foils and bags,18944,18944,1.0,0.999808989952806,false,145.11977987679674
2777,Ironing board textiles,8787,8787,1.0,0.9997824878709657,false,233.37773470225866
2778,Kitchen tools,73547,73362,0.9974846016832773,0.9996496836675959,false,3857.2122796714557
2781,Ironing boards,9738,8434,0.8660915999178476,0.9828328654709921,false,2230.977899794661
2783,Drying racks,10981,10981,1.0,0.9936392054133065,true,3727.908969609856
2784,Table textiles,1154,1154,1.0,0.9985261619668253,false,141.01863942505133
2786,Bed textile,12586,12586,1.0,0.9991281753506451,false,1689.0038225872697
2787,Bath textiles and bath mats,8616,8616,1.0,0.9995823876476105,false,1153.9485712525666
2791,Table textiles,7090,7090,1.0,0.998879002434177,false,1710.2330316221744
2793,Baskets,5909,5909,1.0,0.9997623703175043,false,323.19666940451737
2794,Fans and electric blankets,1860,1860,1.0,0.996028893417169,false,358.9893396303902
2796,Tableware,5092,5092,1.0,0.9992880763761313,false,110.75252813141685
2805,Light bulbs,6226,6226,1.0,0.999896144225879,false,46.63111950718681
2817,Foodprep,10476,10476,1.0,0.9986533014785187,false,18967.522287474334
2823,Batteries,120724,24650,0.20418475199628905,0.9996766874499534,false,2946.099210677617
2826,Wash treatment and accessories,7714,7714,1.0,0.9989671173107971,false,160.38326694045176
2828,Store kitchen,23882,23423,0.9807805041453814,0.9992870865099428,false,729.7044784394247
2829,"Cloths, mops, sponges and brush",136452,102863,0.7538401782311729,0.9997899277775193,false,1578.4520780287467
2832,Window and squeegees,16086,16086,1.0,0.9993174016671954,false,361.00818275153983
2833,Racks and pockets,34281,34281,1.0,0.9996196946252661,false,220.88617864476393
2835,Clothes hangers,50901,44152,0.8674092846898882,0.999873847745902,false,406.0729811088293
2838,Thermos jugs,9835,9691,0.9853584138281647,0.9990084744028088,false,1391.2759071868586
2839,Thermos jugs,8942,8942,1.0,0.998175009426547,false,4924.809494866528
2842,Baskets,9006,9006,1.0,0.9998555405504453,false,37.911189322381915
2844,Cleaning products,10724,10645,0.9926333457665051,0.9996276390815354,false,98.90544353182752
2845,Cleaning products,4523,4523,1.0,0.9997041412344287,false,42.346636550308006
2846,Cleaning products,5239,5172,0.9872112998663867,0.9992744894886187,false,91.59544558521561
2847,Personal care,11466,11466,1.0,0.9998811428503663,false,55.43108829568787
2853,Cleaning products,71,71,1.0,0.9994790948663521,false,82.60135687885011
2854,"Cloths, mops, sponges and brush",15206,15206,1.0,0.9997567792692782,false,264.45183572895286
2855,Window and squeegees,52599,52599,1.0,0.9998942690347609,false,356.2954004106775
2894,Residential odors,13450,12849,0.9553159851301115,0.999728672268317,false,37.41276057494863
2905,Pan sets,2757,2189,0.7939789626405513,0.990056684197691,false,759.7273921971243
2909,Kitchen tools,490,490,1.0,0.9989349671987627,false,180.7726772073923
2911,Teletoys,241,241,1.0,0.9959808700247174,true,86.25282710472281
2912,Construction,84,84,1.0,0.9931347530277589,true,287.5734451745378
2917,Construction,140,140,1.0,0.9994637672292855,false,46.82248542094447
2922,Pan sets,1219,1219,1.0,0.9954355766617307,false,541.8714517453799
2925,Kitchen helpers,765,765,1.0,0.9995105405981469,false,1309.3492496919916
2929,Thermos jugs,4070,3969,0.9751842751842752,0.9944244981377295,false,424.6236250513345
2934,"Glasses (drink, beer, wine etc)",1255,1255,1.0,0.9964500947206746,true,158.05152238193014
2938,Personal care,35090,35090,1.0,0.9994256073356815,false,255.529506365503
2940,Ironing boards,1521,687,0.4516765285996055,0.996318497353367,true,187.8093876796716
2943,Knives,24107,24107,1.0,0.999512679375873,false,1331.7990431211501
2947,Kitchen helpers,19958,19958,1.0,0.9985079079354661,false,6647.718172484601
2949,Kitchen textile,6536,6536,1.0,0.9997650283729659,false,621.6249671457907
2950,Kitchen textile,3369,3369,1.0,0.9990086043781549,false,1683.096342915811
2951,Racks and pockets,16599,16599,1.0,0.999730049183728,false,290.0829264887063
2952,Table textiles,419,419,1.0,0.9975481427729124,true,177.43594250513348
2953,Bath textiles and bath mats,32620,32620,1.0,0.9993818251086419,false,4329.869255030801
2957,Mugs and cups,14904,7664,0.514224369296833,0.9996735614980906,false,676.3630065708418
2968,Tea and coffee,72275,59479,0.822953995157385,0.9997243004496125,false,982.3331876796715
2969,Tea and coffee,75168,75168,1.0,0.9994656714348191,false,680.194823819301
2974,Foils and bags,542,542,1.0,0.99981610259622,false,37.37653593429162
2977,Drink & food To Go,377,377,1.0,0.999009762026909,true,1061.2114127310067
2978,Tools,1633,1633,1.0,0.9990486509970111,false,116.98287310061598
2979,Tableware,1158,1158,1.0,0.9990434046799043,false,41.97716016427103
2980,Light bulbs,6031,6031,1.0,0.9991077526259061,false,277.2513544147846
2985,Cutlery,3224,3224,1.0,0.9998435858190527,false,68.56262833675562
2987,Tableware,4401,4401,1.0,0.9997647470347518,false,31.789989733059535
2996,Baby / Toddler,4645,4128,0.8886975242195909,0.9944513366980664,false,999.1198488706364
2997,Games,1296,1296,1.0,0.9968918275261558,false,87.23394537987691
3014,Phones,9792,9676,0.9881535947712419,0.9914731847311721,false,1122.1732714579052
3015,Batteries,34161,34161,1.0,0.9997156801718212,false,329.60634086242317
3021,"Glasses (drink, beer, wine etc)",668,668,1.0,0.9997751990887553,false,47.67495605749486
3027,Kitchen helpers,28049,25040,0.8927234482512746,0.9998323653696699,false,1004.1474414784394
3030,Vacuuming,183,183,1.0,0.9995200137861056,false,268.2482677618069
3031,Vacuuming,105,105,1.0,0.9989148983604068,false,4851.243562628345
3033,Kitchen helpers,17842,17842,1.0,0.9994550411080642,false,1095.9842045174535
3034,Measuring and weighing,39713,2902,0.07307430816105558,0.9997522729927527,false,2134.1670431211496
3036,Ironing boards,20693,20526,0.9919296380418499,0.9973600659454442,false,6986.969521560572
3037,Drying racks,8537,6543,0.7664284877591659,0.9870299307733323,false,1555.1527030800823
3042,Bed textile,3261,3261,1.0,0.99810927968216,false,2349.3943268993826
3046,Others,548,533,0.9726277372262774,0.9982678066374722,false,53.71263572895273
3047,Bath textiles and bath mats,21094,21094,1.0,0.9993662476762759,false,2779.8199112936363
3055,Tea and coffee,342,342,1.0,0.9996168269658298,true,217.1720217659138
3058,"Glasses (drink, beer, wine etc)",7658,7291,0.9520762601201358,0.9995055865708133,false,94.1650176591375
3059,Games,2181,2181,1.0,0.9978568032309316,false,83.16539014373708
3063,Games,94,94,1.0,0.9967525206473352,true,206.16005297741245
3075,Boys toys,1226,1226,1.0,0.9987045213203469,true,126.82706365503078
3080,Batteries,50340,46235,0.9184545093365117,0.9994238109765504,false,645.2141650924028
3082,Batteries,13532,13532,1.0,0.99967107853634,false,115.27887474332643
3083,"Cloths, mops, sponges and brush",57325,57325,1.0,0.999948235042905,false,131.42883203285416
3087,Coffee makers and kettles,9201,9201,1.0,0.9988028529582613,true,16129.660382751545
3090,Personal care,27052,27052,1.0,0.9993778513414746,true,4663.040312114988
3091,"Cloths, mops, sponges and brush",27805,27632,0.9937780974644848,0.9994671281804806,false,685.9597075975363
3092,Cutlery,2866,2866,1.0,0.9998739386315132,false,46.28498316221766
3093,Bathroom accessories,8434,8392,0.9950201565093668,0.9984136338188537,false,288.9184772073923
3097,Laundry baskets,14879,9989,0.6713488809731837,0.9985417026988151,false,270.5535388090348
3098,Baskets,13833,13833,1.0,0.9995635538247193,false,121.07563942505139
3104,Cleaning products,6600,6502,0.9851515151515151,0.999153491792335,false,175.67332238193003
3106,Baskets,3698,3698,1.0,0.9996406495913671,false,305.52404969199193
3108,Light bulbs,8382,8382,1.0,0.9999364654104361,false,35.555095687885014
3110,Ironing boards,2324,1319,0.5675559380378657,0.9971330218587705,false,624.6342110882956
3112,Dishwashing articles,11331,3422,0.30200335363163006,0.9993348769285749,false,127.61442997946611
3114,"Cloths, mops, sponges and brush",21918,21918,1.0,0.9966612421911574,false,23379.97470225872
3120,Electric personal care,11613,10311,0.8878842676311031,0.9944425372838394,false,981.399468172485
3121,Electric personal care,8571,8004,0.9338466923346167,0.9972740935218579,false,315.0676024640657
3123,Alarm clocks,18502,7874,0.4255756134471949,0.9990183042170282,false,1772.5065121149896
3128,Stationary,32283,32283,1.0,0.9999654872846157,false,37.199408624229996
3159,Pan sets,3411,2596,0.7610671357373204,0.9592161621017409,true,2536.585196303901
3162,Kitchen tools,244,244,1.0,0.9986369807063559,true,135.01670431211502
3163,Tea and coffee,1833,1833,1.0,0.9998787309847775,false,61.93598850102667
3165,Construction,448,448,1.0,0.9981654795952557,true,160.80090102669408
3170,Stationary,4116,4116,1.0,0.9999260715874282,false,10.050125667351121
3171,Batteries,1515,1515,1.0,0.9994264236450913,false,45.73248911704309
3172,Toilet cleaners and odors,78,78,1.0,0.9996364968154378,true,3114.4960574948595
3173,Construction,296,296,1.0,0.998251286868665,true,186.24492936344984
3176,Girls toys,8,8,1.0,0.9977391530585423,true,80.66510800821356
3179,Baby / Toddler,12321,12321,1.0,0.9981677043667997,false,306.8322045174537
3185,Kitchen appliances,8227,8227,1.0,0.9896690157182124,false,64245.23999260787
3188,Personal care,12110,12110,1.0,0.9995409505355062,false,258.3580841889116
3189,Wash treatment and accessories,13808,9848,0.7132097334878331,0.9975482831581105,false,454.0370156057493
3196,"Cloths, mops, sponges and brush",8363,8363,1.0,0.9991300516922185,false,302.34779178644754
3201,Oven dishes,2419,2419,1.0,0.9998610015450975,false,324.93094455852145
3205,Partyfun,28055,27949,0.9962217073605418,0.9995944450945163,false,206.64267351129362
3210,Knives,57,57,1.0,0.9130523983704454,true,1032.3018123203299
3212,Table textiles,1724,1724,1.0,0.9992839730703608,false,86.57897248459957
3218,Mugs and cups,20254,3656,0.1805075540633949,0.9994523772393717,false,1733.4081630390144
3228,Vases,9090,9090,1.0,0.9996609202838658,false,129.53990143737167
3229,Tea and coffee,9999,8725,0.8725872587258726,0.9997615162328968,false,108.94941437371659
3230,Hobby and creative,195,195,1.0,0.9992186805251325,true,83.16528952772069
3235,Cutlery,2192,2192,1.0,0.9989792664409851,false,80.03351540041068
3237,Oven dishes,855,855,1.0,0.9987736462193898,false,121.21092197125289
3238,Large garden,242,242,1.0,0.9989495256006026,true,230.53815811088285
3244,Serve and present,709,709,1.0,0.9994793865284238,false,25.780686652977415
3246,Kitchen helpers,779,779,1.0,0.9952096275874076,true,690.9779486652978
3247,Cutlery,1348,1348,1.0,0.9989992181476716,false,46.08336878850099
3249,Shopping bags and trolleys,6110,6110,1.0,0.9998887112539758,false,857.6654414784392
3251,Laundry baskets,167,167,1.0,0.9981696902668358,false,145.9757864476386
3252,Thermos jugs,1068,1068,1.0,0.9981670324659172,false,180.36734414784388
3259,Hobby and creative,5394,5394,1.0,0.9989826106099284,false,151.11277453798783
3264,Hobby and creative,3170,3133,0.9883280757097792,0.9986053234826544,false,94.13303901437371
3279,Table textiles,6665,6665,1.0,0.9995932583507702,true,92.59706365503085
3281,Vacuuming,396,396,1.0,0.9989006770998138,false,1040.9795383983571
3285,Knives,13611,13611,1.0,0.9998450294969291,false,796.0500616016424
3286,Knives,24629,18831,0.7645864631125908,0.9998518150395849,false,692.5687885010268
3287,Drying racks,10459,10459,1.0,0.9869636656421609,false,22641.65176057493
3288,Bicycle accessories,1823,1823,1.0,0.9916787446317885,true,402.0655544147844
3291,Kitchen textile,11083,11083,1.0,0.9998246452118879,false,844.4435482546197
3293,Bed textile,3772,3772,1.0,0.99854370929059,false,6441.666290349075
3295,Mugs and cups,21626,4105,0.18981781189309166,0.9997453399951837,false,2058.8063310061593
3296,Mugs and cups,16197,9539,0.5889362227573007,0.9994187022599694,false,2806.3161819301836
3297,Mugs and cups,23104,4269,0.1847731994459834,0.9994810171002922,false,3914.480926899383
3298,Mugs and cups,13180,7425,0.5633535660091047,0.9997719463388894,false,420.34840739219703
3321,Puzzles,1176,1176,1.0,0.9978239740136635,true,214.09870841889105
3322,Foodprep,7318,7318,1.0,0.9967536035042194,false,9578.92255318275
3329,Baby / Toddler,273,273,1.0,0.9986850394336659,false,179.52614537987677
3330,Moisture treatment and climate,14282,14282,1.0,0.9989830718825736,false,4707.561140041066
3332,Cleaning products,88246,88246,1.0,0.9998513445700856,false,766.6872550308008
3333,Bathroom accessories,3072,3072,1.0,0.9993293202253997,false,68.79192936344965
3335,Bathroom accessories,634,634,1.0,0.9983671258766775,false,492.4298566735113
3336,Thermos jugs,4674,4310,0.922122379118528,0.9945737359445705,false,515.2412698151946
3337,Cleaning products,11582,11415,0.9855810740804697,0.9996501579614475,false,101.25355975359334
3339,Baskets,7856,7856,1.0,0.9995760692532738,false,75.51105831622179
3341,Cleaning products,4412,4412,1.0,0.9983473774647743,false,146.53377412731
3342,Cleaning products,6561,6561,1.0,0.9995355302356056,false,95.08244599589315
3343,Cleaning products,10488,9647,0.9198131197559115,0.999702032242345,false,68.04126776180695
3346,Window and squeegees,1143,1143,1.0,0.9993757244291367,false,105.8137995893224
3348,Wash treatment and accessories,31574,9404,0.29783999493253943,0.9989891449447615,false,3761.4641063655035
3349,Waste bins,2949,2911,0.9871142760257714,0.9992471530423374,false,85.44249158110884
3350,Cleaning products,1938,1938,1.0,0.9996849903632877,false,75.24372443531826
3352,Cleaning products,4422,4419,0.9993215739484396,0.9997934486319526,false,47.68052156057495
3353,Bathroom accessories,42047,42047,1.0,0.9999386949973538,false,256.30691170431214
3354,Bathroom accessories,24788,24788,1.0,0.9997193402362449,false,2129.83707597536
3355,Toilet accessories,40666,22508,0.5534844833521861,0.9998261564698062,false,689.6338997946613
3356,Residential odors,12863,12863,1.0,0.9995955134975781,false,121.68647926078026
3359,Electric personal care,6266,5288,0.8439195659112672,0.9866751627383539,false,1642.092910061601
3363,Electric personal care,2970,2882,0.9703703703703703,0.9929785236355083,false,229.6289199178645
3366,"TV, Audio & Video",245,245,1.0,0.9849304195464835,true,10382.117286242294
3368,Bathroom scales,13306,9259,0.6958514955659101,0.9979866255155304,false,609.7954012320329
3370,Special pans,7773,7773,1.0,0.9764965438477391,true,7348.840834496921
3387,Candles & Tealights,845,845,1.0,0.9998663892969688,true,597.428042710472
3388,Candles & Tealights,804,804,1.0,0.9998377120536358,true,284.6786332648871
3410,Foods,950,950,1.0,0.9998801947254289,false,20.572192197125233
3411,Construction,393,393,1.0,0.9964619620538514,false,272.11382587268974
3413,Boys toys,1082,1082,1.0,0.9993745999211502,true,112.55801930184809
3414,Electric personal care,1671,1671,1.0,0.9932870558065113,true,617.5513379876795
3416,Construction,511,511,1.0,0.9971832155938545,true,811.0399018480493
3428,Store kitchen,24307,7434,0.30583782449500146,0.9967046224067885,false,6776.317986858317
3429,Sockets and security,1249,1249,1.0,0.9996472721941017,false,25.420814784394242
3436,Toilet cleaners and odors,3691,2519,0.6824708751015984,0.9994078942568608,false,78.28908090349074
3438,Cooking books,9539,9539,1.0,0.9969831047484166,false,420.99290759753575
3441,"Glasses (drink, beer, wine etc)",4202,4198,0.9990480723465016,0.9991632597937955,true,185.9109819301848
3442,Window and squeegees,29425,28203,0.9584706881903143,0.9985084048792298,false,770.1341067761806
3443,Window and squeegees,33103,26706,0.806754674802888,0.9973831793672726,false,1734.323679671458
3444,Kitchen tools,19156,19156,1.0,0.9995667531077501,false,2746.6828110882952
3445,Cutlery,7377,7193,0.9750576114951878,0.9994643230034171,false,134.8928747433265
3453,Ironing board textiles,51921,51488,0.991660407157027,0.9993070178549083,false,1535.336591375769
3457,Bath textiles and bath mats,35178,35178,1.0,0.9995051063031175,false,5390.233337166324
3465,Tableware,37656,35186,0.9344062035266624,0.999708952089562,false,399.39889938398346
3467,Cutlery,687,687,1.0,0.9987854877664721,false,262.7824780287476
3468,Tableware,698,698,1.0,0.9980035188274609,false,76.9859626283368
3469,Baby / Toddler,850,715,0.8411764705882353,0.9974186070348267,true,80.99166735112938
3471,Cutlery,3263,3263,1.0,0.999749388922432,false,42.73878603696098
3473,Serve and present,2628,2615,0.9950532724505328,0.99862033449984,false,80.8360891170431
3474,Cutlery,3624,3624,1.0,0.9997953272226832,false,81.08933388090347
3476,Light bulbs,5182,5182,1.0,0.9996966652695786,false,101.31610841889118
3477,Tableware,5323,5323,1.0,0.9995446789882086,false,111.9322422997947
3478,Baskets,2631,2631,1.0,0.9995593881921004,false,188.90769199178652
3482,Drink & food To Go,4388,4388,1.0,0.9996495426799208,false,190.00265297741277
3483,Light bulbs,4844,4844,1.0,0.999895622940293,false,48.29759671457905
3485,Frying pans,1675,1378,0.8226865671641791,0.9928865767264604,false,701.8190944558514
3490,Hobby and creative,5656,5656,1.0,0.998704695731715,false,135.60379014373717
3499,Hobby and creative,62,62,1.0,0.9993382520352856,false,40.74431211498975
3504,Games,2890,2855,0.9878892733564014,0.9972315994969645,true,232.87181724846
3514,Drink & food To Go,5723,5723,1.0,0.9997974580949162,false,85.9089503080082
3517,Measuring and weighing,22004,22004,1.0,0.9999190540893774,false,57.21608254620123
3519,"Glasses (drink, beer, wine etc)",411,411,1.0,0.9996641515165763,false,26.467365092402453
3526,Window and squeegees,2399,2399,1.0,0.9983021014894395,false,642.0573232032851
3528,Toilet cleaners and odors,4347,3036,0.6984126984126984,0.999497727518926,false,77.15223490759752
3529,Kitchen helpers,54710,54710,1.0,0.9998329249424808,false,1481.0989355236127
3531,Vacuuming,141,141,1.0,0.9991292272503959,false,925.811349897331
3532,Kitchen tools,39401,36534,0.9272353493566153,0.9997655486605268,false,716.895757700205
3533,Tea and coffee,8223,8223,1.0,0.99914396334593,false,2934.206817248458
3541,"Cloths, mops, sponges and brush",123,123,1.0,0.9999758328684976,false,60.07276386036959
3543,Bath textiles and bath mats,7761,7761,1.0,0.9996220024380723,false,768.2857790554413
3546,Bed textile,1544,1544,1.0,0.9959136005113465,false,4127.047940451747
3549,Mugs and cups,35436,12508,0.35297437634044476,0.9993589875526535,false,2262.247917453798
3556,Tea and coffee,11594,10467,0.9027945489046059,0.999772059575391,false,95.20328870636554
3558,Kitchen helpers,1919,1919,1.0,0.9997301190803738,false,275.7153905544148
3560,Oven dishes,81,81,1.0,0.9962786589901869,true,565.6410973305948
3561,Oven dishes,408,408,1.0,0.9989250462364243,true,58.05094250513342
3576,Hobby and creative,1799,1799,1.0,0.9983010985066132,true,104.70631622176586
3579,Batteries,9980,9980,1.0,0.997575031542885,true,602.5734308008216
3583,Baby / Toddler,962,962,1.0,0.9986584494567025,false,65.40308993839842
3587,Bakeware,25737,25710,0.9989509266814314,0.9997388930883662,false,2008.6853852156062
3588,Drink & food To Go,27154,27154,1.0,0.9996644774957332,false,327.34440657084184
3589,Dishwashing articles,98839,80595,0.8154169912686288,0.9997833449732838,false,711.5372821355236
3591,Dishwashing articles,94783,84673,0.893335302744163,0.9999249589911928,false,1209.2448973305952
3592,"Glasses (drink, beer, wine etc)",1868,1868,1.0,0.9996304055223254,false,28.837067761806974
3593,Cleaning products,17337,17337,1.0,0.9995086825536849,false,882.4170505133463
3594,Clothes hangers,112663,109336,0.9704694531478835,0.999694945573112,false,1730.575721560575
3597,Oven dishes,807,807,1.0,0.9984829274360347,false,139.98812731006157
3601,Personal care,74,74,1.0,0.9984768625431085,false,134.86638973305935
3602,Wash treatment and accessories,1980,1980,1.0,0.9993769865800728,false,129.40467351129362
3603,Cleaning products,54259,52319,0.9642455629480824,0.9996724282798707,false,379.52054661190977
3605,Baskets,2813,2813,1.0,0.9996467913898497,false,185.35162874743315
3607,Cleaning products,1537,1537,1.0,0.998439472902387,false,113.19957577002063
3611,Wash treatment and accessories,16452,16452,1.0,0.9990222988097225,false,198.55801848049288
3612,Dishwashing articles,5264,5264,1.0,0.9998013842312502,false,42.530973716632424
3616,Cleaning products,7345,7345,1.0,0.9993682232645783,false,233.74986160164278
3619,Ironing,11892,10619,0.8929532458795829,0.9491263826259104,false,6912.861228747423
3622,Alarm clocks,20563,20563,1.0,0.9990778263866146,false,11940.905021765902
3623,Electric personal care,2232,1409,0.6312724014336918,0.9791507256429699,true,450.00214373716597
3641,Candles & Tealights,1049,1049,1.0,0.9996914049836297,true,640.1892862422997
3646,Party lights,12601,12601,1.0,0.9995982250451069,false,13033.441152772084
3647,Residential odors,9449,9449,1.0,0.9998143085371123,false,28.014718685831618
3651,Vases,16851,14220,0.8438668328289123,0.9986628852777306,false,452.18917084188917
3661,Kitchen tools,8058,8058,1.0,0.9996628631492464,false,84.33628172484603
3670,Construction,279,279,1.0,0.9991731418614366,false,76.09064106776175
3671,Hobby and creative,327,327,1.0,0.9992182228733907,false,17.625698151950708
3674,Puzzles,231,231,1.0,0.9962742916398116,false,443.0215885010265
3675,Construction,549,549,1.0,0.9953773186638593,true,2143.486955236139
3678,Boys toys,34,34,1.0,0.9975176207572545,true,155.81517043121164
3687,"Glasses (drink, beer, wine etc)",2020,2020,1.0,0.9998358362727191,false,61.08397207392198
3690,"Glasses (drink, beer, wine etc)",1354,1354,1.0,0.9998415108811776,false,42.30035318275152
3691,"Glasses (drink, beer, wine etc)",1249,1249,1.0,0.9987574304277084,true,73.28462135523623
3692,Cleaning products,7893,7893,1.0,0.9993276893366889,false,1268.7274188911704
3696,Drink & food To Go,453,453,1.0,0.9994648512795424,false,139.88093963039015
3698,Cooking books,146,146,1.0,0.9963800972719847,false,227.48886036960997
3700,Clocks,3076,3076,1.0,0.999207940897538,false,43.950662833675544
3705,Ironing,156,156,1.0,0.9926895529313039,true,6217.357695277216
3719,Mugs and cups,9911,4250,0.4288164665523156,0.9995556723293453,false,696.2444353182751
3720,Mugs and cups,11289,3974,0.3520240942510408,0.9993139401679559,false,863.5352361396302
3721,Mugs and cups,24620,19671,0.7989845653939887,0.9996810452835295,false,2848.0809043121153
3722,Mugs and cups,23861,1494,0.06261263149071707,0.9995860625543103,false,3917.4276336755643
3733,Oven dishes,163,163,1.0,0.9975323312102293,false,239.8578776180699
3735,Tableware,1036,1036,1.0,0.9995048102324733,false,18.269568788501022
3736,"Cloths, mops, sponges and brush",11383,11383,1.0,0.9998025841334176,false,248.55814455852158
3738,Puzzles,3111,3111,1.0,0.9996470884261598,false,14.272005338809047
3741,Kitchen helpers,762,459,0.6023622047244095,0.9962490676806465,false,123.50736468172484
3746,Cutlery,2515,2515,1.0,0.9998572477092065,false,24.69489897330593
3752,Cooking books,537,537,1.0,0.9988598676084722,false,166.95179096509239
3753,Light bulbs,2303,2303,1.0,0.9994936940223373,false,129.15848624229983
3754,Special pans,607,468,0.771004942339374,0.9990051611978471,false,142.56537782340862
3755,Personal care,462,462,1.0,0.9998227546722773,false,17.77329609856263
3756,Wash treatment and accessories,3081,2734,0.8873742291463811,0.9992098701023135,false,150.20694004106778
3757,Cutlery,1565,1565,1.0,0.9995775342887098,false,115.06930595482544
3758,Light bulbs,5072,5072,1.0,0.9997473244272009,true,285.29120944558514
3759,Personal care,762,762,1.0,0.9998761440026187,false,7.632799999999996
3772,"Glasses (drink, beer, wine etc)",773,773,1.0,0.9997467164948568,false,73.96057700205331
3779,Vacuuming,368,368,1.0,0.9992579475943605,false,1182.8457757700198
3782,Ironing boards,4727,4727,1.0,0.9805452424063188,false,1407.9671297741272
3783,Clothes hangers,82972,57053,0.6876175095212843,0.9998318499369886,false,1503.414280082135
3788,Bath textiles and bath mats,47222,47032,0.9959764516538901,0.9999128580718943,false,759.8943572895275
3797,Vehicles,4008,3976,0.9920159680638723,0.9980697686586899,false,109.39350472279258
3803,Hobby and creative,1932,1932,1.0,0.9972268197468817,false,187.85404681724845
3815,Tea and coffee,3722,3191,0.8573347662547017,0.9998142537398967,false,53.78529774127311
3819,Coffee makers and kettles,391,391,1.0,0.9722125282058862,true,2275.6733770020537
3822,Batteries,93369,93369,1.0,0.9999523292078436,false,122.66154907597539
3827,Personal care,482,482,1.0,0.9998880505276556,false,4.447325667351128
3828,Drink & food To Go,17461,16329,0.9351698069984536,0.9993280972491346,false,269.7932353182751
3831,Baskets,12429,12429,1.0,0.9996132257275373,false,81.77247063655028
3832,Tools,7314,7314,1.0,0.9988915553299177,false,155.74129527720737
3835,Personal care,13812,13596,0.9843614248479583,0.999751009835107,false,74.19238767967148
3836,Personal care,114,114,1.0,0.9998203717651037,false,98.0384410677619
3837,Wash treatment and accessories,2881,2881,1.0,0.9994854564265218,false,86.05422258726897
3844,Wash treatment and accessories,29869,19075,0.6386219826576048,0.9991754294825694,false,937.2337457905538
3845,Personal care,19686,19686,1.0,0.9996137855389211,false,169.64479589322377
3886,Gift,3367,3367,1.0,0.999858432514143,false,612.820663244353
3891,Residential odors,6970,6970,1.0,0.9997776758465897,false,75.29010266940455
3909,Construction,226,226,1.0,0.9963304311531068,true,437.12772073921917
3910,Kitchen tools,1981,1981,1.0,0.9990611381694389,false,85.67097618069819
3911,Teletoys,585,585,1.0,0.9977258605211807,false,483.6797215605752
3912,Hobby and creative,505,505,1.0,0.9989196908943099,true,140.39196262833676
3915,Construction,305,305,1.0,0.9984658388248068,false,355.4895264887062
3918,Special pans,4185,4185,1.0,0.9978858526204426,false,355.9701749486655
3920,Games,1919,1919,1.0,0.9962824919369925,true,281.68810102669397
3921,Teletoys,355,355,1.0,0.999225967033272,false,39.841406981519484
3922,Vehicles,4419,4419,1.0,0.9993200093751261,false,74.51790061601645
3923,Games,1944,1872,0.9629629629629629,0.9984065122061672,true,93.57732238193014
3925,"Glasses (drink, beer, wine etc)",3405,3405,1.0,0.9994388499473259,false,58.365246817248476
3947,Bath textiles and bath mats,13253,13253,1.0,0.9995016567226317,false,208.2730841889116
3948,Bath textiles and bath mats,14811,14811,1.0,0.9984999007546125,false,601.080168377823
3951,Window and squeegees,60373,60373,1.0,0.9999035317334676,false,583.2819712525668
3965,Oven dishes,248,248,1.0,0.9986283599039851,true,92.74813429158108
3967,Ironing boards,127,127,1.0,0.9873151672475422,false,411.5284620123204
3970,Foods,124,124,1.0,0.9998261075107163,false,33.965474743326524
3971,Cleaning products,656,656,1.0,0.998125254166825,true,710.8741823408624
3973,Light bulbs,2433,2433,1.0,0.9997338096472463,false,55.857412731006164
3975,Table paper,1674,1674,1.0,0.9998783484675214,false,43.12738234086241
3979,Special pans,680,533,0.7838235294117647,0.9991699073234276,false,85.04476796714584
3987,Travel accessories,1130,1130,1.0,0.9996233340518206,false,57.7089227926078
3989,Tea and coffee,13674,10998,0.8043001316366828,0.9986723252001847,false,4612.95975359343
4006,Hobby and creative,5386,5386,1.0,0.9994400402780181,false,93.46234414784402
4016,Hobby and creative,510,510,1.0,0.9989354975467587,false,87.58541724846
4028,Window and squeegees,68609,58183,0.8480374294917576,0.9992619885574912,false,713.8793901437372
4029,Shoe maintenance,3407,3407,1.0,0.9997850934176755,false,244.88864394250498
4036,Vacuuming,164,164,1.0,0.998782191269087,false,920.2693018480502
4040,Kitchen textile,12795,11295,0.8827667057444314,0.9997747621871044,false,616.7331745379878
4042,Window and squeegees,14677,12393,0.8443823669687266,0.9990466951428703,false,632.5876225872687
4043,Table textiles,2570,2570,1.0,0.9993984389431697,false,87.96861765913758
4046,Tableware,12066,3742,0.31012763136084864,0.9994572003639443,false,532.5066735112936
4047,Tableware,15264,15071,0.9873558700209644,0.9996358071837449,false,2610.9598110882953
4054,Light bulbs,7689,7689,1.0,0.9998739748908588,false,67.29973921971252
4055,Thermos jugs,1959,1941,0.9908116385911179,0.9993094055992231,false,63.83371293634497
4059,Foods,300,300,1.0,0.9997044853427346,false,56.82371170431214
4068,Baby / Toddler,744,682,0.9166666666666666,0.9981185438421749,true,60.521085831622145
4073,Hobby and creative,6489,6489,1.0,0.9997829395355186,false,19.91561519507188
4074,Puzzles,4263,4263,1.0,0.9994639027130957,false,27.345466940451754
4076,Vehicles,162,162,1.0,0.9953726608083999,false,193.21508090349067
4077,Puzzles,4444,4444,1.0,0.9991084504813661,false,61.977252566735146
4079,Foodprep,7093,7093,1.0,0.9959709806881304,false,16182.18395277207
4080,Coffee makers and kettles,2875,2875,1.0,0.9962123838479423,true,49595.4227856263
4085,Vacuuming,5287,4996,0.9449593342160015,0.9822093295157377,false,1370.5958057494872
4086,Fans and electric blankets,13284,13284,1.0,0.9921252972115653,true,14012.83557659138
4091,Store kitchen,725,725,1.0,0.9994140409296874,true,178.43033059548253
4094,Bathroom accessories,2958,2958,1.0,0.9990003689936033,false,56.393540862423045
4097,Cleaning products,26319,26319,1.0,0.9996700552104562,false,463.65593839835714
4098,Cooking pans,79,79,1.0,0.9816801366321057,true,394.2988747433265
4103,Wash treatment and accessories,2154,2154,1.0,0.9997766115629901,false,22.600944558521572
4104,Cleaning products,5399,5349,0.9907390257455084,0.998956627850873,false,101.53576755646816
4105,(Steam) cleaners,156,156,1.0,0.9979124981129694,true,66.59211540041065
4108,Wash treatment and accessories,39177,10727,0.2738086121959313,0.9992279810595657,false,3679.4201765913754
4113,Residential odors,5318,5318,1.0,0.9997352076189229,false,220.95911088295688
4114,Window and squeegees,78016,56775,0.7277353363412633,0.99953284470893,false,701.4396484599589
4116,Shoe maintenance,2629,2339,0.8896918980600989,0.9995325235643849,true,96.14351088295689
4117,Coffee makers and kettles,37998,35812,0.9424706563503342,0.9970492957462057,false,1442.8807149897327
4122,Electric personal care,18647,15739,0.8440499812302247,0.9949642119642125,false,854.1669765913758
4123,Electric personal care,21869,21598,0.9876080296309845,0.9955939418051672,false,2008.105333880902
4133,Special pans,22939,21294,0.9282880683552029,0.995259007569467,false,1653.5537987679675
4134,Frying pans,8230,6770,0.8226002430133658,0.9790598724163656,false,2346.9808361396304
4153,Stationary,37286,37286,1.0,0.9999181047901877,false,82.86373182751542
4160,Hobby and creative,7105,4937,0.694862772695285,0.9990821855502534,true,2821.372549486653
4164,Kitchen tools,821,821,1.0,0.9993126539336562,false,102.77688624229982
4166,Girls toys,161,161,1.0,0.9981138736143065,true,99.28575770020527
4168,Vehicles,16241,10559,0.6501446955236746,0.9984384751112033,false,234.55701190965092
4171,"Glasses (drink, beer, wine etc)",2323,2323,1.0,0.9998880394271737,false,53.34404763860372
4172,Tea and coffee,21777,21376,0.9815860770537723,0.9997693711346584,false,149.6187531827515
4176,Window and squeegees,68404,57965,0.8473919653821413,0.9995574051093103,false,492.0605067761808
4187,Knives,32835,32835,1.0,0.9999292299771407,false,504.3404386036959
4191,Cutlery,22975,22975,1.0,0.9995618612953624,false,5748.257757700204
4192,Window and squeegees,48815,48629,0.9961896957902284,0.9993808974012552,false,415.50073921971256
4194,Stairs,3218,3218,1.0,0.9970334368090388,false,219.67287597535937
4203,Bed textile,842,842,1.0,0.9972662795749525,false,1173.5117975359337
4206,Mugs and cups,12408,12408,1.0,0.999352544247674,false,3975.032735112937
4215,Tea and coffee,15330,11961,0.7802348336594912,0.9971444307804335,false,2659.288601642711
4217,Tableware,4585,4585,1.0,0.9996990595332499,false,63.038967145790515
4221,Large garden,57,57,1.0,0.9988826407619931,true,255.3620985626283
4223,"Glasses (drink, beer, wine etc)",559,559,1.0,0.9985540871036166,false,120.65032689938401
4224,Cutlery,628,628,1.0,0.9993900407417519,false,117.91875154004104
4227,Special pans,2738,2024,0.7392257121986852,0.9992714508224902,false,50.76404024640653
4233,Bakeware,548,548,1.0,0.9975954887182985,true,130.86872279260774
4239,Baby / Toddler,4329,4329,1.0,0.9981155906850068,false,97.27699342915815
4242,Stuffed animals,2371,2371,1.0,0.9992810851209466,true,85.74804804928135
4255,Boys toys,7956,7956,1.0,0.9997994587598205,false,74.0033790554415
4261,Foodprep,9502,9502,1.0,0.9961590661229608,false,149120.34387720746
4262,Batteries,37008,33852,0.9147211413748378,0.999282138193601,false,397.53596221765923
4264,Cooking pans,1274,1274,1.0,0.9952106084662414,false,246.55386776180714
4265,Window and squeegees,53684,47966,0.8934878175992848,0.9992190762007641,false,956.1853963039018
4266,Kitchen helpers,38994,38994,1.0,0.9998775435631037,false,793.528072279261
4267,Hobby and creative,531,531,1.0,0.9979871482881115,false,39.690083367556475
4279,"Cloths, mops, sponges and brush",34302,27700,0.8075330884496531,0.9995419501313687,false,734.3104583162215
4281,Wash treatment and accessories,3710,3710,1.0,0.999714633952967,false,196.5257876796714
4282,Bakeware,17999,17999,1.0,0.9991069774644222,false,533.4351236139629
4283,Tea and coffee,8061,8061,1.0,0.999710933416793,false,703.91295687885
4284,Cutlery,11933,8709,0.7298248554428894,0.9997081438222788,false,76.39975359342911
4286,Bathroom accessories,11458,11458,1.0,0.9994128571997721,false,135.0734833675564
4287,Kitchen textile,5286,5286,1.0,0.9996099407741349,false,95.06764681724843
4303,"Cloths, mops, sponges and brush",24399,24399,1.0,0.9999142574047062,false,139.76394332648857
4309,Vehicles,10016,9245,0.9230231629392971,0.9990007851331406,false,164.7310804928131
4312,Hobby and creative,9797,9797,1.0,0.9993271749134148,false,111.82783449691988
4317,Puzzles,2221,2151,0.9684826654660063,0.998769181351717,false,39.46395605749486
4323,Vacuuming,162,162,1.0,0.9778123699769515,false,2887.8454866529805
4326,Foodprep,19024,19024,1.0,0.9976311587741757,false,670.7608993839834
4329,Small storage,47997,47997,1.0,0.9998414673846576,false,278.3959392197126
4331,Window and squeegees,32145,29229,0.9092860475968269,0.998551490396003,false,977.0672788501026
4332,Tableware,4676,3966,0.8481608212147135,0.9994183667271981,true,174.6196197125256
4336,Racks and pockets,25511,16207,0.6352945788091412,0.99981815360775,false,214.56828911704312
4337,Racks and pockets,135898,116234,0.8553032421374854,0.9999167302790252,false,2329.440239014373
4341,Baskets,8912,8912,1.0,0.9996388857506895,false,77.01114825462015
4343,Baskets,10270,10270,1.0,0.9991760870259867,false,174.8202710472278
4345,Wash treatment and accessories,3589,3589,1.0,0.9989665712193285,true,131.3662546201232
4346,Wash treatment and accessories,2549,2549,1.0,0.9995636569574199,false,62.61139219712527
4347,Wash treatment and accessories,12445,12445,1.0,0.9994292250917844,false,178.27773634496927
4348,Cleaning products,5424,5382,0.9922566371681416,0.9997275492999691,false,40.64150554414784
4355,Drink & food To Go,11928,11928,1.0,0.9988705943157524,true,510.63780246406566
4356,Personal care,1187,1187,1.0,0.9995447581812301,false,224.18256057494858
4362,Measuring and weighing,4226,4040,0.9559867486985328,0.9969499804182749,false,286.04585831622165
4363,Pan sets,47,47,1.0,0.988411084482529,false,1575.6229683778238
4384,Candles & Tealights,1002,1002,1.0,0.9998751243241205,true,499.33243449691986
4389,Vases,5005,5005,1.0,0.9994252412909933,false,102.84687474332645
4402,Photo frames & albums,3255,3255,1.0,0.9992760695063545,false,112.79911540041066
4404,Photo frames & albums,24984,24984,1.0,0.9999229180364199,false,89.01481724845995
4411,Construction,204,204,1.0,0.9988720304428029,true,63.652060780287506
4418,Hobby and creative,1189,1189,1.0,0.9996895008346506,false,24.306495277207397
4422,Construction,348,348,1.0,0.9985197189727788,true,299.0671490759756
4425,Boys toys,7473,7473,1.0,0.9992918787039431,false,146.81300657084182
4429,Store kitchen,5989,5989,1.0,0.9997318703132655,false,38.61831006160164
4433,Drink & food To Go,12802,12129,0.9474300890485862,0.9989919635238378,false,554.7989827515398
4437,Wash treatment and accessories,31796,31667,0.9959428858975972,0.9997769228621878,false,184.83790924024623
4438,Racks and pockets,1609,1577,0.9801118707271598,0.9968922225126401,false,115.56233880903486
4440,"Cloths, mops, sponges and brush",75021,56806,0.7572013169645833,0.9999007801067141,false,429.7670266940453
4441,Kitchen helpers,8390,7360,0.8772348033373063,0.998728073830684,false,102.37061889117041
4442,"Cloths, mops, sponges and brush",17238,17202,0.9979115906717717,0.9996575371178582,false,283.6498
4445,Vacuuming,13968,13742,0.9838201603665521,0.9995212514612156,false,287.4907244353182
4447,Store kitchen,8777,8777,1.0,0.9993032877547541,false,182.96247843942498
4448,Bakeware,23702,23543,0.9932917053413214,0.9991004862085825,false,736.9066016427101
4452,Waste bins,22533,16362,0.7261350019970709,0.9866887729751829,false,4519.000349075975
4453,Window and squeegees,11698,11555,0.9877756881518208,0.9971961277324591,false,625.4267864476385
4456,"Cloths, mops, sponges and brush",7448,7448,1.0,0.9995327945019706,false,183.06104188911695
4474,Tableware,5096,5096,1.0,0.9993174963844326,false,149.90779712525668
4477,Tableware,6219,6219,1.0,0.9998358774622479,false,137.8843010266941
4479,Bicycle accessories,21,21,1.0,0.9991053347032218,false,155.61530390143685
4480,Others,1513,1513,1.0,0.9993913834118408,true,369.491205338809
4481,"Glasses (drink, beer, wine etc)",414,414,1.0,0.9997716117810254,false,37.68582956878851
4482,Bed textile,2211,2211,1.0,0.9986028780712154,false,1392.1265581108833
4485,Table textiles,72505,72505,1.0,0.9999622491164448,false,1866.5930809034903
4489,Vehicles,3311,3311,1.0,0.9994245695627633,false,146.316914989733
4490,Construction,1460,1460,1.0,0.9992822760889252,false,48.54742915811089
4492,Foods,491,491,1.0,0.999763236237548,false,170.1617236139631
4496,Hobby and creative,3126,3126,1.0,0.9979895730547482,false,134.079575359343
4499,Cleaning products,4420,4420,1.0,0.999666757573401,false,82.46178234086244
4503,Games,3000,2838,0.946,0.9973666343820637,true,307.97498110882924
4513,Measuring and weighing,37116,37116,1.0,0.9992015517994289,false,2520.4070751540035
4516,Vacuuming,30461,29742,0.9763960474048784,0.9991646335333504,false,1314.082925667351
4517,Knives,6337,6133,0.9678081110935775,0.9987131553005615,false,1046.8255934291576
4518,Foodprep,4625,4625,1.0,0.994534534546943,false,416.31136221765905
4520,Vacuuming,3260,3134,0.9613496932515337,0.9677150175251169,false,1639.8714234086237
4526,Insecticides,124,124,1.0,0.9987527659123897,false,834.4185363449702
4527,Tea and coffee,11301,11301,1.0,0.9998459805216207,false,204.07232238193026
4531,Store kitchen,21322,21322,1.0,0.9997163097878929,false,150.7405613963039
4535,Laundry baskets,10558,10558,1.0,0.9981607635600654,false,300.2608718685832
4536,Drying racks,14843,13579,0.914842013070134,0.9993645709624528,false,245.3273642710474
4537,Small storage,18639,18639,1.0,0.9997905212435805,false,126.06100205338807
4539,Bathroom accessories,4938,4938,1.0,0.9984787787768248,false,3877.1882874743333
4544,Bakeware,503,503,1.0,0.9980660728583903,false,57.66339548254619
4546,Wash treatment and accessories,1144,1144,1.0,0.9992681469697158,false,632.6723182751537
4547,Cleaning products,17454,16505,0.9456285092242466,0.9996684465386688,false,215.19203080082133
4548,Wash treatment and accessories,2291,2291,1.0,0.9996118572894804,false,26.75901930184806
4552,Cleaning products,10344,8300,0.8023975251353441,0.9988206401771484,false,196.31653798767965
4556,Euro articles,5133,5133,1.0,0.9997989160781615,false,447.7899712525665
4558,Cleaning products,6892,6892,1.0,0.9995460935304253,false,96.13491252566732
4559,Cleaning products,2921,2921,1.0,0.9999013550442344,false,31.21678028747434
4560,Waste bins,11524,11501,0.9980041652204096,0.9968630613018348,false,1102.8475478439427
4562,Window and squeegees,540,540,1.0,0.9817566399615306,false,7220.735199999996
4563,Stationary,81457,79686,0.9782584676577827,0.9999476437258852,false,320.30421190965075
4564,Residential odors,11759,11759,1.0,0.9993737751654792,false,327.53088542094434
4566,Personal care,29339,29339,1.0,0.9995653001296716,false,425.10997700205326
4567,Window and squeegees,36509,26657,0.730148730450026,0.9989275581790764,false,563.3434989733059
4576,Electric personal care,10559,9152,0.8667487451463207,0.9911772504063389,false,1309.723334291582
4581,Measuring and weighing,5752,4049,0.7039290681502086,0.9967523557717768,false,895.5531498973307
4589,Other Holidays,15412,10323,0.6698027511030366,0.9986142744967724,false,633.1160349075972
4596,Personal care,714,714,1.0,0.9982826270896564,false,87.82455852156055
4620,Candles & Tealights,39765,39765,1.0,0.999850289125076,false,550.5996956878846
4621,Candles & Tealights,136,136,1.0,0.9998096264312825,true,327.42737741273083
4628,Drinks,1331,1331,1.0,0.9994620963931797,false,341.184427104723
4638,Residential odors,12006,11638,0.9693486590038314,0.9996772361387597,false,38.04857618069815
4652,Photo frames & albums,29513,29513,1.0,0.9999319795996753,false,83.09647392197124
4654,Photo frames & albums,9297,9297,1.0,0.9996067471085728,false,114.96305544147845
4665,Window and squeegees,2433,2433,1.0,0.9989994154106757,true,179.51535934291584
4683,Personal care,1978,1373,0.6941354903943378,0.9981639142490132,false,61.43624312114986
4685,Boys toys,17,17,1.0,0.996591483958456,true,380.7223330595487
4687,Construction,250,250,1.0,0.992357683321272,true,2450.973799178643
4690,Hobby and creative,13822,13427,0.9714223701345681,0.9999585154111056,false,7.0552755646817245
4701,Residential odors,13673,13494,0.9869085058143787,0.9997510834935822,false,33.09979466119096
4706,Foils and bags,4367,4247,0.9725211815891917,0.9998024899933434,false,262.30228665297733
4707,Boys toys,1379,1379,1.0,0.992223450406731,false,600.4977568788503
4711,"Glasses (drink, beer, wine etc)",5346,5346,1.0,0.9997133315884941,false,52.854234496919936
4715,Drink & food To Go,6125,6125,1.0,0.9986921041591701,false,374.56591498973285
4716,Wash treatment and accessories,5160,5160,1.0,0.9997641488183161,false,47.28701232032849
4718,Window and squeegees,21050,16165,0.7679334916864609,0.9978288240087253,false,969.9816000000005
4720,Wash treatment and accessories,17964,17964,1.0,0.9999130583912949,false,42.14685913757698
4726,Drying racks,22840,17186,0.7524518388791593,0.9978225021335281,false,2394.2186702258728
4729,Knives,2520,2496,0.9904761904761905,0.9831819450331019,false,596.1379527720737
4730,Ironing board textiles,2861,2861,1.0,0.9989594607129545,false,163.7237100616017
4731,Mugs and cups,27558,13218,0.4796429349009362,0.9996725926823802,false,740.9809609856264
4742,Light bulbs,2813,2813,1.0,0.9993488226426134,false,116.36564271047224
4746,Hobby and creative,135,135,1.0,0.9987832709168032,false,38.09357166324434
4757,Games,1912,1912,1.0,0.9983511157870806,true,255.5009917864478
4764,Construction,1014,1014,1.0,0.9985415302547195,false,121.81789527720743
4770,Vacuuming,9202,9202,1.0,0.9991169150741316,false,1427.6256796714579
4773,Tableware,16644,16644,1.0,0.9997733591632745,false,670.6872628336755
4776,Store kitchen,19440,19440,1.0,0.9987707143849626,false,312.41799753593426
4782,Thermos jugs,13465,13465,1.0,0.9993193018516383,false,1905.5686899383973
4783,Baskets,12952,12952,1.0,0.9998145171626095,false,45.863427926078025
4784,Tools,20852,20627,0.9892096681373489,0.9992884366766182,false,319.8599778234086
4785,Cleaning products,5066,4993,0.9855902092380576,0.9995956894725792,false,71.25569075975359
4786,Personal care,10404,9642,0.9267589388696655,0.999756969556915,false,83.61392197125255
4787,Cleaning products,4255,4247,0.9981198589894242,0.9995238598227512,false,53.52941971252567
4788,Cleaning products,3152,3152,1.0,0.9981076264208926,false,125.73379876796717
4793,Personal care,13829,13829,1.0,0.9996963519460769,false,187.00237535934284
4794,Wash treatment and accessories,7814,7814,1.0,0.9993425099652052,false,99.06434784394256
4797,Cleaning products,5054,5054,1.0,0.9981439536495398,false,422.2450940451743
4798,Wash treatment and accessories,3232,2565,0.7936262376237624,0.9979275545829657,false,224.735123613963
4806,Electric personal care,9313,8802,0.945130462793944,0.9988625585065604,false,140.32596427104718
4812,Cooking pans,2493,1785,0.7160048134777377,0.992109372544105,false,368.1856377823406
4818,Other Holidays,8297,8297,1.0,0.9991280988964677,true,683.4068435318275
4841,Stationary,10586,10586,1.0,0.9996443116709135,false,448.47948418891144
4849,Kitchen tools,1784,1784,1.0,0.9995526150300074,false,36.49740492813143
4850,Kitchen tools,1093,1093,1.0,0.9986424015522954,false,60.3639609856263
4851,Kitchen tools,803,803,1.0,0.9967222212722916,false,280.3766316221768
4852,Hobby and creative,519,243,0.4682080924855491,0.9980208760909146,false,4949.946877207393
4857,Hobby and creative,2225,2225,1.0,0.9999099327915858,false,10.651720328542094
4858,Tableware,2241,2241,1.0,0.9995938788003236,false,101.77001889117041
4859,Tableware,2130,2130,1.0,0.9997798312966788,false,60.49646078028749
4864,"Glasses (drink, beer, wine etc)",490,490,1.0,0.9988456292795351,true,287.1196755646818
4866,Serve and present,985,985,1.0,0.9996887168830259,false,71.8956776180698
4873,Toilet cleaners and odors,28709,27737,0.9661430213521892,0.9998629932097932,false,161.8088320328542
4875,Table paper,4997,4997,1.0,0.9998198790177217,false,72.4526131416838
4876,Moisture treatment and climate,27466,27215,0.9908614286754532,0.9995835769495355,false,535.2983942505132
4880,Window and squeegees,51536,51536,1.0,0.9997766619367502,false,246.72582628336764
4881,Window and squeegees,31522,30801,0.9771270858448068,0.9988407392255413,false,496.9061223819303
4882,Stairs,5598,5598,1.0,0.9963953778023767,false,494.55163860369606
4886,Kitchen textile,10402,10402,1.0,0.9993939624134376,false,1930.9072525667355
4887,Kitchen textile,15698,15698,1.0,0.9998204284611241,false,1196.6369199178644
4892,Ironing board textiles,10387,10236,0.9854625974776162,0.9996394808641236,false,226.74454907597536
4894,Bed textile,4659,3380,0.7254775702940545,0.9988818651711272,false,2170.313588501026
4901,Serve and present,3669,3669,1.0,0.9994562736190842,false,73.8200969199179
4902,Tea and coffee,4644,4644,1.0,0.9995055825322415,false,114.27598891170429
4903,Tea and coffee,259,259,1.0,0.9984342247791294,false,287.9975014373717
4904,Light bulbs,4044,4044,1.0,0.9995033521347517,false,151.47794455852164
4906,Cleaning products,643,643,1.0,0.9982015145376065,true,64.38017864476387
4907,Tools,26,26,1.0,0.9981549289527206,true,40.0026283367556
4915,Light bulbs,6610,6610,1.0,0.9998989519339117,false,54.84417782340863
4917,Personal care,227,227,1.0,0.9997949741159606,false,70.42554825462017
4918,Tools,72,72,1.0,0.9963759078869304,true,106.47620944558523
4921,Baskets,2689,2689,1.0,0.9996277127229041,false,203.1987942505132
4922,Light bulbs,1322,1322,1.0,0.999687779631363,false,62.49889774127311
4930,Kitchen tools,1419,1419,1.0,0.9978674404627695,false,188.46418809034904
4933,Puzzles,174,174,1.0,0.9923722854928326,true,144.57331991786486
4951,Games,2569,2569,1.0,0.9982499909343934,true,283.8330591375769
4953,Puzzles,3889,3889,1.0,0.9990772422696668,false,35.856765503080105
4962,"Glasses (drink, beer, wine etc)",672,672,1.0,0.998158703256817,true,69.1637371663244
4965,"Glasses (drink, beer, wine etc)",658,658,1.0,0.99972407474117,false,28.420140862423033
4966,Store kitchen,7858,7858,1.0,0.9999338197616531,false,14.323379876796725
4970,"Cloths, mops, sponges and brush",24494,24104,0.9840777333224463,0.9998191153046326,false,278.22421355236133
4974,Kitchen tools,31833,29784,0.9356328338516634,0.999878366027204,false,855.4479622176592
4978,Window and squeegees,38501,38501,1.0,0.999635146855215,false,391.36112279260794
4982,Ironing board textiles,37696,37069,0.983366935483871,0.9996715890711051,false,565.7857314168374
4985,Personal care,14144,10713,0.7574236425339367,0.9995099733960183,false,309.8305273100616
5001,Shopping bags and trolleys,5129,5129,1.0,0.9998811188497077,false,27.529232032854203
5008,Measuring and weighing,954,954,1.0,0.9995863575198645,false,75.83321355236139
5015,Construction,841,841,1.0,0.9955807708941975,true,404.99168377823406
5025,Tea and coffee,12603,12603,1.0,0.9996794391042619,false,891.1066176591371
5027,Small storage,33261,33039,0.993325516370524,0.9998551115631437,false,138.38199671457897
5033,Bathroom accessories,5936,5766,0.9713611859838275,0.9976444103390129,false,314.9381930184808
5038,Storage boxes,2197,2197,1.0,0.9897378792067284,false,465.6138772073919
5039,Baskets,13201,13201,1.0,0.9996117495805931,false,104.01028336755647
5040,Wash treatment and accessories,4593,3463,0.7539734378401916,0.999738935286753,false,77.05439014373714
5042,Personal care,82981,76646,0.9236572227377351,0.9998589707650175,false,243.17260903490757
5045,Cleaning products,22896,22896,1.0,0.9993272403643086,false,241.847297741273
5047,Cleaning products,7653,7653,1.0,0.9997254417640856,false,59.28263490759752
5051,Cleaning products,5931,5931,1.0,0.9986086293884747,false,234.595958932238
5052,Commercial non-trade goods,72275,71881,0.9945485991006572,0.9999604873524448,false,240.81797864476377
5057,Foodprep,7670,7454,0.9718383311603651,0.9947776120730372,false,676.962427926078
5062,Electric personal care,2404,2222,0.9242928452579035,0.9904462807848078,true,555.9180743326489
5063,Pan sets,3446,3150,0.914103308183401,0.9593351079760442,true,3720.436324435317
5066,Bakeware,13569,13569,1.0,0.9992884418390506,false,3347.896151950716
5067,"BBQ, beach and camping",72603,31168,0.42929355536272606,0.9995006996049647,false,4436.828542094453
5068,Other Holidays,8607,8607,1.0,0.9980118613831321,true,1573.9200854209453
5082,Candles & Tealights,932,932,1.0,0.9997555073315699,true,468.6502558521564
5088,Residential odors,15277,15087,0.9875630032074361,0.9995058513470011,false,78.4226759753593
5096,Vases,3339,3232,0.9679544773884396,0.998326620068892,false,136.91137577002044
5101,Small garden,1125,1125,1.0,0.99947128900291,true,635.9775486652976
5108,Games,2450,2450,1.0,0.9991824335388605,false,104.11237125256675
5114,"Glasses (drink, beer, wine etc)",902,902,1.0,0.9998162477094834,false,40.84951909650924
5117,Store kitchen,11318,11318,1.0,0.9998391207508679,false,37.27154455852157
5119,Personal care,6790,5785,0.8519882179675994,0.9997982597319564,false,74.75635482546207
5121,Wash treatment and accessories,11114,10977,0.9876732049667086,0.9996683637299487,false,84.9244053388091
5124,Bakeware,47314,42241,0.8927801496385848,0.9996121822876268,false,584.2959622176592
5125,Foils and bags,40126,40126,1.0,0.9997766560951991,false,246.90722546201235
5126,Gift,107362,107362,1.0,0.9998388368985774,false,595.2260698151947
5128,Cutlery,14997,14997,1.0,0.9996137988052396,false,167.82688295687882
5129,Cutlery,2581,2581,1.0,0.9981113166481631,false,97.47303367556468
5134,Kitchen helpers,15008,14926,0.9945362473347548,0.999588516810711,false,2259.9238225872678
5139,Bed textile,1500,1500,1.0,0.998803166148265,false,760.4001511293635
5142,Bath textiles and bath mats,47167,47167,1.0,0.9997864341541154,false,1815.3408948665299
5144,Bed textile,2056,2056,1.0,0.9971187648850051,false,5190.239255030803
5153,Planks,929,929,1.0,0.9996687376204322,false,71.52823367556472
5155,Cutlery,4430,4430,1.0,0.9998275655160522,false,43.95423326488711
5156,Clocks,133,133,1.0,0.9980554706925864,false,171.59711170431197
5157,Tableware,4676,3130,0.6693755346449958,0.9997958126459263,false,52.694873100616
5159,Home decoration,370,370,1.0,0.997089772796199,false,149.93692114989727
5160,Waste bins,720,720,1.0,0.999392319451711,false,161.56516303901432
5161,Light bulbs,480,480,1.0,0.9992049272195577,true,80.71477782340862
5162,Baby / Toddler,583,583,1.0,0.998115676102597,false,66.77062833675568
5165,Personal care,1247,457,0.3664795509222133,0.9997434136377644,false,14.347039014373749
5175,Toilet cleaners and odors,4229,4056,0.9590919839205486,0.9997454867556018,false,41.88202628336755
5179,Hobby and creative,641,641,1.0,0.9997409996287577,false,11.395195071868583
5181,Shopping bags and trolleys,6174,6174,1.0,0.9997933172026652,false,71.5375478439425
5186,Hobby and creative,3799,839,0.22084759147143984,0.998731375705473,true,56.6649223819302
5190,Wash treatment and accessories,4126,4126,1.0,0.9998375596049799,false,61.64838480492814
5198,Hobby and creative,190,190,1.0,0.998422402816795,false,480.1049609856263
5200,Outdoor toys,745,745,1.0,0.9971172154888249,false,184.74042381930184
5204,Oven dishes,314,314,1.0,0.9985845115931482,true,195.27636960985564
5205,Coffee makers and kettles,3772,3772,1.0,0.9968773303746301,true,39084.53517535935
5206,"Glasses (drink, beer, wine etc)",6865,6446,0.938965768390386,0.9995470025304191,false,101.18022792607802
5210,Vacuuming,4550,4550,1.0,0.9717933075225,false,1496.940841067762
5212,Batteries,81361,81361,1.0,0.9999077364335773,false,172.42202217659133
5219,Drink & food To Go,43097,42461,0.9852425922918069,0.999477715498997,false,553.5003375770019
5221,Toilet accessories,14478,14133,0.9761707418151678,0.9994662019703989,false,392.8925071868582
5222,Toilet accessories,34827,34827,1.0,0.9990334484538168,false,10569.415990143736
5223,"Glasses (drink, beer, wine etc)",765,765,1.0,0.9996143973139107,false,94.49899383983579
5226,Wash treatment and accessories,3171,3171,1.0,0.9987141601533035,true,154.94925462012324
5227,Wash treatment and accessories,1921,1921,1.0,0.9989162611083329,false,48.14193511293633
5228,Toilet cleaners and odors,57774,39137,0.677415446394572,0.9992890954021028,false,1321.1967137576999
5236,Wash treatment and accessories,274,274,1.0,0.9998741339022307,false,41.938138398357296
5239,Residential odors,6530,6530,1.0,0.9996849417207961,false,229.3134225872691
5241,Phones,12802,12802,1.0,0.9974125143483678,false,816.6938464065709
5243,Electrical tools,14697,9945,0.6766687078995713,0.9721425333498633,false,3374.376694866528
5255,Cooking pans,5253,5247,0.9988577955454027,0.9995476301922183,false,291.28426447638617
5271,Candles & Tealights,36006,36006,1.0,0.9989233962314383,false,665.9958225872691
5273,Candles & Tealights,36715,36715,1.0,0.9998567057653509,false,148.33651416837785
5275,Candles & Tealights,50,50,1.0,0.9997843912926052,false,37.625744558521504
5276,Candles & Tealights,16017,16017,1.0,0.9992737865219111,true,609.602833675565
5283,Other Holidays,12263,12263,1.0,0.9992681932310926,true,952.0783367556461
5293,Photo frames & albums,17860,17860,1.0,0.999820732993045,false,131.8213466119096
5294,Photo frames & albums,24384,24384,1.0,0.9999006958426431,false,104.76596714579051
5303,Window and squeegees,1436,1436,1.0,0.9968117650174924,true,166.37600574948664
5311,Drying racks,6568,6568,1.0,0.9985810735848166,false,114.75367638603699
5315,Hobby and creative,401,401,1.0,0.9954886954268165,false,371.4629026694046
5318,Teletoys,360,360,1.0,0.99883336592552,false,273.1152800821355
5320,"Cloths, mops, sponges and brush",18502,16926,0.9148200194573559,0.999876403582511,false,186.94069486652978
5323,Construction,2,2,1.0,0.9919960567401801,true,828.0171987679695
5330,"Glasses (drink, beer, wine etc)",887,887,1.0,0.9991246775906,false,116.85912402464062
5335,Commercial non-trade goods,124,124,1.0,0.9996037711568906,false,92.04892484599594
5336,Table paper,7275,7275,1.0,0.9998870039236282,false,51.704995482546174
5337,Cutlery,7965,7965,1.0,0.999614484279089,false,105.01044394250518
5341,Drying racks,9953,9953,1.0,0.9980552851476553,false,708.7990028747432
5343,Kitchen tools,20206,20206,1.0,0.9995979021346257,false,650.5547827515402
5346,Kitchen helpers,243,243,1.0,0.9963229712018442,false,348.6971433264886
5347,Kitchen helpers,21447,16034,0.7476103883993099,0.9883619892815354,false,3486.6825675564687
5349,Cutlery,1834,1834,1.0,0.9958784610980324,false,238.54896386036967
5353,Bed textile,3577,3577,1.0,0.9978767367837575,false,2343.7491790554395
5360,Mugs and cups,15648,13839,0.8843941717791411,0.9997689568878553,false,888.3839338809033
5375,Tea and coffee,2481,2481,1.0,0.9968782885163329,false,139.2796324435319
5376,Vehicles,88368,88368,1.0,0.9998077965744531,false,274.27825462012316
5377,Boys toys,1711,1711,1.0,0.9926608600468214,false,667.8201289527718
5394,Foodprep,6430,6430,1.0,0.9895357714796215,false,20498.51449774128
5397,Batteries,60496,60496,1.0,0.9999150081975037,false,162.1117063655031
5400,Coffee makers and kettles,32824,26884,0.8190348525469169,0.9948432551231174,false,2584.8546234086234
5401,Bakeware,4209,4050,0.962223806129722,0.9992647308738869,true,178.19156591375773
5403,Store kitchen,370,370,1.0,0.9994325329211392,true,212.8678726899386
5404,Store kitchen,6919,6708,0.9695042636219107,0.9990083492518773,false,268.3462102669403
5405,"Cloths, mops, sponges and brush",53557,42928,0.801538547715518,0.9998435342699546,false,558.852474332649
5408,Others,121,121,1.0,0.9981331820573875,true,3693.7533765913727
5411,Cleaning products,6120,6120,1.0,0.998754381102982,false,182.7737889117042
5414,Cleaning products,1356,1201,0.8856932153392331,0.9992971490939915,false,21.94587392197124
5415,"Cloths, mops, sponges and brush",10826,10826,1.0,0.9996548306647681,false,105.25639835728953
5423,Measuring and weighing,1351,1351,1.0,0.9977265855839828,false,181.50686652977404
5424,Special pans,21921,16482,0.751881757219105,0.9959698738391842,false,1554.5764780287482
5440,Candles & Tealights,240,240,1.0,0.9994395192716027,true,844.0798299794664
5441,Candles & Tealights,15284,15284,1.0,0.9993918432619762,true,500.154651334702
5451,Party lights,10105,10105,1.0,0.9997186815945279,false,783.716334702259
5457,Photo frames & albums,1960,1960,1.0,0.9995047049252714,false,50.2885318275154
5458,Stationary,20388,20388,1.0,0.9996244157526181,false,592.5346402464063
5460,Coffee makers and kettles,1066,882,0.8273921200750469,0.9887509292970197,true,234.57685338809037
5462,Ironing boards,6969,1815,0.26043908738699956,0.9671353094110835,true,18663.31599425051
5467,Teletoys,442,442,1.0,0.9980711502669869,false,500.9883872689943
5468,Tea and coffee,2119,2119,1.0,0.9993282772917124,false,138.69976221765907
5469,Cooking books,214,214,1.0,0.9983995409725178,true,44.30077207392198
5472,Bath textiles and bath mats,3683,1737,0.4716263915286451,0.9991082627401336,true,694.5935219712527
5474,Hobby and creative,2211,2211,1.0,0.9997892535985072,false,17.75252320328542
5484,Wash treatment and accessories,8770,6010,0.685290763968073,0.9983900883804082,false,230.89476139630395
5488,Bakeware,31413,31413,1.0,0.9996554174190156,false,1333.247741273101
5491,Vacuuming,251,251,1.0,0.9994952698883738,false,638.6189835728951
5492,Bakeware,31111,30882,0.9926392594259266,0.9992631558450868,false,774.0509416837784
5494,Kitchen tools,34433,34433,1.0,0.999802159676154,false,487.7628977412729
5495,Kitchen tools,95779,95779,1.0,0.9998322535607862,false,283.92443285420933
5497,Racks and pockets,15302,15302,1.0,0.9996531427939452,false,2493.4815967145796
5498,Cutlery,16818,16818,1.0,0.999513740859801,false,3003.6695507186855
5499,Stairs,4067,4067,1.0,0.9959756966722426,false,404.46491581108813
5508,Bath textiles and bath mats,18024,17467,0.9690967598757213,0.9999306408659574,false,421.7382854209445
5515,Tableware,1032,1032,1.0,0.9981939568796099,true,2565.638168788502
5516,Mugs and cups,30443,3944,0.12955359195874258,0.9994524634630657,false,5408.32514620123
5523,Oven dishes,314,314,1.0,0.9990884893837882,true,53.72699794661194
5524,Planks,2666,2549,0.9561140285071268,0.9996549398551158,false,34.818816427104736
5527,Tableware,5551,5510,0.9926139434336155,0.9987473627445148,false,284.75383367556475
5530,Foods,460,460,1.0,0.9997083493624802,false,76.50116878850103
5534,Kitchen tools,469,469,1.0,0.9986165715850582,true,1190.717610677618
5536,"Glasses (drink, beer, wine etc)",308,308,1.0,0.999491848153695,false,65.08511745379879
5540,Wash treatment and accessories,1461,1461,1.0,0.9984380678711766,false,510.6344476386035
5554,Baby / Toddler,36,36,1.0,0.9988426405117603,true,73.69396468172482
5562,"Glasses (drink, beer, wine etc)",221,221,1.0,0.9994040842629354,true,204.39073182751542
5563,Electrical tools,5912,4958,0.8386332882273342,0.9964158132835237,false,264.36097371663226
5566,"Cloths, mops, sponges and brush",26005,23116,0.888905979619304,0.9993869108534847,false,644.7597457905547
5568,"Cloths, mops, sponges and brush",12087,12087,1.0,0.9993106794201806,false,288.7042628336755
5569,Small storage,13872,13872,1.0,0.9994945612576027,false,206.59198028747437
5573,Home decoration,19584,13012,0.6644199346405228,0.9997737142746271,false,657.5842057494865
5581,Puzzles,1034,1034,1.0,0.998404189030391,true,750.5076591375793
5582,Puzzles,3290,3290,1.0,0.999682768298658,false,15.377531006160169
5583,Hobby and creative,2981,2563,0.8597785977859779,0.9992317159125866,false,49.71140698151946
5588,Batteries,78336,77279,0.9865068423202614,0.9998780787375195,false,217.95884188911697
5593,Foodprep,32042,25404,0.7928344048436428,0.97121461155555,false,7645.574542915809
5596,Kitchen tools,8926,7030,0.7875868250056016,0.9974057755259985,false,514.2109905544145
5597,Buckets,164,164,1.0,0.9993776677587115,false,149.04411498973303
5598,Window and squeegees,17484,17484,1.0,0.9996295623397894,false,157.02759342915812
5599,Window and squeegees,15144,15096,0.9968304278922345,0.999613536563744,false,197.84109486652977
5602,Cleaning products,14925,14925,1.0,0.9994578160321862,false,187.25051170431206
5603,Bathroom accessories,10899,10866,0.996972199284338,0.9988667399748072,false,368.7233901437373
5604,Table textiles,1746,1746,1.0,0.9962183741157203,false,334.45504969199186
5605,Foils and bags,208,208,1.0,0.998804157721517,true,2080.960137987679
5606,Bathroom accessories,5908,5712,0.966824644549763,0.9992869090529725,false,116.0963597535934
5608,Laundry baskets,20500,12649,0.6170243902439024,0.9974224244165908,false,683.0164821355237
5609,Storage boxes,16324,16101,0.9863391325655476,0.9987976785264905,false,475.8377121149898
5610,Baskets,13421,13421,1.0,0.9996735911988864,false,144.69863860369605
5611,Baskets,8788,8781,0.9992034592626309,0.9995772930652744,false,86.42207474332649
5613,Baskets,10314,10314,1.0,0.9996269341781879,false,68.26756468172483
5614,Baskets,8319,8319,1.0,0.9995934724829041,false,83.85474784394253
5615,Drink & food To Go,11290,8759,0.7758193091231178,0.9985030983802158,false,747.5494878850101
5616,Personal care,68357,57020,0.8341501236157234,0.9998563279866493,false,140.99322381930187
5617,Cleaning products,11644,10756,0.9237375472346273,0.9995384015285551,false,284.94131006160194
5618,Others,4868,4868,1.0,0.9987679080981289,false,138.6969018480493
5620,Oven dishes,184,184,1.0,0.9995989504896207,false,142.28194250513357
5621,Personal care,2795,1772,0.6339892665474061,0.9996289455340125,false,24.263926078028764
5622,Wash treatment and accessories,4894,4894,1.0,0.9996985408037862,false,50.50538809034908
5625,Wash treatment and accessories,8941,6616,0.7399619729336763,0.998169002362188,false,444.9673470225871
5629,Cleaning products,2749,2749,1.0,0.9996116908649803,false,24.14153963039014
5634,Stationary,10037,10037,1.0,0.9997591718344342,false,290.6193823408624
5635,Window and squeegees,69857,61075,0.8742860414847474,0.9997392643680129,false,319.46891498973304
5638,Electric personal care,35727,35580,0.9958854647745403,0.9987095440106812,false,773.722801232033
5640,Electric personal care,3106,2407,0.7749517063747585,0.9922479378351645,false,211.31053798767962
5642,Electric personal care,16096,15641,0.9717321073558648,0.9972944009081267,false,522.455990143737
5644,Electric personal care,17241,17241,1.0,0.9981966366150684,false,497.04470225872717
5650,Pan sets,1792,572,0.31919642857142855,0.9861616547070221,true,525.672261601643
5652,Partyfun,23400,23400,1.0,0.9998816811195952,false,60.60635071868584
5653,Pan sets,1992,1992,1.0,0.9728610554076107,false,905.975100616016
5660,Personal care,1930,1859,0.9632124352331606,0.9984979371085526,false,113.24443613963038
5677,Foods,125,125,1.0,0.9997708486019428,false,57.5530369609856
5709,"TV, Audio & Video",5730,5393,0.9411867364746946,0.9962827715444813,true,255.4200821355236
5710,Drink & food To Go,7956,2130,0.26772247360482654,0.9980850522642926,true,263.2179700205335
5713,Electric personal care,20758,17707,0.8530205222083053,0.9953788489287078,false,636.0076932238194
5725,"Cloths, mops, sponges and brush",16396,16096,0.9817028543547207,0.9998945825285391,false,148.56722956878852
5726,Kitchen helpers,276,276,1.0,0.9979065368091804,true,125.74454168377821
5727,Hobby and creative,806,806,1.0,0.9970560318132651,false,98.11818069815179
5736,Planks,16247,16247,1.0,0.9993926982595133,false,6370.996702258727
5742,Storage boxes,3139,3139,1.0,0.994208070985295,false,289.34854743326486
5746,Planks,1069,1069,1.0,0.9928921621174974,true,354.10225585215596
5747,Wash treatment and accessories,1501,1501,1.0,0.9996720081396541,false,23.584241889117045
5748,Personal care,91,91,1.0,0.9981441825938765,false,187.42393921971274
5749,Cleaning products,20223,13010,0.643326905009148,0.9996091104672725,false,165.92509650924035
5751,Cleaning products,2492,2492,1.0,0.9981109375852669,false,154.22317207392186
5753,Wash treatment and accessories,15747,15747,1.0,0.9984481055243888,false,281.77320780287454
5757,Cleaning products,46232,24108,0.5214569994808791,0.9998204951508571,false,206.43455071868578
5761,Bathroom accessories,34955,34955,1.0,0.9999055950334349,false,283.5768591375771
5772,Foodprep,5605,5605,1.0,0.9969426506473248,false,434.10783737166344
5773,Electric personal care,10193,4184,0.4104777788678505,0.9949017605309222,false,1258.5344558521551
5798,Candles & Tealights,202,202,1.0,0.9989467588692589,true,576.0501950718697
5799,Candles & Tealights,340,340,1.0,0.999696207591031,true,338.4396969199178
5800,Candles & Tealights,902,902,1.0,0.9998506052143381,true,354.4167556468173
5804,Others,783,783,1.0,0.9997125446101532,false,73.61566817248453
5805,Candles & Tealights,9363,9363,1.0,0.9996160685982408,false,84.38264558521557
5807,Drink & food To Go,4519,4519,1.0,0.9998867611009041,false,28.198564271047236
5815,Residential odors,20367,18094,0.8883978985613984,0.9994760483053681,false,141.78896427104718
5820,Photo frames & albums,13267,13267,1.0,0.9998924569102733,false,72.22903572895278
5821,Photo frames & albums,2988,2988,1.0,0.9995543451276075,false,78.69329568788497
5827,Foodprep,2734,2734,1.0,0.9676564471554782,true,5633.995110472281
5837,Drying racks,2915,2547,0.8737564322469983,0.9987220854320427,true,260.1638398357288
5838,Hobby and creative,10,10,1.0,0.9958818817926897,true,230.0297856262837
5839,"Cloths, mops, sponges and brush",20371,20371,1.0,0.9998935237768193,false,199.5681314168378
5840,Construction,406,406,1.0,0.9979446647095997,true,658.091080492813
5843,Kitchen tools,1089,1089,1.0,0.9989442753189918,false,150.20767310061598
5845,Kitchen tools,1017,1017,1.0,0.9970307793839894,false,291.7191671457908
5848,Bath textiles and bath mats,3905,2269,0.5810499359795135,0.9986280808518195,true,960.1703655030801
5849,Tableware,1811,1534,0.8470458310325787,0.9994208563532708,true,1294.1404114989734
5850,Tableware,1482,1482,1.0,0.9977303968832707,true,4389.491445995893
5851,Hobby and creative,930,930,1.0,0.9998162497064818,true,13.672946201232032
5857,Bathroom accessories,7208,7208,1.0,0.998981536104935,false,233.06737166324436
5858,Racks and pockets,19847,19847,1.0,0.9995694310875314,false,125.89474989733058
5859,Waste bags,32709,31979,0.9776819835519276,0.9996610621668456,false,328.9687917864474
5861,Construction,694,694,1.0,0.9979457729440186,false,275.29133429158117
5863,Baskets,7560,7560,1.0,0.9996022771494867,false,165.8131770020535
5864,Storage boxes,3305,3305,1.0,0.9966133117613889,true,826.8675831622184
5866,Storage boxes,140,140,1.0,0.9936609996187509,false,262.7303790554416
5867,Storage boxes,6104,6094,0.9983617300131061,0.9986053574932144,false,126.00988911704316
5868,Cleaning products,13087,12676,0.9685947887216322,0.9993801926007012,false,196.0005749486653
5869,Cleaning products,3231,3231,1.0,0.9988358849383938,true,280.0346492813144
5870,Cleaning products,23645,15580,0.6589130894480862,0.9996436116576428,false,556.4456501026699
5871,Cleaning products,16862,12414,0.7362116000474439,0.9997759426907241,false,78.41201930184803
5872,Baskets,3880,3880,1.0,0.9996818102106713,false,288.66545379876794
5874,Cleaning products,4646,4646,1.0,0.9982138966542254,false,491.529926899384
5878,Dishwashing articles,88,88,1.0,0.9996019920418374,false,52.93399712525665
5880,Residential odors,8291,8291,1.0,0.9996352003245665,false,187.7378525667351
5895,Electric personal care,8199,8199,1.0,0.9975302253616701,false,194.96065379876788
5896,Electric personal care,4295,4295,1.0,0.995553650011781,false,251.53504188911702
5897,"TV, Audio & Video",235,235,1.0,0.9928999152030642,false,402.2233577002045
5899,Frying pans,16590,11803,0.7114526823387582,0.9961971835479008,false,1288.3992903490744
5915,Candles & Tealights,18492,18492,1.0,0.9993823963162168,true,454.5226431211503
5918,Candles & Tealights,22346,22346,1.0,0.9993673621182226,false,227.43293223819296
5919,Residential odors,2090,1654,0.7913875598086124,0.9996123872011276,false,16.875617248459964
5922,Drinks,1618,1618,1.0,0.9993532257776913,false,379.99815934291564
5924,Cooking books,103,103,1.0,0.9988486757883455,false,391.93693388090367
5931,Residential odors,8151,8015,0.9833149306833517,0.9989062759166762,false,149.286016016427
5941,Kitchen helpers,7753,7753,1.0,0.9995269774553092,false,106.53194209445599
5943,Stationary,40808,40808,1.0,0.9997828017334782,false,340.21422997946615
5946,Clocks,5990,5865,0.9791318864774624,0.9982828339073462,false,222.15202874743323
5948,Stationary,11671,11671,1.0,0.9997527271792677,true,7265.408860780287
5951,Stationary,31596,31596,1.0,0.999959258110336,false,23.270903490759757
5954,Foodprep,140,140,1.0,0.9788537997025902,true,1572.9302336755638
5955,Racks and pockets,2665,1584,0.5943714821763603,0.9899492003729262,true,984.3016624229973
5959,Construction,972,972,1.0,0.9994374950053723,true,45.4962887063655
5971,Construction,340,340,1.0,0.9966576056431424,false,111.60666324435324
5974,Girls toys,657,657,1.0,0.9977714488627426,true,87.6415293634497
5977,Cleaning products,26230,23148,0.8825009531071293,0.9996738025163724,false,303.8657425051335
5981,Window and squeegees,9923,9644,0.9718835029728913,0.9979764121400777,false,339.2607696098563
5982,"Glasses (drink, beer, wine etc)",503,503,1.0,0.9989743286517817,false,111.88386036960983
5983,"Glasses (drink, beer, wine etc)",940,940,1.0,0.9991491585408887,false,89.26121149897334
5987,Baskets,8440,8440,1.0,0.9992530858200374,false,149.1912616016427
5989,Baskets,13532,13532,1.0,0.9997640584730872,false,56.12536755646818
5991,Cleaning products,47876,47876,1.0,0.9997366588359263,false,166.95408788501038
5992,Cleaning products,28447,28447,1.0,0.9998635374675382,false,161.6153301848049
5993,Wash treatment and accessories,589,589,1.0,0.9999260597239992,false,178.98587186858313
5994,Wash treatment and accessories,3293,3277,0.9951412086243547,0.9993461079475664,false,67.71281396303898
5995,Toilet cleaners and odors,22789,22428,0.98415902409057,0.9987533548491921,false,199.1651154004106
5997,Cleaning products,6986,6952,0.9951331233896364,0.9994132100670926,false,90.6348357289528
5998,Thermos jugs,1755,1755,1.0,0.9980084084446712,true,532.0810562628337
5999,Cleaning products,7591,7532,0.9922276379923594,0.9985279343240646,false,245.06836139630383
6000,Cleaning products,26946,26946,1.0,0.999500637509294,false,230.91420041067764
6001,Wash treatment and accessories,18385,18385,1.0,0.9986520565787242,false,407.8587515400409
6003,Waste bins,2949,2949,1.0,0.9973213075642255,true,523.636750718686
6006,Residential odors,3854,3854,1.0,0.9987112893048616,false,209.3760369609855
6009,Cleaning products,7102,7102,1.0,0.9996256782776606,false,296.5517371663245
6010,Personal care,15172,15172,1.0,0.9995010250419232,false,218.07568295687884
6015,Coffee makers and kettles,4407,4286,0.9725436805082823,0.9991675406030719,false,69.17970924024642
6018,Coffee makers and kettles,10818,10818,1.0,0.99153312906528,false,1188.0807178644764
6024,Measuring and weighing,41584,5447,0.1309878799538284,0.9995577117034938,false,8694.635079671458
6029,Partyfun,24657,24657,1.0,0.9998981554732548,false,54.61831786447639
6040,Personal care,1830,1771,0.9677595628415301,0.998438227226176,false,115.87535811088294
6052,Candles & Tealights,55909,55909,1.0,0.9987972042033962,false,793.0753433264881
6053,Candles & Tealights,74177,74177,1.0,0.9998892851184232,false,136.38063203285412
6069,Clocks,16793,13733,0.8177812183647949,0.9994463901049214,false,1634.214204517454
6071,Photo frames & albums,21370,21370,1.0,0.9998772143705081,false,108.80770965092398
6075,Stationary,27641,27641,1.0,0.9998234966813546,false,193.38800821355235
6077,Foodprep,174,174,1.0,0.9592989416481016,true,1446.2883351129374
6078,Drink & food To Go,9077,9077,1.0,0.9977739630237182,true,937.555446817249
6080,Drink & food To Go,11945,5846,0.48940979489326075,0.9988648089959551,true,379.11944229979457
6082,Electric personal care,5430,5203,0.958195211786372,0.9941645053518956,true,445.1043687885008
6095,Construction,597,597,1.0,0.9992749816836831,false,129.20907597535933
6098,Batteries,309,309,1.0,0.9983104983731027,true,39.8754381930185
6107,Ironing,982,774,0.7881873727087576,0.972550963971386,true,834.3231351129355
6108,Ironing,3357,2684,0.7995233839737861,0.9958041064053822,false,217.39193675564675
6109,Hobby and creative,1146,1146,1.0,0.9997717187424675,false,41.58332895277208
6139,Foods,795,795,1.0,0.999855009713929,false,36.479388911704326
6140,Store kitchen,6400,6400,1.0,0.9995033183512045,false,142.26288295687877
6143,Drink & food To Go,12860,11284,0.8774494556765163,0.9987616049131802,false,409.85385215605737
6144,Bathroom accessories,79927,79927,1.0,0.9999476102459395,false,914.8390784394251
6145,Cooking pans,943,716,0.7592788971367974,0.9992468851366192,false,98.73634537987678
6152,Storage boxes,14736,12796,0.8683496199782845,0.9974500850218214,false,711.7076221765914
6154,Thermos jugs,2099,2085,0.9933301572177228,0.998217105115195,false,131.67825338809033
6155,Storage boxes,6880,6802,0.9886627906976744,0.9980524395342979,false,169.20379301848035
6157,Wash treatment and accessories,14196,13920,0.9805579036348268,0.9993573114388851,false,179.4147893223819
6158,Personal care,74272,74272,1.0,0.9996870432437495,false,956.545038193019
6159,Cleaning products,7450,7307,0.9808053691275168,0.9995916218376192,false,102.72378973305956
6162,Wash treatment and accessories,22734,13418,0.5902172956804785,0.9988870480944908,false,807.0643704312115
6168,"Cloths, mops, sponges and brush",10657,10657,1.0,0.9991335550587658,false,259.0192004106777
6174,Coffee makers and kettles,25984,25699,0.9890317118226601,0.9984546672853971,false,575.2627971252564
6184,Special pans,13360,9573,0.7165419161676647,0.9878994149247948,false,3024.23560533881
6190,Bags and backpacks,18716,18716,1.0,0.9995400687401556,false,299.41025831622164
6215,Vases,2031,2031,1.0,0.9993582761874413,false,92.94489609856261
6216,Candles & Tealights,10442,10442,1.0,0.9994779479875501,false,815.8565515400412
6227,Clocks,10540,10538,0.9998102466793168,0.9995369285191766,false,152.6762985626283
6233,"Glasses (drink, beer, wine etc)",205,205,1.0,0.9987015182418967,false,201.5422406570842
6238,Batteries,234,234,1.0,0.9987365397740782,true,15.59973716632444
6245,Storage boxes,410,410,1.0,0.9953507768945031,false,326.05418439425006
6246,"Glasses (drink, beer, wine etc)",548,548,1.0,0.9998480940510541,false,17.859245174537985
6248,Storage boxes,8281,8281,1.0,0.9992923956921562,false,112.95073511293624
6250,Cleaning products,5549,5505,0.9920706433591638,0.999345943023304,false,87.92117289527712
6251,Storage boxes,884,884,1.0,0.9961074815597062,false,185.20752361396333
6256,Light bulbs,777,777,1.0,0.9987681137304267,false,72.96850308008214
6257,Wash treatment and accessories,29816,18058,0.6056479742420177,0.9991019306422368,false,793.4477404517453
6258,Cleaning products,5109,5109,1.0,0.9989186900163004,false,279.37491006160167
6259,Wash treatment and accessories,47852,39025,0.8155354008191925,0.9976596217893847,false,1368.768052566736
6261,Cleaning products,3273,3273,1.0,0.9997562985299684,false,101.4519917864476
6264,Waste bins,6155,6023,0.9785540211210398,0.9976791912185767,false,139.55743326488704
6266,Shoe maintenance,2141,2141,1.0,0.9994217873833953,false,105.44572032854207
6267,Residential odors,4928,4928,1.0,0.9998199485878456,false,147.19551704312113
6268,Residential odors,5989,5989,1.0,0.9997754516084825,false,123.53941519507187
6269,Window and squeegees,74367,74367,1.0,0.9999397040569407,false,300.0848427104721
6272,Foodprep,58678,44906,0.7652953406728246,0.9950209027864878,false,3126.924955646817
6273,Sockets and security,7321,7321,1.0,0.9989350462088561,false,463.61771868583173
6274,Coffee makers and kettles,162,162,1.0,0.984309741770355,false,5748.7503018480475
6284,Construction,440,440,1.0,0.9896978101977522,true,460.8342800821355
6297,Candles & Tealights,6563,6563,1.0,0.9993423086789464,false,114.65391991786454
6299,Candles & Tealights,226,226,1.0,0.999748337384231,true,193.90014948665296
6300,Candles & Tealights,447,447,1.0,0.9998276833980403,true,446.39236878850096
6301,Candles & Tealights,784,784,1.0,0.9996523977458102,false,338.3344065708417
6307,Foods,4556,4556,1.0,0.9998021659577062,false,49.99077166324433
6308,Others,18875,18875,1.0,0.9996974524127831,false,94.68659383983568
6309,Other Holidays,30035,30035,1.0,0.9998224215771855,true,503.0928804928135
6332,Photo frames & albums,1483,1483,1.0,0.9989632287402436,false,78.33693675564685
6334,Photo frames & albums,16563,16563,1.0,0.9998695573374954,false,106.71888090349078
6347,Window and squeegees,2949,2949,1.0,0.9986372454145929,true,105.29278973305956
6348,Vacuuming,541,541,1.0,0.9643070207948811,true,2814.971585626284
6349,Store kitchen,868,868,1.0,0.9966390689056243,true,352.45371991786453
6351,Tableware,6217,4179,0.6721891587582435,0.9722002640975866,true,3910.669643942505
6367,Store kitchen,927,927,1.0,0.998684294045416,true,65.61421971252567
6369,Drink & food To Go,450,450,1.0,0.9992501069710314,false,91.18416755646804
6371,Thermos jugs,2081,2045,0.9827006246996636,0.9966411894428202,false,214.8746562628338
6375,Bathroom scales,1323,1220,0.9221466364323507,0.9927618845764932,false,752.1759158110889
6380,Hobby and creative,4532,4523,0.9980141218005296,0.9991162279138704,false,66.26707104722796
6387,Baby / Toddler,2500,1598,0.6392,0.9968696641348284,false,290.68651334702264
6395,"Glasses (drink, beer, wine etc)",1085,1085,1.0,0.9978800019355267,true,86.30042710472286
6403,Small storage,32297,32297,1.0,0.9998064668502961,false,185.1612
6406,Foils and bags,45165,44613,0.9877781467950847,0.9998934452639189,false,233.66419712525655
6407,Shoe maintenance,16182,16182,1.0,0.9998511910853793,false,743.7582102669405
6408,Cleaning products,9609,9609,1.0,0.9996291872850949,false,288.5246689938398
6411,Buckets,30120,29675,0.9852257636122178,0.9991255828329434,false,420.09783326488696
6414,Baskets,4342,4328,0.9967756794104099,0.9982828117404153,false,89.8783211498974
6417,Wash treatment and accessories,4960,4960,1.0,0.9998571931127277,false,22.570868993839824
6418,Cleaning products,33663,32819,0.974927962451356,0.999632431647072,false,281.91722381930174
6419,Personal care,10361,10303,0.9944020847408551,0.9999057547629486,false,32.02198439425052
6420,Cleaning products,22293,22136,0.9929574305835913,0.9998350298487476,false,109.9881683778234
6421,Cleaning products,7599,7479,0.9842084484800632,0.9992496705228165,false,125.9827371663244
6423,Personal care,8314,8314,1.0,0.9993053813420838,false,142.98612525667357
6428,Cleaning products,5201,5201,1.0,0.9973278602380571,true,1416.2658726899376
6429,Wash treatment and accessories,16387,16387,1.0,0.9987794397641873,false,2062.984543326489
6430,Waste bins,4577,4532,0.9901682324666813,0.9975756456719455,false,128.36295277207392
6433,Shoe maintenance,1581,1581,1.0,0.9952970841252359,false,861.8071416837781
6434,Phones,9897,9897,1.0,0.9999390855285257,false,77.05713264887065
6437,Electric personal care,26464,22197,0.8387620918984281,0.9956343110990699,false,2878.2193798767976
6440,Electric personal care,3671,3671,1.0,0.993190471257184,false,467.0471839835729
6442,Electric personal care,17955,14104,0.7855193539404066,0.9982367861939766,false,512.5430587268992
6503,"Glasses (drink, beer, wine etc)",555,555,1.0,0.9971785158058906,true,328.8362948665298
6512,Construction,1784,1784,1.0,0.9973908709247075,true,1441.7054279260783
6513,Reading glasses,2979,2564,0.860691507217187,0.999516760754123,true,1732.9834398357286
6515,Construction,393,393,1.0,0.996434394452876,false,302.7603749486654
6517,Ironing,6282,5451,0.8677172874880611,0.9898616445153272,true,939.1696496919917
6520,Insecticides,46,46,1.0,0.9953289411968471,true,71.71334414784384
6522,Kitchen tools,801,801,1.0,0.998120875542297,false,74.35968624229984
6523,Bathroom accessories,13412,12666,0.9443781688040561,0.9995088084234949,false,235.04072772073917
6524,Foodprep,13168,13168,1.0,0.9967962222523864,false,17554.641399178643
6526,Batteries,8920,8920,1.0,0.999673370540783,false,59.339020123203255
6527,Batteries,32806,32806,1.0,0.9997208692201908,false,322.581071868583
6528,Sockets and security,25950,24607,0.9482466281310212,0.9998251037108815,false,123.17146817248448
6533,Bath textiles and bath mats,27411,25360,0.9251760242238517,0.9982089970614342,false,774.4680928131414
6534,Hobby and creative,613,613,1.0,0.9990667677949215,false,48.500099383983596
6538,Home decoration,1097,851,0.7757520510483136,0.99831544195671,false,73.11246160164266
6540,Cleaning products,17557,17397,0.9908868257675001,0.9997926254928631,false,115.51208542094456
6541,Personal care,314,314,1.0,0.9998890152762085,false,47.41791375770019
6544,Wash treatment and accessories,10465,10465,1.0,0.9992775402527315,false,267.1046143737166
6545,Foods,849,849,1.0,0.9997798104077236,false,57.29679671457904
6546,Cleaning products,7365,7365,1.0,0.9992602539815771,false,108.58802464065705
6547,Cleaning products,79621,69471,0.8725210685623139,0.99970918286473,false,455.4581823408621
6548,Cleaning products,3068,3068,1.0,0.9985794743845691,false,119.01287885010267
6549,Cleaning products,18329,18329,1.0,0.9998734869424705,false,80.86659876796718
6552,Cleaning products,3488,3488,1.0,0.9997111655055253,false,20.997033264887065
6553,Cleaning products,8772,8772,1.0,0.9992672846124631,false,86.84233921971253
6558,Cleaning products,2632,2632,1.0,0.9998655859115889,false,42.74836755646814
6559,Personal care,27167,23181,0.8532778738911179,0.9997686911857135,false,155.42380574948658
6562,Shoe maintenance,4917,4917,1.0,0.9908789548611487,false,1147.7613301848044
6563,Residential odors,22580,22580,1.0,0.9994234213270582,false,237.90326776180694
6564,Sockets and security,8203,8203,1.0,0.998885141505718,false,5221.230879671461
6565,Coffee makers and kettles,151,151,1.0,0.991248515796879,false,2199.3760965092406
6566,Electric personal care,8990,8821,0.9812013348164628,0.9967835585890802,false,564.2744616016425
6567,(Steam) cleaners,369,369,1.0,0.9675407954613697,false,516.0260574948666
6568,Electric personal care,9237,8923,0.9660062790949443,0.994587470923559,false,554.0896915811087
6578,Frying pans,6815,6209,0.9110785033015407,0.9950795328383014,false,2237.030303901436
6583,Partyfun,8893,8893,1.0,0.9994591080838486,true,503.4130004106776
6587,Personal care,93,93,1.0,0.9997493334907054,false,73.87323367556456
6603,Candles & Tealights,605,605,1.0,0.9998832210758254,true,268.6004583162217
6604,Candles & Tealights,1157,1157,1.0,0.9998475088384113,true,313.6736365503081
6619,Candles & Tealights,39432,39432,1.0,0.9999495733712029,false,33.96445420944559
6625,Photo frames & albums,10658,10658,1.0,0.9995940909264605,false,189.72920739219714
6628,Photo frames & albums,1548,1545,0.998062015503876,0.9985645375664141,false,119.38901026694042
6632,Stationary,11831,11831,1.0,0.9999572638556347,false,14.241760164271058
6633,Clocks,2577,2577,1.0,0.9983789659967045,false,8210.003340862422
6654,Hobby and creative,395,395,1.0,0.9983649118414664,false,150.93754743326488
6661,Fans and electric blankets,102,102,1.0,0.9877972979240544,true,614.5480246406562
6662,Mugs and cups,2036,1384,0.6797642436149313,0.9994327969885564,true,963.3019671457906
6663,Others,2163,2163,1.0,0.9983251188355216,true,4612.494332648869
6665,Tea and coffee,12809,12809,1.0,0.9998119535843549,false,91.70633593429154
6668,Waste bags,54218,54218,1.0,0.9998787468415343,false,260.47664353182734
6673,Baskets,8938,8920,0.9979861266502573,0.9996211736776438,false,87.09352279260781
6674,Baskets,6857,6857,1.0,0.9998350921914398,false,38.30993347022585
6675,Baskets,6918,6918,1.0,0.9995840964267959,false,71.43105297741275
6677,Wash treatment and accessories,915,915,1.0,0.9969513456560073,true,852.8411995893226
6678,Baby / Toddler,167,167,1.0,0.9992002798471296,true,119.32944558521551
6682,Cleaning products,15077,15077,1.0,0.9997180452002992,false,243.8004156057495
6683,Cleaning products,3182,3182,1.0,0.9997359410875575,false,47.17702176591376
6684,Waste bins,7964,7579,0.9516574585635359,0.9975806822682767,false,606.7577864476389
6686,Waste bins,2923,2667,0.9124187478617858,0.9953439158127425,false,360.99340944558514
6688,Drink & food To Go,7695,7695,1.0,0.9994841259923833,false,153.488594661191
6690,Cleaning products,21236,21236,1.0,0.9998530182420743,false,228.22433182751544
6692,Electric personal care,39721,36151,0.9101231086830643,0.9951671847798811,false,3162.198984804926
6700,Electric personal care,91,91,1.0,0.9950517986371726,true,1741.9473006160147
6703,Special pans,152,152,1.0,0.9811791205946109,true,7254.624514168369
6711,Personal care,1354,1094,0.8079763663220089,0.9983006045890349,false,219.77649034907603
6720,Candles & Tealights,130,130,1.0,0.999896784452742,true,254.05061765913777
6721,Candles & Tealights,128,128,1.0,0.9997108862835332,true,240.81587433264875
6735,Vases,51074,51074,1.0,0.9991080574043165,false,31698.928889117036
6743,Wash treatment and accessories,4955,4484,0.9049445005045409,0.9974448420060603,false,157.4592131416838
6751,Cleaning products,39370,37680,0.9570739141478283,0.9996529035760918,false,363.24295359342915
6753,Hobby and creative,1029,1029,1.0,0.9998754178088447,false,21.287865297741256
6762,"Cloths, mops, sponges and brush",21892,21892,1.0,0.999921349463898,false,125.81268172484594
6763,Planks,1315,1315,1.0,0.9984450844844235,false,276.11077412731
6765,Tableware,2417,2362,0.9772445179975175,0.999447519721319,false,58.874599589322344
6768,Store kitchen,27003,27003,1.0,0.9991138817185631,false,417.2508973305954
6770,Cleaning products,19013,19013,1.0,0.9992278686268683,false,281.5890919917865
6771,Cleaning products,16897,16897,1.0,0.9997349540735533,false,104.26530184804926
6772,Thermometers,12532,12532,1.0,0.9998763741063079,false,941.839857905544
6773,Measuring and weighing,23497,22957,0.9770183427671618,0.999479010850249,false,396.6146069815195
6775,Bathroom accessories,1432,1432,1.0,0.9979618871890719,false,364.7663749486655
6776,"Cloths, mops, sponges and brush",155,155,1.0,0.9998649994785239,false,445.9413733059547
6777,Baby / Toddler,215,215,1.0,0.9961587915892051,true,672.8656915811085
6779,Waste bags,86173,86173,1.0,0.9999205538457286,false,863.140870225873
6782,Storage boxes,8082,8082,1.0,0.9991248424749303,false,206.9769199178645
6784,Cleaning products,11148,11064,0.9924650161463939,0.9997597552808158,false,90.97523121149901
6786,Cleaning products,5631,5631,1.0,0.9987200328727787,false,198.46884969199166
6787,Personal care,74762,68339,0.9140873705893369,0.9997954829684399,false,532.7820308008214
6791,Cleaning products,21107,17315,0.820343961718861,0.9998774881067184,false,94.07411827515399
6792,Window and squeegees,6671,6671,1.0,0.9997318439598741,false,147.66686858316217
6794,Cleaning products,8492,8492,1.0,0.9989886355096216,false,193.47670841889135
6796,"Cloths, mops, sponges and brush",1716,1716,1.0,0.9997565455918499,false,156.9064057494866
6798,Cleaning products,2066,2066,1.0,0.9997909481321008,false,52.069208213552365
6801,Partyfun,40498,40498,1.0,0.9999186144377665,false,56.96867926078027
6803,Residential odors,13898,13898,1.0,0.9997010868104539,false,122.844946201232
6815,Partyfun,84619,84619,1.0,0.9996693335422518,false,333.74693716632436
6830,Candles & Tealights,214,214,1.0,0.9994490026946922,true,251.00418891170446
6833,Residential odors,10611,10300,0.9706907925737442,0.9997069014202141,false,44.49876427104723
6838,Greeting cards,3512,3512,1.0,0.9996790750695229,false,173.71555030800826
6846,Photo frames & albums,16384,16384,1.0,0.9998015901553526,false,126.22707022587271
6848,Photo frames & albums,12640,12640,1.0,0.9998258519707807,false,96.30742012320327
6850,Photo frames & albums,2128,2128,1.0,0.9995573983423339,false,47.927533880903496
6864,"Glasses (drink, beer, wine etc)",378,378,1.0,0.9985609546348889,true,809.4219819301848
6872,Drink & food To Go,892,892,1.0,0.9992070222311509,false,119.24656098562629
6873,Reading glasses,1216,1216,1.0,0.9996036612173954,true,364.44841683778253
6875,Racks and pockets,2126,2126,1.0,0.9975312134660447,false,4664.520247227925
6879,"Glasses (drink, beer, wine etc)",88,88,1.0,0.9997072193354715,true,833.0967782340866
6882,Teletoys,969,969,1.0,0.9967828316981854,false,765.6632887063655
6883,Electric personal care,6298,2840,0.450936805335027,0.9952486857725734,false,765.243374948665
6884,Batteries,36242,30917,0.8530710225704983,0.9996375061837938,false,4602.95825708419
6887,Batteries,29964,29964,1.0,0.9998098627916875,false,195.98712114989735
6893,Serve and present,2737,2737,1.0,0.9992510093525592,true,109.89414702258728
6896,Store kitchen,31045,30268,0.9749718151071026,0.9995184845411167,false,644.5030944558519
6897,Store kitchen,36435,36324,0.9969534787978592,0.9995702737341653,false,229.20813511293633
6898,Shoe maintenance,18709,18709,1.0,0.999835377475123,false,1544.6832443531819
6899,Cleaning products,18825,18715,0.9941567065073041,0.9994604633212637,false,192.8481630390143
6900,Dishwashing articles,23249,23249,1.0,0.9997389215072643,false,409.33339137576974
6902,Shoe maintenance,16731,16731,1.0,0.9998241967383165,false,2414.964396303903
6905,Racks and pockets,36135,36135,1.0,0.9993385926059335,false,14564.845667351123
6908,Vacuuming,561,561,1.0,0.999310805161469,false,449.89761806981517
6909,Storage boxes,250,250,1.0,0.9911515952040739,true,214.75034661190966
6910,Baskets,9335,9335,1.0,0.9998941663875142,false,28.187556878850085
6911,Baskets,11083,11083,1.0,0.9997203789255962,false,74.51328952772066
6912,Storage boxes,93,93,1.0,0.9937852552371436,false,309.851481314168
6913,Personal care,20866,10365,0.4967411099396147,0.9998118299487999,false,42.80492813141684
6915,Hobby and creative,360,360,1.0,0.9990511344879384,false,73.68849404517461
6916,Cleaning products,2785,2785,1.0,0.9950518360750524,true,2023.9743080082144
6921,Wash treatment and accessories,23831,23831,1.0,0.9987589335123921,false,579.3682525667351
6922,Wash treatment and accessories,30316,15761,0.519890486871619,0.9991000735210979,false,798.7416952772074
6924,Residential odors,5146,5146,1.0,0.9997048857803221,false,161.47946694045172
6932,Others,1571,1571,1.0,0.9994311761839422,false,38.13367145790553
6934,Cooking pans,1497,1146,0.7655310621242485,0.9907340356480769,true,379.4230899383984
6954,Candles & Tealights,7157,7157,1.0,0.9994991703567545,false,99.19632443531837
6955,Candles & Tealights,78,78,1.0,0.9995927565799179,true,175.36979548254664
6956,Candles & Tealights,194,194,1.0,0.9991999708292938,true,435.4776899383986
6957,Candles & Tealights,189,189,1.0,0.9997130925486333,true,470.27888131416864
6964,Residential odors,34997,23469,0.6706003371717576,0.998571712609157,false,736.9848952772069
6969,Gift,22531,22531,1.0,0.9997411769405116,false,258.78680328542094
6973,Gift,56661,56661,1.0,0.9998120922202772,false,405.70752361396325
6977,Photo frames & albums,4362,4362,1.0,0.9994018750881839,false,128.7929166324436
6978,Vases,17077,17077,1.0,0.9988252631210782,false,4478.324133880904
6985,Storage boxes,35698,29496,0.8262647767381927,0.998889688870238,true,1510.481836550308
6987,Store kitchen,3523,3523,1.0,0.975133766241473,true,28475.567670225882
6994,Hobby and creative,529,529,1.0,0.9993385738184656,true,518.2056246406572
7000,Hobby and creative,357,357,1.0,0.9988873522822848,true,337.3310291581106
7001,Hobby and creative,454,454,1.0,0.9978209886957817,true,570.9008887063653
7005,Kitchen tools,1041,1041,1.0,0.9992028268105618,false,53.6552213552362
7006,Drinks,3869,3869,1.0,0.9967487099667222,false,2109.014533880902
7011,Others,3066,3066,1.0,0.9993553928403692,true,14540.461421765918
7020,Bathroom accessories,7966,7966,1.0,0.9985901925279369,false,331.9489404517452
7027,Toilet cleaners and odors,5782,5782,1.0,0.9991929901578964,false,1007.5383823408623
7028,Light bulbs,1793,1793,1.0,0.9995678876771034,false,89.3380390143737
7029,Cleaning products,4738,4738,1.0,0.9991456451268985,false,101.63938767967143
7030,Cleaning products,5480,5427,0.9903284671532847,0.9990028753510182,false,121.00635236139632
7036,"Cloths, mops, sponges and brush",2667,2667,1.0,0.9997097914803061,false,569.6138316221766
7050,Phones,8354,8354,1.0,0.9923177948987933,false,980.1464078028748
7055,Electric personal care,9820,9317,0.9487780040733198,0.9939009310711339,true,959.2672361396303
7080,Others,29051,28471,0.9800351106674469,0.9997668108056733,false,111.34333963039018
7089,Residential odors,66,66,1.0,0.9998067502190026,true,59.92083080082136
7091,Gift,17523,17523,1.0,0.9998130971640126,false,258.2472024640656
7093,Partyfun,5855,5855,1.0,0.9998406450797523,false,47.69301232032855
7096,Others,8249,8249,1.0,0.9991633094781638,true,1399.23359342916
7103,Vases,15130,15130,1.0,0.9994278234536083,false,170.17385503080078
7115,Window and squeegees,1697,1697,1.0,0.9991572441228135,true,76.42957043121146
7133,Games,138,138,1.0,0.9975510675879301,true,42.829239835728956
7134,Tableware,3004,3004,1.0,0.9993702779570632,true,2194.129589322381
7135,"Cloths, mops, sponges and brush",21985,21603,0.9826245167159426,0.9998983938215156,false,126.63369404517451
7136,"Cloths, mops, sponges and brush",12591,12591,1.0,0.9999530186006664,false,60.37165954825461
7141,Laundry baskets,26948,18395,0.6826109544307555,0.9971149076221056,false,955.3265926078031
7142,Baskets,8946,8946,1.0,0.9998301614314681,false,76.49552854209448
7143,Baskets,12453,12453,1.0,0.999352302352761,false,149.10288336755653
7144,Personal care,89392,53436,0.597771612672275,0.9998830332065589,false,258.83328788501024
7145,Storage boxes,6963,6963,1.0,0.997229360751222,false,214.94589527720734
7146,Storage boxes,6513,6513,1.0,0.9990441413162674,false,90.95260985626284
7148,Wash treatment and accessories,3033,3033,1.0,0.9994863413244187,false,42.88220123203283
7149,Wash treatment and accessories,1917,1917,1.0,0.9989311790727201,false,55.362933880903476
7158,Cleaning products,18242,17033,0.9337243723275956,0.9997941511635076,false,78.5401811088296
7161,Bathroom accessories,24507,24507,1.0,0.9998992496229916,false,700.0036336755643
7162,Measuring and weighing,12537,12267,0.9784637473079684,0.9997533159665161,false,155.90676262833668
7163,Shoe maintenance,16679,16679,1.0,0.9997038740772713,false,347.0740862422998
7168,Electric personal care,6733,6721,0.9982177335511659,0.9961873915961206,false,172.3792488706366
7177,Moisture treatment and climate,38435,37298,0.9704175881358137,0.9981914327502144,false,969.7725831622174
7195,Candles & Tealights,210,210,1.0,0.9995149656658553,true,252.0335913757699
7196,Candles & Tealights,129,129,1.0,0.9997333755165642,true,401.8220895277196
7216,Photo frames & albums,13263,13263,1.0,0.9997278779231942,false,152.78045913757688
7225,Storage boxes,27545,27545,1.0,0.9989210793723454,true,861.973733059547
7228,Kitchen helpers,2376,2376,1.0,0.9970251248108105,true,252.29526488706358
7230,Construction,1465,1465,1.0,0.997285727816664,false,200.11010677618063
7236,Boys toys,18,18,1.0,0.9967617816746823,true,271.50549568788506
7239,"Cloths, mops, sponges and brush",13469,13336,0.9901254733090801,0.9998629080311964,false,122.51500041067764
7240,Hobby and creative,226,226,1.0,0.9982700230618616,true,230.17274661190973
7242,Batteries,6646,6646,1.0,0.999862771958074,false,45.82738151950715
7244,Cleaning products,2,2,1.0,0.9970687873579249,true,45.84881848049271
0,total,20416787,18278240,0.8952554581678303,0.9978507013353866,false,1889281.1353305953
