article_id,article_name,total_demand,demand_satisfied_from_stock,achieved_fill_rate,target_fill_rate,slow_mover,purchasing_cost,holding_cost,total_cost
1111,Puzzles,92,92,1.0,0.875,true,20681.303999999982,70.39963531827524,20751.703635318256
1126,Table paper,3940,3940,1.0,0.5,false,78492.96,1375.0105232032854,79867.97052320329
1127,Table paper,16478,16478,1.0,0.9921875,false,76771.989,239.65758850102645,77011.64658850103
1129,Kitchen tools,5969,5969,1.0,0.9921875,false,414957.7950000001,1607.19625995893,416564.991259959
1131,Bicycle accessories,5319,5319,1.0,0.984375,false,87591.63,482.99951704312105,88074.62951704313
1134,Ironing boards,4323,4323,1.0,0.9375,false,1384666.2060000012,16152.63012813142,1400818.8361281327
1135,"Cloths, mops, sponges and brush",9812,9812,1.0,0.99951171875,false,116772.31999999999,588.4603268993837,117360.78032689937
1136,Kitchen textile,9291,9291,1.0,0.9375,false,103224.86999999997,1958.068977412731,105182.93897741269
1137,Table textiles,2134,2134,1.0,0.9921875,false,71019.32600000002,454.41412731006193,71473.74012731008
1138,Table textiles,1839,1839,1.0,0.99609375,false,52801.602,372.7412722792607,53174.34327227926
1139,Table textiles,1671,1671,1.0,0.984375,false,65172.282,339.8203355236138,65512.10233552361
1141,Bath textiles and bath mats,40275,40275,1.0,0.5,false,98303.65999999999,1379.5639240246408,99683.22392402463
1151,Outdoor toys,1211,1211,1.0,0.75,true,122611.29299999998,745.4461531827528,123356.73915318273
1162,Light bulbs,3278,3278,1.0,0.9375,false,31161.262999999995,57.89528665297743,31219.15828665297
1164,Batteries,72564,71029,0.9788462598533708,0.9999999990686774,false,1241404.9549999994,4330.9449092402465,1245735.8999092397
1166,Batteries,23330,23330,1.0,0.9921875,false,348647.8869999998,727.0245104722788,349374.91151047207
1167,Batteries,59284,59284,1.0,0.984375,false,1830331.6569999994,2659.844551129365,1832991.5015511287
1170,Tableware,2968,2968,1.0,0.999969482421875,false,35410.11599999999,265.94668213552364,35676.06268213551
1171,Stairs,9932,6579,0.6624043495771245,0.9999999990686774,false,1629490.002000001,7322.7079860369595,1636812.709986038
1172,"Cloths, mops, sponges and brush",22256,20637,0.9272555715312725,0.9999999990686774,false,654029.446,3950.6742759753606,657980.1202759753
1173,Racks and pockets,14647,14505,0.9903051819485219,0.9999999990686774,false,246920.142,11041.043724024632,257961.18572402463
1174,Store kitchen,3367,3367,1.0,0.5,false,876145.8159999998,31546.774845174506,907692.5908451743
1178,Baskets,7854,7854,1.0,0.9999961853027344,false,154287.54600000003,593.8005449691985,154881.34654496922
1180,Construction,744,744,1.0,0.875,true,40453.16799999999,361.2463236139632,40814.41432361396
1182,Laundry baskets,15616,15616,1.0,0.5,false,114342476.59799999,30960610.186391775,145303086.78439176
1183,Baskets,6644,6644,1.0,0.99609375,false,84934.83600000002,300.72512566735105,85235.56112566737
1184,Baskets,7237,7237,1.0,0.875,false,49629.88799999999,333.35339630390115,49963.24139630389
1186,Cleaning products,612,612,1.0,0.75,true,26867.609999999997,708.022114989733,27575.63211498973
1187,Suitcases,691,691,1.0,0.99993896484375,false,120238.50299999997,721.1082887063656,120959.61128870634
1188,Cleaning products,6544,6544,1.0,0.9990234375,false,235769.80000000005,1169.0101765913741,236938.81017659142
1189,Wash treatment and accessories,308,308,1.0,0.75,false,1270938.0389999994,6577.524820123195,1277515.5638201225
1191,Cleaning products,39534,39534,1.0,0.875,false,514006.808,4985.364036960985,518992.172036961
1201,Electric personal care,10934,10934,1.0,0.998046875,false,410766.3140000003,556.9360123203276,411323.25001232064
1202,Kitchen appliances,308,308,1.0,0.5,false,106316.28,1547.865608213551,107864.14560821356
1205,Kitchen tools,32617,32617,1.0,0.99609375,false,248694.90799999994,1581.0223055441472,250275.93030554408
1209,Cooking pans,13941,11938,0.8563230758195252,0.9999999990686774,false,553472.7659999997,11625.329975359331,565098.0959753591
1218,Personal care,7639,7639,1.0,0.9375,false,30136.25999999999,99.38179712525668,30235.64179712525
1243,Photo frames & albums,17610,17610,1.0,0.984375,false,126346.633,236.07094948665292,126582.70394948665
1245,Clocks,11810,11810,1.0,0.984375,false,115583.27200000001,3554.0370965092434,119137.30909650926
1248,Coffee makers and kettles,22220,22220,1.0,0.75,false,3690931.4469999997,28661.275330184795,3719592.7223301847
1253,Frying pans,5926,5926,1.0,0.9921875,false,116719.74299999997,365.38718439425037,117085.13018439422
1262,Construction,274,274,1.0,0.5,true,5039.874000000001,82.26009609856263,5122.1340960985635
1272,Hobby and creative,16598,15369,0.9259549343294373,0.9999999990686774,false,507262.8819999993,2756.459413552363,510019.34141355165
1282,Table paper,17848,17848,1.0,0.99951171875,false,667487.6950000003,18648.115676796726,686135.8106767971
1283,Measuring and weighing,17922,17922,1.0,0.5,false,2298465.5399999996,363525.7410451746,2661991.281045174
1284,Ironing boards,5848,5848,1.0,0.9921875,false,1373292.228,5472.4021429158165,1378764.6301429158
1286,Ironing boards,16453,16453,1.0,0.5,false,443140.31999999995,14208.961053388077,457349.281053388
1288,Drying racks,4537,4537,1.0,0.5,false,64252725.768,13239239.035483366,77491964.80348337
1289,Bicycle accessories,5244,5244,1.0,0.998046875,false,253684.11599999998,1183.666095277207,254867.7820952772
1290,Window and squeegees,50817,38331,0.7542948225987366,0.9999999990686774,false,1259969.6060000001,12999.470239014405,1272969.0762390145
1293,Table textiles,904,904,1.0,0.984375,false,42208.31999999999,388.2279917864475,42596.54799178644
1294,Bed textile,3886,3148,0.8100874935666496,0.9999999990686774,false,320953.5279999999,5563.977482546199,326517.50548254605
1296,Bath textiles and bath mats,26880,26880,1.0,0.5,false,435195.94999999995,8489.215488706375,443685.1654887063
1304,Tableware,5563,5563,1.0,0.984375,true,180800.23500000002,1651.7121375770014,182451.94713757702
1307,Suitcases,491,491,1.0,0.9375,false,185029.87999999986,561.5145642710484,185591.39456427091
1314,Dishwashing articles,284,284,1.0,0.5,false,135553.08199999997,5676.768801642704,141229.85080164266
1316,Cutlery,2105,2105,1.0,0.96875,false,4599.685999999999,17.408701026694043,4617.094701026693
1318,Foods,634,634,1.0,0.75,false,29849.840999999986,73.69464887063658,29923.535648870624
1321,Vases,434,434,1.0,0.875,false,21951.888000000003,118.18075564681729,22070.06875564682
1322,"Glasses (drink, beer, wine etc)",417,417,1.0,0.5,false,12106.919999999996,43.53620533880908,12150.456205338805
1327,Tableware,4841,4841,1.0,0.9375,false,30283.708,82.09356509240246,30365.801565092403
1330,Cutlery,2487,2487,1.0,0.9921875,false,33926.92799999999,113.095461190965,34040.023461190955
1333,Cutlery,418,418,1.0,0.9375,true,4269.901999999999,25.917236960985605,4295.819236960985
1334,Hobby and creative,1836,1836,1.0,0.875,true,10735.493999999995,63.40167351129354,10798.895673511288
1337,Hobby and creative,6390,6390,1.0,0.9998779296875,false,181932.19800000006,941.4847638603699,182873.68276386044
1340,Games,5073,5073,1.0,0.875,true,130399.11499999999,535.9131609856263,130935.02816098562
1347,Stuffed animals,3581,3581,1.0,0.999755859375,false,41945.631,270.47023737166325,42216.101237371666
1352,Hobby and creative,252,252,1.0,0.5,true,29666.0,755.4919466119092,30421.49194661191
1356,"Glasses (drink, beer, wine etc)",8720,8720,1.0,0.9999923706054688,false,125271.85999999999,1072.8451540041056,126344.70515400408
1357,"Glasses (drink, beer, wine etc)",1325,1325,1.0,0.9375,false,34417.06799999999,133.25314989733064,34550.321149897325
1361,Light bulbs,1538,1538,1.0,0.96875,false,16531.430999999993,85.03107556468164,16616.462075564676
1362,Batteries,114318,114318,1.0,0.999755859375,false,926966.8799999997,3668.981322381933,930635.8613223815
1368,"Glasses (drink, beer, wine etc)",5144,5144,1.0,0.96875,false,53297.433000000005,202.2366751540042,53499.66967515401
1369,"Glasses (drink, beer, wine etc)",1827,1827,1.0,0.9921875,true,17722.956999999995,161.0640262833672,17884.02102628336
1373,Wash treatment and accessories,8522,8522,1.0,0.999755859375,false,28416.86399999999,191.6493634496918,28608.51336344968
1378,Drink & food To Go,7829,7829,1.0,0.999969482421875,false,274300.7679999999,1787.4412320328584,276088.20923203276
1379,Window and squeegees,74989,68759,0.9169211484351039,0.9999999990686774,false,419778.61800000054,969.6200981519503,420748.2380981525
1380,Window and squeegees,115118,101479,0.8815215691725012,0.9999999990686774,false,4225565.8900000015,11904.910521560585,4237470.800521562
1382,Others,3977,3977,1.0,0.96875,false,117132.932,998.6167400410674,118131.54874004106
1383,Table textiles,36285,36285,1.0,0.999969482421875,false,531634.9079999999,6736.07966406571,538370.9876640657
1384,Baskets,2516,2516,1.0,0.9375,false,184203.34099999984,642.2216665297739,184845.56266652961
1389,Tea and coffee,2698,2698,1.0,0.875,true,54363.77099999998,196.44217864476366,54560.21317864474
1393,Kitchen helpers,9099,9099,1.0,0.9999923706054688,false,189735.83999999997,1140.4495441478439,190876.28954414782
1397,Tableware,8845,8845,1.0,0.5,false,56511.455,1750.8608160164274,58262.31581601643
1399,Store kitchen,40,40,1.0,0.5,true,229798.74400000006,604.2022028747422,230402.9462028748
1403,Mugs and cups,25804,6770,0.2623624244303209,0.9999999990686774,false,609241.2970000003,13540.184037371668,622781.4810373719
1433,Puzzles,9388,7941,0.8458670643374521,0.9999999990686774,true,508047.7779999999,18502.805770020608,526550.5837700205
1438,Measuring and weighing,45133,45133,1.0,0.5,false,653760.0719999999,138617.22789979435,792377.2998997943
1440,"TV, Audio & Video",13952,13952,1.0,0.875,true,872516.4700000004,1456.1363059548266,873972.6063059552
1444,Planks,19061,19061,1.0,0.75,false,1062187.1679999996,31250.80062094455,1093437.968620944
1445,Kitchen tools,8382,8382,1.0,0.9990234375,false,437459.91799999966,2641.3210533880874,440101.2390533877
1446,Cutlery trays,45371,45371,1.0,0.984375,false,2441194.1399999983,2404.2833852156064,2443598.423385214
1448,Store kitchen,9369,9369,1.0,0.9921875,false,286857.73199999996,1140.273765092402,287998.0057650924
1449,Drying racks,2043,2043,1.0,0.9375,true,185068.835,750.7109351129358,185819.54593511292
1451,Foils and bags,165,165,1.0,0.5,true,12602.869999999999,558.6695975359341,13161.539597535933
1453,Bathroom accessories,35159,35159,1.0,0.9990234375,false,646748.5849999998,11147.10992607803,657895.6949260778
1456,Baskets,2884,2884,1.0,0.984375,false,42423.50000000001,302.5933552361394,42726.093355236146
1458,Baskets,8054,8054,1.0,0.75,false,31074.288,143.58317207392187,31217.871172073923
1460,Baskets,10458,10458,1.0,0.9921875,false,86649.46500000001,219.96278234086213,86869.42778234088
1461,Baskets,12061,12061,1.0,0.984375,false,153262.34,265.45891581108833,153527.7989158111
1462,Storage boxes,6753,6753,1.0,0.984375,false,659819.839000001,1405.876366324434,661225.7153663255
1463,Bed textile,734,734,1.0,0.5,true,49491.119999999995,2136.950892813141,51628.070892813135
1466,Cleaning products,6666,6666,1.0,0.9999995231628418,false,318545.97600000026,1067.2930529774126,319613.2690529777
1468,Cleaning products,5087,5087,1.0,0.9921875,false,154187.41799999998,656.71466201232,154844.1326620123
1469,Cleaning products,84368,50144,0.594348568177508,0.9999999990686774,true,1972559.3090000004,86232.68105872691,2058791.9900587273
1470,Cleaning products,7796,7796,1.0,0.96875,false,29580.6,78.6670636550308,29659.26706365503
1471,Window and squeegees,10616,10616,1.0,0.75,false,9609898.2,59685.69497946618,9669583.894979466
1474,Ironing,6607,4587,0.6942636597548055,0.9999999990686774,false,2483159.588,80946.7861741272,2564106.3741741274
1477,Frying pans,1118,620,0.554561717352415,0.9999999990686774,false,252992.6490000001,2499.83319835729,255492.48219835738
1490,Easter,22451,22451,1.0,0.9999999850988388,false,366585.744,16392.94522792608,382978.6892279261
1508,Teletoys,946,946,1.0,0.875,false,27407.41499999999,167.01198234086243,27574.426982340854
1512,Hobby and creative,304,304,1.0,0.75,true,5567.561999999996,37.30308911704312,5604.865089117039
1514,Tableware,2077,2077,1.0,0.9375,false,18553.164000000004,83.05608377823404,18636.220083778237
1527,Wash treatment and accessories,8366,8366,1.0,0.875,false,211727.98500000002,9221.666577412721,220949.65157741273
1531,Drink & food To Go,1940,1940,1.0,0.875,false,153440.406,1910.7202213552357,155351.12622135523
1533,"Cloths, mops, sponges and brush",12046,12046,1.0,0.984375,false,423916.528,1851.145130184805,425767.6731301848
1537,Cutlery,3376,3376,1.0,0.9921875,false,289689.4350000002,1184.8546550308001,290874.289655031
1538,Drying racks,26,26,1.0,0.5,false,1897272.3,14012.76029568784,1911285.060295688
1540,Bicycle accessories,1653,1653,1.0,0.9375,true,68368.545,1834.289000821362,70202.83400082136
1545,Table textiles,759,759,1.0,0.9375,true,35227.689,909.7414743326484,36137.43047433265
1548,Ironing board textiles,33710,33710,1.0,0.9999961853027344,false,1382799.1450000003,8021.8044024640685,1390820.9494024643
1559,Tea and coffee,17942,17942,1.0,0.9999998807907104,false,277005.32999999996,1471.1694024640665,278476.499402464
1561,Tea and coffee,502,502,1.0,0.875,false,407190.4900000001,436.63707392197136,407627.1270739221
1564,Tableware,6517,6517,1.0,0.96875,false,50478.47,347.8227268993839,50826.29272689939
1570,Kitchen tools,523,523,1.0,0.75,false,10094.875,112.95990554414789,10207.834905544149
1571,Tableware,3657,3657,1.0,0.984375,false,13245.679999999997,40.5562751540041,13286.236275154
1575,"Cloths, mops, sponges and brush",2108,2108,1.0,0.9375,false,94254.21599999999,274.7548640657083,94528.97086406569
1582,Light bulbs,7425,7425,1.0,0.9375,false,28190.833999999995,60.29681560574946,28251.130815605746
1584,Light bulbs,845,845,1.0,0.984375,false,14973.797999999997,121.90255071868584,15095.700550718682
1585,Boys toys,1697,1697,1.0,0.984375,false,47757.976,452.11452238192976,48210.090522381935
1589,Planks,346,346,1.0,0.75,false,28976.766,82.9998308008212,29059.76583080082
1593,Puzzles,510,510,1.0,0.75,false,32773.58,144.78055441478435,32918.36055441479
1597,Hobby and creative,3078,3078,1.0,0.999755859375,false,79013.94199999998,399.4410833675572,79413.38308336753
1605,Puzzles,4065,4065,1.0,0.9990234375,false,51240.67200000001,132.61657823408603,51373.288578234096
1606,Games,5212,5212,1.0,0.984375,false,71508.17800000001,1890.6568041067762,73398.8348041068
1607,Hobby and creative,3304,3304,1.0,0.5,false,493020.087,72489.58734579064,565509.6743457906
1612,Foodprep,20935,20935,1.0,0.5,false,20995847.285,2350363.9337392184,23346211.21873922
1617,"Glasses (drink, beer, wine etc)",1191,1191,1.0,0.9375,false,18696.93,148.95989938398358,18845.889899383983
1618,"Glasses (drink, beer, wine etc)",13542,13394,0.9890710382513661,0.9999999990686774,false,93689.96,1012.0717289527718,94702.03172895277
1619,Residential odors,233,233,1.0,0.75,false,41429.24799999992,56.8023523613962,41486.050352361315
1621,Waste bins,2342,1385,0.5913748932536294,0.9999999990686774,true,108127.59999999998,2649.1310266940486,110776.73102669402
1623,Kitchen helpers,15885,15885,1.0,0.5,false,364521.1500000001,7013.800909650918,371534.950909651
1624,Cutlery,24225,24225,1.0,0.9999999990686774,false,277025.69999999995,7571.904657084193,284597.60465708416
1626,Drying racks,13613,13613,1.0,0.99951171875,false,2729897.197999998,8306.915494866533,2738204.1134948647
1631,Tea and coffee,22966,22966,1.0,0.984375,false,475104.64400000003,29352.580953593402,504457.22495359345
1636,Tableware,195,195,1.0,0.75,true,58152.27599999996,392.79879055441467,58545.074790554376
1637,Tea and coffee,12599,12599,1.0,0.875,false,522366.894,22301.299379055472,544668.1933790555
1643,Light bulbs,9442,9442,1.0,0.875,false,43285.19999999999,53.3241889117043,43338.524188911695
1646,Tea and coffee,63365,47957,0.75683737078829,0.9999999990686774,false,529916.1560000001,2624.931422997948,532541.087422998
1650,Hobby and creative,11074,11074,1.0,0.75,false,562664.0249999998,1057.6100205338807,563721.6350205337
1661,Coffee makers and kettles,2701,1787,0.6616068122917438,0.9999999990686774,true,494124.5819999999,28081.439348254575,522206.02134825446
1662,Batteries,19629,19629,1.0,0.9998779296875,false,480625.1450000003,1056.1847084188905,481681.3297084192
1663,Hobby and creative,389,389,1.0,0.75,true,5023.984,15.727375770020535,5039.711375770021
1665,Bakeware,25086,24261,0.967113130829945,0.9999999990686774,false,562702.9239999996,6358.429922792604,569061.3539227922
1666,Electric personal care,74624,74624,1.0,0.9375,false,8633681.910000002,74850.94865420934,8708532.858654212
1668,"Cloths, mops, sponges and brush",132035,106885,0.8095202029764835,0.9999999990686774,false,2662029.272,16899.063709650913,2678928.335709651
1669,Store kitchen,8023,8023,1.0,0.99609375,false,420329.945,1520.8167774127298,421850.7617774127
1670,Bathroom accessories,3440,3440,1.0,0.96875,true,56674.527,482.5386928131431,57157.06569281314
1672,Watering cans,78661,78418,0.9969107944216321,0.9999999990686774,false,887868.9119999999,17095.49607967144,904964.4080796713
1675,Baskets,14826,14826,1.0,0.998046875,false,112328.48199999999,356.993600821355,112685.47560082134
1678,Wash treatment and accessories,3277,3277,1.0,0.984375,false,63259.28,211.40883983572903,63470.688839835726
1679,Cleaning products,6798,6798,1.0,0.999969482421875,false,333533.19999999984,1462.8641511293647,334996.0641511292
1680,Cleaning products,93767,90861,0.9690082864973818,0.9999999990686774,false,871456.3480000001,7497.323865708409,878953.6718657085
1681,Cleaning products,9638,9638,1.0,0.9999990463256836,false,141814.99499999997,2206.8150295687888,144021.81002956876
1688,Personal care,158518,126269,0.7965593812690042,0.9999999990686774,false,480245.59799999965,5496.565294866534,485742.16329486616
1689,Personal care,174664,168105,0.9624478999679384,0.9999999990686774,false,877465.5399999996,9532.694234086242,886998.2342340858
1693,Coffee makers and kettles,11342,11093,0.9780461999647329,0.9999999990686774,false,2022125.8260000001,12328.815204928143,2034454.6412049283
1694,Electric personal care,71697,45887,0.6400128317781776,0.9999999990686774,false,5798063.627999999,63066.41535030799,5861130.043350306
1711,Small garden,7132,7132,1.0,0.75,false,54310.487,718.3026110882957,55028.789611088294
1724,Candles & Tealights,366,366,1.0,0.75,true,55019.692,568.5079063655025,55588.1999063655
1738,Partyfun,38737,38737,1.0,0.999755859375,false,47200.06200000002,75.83704558521552,47275.89904558523
1739,Vases,5588,5558,0.9946313528990695,0.9999999990686774,false,103331.10199999994,557.1106989733061,103888.21269897325
1753,Others,1373,1373,1.0,0.96875,false,48269.969999999994,232.68629568788486,48502.65629568788
1760,Kitchen tools,172,172,1.0,0.875,true,11206.202,158.0280616016426,11364.230061601642
1762,Teletoys,337,337,1.0,0.96875,false,5078.15,49.0429659137577,5127.192965913758
1763,Hobby and creative,16,16,1.0,0.5,true,1877.4209999999998,163.81098726899364,2041.2319872689934
1764,Hobby and creative,235,235,1.0,0.5,true,106370.73300000001,8297.105174537977,114667.83817453799
1766,Puzzles,37,37,1.0,0.5,true,8668.835000000001,20.06802833675573,8688.903028336757
1771,Cleaning products,7304,7304,1.0,0.9999997615814209,false,287210.826,6651.482867351129,293862.30886735115
1772,Window and squeegees,22402,22254,0.9933934470136595,0.9999999990686774,false,1355363.7020000014,5007.487558521562,1360371.189558523
1773,Cleaning products,2604,2604,1.0,0.9921875,false,31837.742999999995,811.3367938398355,32649.079793839832
1774,"Cloths, mops, sponges and brush",6943,6943,1.0,0.9375,false,275876.21599999996,5534.828019301847,281411.04401930183
1783,Personal care,261084,261084,1.0,0.875,false,1722283.1080000002,11433.216634086239,1733716.3246340866
1784,Cutlery,4160,4160,1.0,0.9999923706054688,false,145652.07999999993,696.8945470225882,146348.97454702252
1786,Racks and pockets,26438,26438,1.0,0.875,false,4507570.402999999,222427.87634168394,4729998.279341683
1787,Stairs,9565,9565,1.0,0.9998779296875,false,1329981.3099999975,8643.114473100599,1338624.424473098
1795,"Cloths, mops, sponges and brush",2776,2776,1.0,0.96875,false,20381.746,126.7632213552361,20508.509221355234
1797,Kitchen textile,4896,4896,1.0,0.984375,false,89332.18,296.6251006160162,89628.80510061601
1799,Bath textiles and bath mats,69817,69817,1.0,0.5,false,590043.3,12202.233552361398,602245.5335523614
1806,Mugs and cups,54526,54526,1.0,0.5,false,16187470.515999999,1795486.5623917864,17982957.078391787
1813,Tea and coffee,17580,17285,0.9832195676905574,0.9999999990686774,false,357439.31999999995,2211.18054579055,359650.5005457905
1815,Light bulbs,1805,1805,1.0,0.9375,false,14164.499999999998,40.79849527720741,14205.298495277206
1821,"Glasses (drink, beer, wine etc)",24,24,1.0,0.5,true,5880.588000000002,22.81053634496915,5903.398536344971
1823,Drinks,467,467,1.0,0.75,false,29006.19399999998,102.64403285420936,29108.83803285419
1826,"Cloths, mops, sponges and brush",691,691,1.0,0.5,false,39013.352,152.1677995893222,39165.51979958932
1828,Foods,79,79,1.0,0.5,false,19429.801999999985,29.277389322381925,19459.079389322367
1829,"Glasses (drink, beer, wine etc)",1635,1635,1.0,0.99609375,false,9109.946999999998,60.62016098562631,9170.567160985625
1831,Bakeware,417,417,1.0,0.875,true,33468.43499999999,165.27599383983573,33633.71099383983
1832,Tableware,5985,5985,1.0,0.99951171875,false,80221.21100000001,445.5464496919923,80666.757449692
1833,Special pans,482,482,1.0,0.984375,true,106920.70199999999,787.1858164271043,107707.8878164271
1850,Girls toys,833,833,1.0,0.9375,true,49497.35000000002,155.55298521560564,49652.90298521562
1862,Coffee makers and kettles,210,210,1.0,0.5,false,70558849.33999999,20168091.86991784,90726941.20991783
1868,Small storage,26244,26244,1.0,0.9990234375,false,186870.2919999999,692.1944969199182,187562.48649691982
1872,Toilet accessories,11682,11682,1.0,0.9999999990686774,false,534271.8149999997,4498.382661190956,538770.1976611906
1874,Serve and present,619,619,1.0,0.998046875,false,13050.624999999996,88.06675564681716,13138.691755646814
1876,Bathroom accessories,635,635,1.0,0.9375,false,16829.966999999982,44.271901026693996,16874.238901026678
1878,Bathroom accessories,1466,1466,1.0,0.9375,false,23719.331999999995,61.64500698151949,23780.977006981513
1879,Travel accessories,565,565,1.0,0.984375,false,9149.909999999998,106.6166981519507,9256.526698151949
1880,Laundry baskets,20385,16091,0.7893549178317391,0.9999999990686774,false,1847928.5790000008,10962.91658316221,1858891.495583163
1882,Baskets,17633,17633,1.0,0.9921875,false,215069.00099999996,547.8321659137574,215616.8331659137
1883,Baskets,10058,10058,1.0,0.99609375,false,77625.62499999997,166.49550308008207,77792.12050308005
1884,Storage boxes,28789,28789,1.0,0.5,false,104994496.35499999,13652308.816563036,118646805.17156303
1886,Personal care,58240,57984,0.9956043956043956,0.9999999990686774,false,127200.49299999997,538.2020258726897,127738.69502587266
1887,Foods,976,976,1.0,0.75,false,20958.209999999985,31.5595071868583,20989.769507186844
1889,Tools,4587,3323,0.7244386309134511,0.9999999990686774,false,157960.99199999994,927.115761806981,158888.10776180692
1891,Toilet cleaners and odors,5007,5007,1.0,0.999755859375,false,82094.012,338.99599425051287,82433.00799425051
1892,Wash treatment and accessories,11153,11153,1.0,0.96875,false,585895.464,1936.536845174534,587832.0008451745
1893,Cleaning products,5100,5100,1.0,0.998046875,false,135337.762,811.6838501026695,136149.44585010267
1894,Cleaning products,3566,3566,1.0,0.9375,false,112962.84299999996,848.0476139630387,113810.890613963
1898,Cleaning products,24615,24615,1.0,0.9921875,false,255196.0599999999,3912.4229297741313,259108.48292977404
1903,Residential odors,5082,5082,1.0,0.99609375,false,100692.207,428.3021753593431,101120.50917535934
1904,Dishwashing articles,47415,44137,0.9308657597806601,0.9999999990686774,false,488682.83100000024,3024.560497330597,491707.39149733086
1905,Stationary,75818,75818,1.0,0.99609375,false,175624.48400000003,1381.0816476386024,177005.56564763864
1906,Drink & food To Go,15968,15968,1.0,0.984375,false,93492.97299999998,1908.8233478439429,95401.79634784392
1908,Drink & food To Go,9567,9567,1.0,0.9921875,false,255595.87199999997,1896.0210119096507,257491.89301190962
1917,Frying pans,23580,18949,0.8036047497879559,0.9999999990686774,false,1963101.8399999985,10338.563427104718,1973440.403427103
1944,Candles & Tealights,14263,14263,1.0,0.5,false,1849278.48,558496.3238767971,2407774.803876797
1945,Candles & Tealights,217,217,1.0,0.5,true,21559.125,70.20920944558515,21629.334209445584
1947,Candles & Tealights,15118,15118,1.0,0.875,true,137835.15199999994,526.1203967145788,138361.2723967145
1948,Candles & Tealights,16364,16234,0.9920557320948423,0.9999999990686774,false,194198.347,881.4553712525666,195079.80237125256
1965,Residential odors,15343,13256,0.8639770579417324,0.9999999990686774,false,104385.19000000008,616.4930472279265,105001.683047228
1970,Photo frames & albums,2322,2322,1.0,0.9921875,false,35750.532999999996,150.98520492813134,35901.51820492813
1981,Foodprep,1007,1007,1.0,0.75,true,263860.9609999999,1229.7017232032845,265090.6627232032
1982,Drink & food To Go,17276,10132,0.5864783514702477,0.9999999990686774,true,376920.25,11430.87243326491,388351.1224332649
1997,"Glasses (drink, beer, wine etc)",2163,1740,0.8044382801664355,0.9999999990686774,false,5178.25,16.122655852156047,5194.372655852156
2004,Knives,215,215,1.0,0.9375,true,26858.608,343.93801437371684,27202.54601437372
2006,Fans and electric blankets,778,778,1.0,0.96875,false,69894.95800000001,319.44085462012333,70214.39885462014
2007,Table textiles,296,296,1.0,0.9375,true,6274.974999999999,72.70951745379877,6347.684517453798
2009,Hobby and creative,414,414,1.0,0.75,false,13391.937999999986,30.343372895277206,13422.281372895262
2011,Boys toys,9799,9799,1.0,0.99993896484375,false,60177.84499999998,409.1914595482545,60587.03645954823
2014,"Glasses (drink, beer, wine etc)",2430,2430,1.0,0.75,false,30244.368000000013,55.2489388090349,30299.61693880905
2019,Shoe maintenance,1403,1403,1.0,0.9375,false,374828.7199999998,2213.9657351129335,377042.68573511275
2021,Baskets,4366,4366,1.0,0.96875,false,54189.26100000004,167.69352936344984,54356.954529363495
2023,Vacuuming,140,140,1.0,0.5,false,11915507.379999992,138408.88848090373,12053916.268480895
2024,Toilet accessories,15767,15767,1.0,0.9999999981373549,false,1786820.6720000007,6181.8013174537955,1793002.4733174546
2025,Knives,62750,62750,1.0,0.9999999981373549,false,614756.9119999998,10401.669505133483,625158.5815051333
2030,Ironing board textiles,18520,18520,1.0,0.9998779296875,false,647483.6620000005,4277.082246406566,651760.7442464071
2035,Bed textile,660,660,1.0,0.5,true,142182.2500000001,1359.694891170431,143541.9448911705
2045,Shopping bags and trolleys,6342,6342,1.0,0.875,false,23583.013999999992,90.961512936345,23673.975512936337
2049,Hobby and creative,10656,10656,1.0,0.9921875,false,620934.2230000005,1830.2632131416835,622764.4862131422
2050,Boys toys,2569,2569,1.0,0.9990234375,false,43268.43499999999,276.8531622176594,43545.28816221765
2055,Hobby and creative,5984,5984,1.0,0.96875,false,83262.81599999983,305.5950702258723,83568.4110702257
2062,Hobby and creative,2094,2094,1.0,0.5,false,218755.96399999992,3833.7304447638667,222589.6944447638
2069,Hobby and creative,2593,2593,1.0,0.5,false,236450.144,14956.12265790553,251406.26665790554
2072,Foodprep,3883,3883,1.0,0.9375,false,185330.14500000005,1239.86902053388,186570.01402053394
2077,Small storage,41641,41641,1.0,0.984375,false,314224.68,1041.6561437371645,315266.33614373713
2078,Racks and pockets,23620,23620,1.0,0.99609375,false,578880.7569999999,1724.1158542094454,580604.8728542093
2082,Waste bins,5133,5133,1.0,0.9990234375,false,391254.25500000024,683.9147186858319,391938.1697186861
2085,"Cloths, mops, sponges and brush",13906,13906,1.0,0.999755859375,false,405553.204,1891.2957618069822,407444.49976180703
2086,Cutlery,2392,2392,1.0,0.984375,false,7533.889999999999,84.02817248459955,7617.918172484599
2087,Cleaning products,11109,11109,1.0,0.9999847412109375,false,271272.4839999999,893.4786258726886,272165.9626258726
2088,Cleaning products,3531,3531,1.0,0.9998779296875,false,96717.285,387.31378603696174,97104.59878603696
2092,Cleaning products,2657,2657,1.0,0.99609375,false,14685.78999999999,43.097390143737115,14728.887390143727
2093,Cleaning products,4446,4446,1.0,0.875,false,30176.608,432.0600772073926,30608.668077207392
2094,Wash treatment and accessories,22885,22885,1.0,0.96875,false,1034931.513,5695.565661601636,1040627.0786616016
2097,Shoe maintenance,6599,6599,1.0,0.75,false,4104882.935999999,24132.7536616016,4129015.6896616006
2099,Store kitchen,2182,1874,0.8588450962419798,0.9999999990686774,true,219385.20799999993,13845.370385215607,233230.57838521554
2101,Coffee makers and kettles,13360,13060,0.9775449101796407,0.9999999990686774,false,1452292.183999999,6405.138171663235,1458697.3221716622
2102,Electric personal care,44172,44172,1.0,0.99993896484375,false,4478990.879999998,120090.29226447635,4599081.172264474
2103,Coffee makers and kettles,1880,1880,1.0,0.875,true,105756.651,409.80253798768047,106166.45353798768
2109,Pan sets,3333,3333,1.0,0.96875,false,878576.5170000006,1708.1639149897335,880284.6809149903
2114,Construction,382,382,1.0,0.75,false,19715.787,157.95768788501022,19873.74468788501
2135,Watering cans,6662,6662,1.0,0.984375,false,145598.607,267.34159958932224,145865.94859958932
2152,Tableware,1109,603,0.5437330928764653,0.9999999990686774,true,88800.53699999998,4361.783887885012,93162.320887885
2153,Teletoys,446,446,1.0,0.75,false,27398.216999999997,267.46009075975354,27665.67709075975
2159,Phones,35,35,1.0,0.875,true,229.99200000000013,1.8277848049281304,231.81978480492828
2161,Boys toys,830,830,1.0,0.75,false,21615.103999999978,46.62215030800818,21661.726150307986
2163,Boys toys,1938,1938,1.0,0.96875,true,9662.8,241.47763449692022,9904.277634496919
2164,Foods,794,794,1.0,0.75,false,7889.4199999999955,15.091732648870634,7904.511732648866
2165,Games,404,370,0.9158415841584159,0.9999999990686774,false,114406.65600000002,4513.283622997945,118919.93962299796
2167,Games,1476,1476,1.0,0.875,true,118443.60499999997,1109.316358521559,119552.92135852153
2170,"Glasses (drink, beer, wine etc)",895,895,1.0,0.875,false,63410.655,187.04874209445595,63597.703742094454
2179,Window and squeegees,7822,7822,1.0,0.96875,false,890339.1000000001,27166.897429158118,917505.9974291582
2182,Cleaning products,49145,49145,1.0,0.9921875,false,609646.527,8303.5705010267,617950.0975010267
2183,"Cloths, mops, sponges and brush",8299,8299,1.0,0.9921875,false,136332.19599999994,447.6578882956881,136779.85388829562
2185,Special pans,23039,23039,1.0,0.5,false,815677.8629999998,69331.22664640655,885009.0896464064
2188,Cutlery,4779,4779,1.0,0.99993896484375,false,111259.45599999998,872.1469667351132,112131.6029667351
2189,Toilet accessories,12701,12701,1.0,0.9999998807907104,false,1088648.6730000007,3589.2879121149845,1092237.9609121156
2190,Window and squeegees,56073,56073,1.0,0.9921875,false,1657261.297999998,2377.1545934291566,1659638.4525934272
2192,Clothes hangers,51913,51913,1.0,0.5,false,5426508.927,616212.837374538,6042721.764374538
2194,Wash treatment and accessories,24294,24294,1.0,0.75,false,706001.751,10026.337841889123,716028.0888418892
2195,Table textiles,885,885,1.0,0.984375,false,50122.799999999996,465.5905544147835,50588.39055441478
2196,Table textiles,3060,3060,1.0,0.984375,false,76500.95599999999,343.0404878850104,76843.996487885
2200,Bath textiles and bath mats,14253,14253,1.0,0.9999999962747097,false,106425.50099999999,1784.2877507186854,108209.78875071867
2202,Bed textile,2926,2926,1.0,0.5,false,234036.64899999995,5459.2904501026605,239495.9394501026
2212,Thermos jugs,1159,1159,1.0,0.9921875,false,60928.252,558.3650069815194,61486.61700698152
2218,Tableware,1039,1039,1.0,0.999755859375,false,22132.418000000012,114.88203942505127,22247.300039425063
2219,Thermos jugs,1998,1933,0.9674674674674675,0.9999999990686774,false,74241.279,560.940745379877,74802.21974537987
2221,Planks,2424,2424,1.0,0.9999847412109375,false,30609.123999999985,270.92198603696096,30880.045986036945
2223,Cutlery,1504,1504,1.0,0.984375,false,23822.161999999997,341.5227757700204,24163.684775770016
2224,Personal care,121,121,1.0,0.75,false,91923.76200000009,175.87678521560628,92099.63878521569
2225,Personal care,167,167,1.0,0.75,false,1378.3910000000005,2.4384147843942463,1380.8294147843949
2228,Tableware,7343,7343,1.0,0.96875,false,64397.03200000001,493.70059958932234,64890.732599589326
2230,"Cloths, mops, sponges and brush",775,775,1.0,0.75,true,19072.858,81.8762833675564,19154.734283367558
2232,"Cloths, mops, sponges and brush",380,380,1.0,0.5,false,38925.459999999985,224.55070882956875,39150.010708829555
2246,Baby / Toddler,479,479,1.0,0.75,false,11959.149999999983,47.945276796714616,12007.095276796697
2256,Baby / Toddler,1235,1235,1.0,0.875,true,45380.194999999985,657.7005264887058,46037.89552648869
2264,Personal care,6516,6516,1.0,0.9998779296875,false,23594.844,442.64617002053404,24037.490170020534
2265,Drink & food To Go,13824,13819,0.9996383101851852,0.9999999990686774,false,263998.70000000007,1565.710841889118,265564.4108418892
2269,Baskets,4362,4362,1.0,0.9375,false,139466.14500000016,455.59944147843953,139921.7444414786
2270,Euro articles,1960,1960,1.0,0.75,false,19543.65000000001,33.54868583162215,19577.19868583163
2271,"Cloths, mops, sponges and brush",69775,62733,0.8990756001433178,0.9999999990686774,false,918735.9299999999,6417.719592197124,925153.649592197
2273,Tea and coffee,3785,3785,1.0,0.875,true,120363.77500000002,677.4767770020524,121041.25177700208
2282,"Cloths, mops, sponges and brush",1592,1592,1.0,0.9375,false,157121.496,460.16917946611903,157581.66517946613
2283,Ironing board textiles,50860,50860,1.0,0.9999999701976776,false,1363245.1560000002,12134.157845174508,1375379.3138451746
2288,Bed textile,12367,12367,1.0,0.5,false,352263.527,8008.635990965092,360272.16299096507
2291,Mugs and cups,29430,6699,0.22762487257900102,0.9999999990686774,false,853261.4159999997,18992.742715400407,872254.1587154001
2330,Store kitchen,3359,3359,1.0,0.999969482421875,false,16866.080000000005,61.58077371663243,16927.660773716638
2336,Vacuuming,12394,12394,1.0,0.5,false,454968.745,104154.95722587273,559123.7022258728
2337,Light bulbs,4048,4048,1.0,0.875,false,42530.537000000004,68.66544928131408,42599.20244928132
2341,Store kitchen,338,338,1.0,0.75,true,25315.163999999993,82.98039178644761,25398.14439178644
2342,Drink & food To Go,19763,19763,1.0,0.99951171875,false,814522.2749999999,4814.404503080076,819336.67950308
2344,"Cloths, mops, sponges and brush",46435,37796,0.8139549908474212,0.9999999990686774,false,1019183.3680000006,6496.720111704305,1025680.0881117049
2345,Kitchen tools,8390,8390,1.0,0.999755859375,false,351146.334,2094.5653523613896,353240.8993523614
2350,Baskets,11259,11259,1.0,0.9921875,false,134722.16800000003,486.88887227926085,135209.0568722793
2353,Cleaning products,12814,12814,1.0,0.998046875,false,580436.9060000001,1607.409034086242,582044.3150340864
2354,Cleaning products,6489,6489,1.0,0.9990234375,false,204319.08000000002,762.2373018480486,205081.31730184806
2355,Suitcases,367,367,1.0,0.998046875,false,145534.61999999994,663.3055112936354,146197.92551129358
2356,Cleaning products,4859,4859,1.0,0.9921875,false,53298.314999999995,131.75509527720754,53430.0700952772
2359,Foods,466,466,1.0,0.75,false,15047.382000000016,41.49360821355234,15088.875608213568
2361,Cleaning products,34,34,1.0,0.5,false,15620.177999999998,60.81200410677597,15680.990004106774
2363,Residential odors,7433,7433,1.0,0.984375,false,130679.05199999997,1266.9887137577011,131946.04071375765
2364,Personal care,67167,67167,1.0,0.99951171875,false,323877.07799999975,1322.1848147843928,325199.26281478413
2369,Window and squeegees,1748,1237,0.7076659038901602,0.9999999990686774,false,258169.2609999999,2274.9313913757696,260444.1923913757
2370,Ironing,18545,15363,0.8284173631706659,0.9999999990686774,false,4131246.944999996,19972.02243121154,4151218.9674312077
2379,Pan sets,5909,5909,1.0,0.875,false,1903468.6439999999,70734.95084476376,1974203.5948447636
2391,Foods,638,638,1.0,0.75,false,40837.57999999998,71.76236139630385,40909.34236139628
2394,Residential odors,10216,10216,1.0,0.9921875,false,40972.68000000001,177.08226283367551,41149.76226283368
2402,Baby / Toddler,86,86,1.0,0.5,true,20570.339999999997,304.46885503080017,20874.8088550308
2406,Partyfun,2088,2088,1.0,0.9921875,false,9360.778,206.8855835728951,9567.663583572896
2408,Construction,324,324,1.0,0.875,false,3916.184999999998,22.472644763860366,3938.6576447638586
2410,Construction,446,446,1.0,0.96875,false,15223.194,124.65394168377824,15347.847941683778
2412,Electric personal care,242,242,1.0,0.75,true,82010.27799999996,301.5652665297738,82311.84326652973
2415,Batteries,1114,1114,1.0,0.9921875,false,20672.035999999996,61.22894537987675,20733.264945379873
2416,Construction,379,379,1.0,0.5,true,18607.75,112.67486611909655,18720.424866119098
2421,Ironing,1645,1000,0.60790273556231,0.9999999990686774,false,129235.41399999999,646.0077552361394,129881.42175523612
2423,Store kitchen,13821,13821,1.0,0.998046875,false,66284.39999999995,170.67954825462027,66455.07954825457
2430,Baskets,3902,3902,1.0,0.875,false,137597.44599999994,1555.0076176591376,139152.45361765908
2435,Vacuuming,258,258,1.0,0.5,false,3490091.647,26367.95613182753,3516459.6031318274
2436,Bakeware,53806,53806,1.0,0.9999961853027344,false,588344.4000000001,2636.3336640657108,590980.7336640658
2437,Knives,56854,56854,1.0,0.5,false,435438.23400000005,43442.57282710477,478880.8068271048
2441,Window and squeegees,28572,28572,1.0,0.9999999962747097,false,556483.2000000002,3750.4861831622225,560233.6861831624
2443,Drying racks,20986,20986,1.0,0.5,false,2612061.2770000002,331513.5553889121,2943574.8323889123
2445,Partyfun,45597,45597,1.0,0.9375,false,479328.19199999975,1154.9353527720737,480483.1273527718
2449,Tableware,42050,42050,1.0,0.5,false,901796.392,159519.1988965091,1061315.5908965091
2451,Mugs and cups,14992,6669,0.44483724653148343,0.9999999990686774,false,210938.72799999994,4367.858068172485,215306.58606817242
2454,Tableware,11828,5755,0.4865573216097396,0.9999999990686774,false,262210.41,6546.405289527714,268756.8152895277
2463,Tableware,995,715,0.7185929648241206,0.9999999990686774,false,440090.32200000004,10816.037494866534,450906.35949486657
2465,Tableware,7123,6792,0.9535308156675558,0.9999999990686774,false,156447.88599999997,1076.1395379876801,157524.02553798765
2471,Vases,270,270,1.0,0.9375,false,17809.351,93.518326899384,17902.86932689938
2474,Tableware,2818,2818,1.0,0.75,false,45237.654,1327.6556008213547,46565.309600821354
2478,Kitchen tools,935,935,1.0,0.984375,false,8203.222999999998,114.63608788501034,8317.859087885008
2486,Dishwashing articles,169,169,1.0,0.5,false,69239.499,336.28013798767967,69575.77913798767
2494,Oven dishes,1096,1096,1.0,0.5,false,6281.687999999999,170.40260698151954,6452.090606981519
2495,Drinks,707,707,1.0,0.75,false,17607.681000000004,68.06411334702256,17675.745113347028
2497,Table paper,1154,1154,1.0,0.984375,false,20173.566,232.15616427104717,20405.722164271046
2498,Thermos jugs,1093,1093,1.0,0.984375,false,16702.875,100.97722792607802,16803.85222792608
2499,Foils and bags,133,133,1.0,0.5,true,17189.004,747.9997905544142,17937.003790554416
2505,Pan sets,102,102,1.0,0.9375,true,35480.774,458.3974291581109,35939.17142915811
2511,Games,3273,3273,1.0,0.5,false,223020.07,7819.2990164271,230839.3690164271
2518,Games,1849,1849,1.0,0.5,true,181260.90499999994,459.68167761807024,181720.586677618
2519,"Glasses (drink, beer, wine etc)",1498,1498,1.0,0.5,true,19568.149999999998,584.5597371663227,20152.709737166322
2525,Table paper,7359,7359,1.0,0.9999999925494194,false,17144.763999999996,133.18461601642701,17277.948616016423
2526,Table paper,10145,10145,1.0,0.984375,false,23203.340999999997,89.53081355236144,23292.87181355236
2529,Store kitchen,5932,5932,1.0,0.9999999850988388,false,723388.0289999999,2068.9746546201195,725457.00365462
2531,Drying racks,7029,7029,1.0,0.99993896484375,false,1635353.7199999993,5008.955416837785,1640362.675416837
2532,Ironing boards,209,209,1.0,0.75,false,938106.9880000002,4802.290153593431,942909.2781535937
2544,Mugs and cups,22605,11124,0.49210351692103516,0.9999999990686774,false,767803.806,16261.79285420945,784065.5988542094
2549,Serve and present,10114,10114,1.0,0.9999999990686774,false,246414.22399999996,1449.8636332648866,247864.08763326483
2579,Coffee makers and kettles,16662,16662,1.0,0.9990234375,false,2821148.847999999,6545.510304312117,2827694.358304311
2580,Vacuuming,35919,35919,1.0,0.5,false,3011713.5999999996,810699.5168583164,3822413.116858316
2584,Store kitchen,59182,59182,1.0,0.875,false,1254842.939000001,2078.9834616016433,1256921.9224616026
2585,Store kitchen,35781,35781,1.0,0.99609375,false,542129.4900000001,1796.516072279261,543926.0060722794
2587,Bathroom accessories,27717,27717,1.0,0.984375,false,445139.4149999999,1426.886948254621,446566.3019482545
2588,Watering cans,37586,37586,1.0,0.9990234375,false,356277.81000000023,819.7799926078022,357097.58999260806
2589,Bathroom accessories,4163,4163,1.0,0.99609375,false,134554.98,314.94946201232074,134869.92946201234
2591,Tea and coffee,15093,15093,1.0,0.5,false,1569466.9619999998,51190.26709281314,1620657.2290928129
2592,Storage boxes,1447,1447,1.0,0.5,false,314790.90299999993,19756.362035728962,334547.2650357289
2594,Cleaning products,4592,4592,1.0,0.9921875,false,54917.68799999998,321.4395227926079,55239.12752279259
2596,Cleaning products,7201,7201,1.0,0.9990234375,false,228312.11199999996,2116.6112328542104,230428.7232328542
2597,Cleaning products,3028,3018,0.9966974900924703,0.9999999990686774,false,42704.172,420.52445667351134,43124.69645667351
2599,Wash treatment and accessories,48483,48483,1.0,0.9990234375,false,962914.0849999995,9051.422118685823,971965.5071186853
2600,Cleaning products,2342,2342,1.0,0.96875,false,12406.94,50.92242135523614,12457.862421355238
2601,Wash treatment and accessories,4662,4100,0.8794508794508794,0.9999999990686774,false,53314.45,977.1938193018483,54291.64381930185
2602,Foils and bags,15789,15789,1.0,0.875,false,624000.3000000002,4577.318427104722,628577.6184271049
2604,Cleaning products,57483,57483,1.0,0.999969482421875,false,262194.1,3829.851268993842,266023.95126899384
2605,Vacuuming,124528,124528,1.0,0.9999990463256836,false,704614.9529999999,8127.757440246412,712742.7104402463
2606,Personal care,134990,134990,1.0,0.75,false,770990.9759999998,19404.895724024635,790395.8717240244
2608,Coffee makers and kettles,9533,9533,1.0,0.984375,false,2229834.152,8870.643229158124,2238704.795229158
2613,Cooking pans,1807,1807,1.0,0.9999847412109375,true,189793.14899999995,1859.0483055441475,191652.1973055441
2634,Candles & Tealights,7570,7570,1.0,0.75,true,58790.20000000001,403.46308213552214,59193.663082135536
2637,Vases,1740,1740,1.0,0.96875,false,32431.706999999995,124.16631047227916,32555.873310472274
2645,Partyfun,13099,13099,1.0,0.5,false,17100629274686.678,2334289594618.2295,19434918869304.906
2646,Photo frames & albums,12645,12645,1.0,0.96875,false,80641.16200000004,179.81876837782346,80820.98076837786
2652,Construction,345,345,1.0,0.875,false,52116.308999999994,417.4228903490758,52533.73189034907
2654,Tableware,3460,2594,0.7497109826589595,0.9999999990686774,true,647582.2499999999,24728.03793634493,672310.2879363449
2658,Fans and electric blankets,536,536,1.0,0.96875,false,16679.543999999998,77.99973798767964,16757.54373798768
2660,Electric personal care,1660,1660,1.0,0.875,false,54034.554,153.4563975359344,54188.01039753593
2661,Phones,48,48,1.0,0.75,true,218.75,1.346098562628338,220.09609856262833
2665,Others,1759,1759,1.0,0.9375,true,15454.466999999997,144.68018562628345,15599.14718562628
2667,Store kitchen,688,688,1.0,0.9375,true,24020.304000000004,146.94731170431237,24167.251311704316
2671,Games,10032,10032,1.0,0.875,false,381654.17500000005,2044.8885831622176,383699.06358316226
2672,Tea and coffee,13687,13687,1.0,0.999755859375,false,74408.89400000001,554.207328952772,74963.10132895279
2674,Stuffed animals,2175,2175,1.0,0.75,false,124093.19999999992,747.0987137576993,124840.29871375763
2677,"Glasses (drink, beer, wine etc)",1833,1797,0.9803600654664485,0.9999999990686774,false,60596.899999999994,1090.1650513347042,61687.0650513347
2680,Drink & food To Go,16441,16441,1.0,0.99609375,false,255687.29199999993,1692.1311264887063,257379.42312648863
2686,Kitchen tools,4880,4880,1.0,0.9999999850988388,false,244102.31999999998,1599.1173745379874,245701.43737453796
2688,Foils and bags,70520,70520,1.0,0.984375,false,373771.16000000027,532.2152751540045,374303.37527515425
2689,Vacuuming,150,150,1.0,0.5,false,5843972.680000002,50984.482176591264,5894957.162176593
2690,Gift,37683,37683,1.0,0.5,false,218728.98599999998,13755.111896509236,232484.09789650922
2691,Toilet accessories,3832,3832,1.0,0.9921875,false,374615.7799999998,1191.9846652977412,375807.7646652975
2694,Bathroom accessories,8885,8885,1.0,0.984375,false,644443.2749999996,1349.230109650925,645792.5051096504
2698,Kitchen helpers,5042,5042,1.0,0.9375,false,149950.49299999993,400.4741223819301,150350.96712238187
2699,Window and squeegees,26092,26092,1.0,0.9998779296875,false,280668.0239999999,1503.7164386036968,282171.7404386036
2701,Ironing board textiles,23297,23297,1.0,0.9999980926513672,false,347387.27099999995,2393.5267540041095,349780.7977540041
2702,Table textiles,533,533,1.0,0.9921875,false,25782.064,349.77942381930166,26131.8434238193
2718,Bathroom accessories,1192,1192,1.0,0.9375,false,83794.98399999997,311.8343154004106,84106.81831540038
2719,Light bulbs,4294,4294,1.0,0.9375,false,63613.36800000001,171.99680164271066,63785.36480164272
2720,Cleaning products,4467,4467,1.0,0.96875,false,21569.212,59.208420533880926,21628.42042053388
2730,Kitchen tools,1890,1890,1.0,0.984375,false,29288.986999999997,390.36286817248435,29679.34986817248
2732,Cutlery,2954,2954,1.0,0.984375,false,4680.6900000000005,17.146297330595473,4697.836297330596
2736,Oven dishes,886,886,1.0,0.75,true,11438.448,119.53117782340863,11557.979177823408
2745,Stuffed animals,2455,2455,1.0,0.9999999990686774,true,77997.486,2307.307394661188,80304.79339466119
2748,Stuffed animals,79,79,1.0,0.5,true,24605.000000000007,112.3879178644763,24717.387917864482
2758,Baby / Toddler,165,165,1.0,0.5,true,4793.347999999999,70.2726205338808,4863.620620533879
2761,Kitchen helpers,1990,1990,1.0,0.998046875,true,89117.07,2369.720521560571,91486.79052156057
2763,Dishwashing articles,103294,76389,0.7395298855693457,0.9999999990686774,false,368620.3500000002,2561.996449691992,371182.3464496922
2764,"Cloths, mops, sponges and brush",18354,18354,1.0,0.9990234375,false,695398.8509999998,3627.2118566735107,699026.0628566733
2773,Foils and bags,18944,18944,1.0,0.96875,false,296351.4119999999,569.6091400410679,296921.02114004095
2777,Ironing board textiles,8787,8787,1.0,0.99609375,false,153566.616,1383.1758406570843,154949.7918406571
2778,Kitchen tools,73547,73547,1.0,0.999755859375,false,1691148.9559999995,61839.79942546212,1752988.7554254616
2781,Ironing boards,9738,9738,1.0,0.9921875,false,3226950.7269999986,61058.04274291592,3288008.7697429145
2783,Drying racks,10981,10981,1.0,0.875,true,1694220.6119999995,19356.627527310047,1713577.2395273095
2784,Table textiles,1154,1154,1.0,0.96875,false,51525.459999999985,372.2629006160166,51897.722900616
2786,Bed textile,12586,12586,1.0,0.5,false,291952.668,19692.890983162226,311645.5589831622
2787,Bath textiles and bath mats,8616,8616,1.0,0.5,false,136502.51299999998,12486.27300369609,148988.78600369606
2791,Table textiles,7090,7090,1.0,0.5,false,2063972.288,363705.7995728951,2427678.087572895
2793,Baskets,5909,5909,1.0,0.75,false,52098.19999999999,259.1615720739219,52357.36157207391
2794,Fans and electric blankets,1860,1860,1.0,0.984375,false,173849.8859999999,962.3820464065715,174812.26804640648
2796,Tableware,5092,5092,1.0,0.998046875,false,88447.15600000005,731.472,89178.62800000004
2805,Light bulbs,6226,6226,1.0,0.96875,false,16692.647999999997,45.44272936344967,16738.09072936345
2817,Foodprep,10476,10476,1.0,0.5,false,29827969.395000003,5203094.296078033,35031063.69107804
2823,Batteries,120724,120724,1.0,0.5,false,13160108.745000001,1109748.4050098557,14269857.150009857
2826,Wash treatment and accessories,7714,7714,1.0,0.96875,false,103751.9,1285.5814928131417,105037.48149281314
2828,Store kitchen,23882,23882,1.0,0.9999847412109375,false,1252236.3070000003,5489.089148254615,1257725.3961482549
2829,"Cloths, mops, sponges and brush",136452,113223,0.829764312725354,0.9999999990686774,false,1539915.9300000002,9833.676712525676,1549749.606712526
2832,Window and squeegees,16086,16086,1.0,0.998046875,false,597524.5850000001,2202.743843942503,599727.3288439426
2833,Racks and pockets,34281,34281,1.0,0.9990234375,false,470148.10499999986,1203.2331047227929,471351.3381047227
2835,Clothes hangers,50901,48399,0.9508457594153357,0.9999999990686774,false,512388.6390000001,4523.843923613959,516912.48292361404
2838,Thermos jugs,9835,9835,1.0,0.5,false,648564.567,86927.73241232037,735492.2994123204
2839,Thermos jugs,8942,8942,1.0,0.5,false,975380.1819999999,31717.79091663242,1007097.9729166323
2842,Baskets,9006,9006,1.0,0.9921875,false,41360.109,113.94677330595489,41474.055773305954
2844,Cleaning products,10724,10724,1.0,0.99993896484375,false,195000.84099999993,803.5674004106769,195804.4084004106
2845,Cleaning products,4523,4523,1.0,0.99951171875,false,48052.47999999999,235.35187268993883,48287.83187268993
2846,Cleaning products,5239,5239,1.0,0.999969482421875,false,180723.48000000007,609.5876550308013,181333.06765503087
2847,Personal care,11466,11466,1.0,0.5,false,66998.86200000001,2179.46621930185,69178.32821930185
2853,Cleaning products,71,71,1.0,0.5,false,119891.52000000002,10065.788648870635,129957.30864887065
2854,"Cloths, mops, sponges and brush",15206,15206,1.0,0.5,false,309047.43100000004,30648.647345379883,339696.0783453799
2855,Window and squeegees,52599,52599,1.0,0.99951171875,false,505562.39999999997,2363.682726899382,507926.08272689936
2894,Residential odors,13450,13450,1.0,0.9999999850988388,false,89682.31999999985,411.8069470225868,90094.12694702244
2905,Pan sets,2757,2387,0.8657961552412042,0.9999999990686774,false,605885.5669999999,4983.191507186857,610868.7585071868
2909,Kitchen tools,490,490,1.0,0.75,false,10124.386999999999,191.76831745379877,10316.155317453798
2911,Teletoys,241,241,1.0,0.9375,true,7723.995999999999,107.47307268993826,7831.469072689937
2912,Construction,84,84,1.0,0.5,true,8270.646999999999,189.907464476386,8460.554464476385
2917,Construction,140,140,1.0,0.5,false,1774.864,26.087927720739227,1800.9519277207391
2922,Pan sets,1219,1219,1.0,0.875,false,187947.37499999994,528.56167761807,188475.936677618
2925,Kitchen helpers,765,765,1.0,0.5,false,245653.88400000002,26117.481988090345,271771.36598809034
2929,Thermos jugs,4070,4070,1.0,0.999969482421875,false,528772.811,1888.952190554413,530661.7631905545
2934,"Glasses (drink, beer, wine etc)",1255,1255,1.0,0.875,true,45118.121999999996,240.3061823408626,45358.42818234086
2938,Personal care,35090,35090,1.0,0.9375,false,820818.1239999996,1503.3397782340896,822321.4637782337
2940,Ironing boards,1521,1107,0.727810650887574,0.9999999990686774,true,194739.5449999999,2855.9126078028758,197595.45760780276
2943,Knives,24107,24107,1.0,0.998046875,false,718086.5369999999,8743.984131006155,726830.5211310061
2947,Kitchen helpers,19958,19958,1.0,0.5,false,1452150.0,18279.16324435318,1470429.1632443531
2949,Kitchen textile,6536,6536,1.0,0.5,false,81313.05,1051.6992751540042,82364.74927515401
2950,Kitchen textile,3369,3369,1.0,0.5,false,162605.639,11383.181148665297,173988.82014866528
2951,Racks and pockets,16599,16599,1.0,0.99609375,false,231711.58499999993,1759.5390566735107,233471.12405667343
2952,Table textiles,419,419,1.0,0.96875,true,32561.675999999996,452.6619597535934,33014.33795975359
2953,Bath textiles and bath mats,32620,32620,1.0,0.5,false,1663336.563,218482.99313839836,1881819.5561383984
2957,Mugs and cups,14904,8556,0.5740740740740741,0.9999999990686774,false,220173.61099999986,4483.718638603694,224657.32963860355
2968,Tea and coffee,72275,65099,0.9007125562089242,0.9999999990686774,false,1074200.0640000002,6495.620993839839,1080695.68499384
2969,Tea and coffee,75168,75168,1.0,0.998046875,false,1521284.6599999985,3013.0126965092427,1524297.6726965078
2974,Foils and bags,542,542,1.0,0.75,false,17200.644999999997,30.045609856262843,17230.69060985626
2977,Drink & food To Go,377,377,1.0,0.5,true,18940.600000000002,224.1204517453798,19164.720451745383
2978,Tools,1633,1633,1.0,0.984375,false,68324.62000000002,323.95274989733036,68648.57274989736
2979,Tableware,1158,1158,1.0,0.96875,false,18966.857,51.601248870636546,19018.458248870636
2980,Light bulbs,6031,6031,1.0,0.9375,false,123810.79899999997,270.35735195071874,124081.15635195069
2985,Cutlery,3224,3224,1.0,0.96875,false,8710.338,88.8233420944559,8799.161342094456
2987,Tableware,4401,4401,1.0,0.875,false,16753.415000000005,22.737753593429144,16776.152753593433
2996,Baby / Toddler,4645,4645,1.0,0.9999990463256836,false,739083.968,7875.483439835726,746959.4514398357
2997,Games,1296,1296,1.0,0.9921875,false,170179.6460000001,765.6930595482563,170945.33905954837
3014,Phones,9792,9792,1.0,0.875,false,2527371.202999999,17821.43544640654,2545192.6384464055
3015,Batteries,34161,34161,1.0,0.99951171875,false,741704.4600000002,2138.4119178644755,743842.8719178647
3021,"Glasses (drink, beer, wine etc)",668,668,1.0,0.9375,false,18367.166999999998,64.396196714579,18431.56319671458
3027,Kitchen helpers,28049,26556,0.9467717209169667,0.9999999990686774,false,409592.34400000004,7738.753155646817,417331.0971556469
3030,Vacuuming,183,183,1.0,0.5,false,272535.33999999997,1422.6303071868585,273957.9703071868
3031,Vacuuming,105,105,1.0,0.5,false,3243483.2499999995,23422.158757700236,3266905.4087576997
3033,Kitchen helpers,17842,17842,1.0,0.99609375,false,609557.8230000001,6411.848972484592,615969.6719724847
3034,Measuring and weighing,39713,39713,1.0,0.5,false,1335591.25,48055.38018480494,1383646.630184805
3036,Ironing boards,20693,20693,1.0,0.9990234375,false,3814753.2850000006,63677.74310472277,3878431.0281047234
3037,Drying racks,8537,8537,1.0,0.999969482421875,false,2614507.896,24139.835712525684,2638647.7317125257
3042,Bed textile,3261,3261,1.0,0.5,false,212132.41699999996,3581.5997618069796,215714.01676180694
3046,Others,548,548,1.0,0.9998779296875,false,28497.356999999978,202.79355893223777,28700.150558932215
3047,Bath textiles and bath mats,21094,21094,1.0,0.5,false,644197.7080000001,60160.37233018474,704358.0803301849
3055,Tea and coffee,342,342,1.0,0.5,true,39854.91299999997,152.69110349076007,40007.60410349073
3058,"Glasses (drink, beer, wine etc)",7658,7658,1.0,0.9999999850988388,false,85849.07099999997,1828.379324845995,87677.45032484597
3059,Games,2181,2181,1.0,0.875,false,251329.47000000073,366.0456817248465,251695.51568172558
3063,Games,94,94,1.0,0.5,true,46934.81099999987,85.33560574948613,47020.14660574936
3075,Boys toys,1226,1226,1.0,0.875,true,26143.424999999996,234.0831622176592,26377.508162217655
3080,Batteries,50340,48573,0.9648986889153754,0.9999999990686774,false,1258594.903999999,12842.795474332663,1271437.6994743317
3082,Batteries,13532,13532,1.0,0.984375,false,331314.9840000001,502.5949059548252,331817.57890595496
3083,"Cloths, mops, sponges and brush",57325,57325,1.0,0.999969482421875,false,92162.04199999997,279.4360041067763,92441.47800410674
3087,Coffee makers and kettles,9201,9201,1.0,0.5,true,381701.27799999993,64396.651050513356,446097.9290505133
3090,Personal care,27052,27052,1.0,0.9921875,true,251801.55,2307.2388147843944,254108.78881478438
3091,"Cloths, mops, sponges and brush",27805,27805,1.0,0.99993896484375,false,1012051.7959999994,4743.748960985628,1016795.5449609851
3092,Cutlery,2866,2866,1.0,0.9921875,false,6165.348,59.81296755646817,6225.160967556468
3093,Bathroom accessories,8434,8434,1.0,0.9998779296875,false,393661.933,1290.5485088295682,394952.4815088296
3097,Laundry baskets,14879,11531,0.7749848780159957,0.9999999990686774,false,454517.97299999977,2334.503162217663,456852.47616221744
3098,Baskets,13833,13833,1.0,0.96875,false,200521.42600000006,308.8920156057496,200830.31801560582
3104,Cleaning products,6600,6600,1.0,0.9999990463256836,false,323647.5479999999,1415.2270324435312,325062.7750324434
3106,Baskets,3698,3698,1.0,0.9375,false,45128.096999999994,279.9195560574948,45408.01655605749
3108,Light bulbs,8382,8382,1.0,0.875,false,17017.287,22.11182710472279,17039.398827104724
3110,Ironing boards,2324,1727,0.7431153184165232,0.9999999990686774,false,230012.16,2600.224657084188,232612.38465708419
3112,Dishwashing articles,11331,4083,0.3603388933015621,0.9999999990686774,false,148243.725,1304.6756156057518,149548.40061560576
3114,"Cloths, mops, sponges and brush",21918,21918,1.0,0.5,false,28951439.551999997,4207252.68524682,33158692.23724682
3120,Electric personal care,11613,11411,0.9826057005080513,0.9999999990686774,false,1788403.6170000003,8128.394701848063,1796532.0117018484
3121,Electric personal care,8571,8571,1.0,0.9999999850988388,false,1022295.0289999993,3670.532809856265,1025965.5618098555
3123,Alarm clocks,18502,18502,1.0,0.5,false,2295647.83,600431.3188353195,2896079.1488353196
3128,Stationary,32283,32283,1.0,0.998046875,false,105340.20000000007,181.54952772073912,105521.7495277208
3159,Pan sets,3411,3411,1.0,0.998046875,true,1062125.7569999998,25403.884144558506,1087529.6411445583
3162,Kitchen tools,244,244,1.0,0.9921875,true,9671.9,194.2082443531827,9866.108244353183
3163,Tea and coffee,1833,1833,1.0,0.984375,false,3222.884,79.55799260780289,3302.441992607803
3165,Construction,448,448,1.0,0.875,true,15005.878999999999,181.41828131416833,15187.297281314168
3170,Stationary,4116,4116,1.0,0.875,false,4115.622000000001,5.3479453798768,4120.969945379878
3171,Batteries,1515,1515,1.0,0.9375,false,33229.189,47.69754866529781,33276.886548665294
3172,Toilet cleaners and odors,78,78,1.0,0.5,true,26424.3,907.24484599589,27331.54484599589
3173,Construction,296,296,1.0,0.5,true,6664.888999999999,102.35254825462007,6767.241548254619
3176,Girls toys,8,8,1.0,0.5,true,1511.6009999999999,113.84845133470219,1625.4494513347022
3179,Baby / Toddler,12321,12321,1.0,0.5,false,742850.1919999999,11049.347305133479,753899.5393051334
3185,Kitchen appliances,8227,8227,1.0,0.5,false,1356620938.4070003,359675716.9320524,1716296655.3390527
3188,Personal care,12110,12110,1.0,0.984375,false,267276.2400000001,2027.5619445585219,269303.8019445586
3189,Wash treatment and accessories,13808,13808,1.0,0.9999961853027344,false,350938.0349999999,9575.609891581116,360513.64489158103
3196,"Cloths, mops, sponges and brush",8363,8363,1.0,0.99951171875,false,439327.1469999999,2520.16794250513,441847.31494250504
3201,Oven dishes,2419,2419,1.0,0.75,false,26591.165999999997,382.5957026694045,26973.761702669402
3205,Partyfun,28055,28055,1.0,0.9921875,false,400548.12,1196.3388234086256,401744.45882340864
3210,Knives,57,57,1.0,0.75,true,23849.825999999994,1893.3352915811236,25743.161291581117
3212,Table textiles,1724,1724,1.0,0.96875,false,45299.898,219.7393946611907,45519.63739466119
3218,Mugs and cups,20254,20254,1.0,0.5,false,672831.439,74772.64659383973,747604.0855938398
3228,Vases,9090,9090,1.0,0.99609375,false,120017.17000000003,277.25588501026664,120294.42588501029
3229,Tea and coffee,9999,9999,1.0,0.9999999990686774,false,24272.366999999995,348.94327022587254,24621.310270225866
3230,Hobby and creative,195,195,1.0,0.875,true,4322.094,24.500643942505143,4346.594643942505
3235,Cutlery,2192,2192,1.0,0.984375,false,29372.727999999985,90.97086735112924,29463.698867351115
3237,Oven dishes,855,855,1.0,0.984375,false,12572.447999999999,105.65732156057521,12678.105321560573
3238,Large garden,242,242,1.0,0.75,true,7281.89,61.28551745379885,7343.175517453799
3244,Serve and present,709,709,1.0,0.99609375,false,11774.699999999997,71.69591457905538,11846.395914579052
3246,Kitchen helpers,779,779,1.0,0.96875,true,114611.567,1951.936120739219,116563.50312073922
3247,Cutlery,1348,1348,1.0,0.984375,false,16682.974,54.20000533880901,16737.174005338806
3249,Shopping bags and trolleys,6110,6110,1.0,0.5,false,19902.96,837.4073839835736,20740.367383983572
3251,Laundry baskets,167,167,1.0,0.875,false,45151.855,170.04522176591325,45321.900221765914
3252,Thermos jugs,1068,1068,1.0,0.984375,false,56506.807,323.17354496919927,56829.9805449692
3259,Hobby and creative,5394,5394,1.0,0.998046875,false,167597.493,886.897398357288,168484.39039835727
3264,Hobby and creative,3170,3170,1.0,0.998046875,false,164552.63999999998,585.4970184804936,165138.13701848048
3279,Table textiles,6665,6665,1.0,0.96875,true,30104.410000000003,335.5746817248452,30439.984681724847
3281,Vacuuming,396,396,1.0,0.5,false,1153341.0910000002,7695.72071457904,1161036.8117145794
3285,Knives,13611,13611,1.0,0.75,false,144502.53999999998,1917.3987761806984,146419.93877618067
3286,Knives,24629,23630,0.9594380608226075,0.9999999990686774,false,180800.2,4744.51663244353,185544.71663244354
3287,Drying racks,10459,10459,1.0,0.5,false,13052094.517000003,925368.7546562642,13977463.271656267
3288,Bicycle accessories,1823,1823,1.0,0.9375,true,75909.75,985.6406057494854,76895.39060574949
3291,Kitchen textile,11083,11083,1.0,0.5,false,67664.59,5266.876956878853,72931.46695687885
3293,Bed textile,3772,3772,1.0,0.5,false,387391.7529999999,36088.00299999999,423479.7559999999
3295,Mugs and cups,21626,5609,0.2593637288449089,0.9999999990686774,false,334354.9439999999,7851.919007802869,342206.86300780275
3296,Mugs and cups,16197,11566,0.7140828548496635,0.9999999990686774,false,527625.7139999999,12441.092393429166,540066.806393429
3297,Mugs and cups,23104,6356,0.2751038781163435,0.9999999990686774,false,705103.0349999998,19710.767275564718,724813.8022755645
3298,Mugs and cups,13180,12131,0.9204097116843702,0.9999999990686774,false,177098.52999999997,8071.692295687881,185170.22229568785
3321,Puzzles,1176,1176,1.0,0.75,true,39025.104999999996,305.4129034907605,39330.517903490756
3322,Foodprep,7318,7318,1.0,0.5,false,5614193.738999999,1406694.786491582,7020888.525491581
3329,Baby / Toddler,273,273,1.0,0.5,false,9280.908,138.657540862423,9419.565540862422
3330,Moisture treatment and climate,14282,14282,1.0,0.75,false,403090.856,72613.14915811087,475704.0051581109
3332,Cleaning products,88246,88246,1.0,0.9921875,false,1038300.046,3768.9840525667314,1042069.0300525667
3333,Bathroom accessories,3072,3072,1.0,0.99609375,false,164352.04799999998,436.71919671458,164788.76719671456
3335,Bathroom accessories,634,634,1.0,0.75,false,340046.2309999999,1316.2410587268996,341362.4720587268
3336,Thermos jugs,4674,4674,1.0,0.998046875,false,575232.0839999996,7506.253160574957,582738.3371605745
3337,Cleaning products,11582,11582,1.0,0.9999990463256836,false,130329.77999999996,358.89473757700193,130688.67473757696
3339,Baskets,7856,7856,1.0,0.998046875,false,102734.45699999997,281.0959958932233,103015.55299589319
3341,Cleaning products,4412,4412,1.0,0.875,false,188984.22199999998,857.0359963039017,189841.25799630387
3342,Cleaning products,6561,6561,1.0,0.99951171875,false,89623.61099999999,527.5387318275157,90151.1497318275
3343,Cleaning products,10488,10112,0.9641495041952708,0.9999999990686774,false,154190.42100000003,790.6387712525666,154981.0597712526
3346,Window and squeegees,1143,1143,1.0,0.99609375,false,27788.292,240.71824517453794,28029.01024517454
3348,Wash treatment and accessories,31574,11619,0.3679926521821752,0.9999999990686774,false,457662.17699999997,8083.599080082131,465745.7760800821
3349,Waste bins,2949,2949,1.0,0.999969482421875,false,106248.576,297.248773305955,106545.82477330595
3350,Cleaning products,1938,1938,1.0,0.9375,false,27127.730000000003,153.93564599589325,27281.665645995898
3352,Cleaning products,4422,4422,1.0,0.9999980926513672,false,50069.66999999999,344.17197535934275,50413.84197535933
3353,Bathroom accessories,42047,42047,1.0,0.99609375,false,233485.13999999996,1344.4022225872693,234829.54222258722
3354,Bathroom accessories,24788,24788,1.0,0.75,false,536222.4,6118.20813141684,542340.6081314168
3355,Toilet accessories,40666,29627,0.7285447302414794,0.9999999990686774,false,399513.89099999995,8674.295431211507,408188.1864312115
3356,Residential odors,12863,12863,1.0,0.96875,false,342262.59899999993,590.2119425051334,342852.8109425051
3359,Electric personal care,6266,6266,1.0,0.5,false,2734499.761,59348.31714948664,2793848.078149487
3363,Electric personal care,2970,2970,1.0,0.875,false,625273.7820000006,3534.9222726899425,628808.7042726906
3366,"TV, Audio & Video",245,245,1.0,0.5,true,247863.05599999995,9050.040709650928,256913.09670965088
3368,Bathroom scales,13306,13306,1.0,0.9999999981373549,false,429745.386,3973.020273921973,433718.40627392195
3370,Special pans,7773,7773,1.0,0.75,true,1140836.6619999998,29982.897100616006,1170819.5591006158
3387,Candles & Tealights,845,845,1.0,0.5,true,67018.672,397.3382804928133,67416.01028049282
3388,Candles & Tealights,804,804,1.0,0.875,true,57289.42799999999,272.93191457905493,57562.35991457905
3410,Foods,950,950,1.0,0.75,false,7980.972999999999,12.24698151950721,7993.219981519506
3411,Construction,393,393,1.0,0.875,false,16242.38,193.87528008213573,16436.255280082136
3413,Boys toys,1082,1082,1.0,0.9375,true,10680.978000000001,71.12436960985623,10752.102369609856
3414,Electric personal care,1671,1671,1.0,0.75,true,93083.17199999996,345.19599917864474,93428.3679991786
3416,Construction,511,511,1.0,0.5,true,17083.808,454.07512032854225,17537.883120328544
3428,Store kitchen,24307,10083,0.4148187764841404,0.9999999990686774,false,594755.1399999999,18791.324617659127,613546.464617659
3429,Sockets and security,1249,1249,1.0,0.875,false,20640.38900000001,30.167366735112914,20670.556366735123
3436,Toilet cleaners and odors,3691,3074,0.8328366296396641,0.9999999990686774,false,40180.392,368.35748993839866,40548.7494899384
3438,Cooking books,9539,9539,1.0,0.999755859375,false,242464.9499999999,2534.0768131416835,244999.02681314157
3441,"Glasses (drink, beer, wine etc)",4202,4202,1.0,0.99951171875,true,66252.18599999999,1159.2011642710465,67411.38716427103
3442,Window and squeegees,29425,29425,1.0,0.9999998807907104,false,2614865.792000002,8635.4807704312,2623501.272770433
3443,Window and squeegees,33103,29867,0.9022445095610669,0.9999999990686774,false,3753517.5579999965,20957.099041067766,3774474.6570410645
3444,Kitchen tools,19156,19156,1.0,0.9375,false,436644.80999999994,16602.496609856284,453247.3066098562
3445,Cutlery,7377,7313,0.9913243866070218,0.9999999990686774,false,223392.81300000002,1689.6210788501028,225082.4340788501
3453,Ironing board textiles,51921,51921,1.0,0.99993896484375,false,2256915.695999998,12815.106303080083,2269730.802303078
3457,Bath textiles and bath mats,35178,35178,1.0,0.5,false,388933.622,9396.37384804928,398329.99584804924
3465,Tableware,37656,35192,0.9345655406840875,0.9999999990686774,false,541033.9199999998,5058.707449691998,546092.6274496918
3467,Cutlery,687,687,1.0,0.99609375,false,11734.778999999999,290.5378459958933,12025.316845995892
3468,Tableware,698,698,1.0,0.875,false,29259.958000000006,71.91612279260775,29331.874122792615
3469,Baby / Toddler,850,850,1.0,0.9990234375,true,11703.846,168.416803285421,11872.26280328542
3471,Cutlery,3263,3263,1.0,0.99609375,false,14136.695999999998,53.14747268993839,14189.843472689936
3473,Serve and present,2628,2628,1.0,0.984375,false,57553.75499999996,284.91385626283335,57838.6688562628
3474,Cutlery,3624,3624,1.0,0.984375,false,13258.335999999998,104.97371334702261,13363.30971334702
3476,Light bulbs,5182,5182,1.0,0.9375,false,41865.810000000005,83.42057248459957,41949.2305724846
3477,Tableware,5323,5323,1.0,0.96875,false,43444.674000000006,132.81926488706358,43577.49326488707
3478,Baskets,2631,2631,1.0,0.9375,false,31117.94,190.7170841889117,31308.65708418891
3482,Drink & food To Go,4388,4388,1.0,0.9375,false,86964.04500000001,319.4548028747432,87283.49980287475
3483,Light bulbs,4844,4844,1.0,0.9375,false,18262.608000000004,39.47776919917863,18302.085769199184
3485,Frying pans,1675,1675,1.0,0.999969482421875,false,168426.804,2107.033844353181,170533.8378443532
3490,Hobby and creative,5656,5656,1.0,0.999969482421875,false,210230.6570000002,1176.410516221766,211407.06751622198
3499,Hobby and creative,62,62,1.0,0.5,false,24959.340000000015,63.09754004106763,25022.437540041083
3504,Games,2890,2890,1.0,0.9999999403953552,true,166245.4150000002,4963.829492813143,171209.24449281336
3514,Drink & food To Go,5723,5723,1.0,0.99951171875,false,46950.596,642.1301232032854,47592.72612320328
3517,Measuring and weighing,22004,22004,1.0,0.96875,false,94855.90799999997,241.25017330595463,95097.15817330593
3519,"Glasses (drink, beer, wine etc)",411,411,1.0,0.75,false,8824.409999999996,21.686152361396267,8846.096152361393
3526,Window and squeegees,2399,2399,1.0,0.99609375,false,453416.94999999995,1341.8750414784395,454758.8250414784
3528,Toilet cleaners and odors,4347,3557,0.8182654704393835,0.9999999990686774,false,40465.446,343.24617002053344,40808.692170020535
3529,Kitchen helpers,54710,54710,1.0,0.96875,false,872227.1040000002,6680.285032854215,878907.3890328543
3531,Vacuuming,141,141,1.0,0.5,false,1027938.7789999997,4707.078916221749,1032645.8579162215
3532,Kitchen tools,39401,36479,0.9258394456993477,0.9999999990686774,false,473204.0249999999,5154.4233942505125,478358.4483942504
3533,Tea and coffee,8223,8223,1.0,0.5,false,148470.175,9222.54779260781,157692.7227926078
3541,"Cloths, mops, sponges and brush",123,123,1.0,0.5,false,59047.58999999999,64.23102258726895,59111.82102258726
3543,Bath textiles and bath mats,7761,7761,1.0,0.5,false,98075.264,9694.418174948663,107769.68217494866
3546,Bed textile,1544,1544,1.0,0.5,false,770527.905,89795.02191745385,860322.9269174539
3549,Mugs and cups,35436,35436,1.0,0.5,false,2280075.84,154965.8200870636,2435041.6600870634
3556,Tea and coffee,11594,11594,1.0,0.9999998807907104,false,201528.20100000006,1030.4674386036968,202558.66843860375
3558,Kitchen helpers,1919,1919,1.0,0.99609375,false,18994.667999999998,496.7207704312115,19491.38877043121
3560,Oven dishes,81,81,1.0,0.5,true,23942.408000000003,254.72624558521568,24197.134245585217
3561,Oven dishes,408,408,1.0,0.9375,true,4791.338999999999,46.208184394250544,4837.54718439425
3576,Hobby and creative,1799,1799,1.0,0.984375,true,41377.48999999999,244.61141519507174,41622.101415195066
3579,Batteries,9980,9980,1.0,0.96875,true,73353.83999999998,423.2758620123203,73777.1158620123
3583,Baby / Toddler,962,962,1.0,0.9375,false,29431.52099999999,171.6932632443531,29603.214263244343
3587,Bakeware,25737,25737,1.0,0.5,false,572725.342,100525.34882217656,673250.6908221765
3588,Drink & food To Go,27154,27154,1.0,0.984375,false,576918.223,1606.2425839835757,578524.4655839836
3589,Dishwashing articles,98839,88132,0.8916723155839295,0.9999999990686774,false,1177094.939999999,9963.186472279262,1187058.1264722783
3591,Dishwashing articles,94783,93609,0.987613812603526,0.9999999990686774,false,581362.1099999998,12606.82508624229,593968.935086242
3592,"Glasses (drink, beer, wine etc)",1868,1868,1.0,0.984375,false,7741.6849999999995,38.987369609856266,7780.672369609856
3593,Cleaning products,17337,17337,1.0,0.9921875,false,625371.5299999999,5147.971139219712,630519.5011392196
3594,Clothes hangers,112663,112663,1.0,0.9999923706054688,false,2250771.8310000002,23032.737781930202,2273804.5687819305
3597,Oven dishes,807,807,1.0,0.96875,false,14964.740000000002,102.3987597535934,15067.138759753596
3601,Personal care,74,74,1.0,0.75,false,48922.20900000001,116.91361478439427,49039.122614784406
3602,Wash treatment and accessories,1980,1980,1.0,0.75,false,177004.46400000004,1011.1761141683783,178015.6401141684
3603,Cleaning products,54259,54259,1.0,0.9999999403953552,false,1119740.5310000004,3538.1737425051347,1123278.7047425054
3605,Baskets,2813,2813,1.0,0.75,false,29878.659999999993,148.49449281314165,30027.154492813133
3607,Cleaning products,1537,1537,1.0,0.9375,false,89003.922,453.2564796714582,89457.17847967146
3611,Wash treatment and accessories,16452,16452,1.0,0.99609375,false,430948.9799999999,1330.8564579055446,432279.8364579055
3612,Dishwashing articles,5264,5264,1.0,0.9921875,false,12121.571,122.82824969199172,12244.399249691991
3616,Cleaning products,7345,7345,1.0,0.99609375,false,200329.76599999995,1242.215236550308,201571.98123655026
3619,Ironing,11892,11892,1.0,0.9375,false,20087273.752,377088.1624123202,20464361.91441232
3622,Alarm clocks,20563,20563,1.0,0.5,false,41244214.536,2107692.790373714,43351907.32637371
3623,Electric personal care,2232,2232,1.0,0.9999995231628418,true,347070.185,15994.83493223816,363065.01993223815
3641,Candles & Tealights,1049,1049,1.0,0.75,true,106782.47999999998,446.1039572895278,107228.5839572895
3646,Party lights,12601,12601,1.0,0.5,false,440541.395,37141.26485051332,477682.65985051333
3647,Residential odors,9449,9449,1.0,0.96875,false,20098.847999999998,161.86329691991767,20260.711296919915
3651,Vases,16851,15832,0.9395288113465077,0.9999999990686774,false,411477.81499999977,3253.4047560574945,414731.21975605725
3661,Kitchen tools,8058,8058,1.0,0.9921875,false,42434.959000000024,193.704229979466,42628.66322997949
3670,Construction,279,279,1.0,0.9375,false,3154.228,43.825680492813106,3198.0536804928133
3671,Hobby and creative,327,327,1.0,0.75,false,5224.45,8.696314168377823,5233.146314168378
3674,Puzzles,231,231,1.0,0.875,false,126191.016,316.26853798767934,126507.28453798768
3675,Construction,549,549,1.0,0.5,true,42530.292,1250.2863831622167,43780.57838316222
3678,Boys toys,34,34,1.0,0.5,true,2803.437,214.86389322381945,3018.3008932238195
3687,"Glasses (drink, beer, wine etc)",2020,2020,1.0,0.75,false,31238.906999999985,46.74769897330596,31285.654698973292
3690,"Glasses (drink, beer, wine etc)",1354,1354,1.0,0.875,false,21065.967999999968,43.477710061601634,21109.44571006157
3691,"Glasses (drink, beer, wine etc)",1249,1249,1.0,0.96875,true,29775.192999999992,171.06576714579057,29946.258767145784
3692,Cleaning products,7893,7893,1.0,0.9921875,false,260479.10000000003,1311.6944825462015,261790.79448254625
3696,Drink & food To Go,453,453,1.0,0.984375,false,33312.216,313.74715811088294,33625.963158110884
3698,Cooking books,146,146,1.0,0.5,false,110966.62499999999,2227.4283880903445,113194.05338809032
3700,Clocks,3076,3076,1.0,0.99609375,false,36001.224,144.8960932238192,36146.12009322382
3705,Ironing,156,156,1.0,0.5,true,175513.954,3614.0939457905542,179128.04794579055
3719,Mugs and cups,9911,5042,0.5087276763192412,0.9999999990686774,false,201470.80800000005,5173.43425872689,206644.24225872694
3720,Mugs and cups,11289,6119,0.5420320666135175,0.9999999990686774,false,367637.05999999994,10746.625299383972,378383.6852993839
3721,Mugs and cups,24620,22532,0.9151909017059301,0.9999999990686774,false,454435.464,10040.648397535946,464476.11239753594
3722,Mugs and cups,23861,5755,0.24118855035413436,0.9999999990686774,false,643507.76,14129.248698562626,657637.0086985626
3733,Oven dishes,163,163,1.0,0.5,false,37388.274000000005,167.09309897330604,37555.36709897331
3735,Tableware,1036,1036,1.0,0.9375,false,7190.400000000001,18.283919507186845,7208.683919507187
3736,"Cloths, mops, sponges and brush",11383,11383,1.0,0.96875,false,81990.81799999998,380.1429084188909,82370.96090841887
3738,Puzzles,3111,3111,1.0,0.99609375,false,15976.70900000001,48.161724845995835,16024.870724846005
3741,Kitchen helpers,762,634,0.8320209973753281,0.9999999990686774,false,36295.930999999975,334.42583367556466,36630.35683367554
3746,Cutlery,2515,2515,1.0,0.96875,false,6536.480999999998,22.545076796714596,6559.026076796713
3752,Cooking books,537,537,1.0,0.75,false,43155.05599999999,132.26704681724843,43287.32304681724
3753,Light bulbs,2303,2303,1.0,0.984375,false,33522.174,167.05804435318288,33689.23204435318
3754,Special pans,607,581,0.957166392092257,0.9999999990686774,false,15198.33,289.03100616016434,15487.361006160165
3755,Personal care,462,462,1.0,0.9375,false,7111.565999999995,22.821523613962977,7134.387523613958
3756,Wash treatment and accessories,3081,3081,1.0,0.9999999403953552,false,28473.564000000002,391.7596657084189,28865.32366570842
3757,Cutlery,1565,1565,1.0,0.96875,false,12267.640000000001,133.496180698152,12401.136180698153
3758,Light bulbs,5072,5072,1.0,0.75,true,21359.967999999993,83.57365831622177,21443.541658316215
3759,Personal care,762,762,1.0,0.875,false,3808.279999999999,8.426459137577009,3816.7064591375756
3772,"Glasses (drink, beer, wine etc)",773,773,1.0,0.9375,false,15188.565,122.57195482546197,15311.136954825462
3779,Vacuuming,368,368,1.0,0.5,false,1183134.6240000003,6689.180517864492,1189823.8045178647
3782,Ironing boards,4727,4727,1.0,0.75,false,1660374.3940000008,7083.751006981526,1667458.1450069824
3783,Clothes hangers,82972,73715,0.8884322422021886,0.9999999990686774,false,825555.9479999999,21058.949501026702,846614.8975010265
3788,Bath textiles and bath mats,47222,47222,1.0,0.999969482421875,false,101457.08999999998,2151.3141683778226,103608.4041683778
3797,Vehicles,4008,4008,1.0,0.9990234375,false,296493.1199999998,794.846774537987,297287.9667745378
3803,Hobby and creative,1932,1932,1.0,0.99609375,false,101772.216,819.3975597535936,102591.61355975359
3815,Tea and coffee,3722,3622,0.9731327243417518,0.9999999990686774,false,8909.425,100.7443018480493,9010.16930184805
3819,Coffee makers and kettles,391,391,1.0,0.5,true,1060873.436,3121.241013141679,1063994.6770131416
3822,Batteries,93369,93369,1.0,0.999755859375,false,311026.12799999974,875.9933043121143,311902.12130431185
3827,Personal care,482,482,1.0,0.9375,false,1681.4489999999998,5.891668583162222,1687.3406685831621
3828,Drink & food To Go,17461,17461,1.0,0.9999999981373549,false,560039.4240000001,3582.674582340863,563622.098582341
3831,Baskets,12429,12429,1.0,0.9921875,false,153118.78399999993,317.57673018480466,153436.36073018474
3832,Tools,7314,7314,1.0,0.9375,false,297848.8380000002,909.090408213552,298757.9284082138
3835,Personal care,13812,13812,1.0,0.99993896484375,false,91280.392,803.5532854209457,92083.94528542095
3836,Personal care,114,114,1.0,0.75,false,40272.59599999998,106.93907474332646,40379.53507474331
3837,Wash treatment and accessories,2881,2881,1.0,0.9921875,false,62347.698,470.94996714578997,62818.647967145786
3844,Wash treatment and accessories,29869,24756,0.8288191770732197,0.9999999990686774,false,535317.0339999998,12240.065516632441,547557.0995166322
3845,Personal care,19686,19686,1.0,0.875,false,171141.83099999998,3819.406021355232,174961.23702135522
3886,Gift,3367,3367,1.0,0.9921875,false,25991.07,3249.791784394252,29240.861784394252
3891,Residential odors,6970,6970,1.0,0.9921875,false,65533.776,468.01297412731043,66001.78897412731
3909,Construction,226,226,1.0,0.5,true,18165.0,251.08151950718658,18416.08151950719
3910,Kitchen tools,1981,1981,1.0,0.875,false,38024.97999999998,58.11293347022595,38083.09293347021
3911,Teletoys,585,585,1.0,0.75,false,38695.005999999994,271.0085819301846,38966.014581930176
3912,Hobby and creative,505,505,1.0,0.75,true,7134.595999999993,17.780701437371665,7152.376701437365
3915,Construction,305,305,1.0,0.5,false,12352.641,181.32992895277224,12533.970928952773
3918,Special pans,4185,4185,1.0,0.9375,false,168167.63600000006,338.28874414784406,168505.9247441479
3920,Games,1919,1919,1.0,0.75,true,76639.05900000001,305.6828907597541,76944.74189075976
3921,Teletoys,355,355,1.0,0.96875,false,3864.042,33.646941683778245,3897.688941683778
3922,Vehicles,4419,4419,1.0,0.984375,false,205769.59200000012,377.9744377823411,206147.56643778246
3923,Games,1944,1872,0.9629629629629629,0.9999999990686774,true,53567.73099999998,1746.1536969199196,55313.8846969199
3925,"Glasses (drink, beer, wine etc)",3405,3405,1.0,0.96875,false,64145.19999999999,192.79224640657085,64337.99224640656
3947,Bath textiles and bath mats,13253,13253,1.0,0.984375,false,495944.58199999994,962.3419236139639,496906.9239236139
3948,Bath textiles and bath mats,14811,14811,1.0,0.96875,false,1645610.1620000002,2738.374575770018,1648348.5365757702
3951,Window and squeegees,60373,60373,1.0,0.998046875,false,424429.4600000001,2916.12134702259,427345.5813470227
3965,Oven dishes,248,248,1.0,0.5,true,4351.326,45.75185913757697,4397.077859137577
3967,Ironing boards,127,127,1.0,0.75,false,145885.73999999996,501.4114373716632,146387.15143737162
3970,Foods,124,124,1.0,0.75,false,8398.355000000007,20.38367515400407,8418.73867515401
3971,Cleaning products,656,656,1.0,0.875,true,18737.488,195.41275030800819,18932.90075030801
3973,Light bulbs,2433,2433,1.0,0.9375,false,18014.303999999996,47.27920164271046,18061.58320164271
3975,Table paper,1674,1674,1.0,0.984375,false,7622.887999999999,78.32159999999999,7701.209599999999
3979,Special pans,680,667,0.9808823529411764,0.9999999990686774,false,10809.063999999998,215.15198850102675,11024.215988501026
3987,Travel accessories,1130,1130,1.0,0.99609375,false,10433.038,120.11781806981524,10553.155818069816
3989,Tea and coffee,13674,13674,1.0,0.5,false,2503949.0,563605.5893223818,3067554.5893223817
4006,Hobby and creative,5386,5386,1.0,0.875,false,51316.17400000001,512.3269355236131,51828.500935523625
4016,Hobby and creative,510,510,1.0,0.75,false,6337.799999999997,29.290092813141676,6367.09009281314
4028,Window and squeegees,68609,60512,0.8819834132548208,0.9999999990686774,false,2120127.345000001,5054.981969199182,2125182.3269692003
4029,Shoe maintenance,3407,3407,1.0,0.984375,false,31164.672,886.6696640657079,32051.341664065705
4036,Vacuuming,164,164,1.0,0.75,false,899156.125,6917.114681724843,906073.2396817248
4040,Kitchen textile,12795,12795,1.0,0.9999995231628418,false,94164.0,3033.0043860369606,97197.00438603696
4042,Window and squeegees,14677,14553,0.9915514069632759,0.9999999990686774,false,989544.654,6184.821005338812,995729.4750053388
4043,Table textiles,2570,2570,1.0,0.984375,false,47405.043,218.36847843942508,47623.411478439426
4046,Tableware,12066,4812,0.39880656389855795,0.9999999990686774,false,276561.77500000014,7293.9496201232,283855.72462012334
4047,Tableware,15264,15264,1.0,0.9998779296875,false,365692.53,10257.284529774117,375949.8145297741
4054,Light bulbs,7689,7689,1.0,0.9375,false,29982.644999999997,54.273141683778235,30036.918141683775
4055,Thermos jugs,1959,1959,1.0,0.99993896484375,false,16872.148999999998,93.53874332648869,16965.687743326485
4059,Foods,300,300,1.0,0.75,false,14383.13099999999,37.33142833675571,14420.462428336747
4068,Baby / Toddler,744,682,0.9166666666666666,0.9999999990686774,true,34902.86800000002,1799.3332402464157,36702.20124024643
4073,Hobby and creative,6489,6489,1.0,0.99993896484375,false,26051.717999999997,92.67720000000008,26144.3952
4074,Puzzles,4263,4263,1.0,0.9990234375,false,38790.90599999999,84.05231457905548,38874.958314579046
4076,Vehicles,162,162,1.0,0.75,false,35282.506,285.83136509240313,35568.337365092404
4077,Puzzles,4444,4444,1.0,0.99993896484375,false,60794.11800000002,259.88780698151976,61054.005806981535
4079,Foodprep,7093,7093,1.0,0.5,false,3880346.092,992891.1704303889,4873237.262430389
4080,Coffee makers and kettles,2875,2875,1.0,0.75,true,1176656.2079999999,92719.13537577022,1269375.3433757701
4085,Vacuuming,5287,5287,1.0,0.9999999962747097,false,1373471.4209999996,11521.441032032853,1384992.8620320326
4086,Fans and electric blankets,13284,13284,1.0,0.5,true,2386460.2299999995,20367.922552361404,2406828.152552361
4091,Store kitchen,725,725,1.0,0.875,true,25579.42099999999,80.59200041067768,25660.01300041067
4094,Bathroom accessories,2958,2958,1.0,0.998046875,false,104028.288,329.2963745379875,104357.58437453798
4097,Cleaning products,26319,26319,1.0,0.998046875,false,704088.8749999999,2581.1775564681693,706670.052556468
4098,Cooking pans,79,79,1.0,0.5,true,48921.6,304.60025954825414,49226.200259548255
4103,Wash treatment and accessories,2154,2154,1.0,0.75,false,32460.71500000002,102.71883367556464,32563.433833675583
4104,Cleaning products,5399,5399,1.0,0.9990234375,false,137141.80199999994,568.845550718686,137710.64755071863
4105,(Steam) cleaners,156,156,1.0,0.9375,true,9099.783,118.99508131416837,9218.778081314167
4108,Wash treatment and accessories,39177,12504,0.3191668581055211,0.9999999990686774,false,371815.9199999999,6912.0443531827505,378727.9643531827
4113,Residential odors,5318,5318,1.0,0.998046875,false,99846.243,1381.6595544147824,101227.90255441479
4114,Window and squeegees,78016,64501,0.826766304347826,0.9999999990686774,false,2182253.710000001,8181.858289938399,2190435.5682899393
4116,Shoe maintenance,2629,2437,0.9269684290604793,0.9999999990686774,true,56947.90499999999,1838.2392689938429,58786.144268993834
4117,Coffee makers and kettles,37998,37998,1.0,0.9999999701976776,false,6283004.930999998,16329.276430390151,6299334.207430388
4122,Electric personal care,18647,18647,1.0,0.9999847412109375,false,1739846.4160000007,10973.194928952782,1750819.6109289534
4123,Electric personal care,21869,21869,1.0,0.99951171875,false,1613444.0139999997,7098.938140862422,1620542.9521408621
4133,Special pans,22939,22939,1.0,0.875,false,3739442.699999998,17096.80589322384,3756539.5058932216
4134,Frying pans,8230,8230,1.0,0.99993896484375,false,1042234.2000000003,26439.573407802887,1068673.7734078031
4153,Stationary,37286,37286,1.0,0.9375,false,247791.54399999988,274.347300205339,248065.89130020523
4160,Hobby and creative,7105,7105,1.0,0.9999997615814209,true,85540.945,3519.4313675564686,89060.37636755647
4164,Kitchen tools,821,821,1.0,0.984375,false,12940.087999999998,143.72915441478452,13083.817154414783
4166,Girls toys,161,161,1.0,0.99609375,true,2355.9900000000002,118.45321806981508,2474.4432180698154
4168,Vehicles,16241,16241,1.0,0.984375,false,539899.6680000002,7683.153762628325,547582.8217626285
4171,"Glasses (drink, beer, wine etc)",2323,2323,1.0,0.9375,false,19421.289999999997,72.14154579055437,19493.43154579055
4172,Tea and coffee,21777,21777,1.0,0.9999997615814209,false,130673.98399999997,651.2937527720736,131325.27775277203
4176,Window and squeegees,68404,62224,0.9096544061750775,0.9999999990686774,false,1428902.9299999995,3576.5907515400404,1432479.5207515396
4187,Knives,32835,32835,1.0,0.96875,false,181523.10400000002,2115.3078012320284,183638.41180123205
4191,Cutlery,22975,22975,1.0,0.5,false,2087793.4,145281.03354414774,2233074.4335441478
4192,Window and squeegees,48815,48815,1.0,0.9999999701976776,false,945277.5499999993,4602.314794661186,949879.8647946606
4194,Stairs,3218,3218,1.0,0.9375,false,725103.0989999996,936.4601494866519,726039.5591494862
4203,Bed textile,842,842,1.0,0.75,false,85294.86000000002,2859.8278472279244,88154.68784722793
4206,Mugs and cups,12408,12408,1.0,0.984375,false,462970.54300000006,11062.751899794664,474033.29489979474
4215,Tea and coffee,15330,15330,1.0,0.5,false,1753414.4249999993,185897.50329363468,1939311.928293634
4217,Tableware,4585,4585,1.0,0.96875,false,23742.285,68.15839630390144,23810.4433963039
4221,Large garden,57,57,1.0,0.5,true,6283.900000000001,22.819223819301957,6306.719223819303
4223,"Glasses (drink, beer, wine etc)",559,559,1.0,0.875,false,54053.75499999999,190.4248032854209,54244.17980328541
4224,Cutlery,628,628,1.0,0.9921875,false,5882.73,156.2285585215607,6038.95855852156
4227,Special pans,2738,2415,0.8820306793279766,0.9999999990686774,false,15281.433999999997,306.0592119096508,15587.493211909648
4233,Bakeware,548,548,1.0,0.75,true,42003.927,151.59181601642706,42155.51881601643
4239,Baby / Toddler,4329,4329,1.0,0.75,false,212369.157,3659.2998394250512,216028.45683942505
4242,Stuffed animals,2371,2371,1.0,0.9375,true,51481.53499999999,337.5301683778234,51819.06516837781
4255,Boys toys,7956,7956,1.0,0.984375,false,103521.47400000002,397.959365913758,103919.43336591378
4261,Foodprep,9502,9502,1.0,0.5,false,2918755.056,832793.834726489,3751548.890726489
4262,Batteries,37008,34779,0.9397697795071336,0.9999999990686774,false,1054211.0670000003,4836.90647597536,1059047.9734759757
4264,Cooking pans,1274,1274,1.0,0.75,false,244403.54400000002,2480.9412246406528,246884.48522464067
4265,Window and squeegees,53684,51441,0.9582184636018181,0.9999999990686774,false,2545753.629999999,9789.125478439422,2555542.7554784385
4266,Kitchen helpers,38994,38994,1.0,0.99951171875,false,330766.128,7845.496808213558,338611.62480821356
4267,Hobby and creative,531,531,1.0,0.875,false,19300.196999999993,30.38175646817248,19330.578756468167
4279,"Cloths, mops, sponges and brush",34302,31860,0.9288088158124891,0.9999999990686774,false,763022.2320000001,5266.1887318275185,768288.4207318276
4281,Wash treatment and accessories,3710,3710,1.0,0.75,false,108513.69200000001,183.34181519507192,108697.03381519509
4282,Bakeware,17999,17999,1.0,0.99951171875,false,808005.926,3633.13542340862,811639.0614234086
4283,Tea and coffee,8061,8061,1.0,0.5,false,713355.321,162359.7607687887,875715.0817687886
4284,Cutlery,11933,9894,0.8291293052878572,0.9999999990686774,false,115136.28000000007,803.4945544147839,115939.77455441485
4286,Bathroom accessories,11458,11458,1.0,0.9990234375,false,456532.4119999999,864.9354431211508,457397.347443121
4287,Kitchen textile,5286,5286,1.0,0.96875,false,73420.62,207.31648459958933,73627.93648459959
4303,"Cloths, mops, sponges and brush",24399,24399,1.0,0.999755859375,false,83403.31299999998,278.20442669404537,83681.51742669403
4309,Vehicles,10016,9315,0.9300119808306709,0.9999999990686774,false,348003.81000000006,2152.868041889118,350156.67804188916
4312,Hobby and creative,9797,9797,1.0,0.9375,false,266363.8459999999,705.3627474332645,267069.20874743315
4317,Puzzles,2221,2221,1.0,0.9999980926513672,false,41423.129999999976,159.98582505133456,41583.11582505131
4323,Vacuuming,162,162,1.0,0.75,false,1457725.6960000005,7082.807648459945,1464808.5036484604
4326,Foodprep,19024,19024,1.0,0.99609375,false,2853739.321999999,3886.5043646817307,2857625.826364681
4329,Small storage,47997,47997,1.0,0.99609375,false,661473.288,1532.4681696098583,663005.7561696098
4331,Window and squeegees,32145,31276,0.9729662466946648,0.9999999990686774,false,2658975.214000001,11143.935611498979,2670119.1496115
4332,Tableware,4676,3966,0.8481608212147135,0.9999999990686774,true,61399.338,1141.3685650924012,62540.706565092405
4336,Racks and pockets,25511,19058,0.7470502920308887,0.9999999990686774,false,243782.84000000003,8206.457411088297,251989.2974110883
4337,Racks and pockets,135898,127977,0.9417136381698038,0.9999999990686774,false,702513.8819999998,20022.6003893224,722536.4823893221
4341,Baskets,8912,8912,1.0,0.984375,false,104421.91199999998,218.17456262833653,104640.08656262832
4343,Baskets,10270,10270,1.0,0.984375,false,263190.03200000006,685.1749716632439,263875.2069716633
4345,Wash treatment and accessories,3589,3589,1.0,0.9375,true,106540.07,252.23936837782358,106792.30936837783
4346,Wash treatment and accessories,2549,2549,1.0,0.984375,false,42284.97,324.586349075975,42609.556349075974
4347,Wash treatment and accessories,12445,12445,1.0,0.984375,false,372101.5759999999,1137.4914332648884,373239.06743326475
4348,Cleaning products,5424,5424,1.0,0.99993896484375,false,66032.764,226.72091581108825,66259.48491581109
4355,Drink & food To Go,11928,11928,1.0,0.875,true,193880.51899999997,1712.9960624229975,195593.51506242296
4356,Personal care,1187,1187,1.0,0.5,false,179430.89500000005,21441.773984394244,200872.6689843943
4362,Measuring and weighing,4226,4226,1.0,0.9998779296875,false,539074.6900000002,2484.1900410677636,541558.880041068
4363,Pan sets,47,47,1.0,0.5,false,1939581.7419999994,11534.54812238191,1951116.2901223814
4384,Candles & Tealights,1002,1002,1.0,0.5,true,59510.40899999999,344.1280521560572,59854.53705215605
4389,Vases,5005,5005,1.0,0.9921875,false,64893.60499999998,239.63108624229997,65133.23608624228
4402,Photo frames & albums,3255,3255,1.0,0.9375,false,110013.11300000001,198.44063696098556,110211.55363696099
4404,Photo frames & albums,24984,24984,1.0,0.984375,false,89400.07999999999,187.84270020533884,89587.92270020532
4411,Construction,204,204,1.0,0.875,true,3062.381,66.41980616016423,3128.800806160164
4418,Hobby and creative,1189,1189,1.0,0.875,false,8983.548,22.840962628336822,9006.388962628338
4422,Construction,348,348,1.0,0.5,true,8527.596,171.6097835728953,8699.205783572896
4425,Boys toys,7473,7473,1.0,0.75,false,243674.9699999998,2259.6758673511313,245934.64586735092
4429,Store kitchen,5989,5989,1.0,0.9921875,false,58751.49000000002,121.47603080082139,58872.96603080084
4433,Drink & food To Go,12802,12497,0.9761755975628807,0.9999999990686774,false,691230.645,4465.471331827517,695696.1163318276
4437,Wash treatment and accessories,31796,31796,1.0,0.9999847412109375,false,181223.686,667.2153375770013,181890.901337577
4438,Racks and pockets,1609,1609,1.0,0.9999847412109375,false,58191.49699999998,539.9018414784396,58731.39884147842
4440,"Cloths, mops, sponges and brush",75021,65053,0.8671305367830341,0.9999999990686774,false,405746.01900000003,2687.8346303901435,408433.8536303902
4441,Kitchen helpers,8390,8353,0.9955899880810488,0.9999999990686774,false,209934.914,2199.831306365514,212134.7453063655
4442,"Cloths, mops, sponges and brush",17238,17238,1.0,0.9998779296875,false,419879.712,2198.6537999999987,422078.36579999997
4445,Vacuuming,13968,13968,1.0,0.9999961853027344,false,246763.41199999995,3046.232600821354,249809.6446008213
4447,Store kitchen,8777,8777,1.0,0.9921875,false,369374.9849999999,969.6449014373707,370344.6299014373
4448,Bakeware,23702,23615,0.9963294236773268,0.9999999990686774,false,1088908.275,7443.8074743326515,1096352.0824743325
4452,Waste bins,22533,22533,1.0,0.9999847412109375,false,6098711.849999999,77402.43646817244,6176114.2864681715
4453,Window and squeegees,11698,11698,1.0,0.99993896484375,false,1601214.825,7055.865893223806,1608270.6908932237
4456,"Cloths, mops, sponges and brush",7448,7448,1.0,0.9921875,false,254678.627,1070.4031601642723,255749.0301601643
4474,Tableware,5096,5096,1.0,0.99609375,false,57826.614999999954,242.18181149897327,58068.79681149893
4477,Tableware,6219,6219,1.0,0.9921875,false,29648.472000000012,291.9432505133472,29940.41525051336
4479,Bicycle accessories,21,21,1.0,0.5,false,35343.378,100.14663696098597,35443.52463696098
4480,Others,1513,1513,1.0,0.9375,true,23867.634,166.83018357289532,24034.464183572894
4481,"Glasses (drink, beer, wine etc)",414,414,1.0,0.75,false,8701.196,76.97111745379868,8778.167117453799
4482,Bed textile,2211,2211,1.0,0.5,false,122479.81199999999,1975.5185515400408,124455.33055154003
4485,Table textiles,72505,72505,1.0,0.75,false,70017.02399999999,1225.657729774128,71242.68172977412
4489,Vehicles,3311,3311,1.0,0.9375,false,93708.664,765.4758439425042,94474.13984394251
4490,Construction,1460,1460,1.0,0.96875,false,31415.223000000005,558.236796303901,31973.459796303905
4492,Foods,491,491,1.0,0.75,false,21774.64799999999,67.79396796714579,21842.441967967137
4496,Hobby and creative,3126,3126,1.0,0.75,false,198851.80000000002,719.9591934291582,199571.75919342917
4499,Cleaning products,4420,4420,1.0,0.75,false,30109.695000000007,80.20633059548263,30189.90133059549
4503,Games,3000,3000,1.0,0.9990234375,true,85766.31699999998,3116.8731770020554,88883.19017700203
4513,Measuring and weighing,37116,37116,1.0,0.5,false,8054880.316,2102587.3982135514,10157467.71421355
4516,Vacuuming,30461,30461,1.0,0.5,false,3263261.1899999995,841678.803819302,4104939.9938193015
4517,Knives,6337,6337,1.0,0.9998779296875,false,454389.04000000004,9738.554833675544,464127.5948336756
4518,Foodprep,4625,4625,1.0,0.96875,false,505929.50099999993,1071.8535659137574,507001.3545659137
4520,Vacuuming,3260,3260,1.0,0.99609375,false,1900759.3920000007,17298.595781519507,1918057.9877815202
4526,Insecticides,124,124,1.0,0.75,false,315968.6879999999,687.5022258726927,316656.1902258726
4527,Tea and coffee,11301,11301,1.0,0.9921875,false,108173.17,1173.8058377823388,109346.97583778233
4531,Store kitchen,21322,21322,1.0,0.96875,false,204180.039,276.7531958932239,204456.7921958932
4535,Laundry baskets,10558,10558,1.0,0.9375,false,1218354.8160000013,1570.0576780287493,1219924.87367803
4536,Drying racks,14843,14427,0.9719733207572593,0.9999999990686774,false,658729.7640000002,2826.5024772073903,661556.2664772075
4537,Small storage,18639,18639,1.0,0.9375,false,86667.08400000002,1416.8150406570837,88083.8990406571
4539,Bathroom accessories,4938,4938,1.0,0.875,false,754266.7999999999,32032.4936279261,786299.293627926
4544,Bakeware,503,503,1.0,0.9375,false,39427.58400000002,95.45656509240241,39523.04056509242
4546,Wash treatment and accessories,1144,1144,1.0,0.75,false,41266.32999999999,378.4763737166321,41644.806373716616
4547,Cleaning products,17454,17454,1.0,0.9999999981373549,false,276245.6899999998,3214.434511293635,279460.1245112935
4548,Wash treatment and accessories,2291,2291,1.0,0.9375,false,28457.183999999965,75.49809609856274,28532.682096098528
4552,Cleaning products,10344,9575,0.9256573859242073,0.9999999990686774,false,321377.2799999999,2171.725156468172,323549.0051564681
4556,Euro articles,5133,5133,1.0,0.984375,false,124182.36600000001,871.6461691991783,125054.01216919918
4558,Cleaning products,6892,6892,1.0,0.9921875,false,66028.032,534.3390406570833,66562.37104065709
4559,Cleaning products,2921,2921,1.0,0.9375,false,11985.204000000002,44.47134209445588,12029.675342094457
4560,Waste bins,11524,11524,1.0,0.999755859375,false,1643665.1209999998,18711.71586283371,1662376.8368628335
4562,Window and squeegees,540,540,1.0,0.5,false,7173863.074,65790.74683367567,7239653.820833676
4563,Stationary,81457,81457,1.0,0.9999923706054688,false,194540.72400000002,1702.961253388093,196243.6852533881
4564,Residential odors,11759,11759,1.0,0.984375,false,370467.97200000007,1820.1335260780286,372288.1055260781
4566,Personal care,29339,29339,1.0,0.75,false,766269.8609999998,8051.065535112942,774320.9265351128
4567,Window and squeegees,36509,32292,0.8844942342983921,0.9999999990686774,false,1410731.469,6419.876839835726,1417151.3458398357
4576,Electric personal care,10559,10559,1.0,0.99609375,false,2295477.2750000004,9663.672682956892,2305140.947682957
4581,Measuring and weighing,5752,4912,0.8539638386648123,0.9999999990686774,false,621705.1680000001,6783.250102669407,628488.4181026694
4589,Other Holidays,15412,15412,1.0,0.9999999981373549,false,217246.337,8915.871151950712,226162.2081519507
4596,Personal care,714,714,1.0,0.984375,false,30721.60000000001,206.03400410677617,30927.634004106785
4620,Candles & Tealights,39765,39765,1.0,0.5,false,661544.1419999999,149255.5739765914,810799.7159765912
4621,Candles & Tealights,136,136,1.0,0.5,true,62440.224,163.03851498973336,62603.262514989736
4628,Drinks,1331,1331,1.0,0.75,false,153724.31199999998,316.1046373716631,154040.41663737164
4638,Residential odors,12006,12006,1.0,0.9999997615814209,false,90083.357,420.818942505133,90504.17594250514
4652,Photo frames & albums,29513,29513,1.0,0.96875,false,78494.325,135.32137823408627,78629.64637823409
4654,Photo frames & albums,9297,9297,1.0,0.984375,false,126058.24000000003,250.93967967145812,126309.17967967149
4665,Window and squeegees,2433,2433,1.0,0.875,true,54290.31999999999,302.30743326488715,54592.62743326488
4683,Personal care,1978,1737,0.878159757330637,0.9999999990686774,false,33986.56800000001,694.6880147843942,34681.2560147844
4685,Boys toys,17,17,1.0,0.5,true,4269.026999999999,118.34317002053395,4387.370170020533
4687,Construction,250,250,1.0,0.5,true,53574.234,1645.0395420944576,55219.27354209445
4690,Hobby and creative,13822,13785,0.9973231080885545,0.9999999990686774,false,4853.352,12.895552361396309,4866.247552361396
4701,Residential odors,13673,13673,1.0,0.9990234375,false,72299.85000000003,263.30722792607827,72563.15722792612
4706,Foils and bags,4367,4235,0.9697732997481109,0.9999999990686774,false,22432.178999999996,567.8478422997944,23000.02684229979
4707,Boys toys,1379,1379,1.0,0.5,false,399455.5950000001,1832.1909958932235,401287.7859958933
4711,"Glasses (drink, beer, wine etc)",5346,5346,1.0,0.9375,false,53277.308,212.19901765913784,53489.50701765913
4715,Drink & food To Go,6125,6125,1.0,0.998046875,false,252443.79299999998,1399.7216414784405,253843.51464147842
4716,Wash treatment and accessories,5160,5160,1.0,0.998046875,false,38078.424999999996,135.81803901437362,38214.24303901437
4718,Window and squeegees,21050,19987,0.949501187648456,0.9999999990686774,false,819172.4729999994,9405.438,828577.9109999994
4720,Wash treatment and accessories,17964,17964,1.0,0.96875,false,52999.33099999998,76.39626940451753,53075.727269404495
4726,Drying racks,22840,22508,0.9854640980735552,0.9999999990686774,false,2765344.4140000013,23476.766993839832,2788821.180993841
4729,Knives,2520,2520,1.0,0.96875,false,584548.9649999996,3014.107447638605,587563.0724476383
4730,Ironing board textiles,2861,2861,1.0,0.875,false,191905.23799999984,215.83243449691972,192121.07043449677
4731,Mugs and cups,27558,27558,1.0,0.5,false,804857.7039999999,67336.61888788498,872194.3228878849
4742,Light bulbs,2813,2813,1.0,0.984375,false,32827.256,141.57156468172482,32968.82756468173
4746,Hobby and creative,135,135,1.0,0.9375,false,12685.519,59.6666747433265,12745.185674743327
4757,Games,1912,1912,1.0,0.9375,true,70396.2,805.3298193018461,71201.52981930184
4764,Construction,1014,1014,1.0,0.75,false,34199.515,465.79834086242283,34665.31334086242
4770,Vacuuming,9202,9202,1.0,0.5,false,3223860.8570000003,938717.5776036967,4162578.434603697
4773,Tableware,16644,16644,1.0,0.5,false,400851.9759999999,58067.54275071862,458919.5187507185
4776,Store kitchen,19440,19440,1.0,0.875,false,1001271.2710000001,2272.0551589322376,1003543.3261589323
4782,Thermos jugs,13465,13465,1.0,0.9921875,false,597697.3520000001,14863.674109240244,612561.0261092404
4783,Baskets,12952,12952,1.0,0.99609375,false,85516.82299999999,143.1555712525667,85659.97857125256
4784,Tools,20852,20852,1.0,0.9999847412109375,false,869954.2109999995,2550.8543901437365,872505.0653901433
4785,Cleaning products,5066,5066,1.0,0.9999961853027344,false,105009.97500000003,511.22000698151965,105521.19500698155
4786,Personal care,10404,10404,1.0,0.75,false,148406.30000000008,1404.8028336755654,149811.10283367563
4787,Cleaning products,4255,4255,1.0,0.99609375,false,75851.69900000001,288.1195486652978,76139.81854866531
4788,Cleaning products,3152,3152,1.0,0.96875,false,78306.90000000001,537.6296098562632,78844.52960985627
4793,Personal care,13829,13829,1.0,0.5,false,355989.75999999995,42981.99723367555,398971.7572336755
4794,Wash treatment and accessories,7814,7814,1.0,0.9375,false,65211.32099999999,892.2691207392184,66103.5901207392
4797,Cleaning products,5054,5054,1.0,0.96875,false,260181.55799999996,4127.587377412731,264309.1453774127
4798,Wash treatment and accessories,3232,3000,0.9282178217821783,0.9999999990686774,false,103216.52600000003,1673.659670225871,104890.1856702259
4806,Electric personal care,9313,8956,0.9616664877053581,0.9999999990686774,false,494065.92900000035,1593.2885737166325,495659.217573717
4812,Cooking pans,2493,2399,0.9622944243882872,0.9999999990686774,false,479682.0700000002,4879.4695433264815,484561.53954332665
4818,Other Holidays,8297,8297,1.0,0.998046875,true,56906.07999999998,4934.013273100586,61840.09327310057
4841,Stationary,10586,10586,1.0,0.984375,false,322852.65599999996,2737.6955728952803,325590.35157289525
4849,Kitchen tools,1784,1784,1.0,0.9375,false,16652.180999999993,29.886630800821354,16682.067630800815
4850,Kitchen tools,1093,1093,1.0,0.96875,false,18493.713,60.87865503080082,18554.5916550308
4851,Kitchen tools,803,803,1.0,0.96875,false,56020.37700000001,339.6808386036962,56360.0578386037
4852,Hobby and creative,519,342,0.6589595375722543,0.9999999990686774,false,208199.30599999998,9747.039328131415,217946.3453281314
4857,Hobby and creative,2225,2225,1.0,0.75,false,3547.0889999999995,5.038171663244352,3552.1271716632436
4858,Tableware,2241,2241,1.0,0.875,false,28841.987999999994,66.59789075975358,28908.585890759747
4859,Tableware,2130,2130,1.0,0.96875,false,13784.763999999996,61.0176891170431,13845.781689117039
4864,"Glasses (drink, beer, wine etc)",490,490,1.0,0.75,true,29151.045,116.67565503080084,29267.7206550308
4866,Serve and present,985,985,1.0,0.984375,false,18447.029999999995,201.00725667351142,18648.037256673506
4873,Toilet cleaners and odors,28709,28709,1.0,0.9999999981373549,false,129860.43,623.3641782340865,130483.79417823408
4875,Table paper,4997,4997,1.0,0.96875,false,29191.154999999995,185.68185913757685,29376.836859137573
4876,Moisture treatment and climate,27466,27466,1.0,0.9999847412109375,false,340093.208,3064.6518603696095,343157.8598603696
4880,Window and squeegees,51536,51536,1.0,0.99951171875,false,811545.0209999997,1544.9851182751552,813090.0061182749
4881,Window and squeegees,31522,31522,1.0,0.9999990463256836,false,1852069.687999999,5186.393015195068,1857256.081015194
4882,Stairs,5598,5598,1.0,0.9375,false,1864050.5099999986,2285.471999999998,1866335.9819999987
4886,Kitchen textile,10402,10402,1.0,0.5,false,214226.88,4068.697133470221,218295.57713347021
4887,Kitchen textile,15698,15698,1.0,0.875,false,110778.35999999999,2560.9845831622197,113339.34458316221
4892,Ironing board textiles,10387,10387,1.0,0.9999847412109375,false,262441.767,2053.3538599589324,264495.12085995893
4894,Bed textile,4659,3923,0.8420261858767976,0.9999999990686774,false,189326.98399999994,4654.365463655031,193981.34946365497
4901,Serve and present,3669,3669,1.0,0.984375,false,74464.54399999995,147.446105544148,74611.9901055441
4902,Tea and coffee,4644,4644,1.0,0.96875,false,61725.40499999998,356.99832689938387,62082.40332689936
4903,Tea and coffee,259,259,1.0,0.5,false,756161.8680000004,720.9585806981526,756882.8265806985
4904,Light bulbs,4044,4044,1.0,0.9375,false,56028.94499999999,131.4302751540043,56160.375275153994
4906,Cleaning products,643,643,1.0,0.875,true,23587.073999999997,93.48090061601644,23680.554900616014
4907,Tools,26,26,1.0,0.5,true,2615.200000000001,34.60616016427072,2649.806160164272
4915,Light bulbs,6610,6610,1.0,0.875,false,21622.335,34.43304024640659,21656.768040246407
4917,Personal care,227,227,1.0,0.75,false,24105.585000000017,73.07872073921965,24178.663720739238
4918,Tools,72,72,1.0,0.75,true,12093.2,324.7107564681727,12417.910756468173
4921,Baskets,2689,2689,1.0,0.75,false,29123.934000000005,154.38465215605734,29278.318652156064
4922,Light bulbs,1322,1322,1.0,0.96875,false,14482.062,71.46274989733053,14553.524749897331
4930,Kitchen tools,1419,1419,1.0,0.75,false,29364.320999999996,82.2839305954824,29446.60493059548
4933,Puzzles,174,174,1.0,0.9375,true,21587.195,321.7594328542116,21908.95443285421
4951,Games,2569,2569,1.0,0.9375,true,44206.37899999999,1200.546984804929,45406.925984804926
4953,Puzzles,3889,3889,1.0,0.5,false,178178.0,24124.221682135532,202302.22168213554
4962,"Glasses (drink, beer, wine etc)",672,672,1.0,0.875,true,26853.098999999995,118.29431950718691,26971.39331950718
4965,"Glasses (drink, beer, wine etc)",658,658,1.0,0.875,false,16247.322000000013,32.14325544147843,16279.465255441492
4966,Store kitchen,7858,7858,1.0,0.96875,false,22123.75199999997,29.495108008213528,22153.247108008185
4970,"Cloths, mops, sponges and brush",24494,24494,1.0,0.9999847412109375,false,263926.3900000001,1801.9822299794628,265728.37222997955
4974,Kitchen tools,31833,31833,1.0,0.9999999962747097,false,343743.246,6556.006265297733,350299.2522652977
4978,Window and squeegees,38501,38501,1.0,0.9990234375,false,1109708.334,2332.3546537987677,1112040.6886537988
4982,Ironing board textiles,37696,37696,1.0,0.9999923706054688,false,915586.5739999999,4847.653120328544,920434.2271203285
4985,Personal care,14144,14144,1.0,0.75,false,362625.0179999999,3751.796836139634,366376.81483613956
5001,Shopping bags and trolleys,5129,5129,1.0,0.9375,false,15282.119999999992,30.691219712525662,15312.811219712517
5008,Measuring and weighing,954,954,1.0,0.9375,false,6825.826,110.21167104722794,6936.037671047228
5015,Construction,841,841,1.0,0.9375,true,68340.93000000001,923.4077051334698,69264.33770513348
5025,Tea and coffee,12603,12603,1.0,0.9375,false,263721.49999999994,4160.771226694043,267882.271226694
5027,Small storage,33261,33261,1.0,0.9999995231628418,false,323228.0239999999,1032.9322234086228,324260.9562234085
5033,Bathroom accessories,5936,5936,1.0,0.9999923706054688,false,732529.2799999996,2988.2648131416804,735517.5448131412
5038,Storage boxes,2197,2197,1.0,0.875,false,1583197.6929999995,3439.0167848049323,1586636.7097848044
5039,Baskets,13201,13201,1.0,0.99609375,false,177101.295,349.7420636550316,177451.03706365504
5040,Wash treatment and accessories,4593,3975,0.8654474199869366,0.9999999990686774,false,26433.938999999995,259.45665585215596,26693.39565585215
5042,Personal care,82981,82981,1.0,0.5,false,266329.77700000006,10986.687416016433,277316.4644160165
5045,Cleaning products,22896,22896,1.0,0.875,false,173213.97099999993,2502.279216837785,175716.2502168377
5047,Cleaning products,7653,7653,1.0,0.984375,false,44412.03200000001,290.75034414784375,44702.78234414785
5051,Cleaning products,5931,5931,1.0,0.875,false,218626.27499999997,1150.0129700205318,219776.2879700205
5052,Commercial non-trade goods,72275,72275,1.0,0.9999961853027344,false,171543.96000000002,1505.244588911703,173049.20458891173
5057,Foodprep,7670,7670,1.0,0.9990234375,false,1526029.540000001,5031.863648459956,1531061.403648461
5062,Electric personal care,2404,2404,1.0,0.9999961853027344,true,437255.62999999995,4555.364432032849,441810.9944320328
5063,Pan sets,3446,3446,1.0,0.9990234375,true,2778450.1499999994,33181.1181314168,2811631.2681314163
5066,Bakeware,13569,13569,1.0,0.5,false,1609031.1299999997,404875.5077248458,2013906.6377248454
5067,"BBQ, beach and camping",72603,72603,1.0,0.5,false,2401366.2749999994,128316.10847022581,2529682.383470225
5068,Other Holidays,8607,8607,1.0,0.998046875,true,154383.07499999998,14190.418976180677,168573.49397618067
5082,Candles & Tealights,932,932,1.0,0.75,true,84744.78600000004,278.7514903490763,85023.53749034912
5088,Residential odors,15277,15277,1.0,0.99951171875,false,192875.984,525.4681232032856,193401.4521232033
5096,Vases,3339,3339,1.0,0.9999997615814209,false,128170.34999999998,672.636899383983,128842.98689938396
5101,Small garden,1125,1125,1.0,0.5,true,20373.444000000007,62.03344804928135,20435.47744804929
5108,Games,2450,2450,1.0,0.75,false,30565.94799999999,334.7023811088291,30900.65038110882
5114,"Glasses (drink, beer, wine etc)",902,902,1.0,0.9375,false,19585.643,55.34371909650925,19640.98671909651
5117,Store kitchen,11318,11318,1.0,0.9921875,false,51794.10599999997,112.89026488706368,51906.996264887035
5119,Personal care,6790,6790,1.0,0.96875,false,34359.78,361.7698431211502,34721.549843121145
5121,Wash treatment and accessories,11114,11114,1.0,0.9999961853027344,false,102327.14099999996,351.87785420944596,102679.01885420941
5124,Bakeware,47314,46994,0.9932366741345057,0.9999999990686774,false,1087745.1550000007,5840.236119096505,1093585.3911190971
5125,Foils and bags,40126,40126,1.0,0.9921875,false,357637.65800000005,6736.121618069812,364373.7796180699
5126,Gift,107362,107362,1.0,0.998046875,false,960220.6319999999,3298.2046784394224,963518.8366784393
5128,Cutlery,14997,14997,1.0,0.9999847412109375,false,308437.84999999974,1490.3394702258734,309928.1894702256
5129,Cutlery,2581,2581,1.0,0.99951171875,false,103651.67399999998,456.39196796714566,104108.06596796714
5134,Kitchen helpers,15008,15008,1.0,0.999755859375,false,443910.2849999999,10341.694215195057,454251.979215195
5139,Bed textile,1500,1500,1.0,0.5,false,81497.19199999998,6015.604793429163,87512.79679342914
5142,Bath textiles and bath mats,47167,47167,1.0,0.96875,false,298797.02999999997,3376.4241043121096,302173.45410431206
5144,Bed textile,2056,2056,1.0,0.5,false,373846.5359999999,37327.431428747455,411173.96742874733
5153,Planks,929,929,1.0,0.75,false,24140.340000000015,49.333838193018465,24189.673838193034
5155,Cutlery,4430,4430,1.0,0.9375,false,14918.925,32.359232032854166,14951.284232032853
5156,Clocks,133,133,1.0,0.75,false,66642.0300000001,127.25724024640651,66769.2872402465
5157,Tableware,4676,3523,0.7534217279726262,0.9999999990686774,false,10896.423999999997,101.9748960985626,10998.39889609856
5159,Home decoration,370,370,1.0,0.75,false,61182.17700000005,113.06434496919913,61295.24134496925
5160,Waste bins,720,720,1.0,0.9375,false,20063.735999999997,489.8769724845992,20553.612972484596
5161,Light bulbs,480,480,1.0,0.9375,true,6666.688,101.42542053388088,6768.113420533881
5162,Baby / Toddler,583,583,1.0,0.9375,false,17717.34999999998,74.11852977412734,17791.46852977411
5165,Personal care,1247,647,0.5188452285485164,0.9999999990686774,false,5723.647999999999,78.83732895277186,5802.485328952771
5175,Toilet cleaners and odors,4229,4229,1.0,0.9999999990686774,false,33371.331,193.18787145790563,33564.518871457905
5179,Hobby and creative,641,641,1.0,0.9375,false,5193.803999999998,14.511560574948659,5208.315560574947
5181,Shopping bags and trolleys,6174,6174,1.0,0.875,false,19386.129,65.6157203285421,19451.744720328545
5186,Hobby and creative,3799,1959,0.5156620163200842,0.9999999990686774,true,67280.83600000001,1703.3058229979504,68984.14182299796
5190,Wash treatment and accessories,4126,4126,1.0,0.9375,false,21718.956,73.14003326488705,21792.096033264887
5198,Hobby and creative,190,190,1.0,0.5,false,17044.405,371.0772874743325,17415.482287474333
5200,Outdoor toys,745,745,1.0,0.9375,false,73861.277,381.4467482546208,74242.72374825462
5204,Oven dishes,314,314,1.0,0.5,true,6579.37,90.15358932238206,6669.523589322382
5205,Coffee makers and kettles,3772,3772,1.0,0.5,true,1134477.477,167499.41135728938,1301976.8883572894
5206,"Glasses (drink, beer, wine etc)",6865,6865,1.0,0.9999998807907104,false,45298.071,612.6681322381925,45910.739132238195
5210,Vacuuming,4550,4550,1.0,0.875,false,1318552.0039999993,3886.279490759751,1322438.283490759
5212,Batteries,81361,81361,1.0,0.9375,false,407077.08299999963,1068.1744435318278,408145.2574435315
5219,Drink & food To Go,43097,43097,1.0,0.9921875,false,1022669.7880000001,8202.226432854208,1030872.0144328543
5221,Toilet accessories,14478,14478,1.0,0.9999923706054688,false,585449.2629999995,3909.2466919917783,589358.5096919913
5222,Toilet accessories,34827,34827,1.0,0.5,false,1767620.2880000002,40242.05572731007,1807862.3437273102
5223,"Glasses (drink, beer, wine etc)",765,765,1.0,0.75,false,25032.385000000002,93.20695482546206,25125.591954825464
5226,Wash treatment and accessories,3171,3171,1.0,0.9375,true,122553.865,232.6116242299793,122786.47662422998
5227,Wash treatment and accessories,1921,1921,1.0,0.875,false,32521.86000000001,205.08544804928144,32726.945448049293
5228,Toilet cleaners and odors,57774,43708,0.7565340810745318,0.9999999990686774,false,970140.9199999998,11364.287360985609,981505.2073609855
5236,Wash treatment and accessories,274,274,1.0,0.5,false,19736.871,33.02495359342913,19769.89595359343
5239,Residential odors,6530,6530,1.0,0.99609375,false,138119.968,1504.4468878850091,139624.414887885
5241,Phones,12802,12802,1.0,0.99951171875,false,2005033.2539999995,9068.990290349071,2014102.2442903486
5243,Electrical tools,14697,14697,1.0,0.984375,false,6486101.929999994,249043.79026529746,6735145.720265292
5255,Cooking pans,5253,5253,1.0,0.999755859375,false,195777.792,1754.9979597535898,197532.78995975357
5271,Candles & Tealights,36006,36006,1.0,0.99609375,false,1073623.6,3584.2490907597553,1077207.8490907599
5273,Candles & Tealights,36715,36715,1.0,0.9921875,false,203419.18800000005,785.3020632443537,204204.49006324442
5275,Candles & Tealights,50,50,1.0,0.75,false,30905.72799999999,88.99285420944598,30994.720854209434
5276,Candles & Tealights,16017,16017,1.0,0.75,true,189856.8,534.4245585215612,190391.22455852156
5283,Other Holidays,12263,12263,1.0,0.998046875,true,69000.71500000001,5748.443537987647,74749.15853798766
5293,Photo frames & albums,17860,17860,1.0,0.984375,false,125256.159,291.16506036961,125547.3240603696
5294,Photo frames & albums,24384,24384,1.0,0.9921875,false,100007.33399999996,230.4590020533879,100237.79300205335
5303,Window and squeegees,1436,1436,1.0,0.99609375,true,70900.207,696.289537166325,71596.49653716631
5311,Drying racks,6568,6568,1.0,0.875,false,385875.8890000003,845.0666172484589,386720.9556172488
5315,Hobby and creative,401,401,1.0,0.96875,false,42395.094,450.1583112936345,42845.25231129363
5318,Teletoys,360,360,1.0,0.5,false,14246.442,141.3386817248459,14387.780681724846
5320,"Cloths, mops, sponges and brush",18502,17703,0.9568154794076316,0.9999999990686774,false,73860.86400000002,511.18032689938366,74372.0443268994
5323,Construction,2,2,1.0,0.5,true,24287.991,859.713259137573,25147.704259137576
5330,"Glasses (drink, beer, wine etc)",887,887,1.0,0.875,false,60380.98500000001,184.49920698151942,60565.48420698153
5335,Commercial non-trade goods,124,124,1.0,0.875,false,115970.211,441.75210472279275,116411.96310472279
5336,Table paper,7275,7275,1.0,0.99609375,false,27742.147999999997,150.1771893223819,27892.32518932238
5337,Cutlery,7965,7965,1.0,0.99609375,false,146445.70500000002,677.1712694045177,147122.87626940454
5341,Drying racks,9953,9953,1.0,0.9921875,false,1097464.662,4147.77579712525,1101612.4377971252
5343,Kitchen tools,20206,20206,1.0,0.99609375,false,588309.456,4316.9687063655,592626.4247063654
5346,Kitchen helpers,243,243,1.0,0.75,false,282963.93299999944,1226.9035716632475,284190.8365716627
5347,Kitchen helpers,21447,20016,0.9332773814519513,0.9999999990686774,false,3895200.967000002,23939.03955112938,3919140.0065511316
5349,Cutlery,1834,1834,1.0,0.984375,false,119817.53,946.3573474332649,120763.88734743326
5353,Bed textile,3577,3577,1.0,0.5,false,450127.139,44277.73512854211,494404.87412854214
5360,Mugs and cups,15648,14946,0.9551380368098159,0.9999999990686774,false,188177.6049999999,4528.32191704312,192705.92691704302
5375,Tea and coffee,2481,2481,1.0,0.99951171875,false,322481.77500000026,1089.5579084188926,323571.33290841914
5376,Vehicles,88368,88368,1.0,0.875,false,847964.5999999999,1293.6206262833668,849258.2206262832
5377,Boys toys,1711,1711,1.0,0.5,false,373636.5570000001,4017.1141219712536,377653.67112197133
5394,Foodprep,6430,6430,1.0,0.5,false,10173551.472000001,3108563.7224821392,13282115.19448214
5397,Batteries,60496,60496,1.0,0.9990234375,false,342357.96,1089.7320862422994,343447.6920862423
5400,Coffee makers and kettles,32824,29786,0.9074457713867902,0.9999999990686774,false,6537048.706999999,37354.80588459953,6574403.512884598
5401,Bakeware,4209,4050,0.962223806129722,0.9999999990686774,true,61808.01899999999,1677.8176759753596,63485.836675975355
5403,Store kitchen,370,370,1.0,0.5,true,21530.59999999999,35.72013470225879,21566.32013470225
5404,Store kitchen,6919,6919,1.0,0.999969482421875,false,496096.08299999987,2796.90950143737,498892.99250143726
5405,"Cloths, mops, sponges and brush",53557,43725,0.8164198890901283,0.9999999990686774,false,480649.15499999997,2952.411940041075,483601.566940041
5408,Others,121,121,1.0,0.5,true,22877.456000000002,1009.4397174537993,23886.8957174538
5411,Cleaning products,6120,6120,1.0,0.99609375,false,327943.7279999999,967.7532714579046,328911.4812714578
5414,Cleaning products,1356,1296,0.9557522123893806,0.9999999990686774,false,18879.21699999999,148.51266119096525,19027.729661190955
5415,"Cloths, mops, sponges and brush",10826,10826,1.0,0.984375,false,83215.83200000001,1207.0377987679637,84422.86979876798
5423,Measuring and weighing,1351,1351,1.0,0.9375,false,277671.24,1499.8632361396299,279171.10323613964
5424,Special pans,21921,18409,0.8397883308243237,0.9999999990686774,false,3110767.548000001,16636.117241889133,3127403.66524189
5440,Candles & Tealights,240,240,1.0,0.5,true,132065.13599999997,278.07090924024584,132343.20690924022
5441,Candles & Tealights,15284,15284,1.0,0.875,true,146343.512,527.7826595482546,146871.29465954824
5451,Party lights,10105,10105,1.0,0.5,false,186078.56399999998,26119.699967556462,212198.26396755644
5457,Photo frames & albums,1960,1960,1.0,0.99609375,false,39267.90000000001,141.41221765913775,39409.31221765915
5458,Stationary,20388,20388,1.0,0.99609375,false,669060.2939999999,3473.4241823408665,672533.7181823407
5460,Coffee makers and kettles,1066,882,0.8273921200750469,0.9999999990686774,true,180537.11199999996,3134.7555437371625,183671.8675437371
5462,Ironing boards,6969,5867,0.8418711436361027,0.9999999990686774,true,895728.442,47834.24210102674,943562.6841010267
5467,Teletoys,442,442,1.0,0.5,false,31664.114999999994,228.59831581108858,31892.713315811085
5468,Tea and coffee,2119,2119,1.0,0.984375,false,20504.442,147.32152854209463,20651.763528542095
5469,Cooking books,214,214,1.0,0.9375,true,5496.259999999999,49.47871375770015,5545.7387137577
5472,Bath textiles and bath mats,3683,2980,0.80912299755634,0.9999999990686774,true,42544.907999999996,731.7047622176592,43276.61276221766
5474,Hobby and creative,2211,2211,1.0,0.9921875,false,10797.304,41.97925010266924,10839.28325010267
5484,Wash treatment and accessories,8770,8770,1.0,0.75,false,170028.23599999998,7019.768735934287,177048.00473593426
5488,Bakeware,31413,31413,1.0,0.9375,false,555640.4,15000.849938398364,570641.2499383984
5491,Vacuuming,251,251,1.0,0.5,false,656349.1969999997,4175.445963449697,660524.6429634494
5492,Bakeware,31111,31111,1.0,0.999969482421875,false,1177748.992,5203.332170020538,1182952.3241700206
5494,Kitchen tools,34433,34433,1.0,0.998046875,false,510108.31199999986,2336.514539630388,512444.82653963024
5495,Kitchen tools,95779,95779,1.0,0.998046875,false,775200.657,1826.8405293634498,777027.4975293635
5497,Racks and pockets,15302,15302,1.0,0.5,false,523009.20000000007,5691.576110061599,528700.7761100617
5498,Cutlery,16818,16818,1.0,0.96875,false,531047.517,23031.82942915813,554079.3464291581
5499,Stairs,4067,4067,1.0,0.875,false,1481803.959999999,1618.6564271047216,1483422.6164271038
5508,Bath textiles and bath mats,18024,18024,1.0,0.9999990463256836,false,38183.59999999999,877.4369486652975,39061.036948665285
5515,Tableware,1032,1032,1.0,0.9375,true,144877.39,12944.95509856261,157822.34509856263
5516,Mugs and cups,30443,6157,0.2022468219295076,0.9999999990686774,false,1023829.59,23770.9091671458,1047600.4991671458
5523,Oven dishes,314,314,1.0,0.75,true,3133.942,48.47958521560573,3182.421585215606
5524,Planks,2666,2666,1.0,0.9999961853027344,false,18376.322999999997,107.55864229979463,18483.88164229979
5527,Tableware,5551,5551,1.0,0.99951171875,false,96250.42000000003,553.1400143737164,96803.56001437374
5530,Foods,460,460,1.0,0.75,false,24851.035999999993,59.25320328542098,24910.289203285414
5534,Kitchen tools,469,469,1.0,0.5,true,50016.87599999999,141.23565092402484,50158.11165092402
5536,"Glasses (drink, beer, wine etc)",308,308,1.0,0.9375,false,15482.908000000001,105.14923080082136,15588.057230800823
5540,Wash treatment and accessories,1461,1461,1.0,0.75,false,74959.24800000004,399.4145839835729,75358.6625839836
5554,Baby / Toddler,36,36,1.0,0.5,true,6028.7779999999975,50.43741190965078,6079.2154119096485
5562,"Glasses (drink, beer, wine etc)",221,221,1.0,0.5,true,11769.260999999997,39.79725667351125,11809.058256673508
5563,Electrical tools,5912,5912,1.0,0.5,false,21912725.533999998,3679356.042505136,25592081.576505136
5566,"Cloths, mops, sponges and brush",26005,24583,0.945318208036916,0.9999999990686774,false,729449.9030000007,5594.0630800821355,735043.9660800829
5568,"Cloths, mops, sponges and brush",12087,12087,1.0,0.998046875,false,567232.0639999997,1892.768354825464,569124.8323548251
5569,Small storage,13872,13872,1.0,0.96875,false,155424.19199999998,438.8373880903486,155863.02938809033
5573,Home decoration,19584,19584,1.0,0.5,false,693031.108,157584.5742960984,850615.6822960984
5581,Puzzles,1034,1034,1.0,0.5,true,38550.53999999999,196.05300739219695,38746.59300739219
5582,Puzzles,3290,3290,1.0,0.96875,false,23365.579999999998,59.14059958932233,23424.72059958932
5583,Hobby and creative,2981,2844,0.9540422676954042,0.9999999990686774,false,46319.56000000002,236.7023868583161,46556.26238685833
5588,Batteries,78336,78336,1.0,0.9999999925494194,false,448999.73999999993,2045.1803121149878,451044.92031211493
5593,Foodprep,32042,32042,1.0,0.984375,false,22702920.785999976,399888.2106184805,23102808.996618457
5596,Kitchen tools,8926,7415,0.8307192471431772,0.9999999990686774,false,971579.2449999999,7538.272089117054,979117.517089117
5597,Buckets,164,164,1.0,0.75,false,466736.02499999997,346.7362147843937,467082.76121478435
5598,Window and squeegees,17484,17484,1.0,0.999755859375,false,399235.93500000023,1062.0113963039007,400297.9463963041
5599,Window and squeegees,15144,15144,1.0,0.99993896484375,false,358311.8910000001,1447.2126369609866,359759.1036369611
5602,Cleaning products,14925,14925,1.0,0.9375,false,311005.6459999999,1095.2299494866513,312100.87594948657
5603,Bathroom accessories,10899,10899,1.0,0.999755859375,false,395458.9800000001,1365.1357022587274,396824.11570225883
5604,Table textiles,1746,1746,1.0,0.96875,false,101060.24599999998,1486.3757913757709,102546.62179137576
5605,Foils and bags,208,208,1.0,0.5,true,14841.806,648.5523716632449,15490.358371663246
5606,Bathroom accessories,5908,5891,0.9971225457007448,0.9999999990686774,false,235411.729,1313.784771663245,236725.51377166325
5608,Laundry baskets,20500,20500,1.0,0.5,false,1810780.65,154110.50655646817,1964891.156556468
5609,Storage boxes,16324,16324,1.0,0.9375,false,606499.9500000002,17541.166496919937,624041.1164969201
5610,Baskets,13421,13421,1.0,0.998046875,false,148660.22500000003,522.0876406570841,149182.31264065712
5611,Baskets,8788,8788,1.0,0.999755859375,false,117816.33499999998,346.4512501026693,118162.78625010265
5613,Baskets,10314,10314,1.0,0.99609375,false,111436.58399999999,272.8065642710471,111709.39056427103
5614,Baskets,8319,8319,1.0,0.9990234375,false,96581.02999999996,291.82510718685836,96872.85510718681
5615,Drink & food To Go,11290,11290,1.0,0.9375,false,271565.02799999993,10469.921747433264,282034.9497474332
5616,Personal care,68357,62506,0.9144052547654227,0.9999999990686774,false,143624.25,674.8416837782341,144299.09168377824
5617,Cleaning products,11644,11644,1.0,0.9999999990686774,false,359668.8760000003,2730.865987679679,362399.74198767997
5618,Others,4868,4868,1.0,0.875,false,179883.93499999994,2555.2799425051335,182439.21494250506
5620,Oven dishes,184,184,1.0,0.5,false,12329.792999999998,144.04655482546184,12473.83955482546
5621,Personal care,2795,2625,0.9391771019677997,0.9999999990686774,false,14455.980000000003,269.73676386036936,14725.716763860373
5622,Wash treatment and accessories,4894,4894,1.0,0.9921875,false,80902.388,242.88737412730998,81145.27537412732
5625,Wash treatment and accessories,8941,8941,1.0,0.5,false,390334.00000000006,68406.49395770021,458740.49395770027
5629,Cleaning products,2749,2749,1.0,0.9990234375,false,25230.589999999997,101.27643983572892,25331.866439835725
5634,Stationary,10037,10037,1.0,0.984375,false,152057.19199999995,1549.4010287474332,153606.5930287474
5635,Window and squeegees,69857,67034,0.9595888744148761,0.9999999990686774,false,1197917.3920000002,3452.134511704313,1201369.5265117045
5638,Electric personal care,35727,35727,1.0,0.99993896484375,false,3017929.2779999976,5290.278034496929,3023219.5560344947
5640,Electric personal care,3106,2962,0.9536381197681906,0.9999999990686774,false,446380.20000000007,2754.153363449691,449134.35336344974
5642,Electric personal care,16096,16096,1.0,0.9999999403953552,false,1201742.1989999996,3665.9092422997905,1205408.1082422994
5644,Electric personal care,17241,17241,1.0,0.9999923706054688,false,1388604.9660000005,4639.06203778234,1393244.0280377828
5650,Pan sets,1792,1086,0.6060267857142857,0.9999999990686774,true,369506.3049999998,11847.827418891175,381354.132418891
5652,Partyfun,23400,23400,1.0,0.984375,false,156641.40799999985,311.6346414784402,156953.0426414783
5653,Pan sets,1992,1992,1.0,0.5,false,46969711.739999995,7927843.884184804,54897555.6241848
5660,Personal care,1930,1930,1.0,0.9998779296875,false,48427.74300000001,610.657163039014,49038.40016303903
5677,Foods,125,125,1.0,0.75,false,19390.111999999994,46.35156509240231,19436.463565092396
5709,"TV, Audio & Video",5730,5730,1.0,0.9999980926513672,true,306715.68900000013,3856.5343088295663,310572.2233088297
5710,Drink & food To Go,7956,2130,0.26772247360482654,0.9999999990686774,true,197581.32100000003,4975.739419301845,202557.06041930188
5713,Electric personal care,20758,20758,1.0,0.5,false,41303423.713999994,11144337.992105141,52447761.706105135
5725,"Cloths, mops, sponges and brush",16396,16396,1.0,0.9999961853027344,false,54878.991999999984,343.04125831622156,55222.03325831621
5726,Kitchen helpers,276,276,1.0,0.875,true,6421.337999999999,162.6444911704311,6583.98249117043
5727,Hobby and creative,806,806,1.0,0.9375,false,35382.668999999994,101.86997371663254,35484.538973716626
5736,Planks,16247,16247,1.0,0.5,false,982860.0599999999,20358.35874127311,1003218.418741273
5742,Storage boxes,3139,3139,1.0,0.96875,false,1064778.8620000007,2208.762061601643,1066987.6240616024
5746,Planks,1069,1069,1.0,0.75,true,76042.39300000001,240.1450702258727,76282.53807022588
5747,Wash treatment and accessories,1501,1501,1.0,0.9375,false,24428.089000000007,84.62350882956868,24512.712508829576
5748,Personal care,91,91,1.0,0.75,false,63028.47599999999,164.85301848049212,63193.32901848048
5749,Cleaning products,20223,15634,0.7730801562577263,0.9999999990686774,false,192024.34999999995,2450.0257577001994,194474.37575770015
5751,Cleaning products,2492,2492,1.0,0.96875,false,152410.10400000005,885.5821601642708,153295.68616016433
5753,Wash treatment and accessories,15747,15747,1.0,0.9921875,false,621983.0889999997,1727.9921724845992,623711.0811724843
5757,Cleaning products,46232,34201,0.7397689911749438,0.9999999990686774,false,109083.611,1574.1580739219705,110657.76907392197
5761,Bathroom accessories,34955,34955,1.0,0.9990234375,false,262170.489,1777.6095523613958,263948.0985523614
5772,Foodprep,5605,5605,1.0,0.9921875,false,1047355.4560000001,4113.2531252566705,1051468.7091252569
5773,Electric personal care,10193,10193,1.0,0.5,false,3058541.1359999995,834186.9156677617,3892728.051667761
5798,Candles & Tealights,202,202,1.0,0.75,true,71251.28499999999,192.3500533880901,71443.63505338808
5799,Candles & Tealights,340,340,1.0,0.75,true,66755.69599999998,205.60381601642675,66961.29981601641
5800,Candles & Tealights,902,902,1.0,0.75,true,76073.20000000001,261.04164271047205,76334.24164271049
5804,Others,783,783,1.0,0.75,false,53229.288,188.1203975359344,53417.40839753593
5805,Candles & Tealights,9363,9363,1.0,0.75,false,56303.38,273.7340772073916,56577.11407720739
5807,Drink & food To Go,4519,4519,1.0,0.875,false,11278.623999999998,33.64535195071868,11312.269351950717
5815,Residential odors,20367,19200,0.942701428781853,0.9999999990686774,false,259498.51199999993,1587.9331482546213,261086.44514825454
5820,Photo frames & albums,13267,13267,1.0,0.96875,false,59229.17,131.20211827515402,59360.372118275154
5821,Photo frames & albums,2988,2988,1.0,0.96875,false,58934.05000000001,166.93418891170438,59100.984188911716
5827,Foodprep,2734,2734,1.0,0.75,true,546143.465,5646.251130184799,551789.7161301847
5837,Drying racks,2915,2915,1.0,0.9999847412109375,true,97419.8400000001,1908.3741232032883,99328.21412320339
5838,Hobby and creative,10,10,1.0,0.5,true,5317.871999999999,387.03745708419,5704.90945708419
5839,"Cloths, mops, sponges and brush",20371,20371,1.0,0.9990234375,false,83925.45,358.09976755646824,84283.54976755647
5840,Construction,406,406,1.0,0.5,true,19306.202999999998,404.3902328542098,19710.593232854208
5843,Kitchen tools,1089,1089,1.0,0.984375,false,19718.397999999997,218.80930020533867,19937.207300205337
5845,Kitchen tools,1017,1017,1.0,0.96875,false,58525.011999999995,381.58340492813136,58906.59540492813
5848,Bath textiles and bath mats,3905,3127,0.8007682458386683,0.9999999990686774,true,58481.80099999999,1043.6308911704314,59525.431891170425
5849,Tableware,1811,1811,1.0,0.9999999990686774,true,49860.74799999999,2555.6259351129365,52416.373935112926
5850,Tableware,1482,1482,1.0,0.75,true,135625.28699999995,4548.854420533883,140174.14142053382
5851,Hobby and creative,930,930,1.0,0.96875,true,950.852,13.120719507186868,963.9727195071869
5857,Bathroom accessories,7208,7208,1.0,0.9990234375,false,581445.2279999999,1648.4212147843941,583093.6492147843
5858,Racks and pockets,19847,19847,1.0,0.99609375,false,584157.0839999992,738.1048952772076,584895.1888952764
5859,Waste bags,32709,32681,0.9991439664924027,0.9999999990686774,false,795317.1520000001,3059.09008295688,798376.242082957
5861,Construction,694,694,1.0,0.9375,false,57816.380999999994,461.809528131417,58278.19052813141
5863,Baskets,7560,7560,1.0,0.984375,false,111249.72599999998,508.12728624229953,111757.85328624229
5864,Storage boxes,3305,3305,1.0,0.998046875,true,99980.41899999998,10021.68907433271,110002.10807433269
5866,Storage boxes,140,140,1.0,0.75,false,208952.72299999997,5436.405937987683,214389.12893798764
5867,Storage boxes,6104,6104,1.0,0.984375,false,160770.95999999996,386.5828336755651,161157.5428336755
5868,Cleaning products,13087,13087,1.0,0.9999999925494194,false,484014.64999999997,2077.346591375769,486091.99659137573
5869,Cleaning products,3231,3231,1.0,0.96875,true,49124.816999999995,639.718015195071,49764.53501519507
5870,Cleaning products,23645,23476,0.9928526115457813,0.9999999990686774,false,300104.02800000005,1518.3378258726777,301622.36582587275
5871,Cleaning products,16862,12857,0.762483691139841,0.9999999990686774,false,142446.61899999995,616.7548271047232,143063.37382710466
5872,Baskets,3880,3880,1.0,0.9375,false,43369.82299999999,248.62121067761785,43618.444210677604
5874,Cleaning products,4646,4646,1.0,0.984375,false,259150.66099999996,2862.2439367556462,262012.9049367556
5878,Dishwashing articles,88,88,1.0,0.9375,false,187612.88699999993,318.0151601642706,187930.9021601642
5880,Residential odors,8291,8291,1.0,0.99609375,false,182136.843,1149.1509609856257,183285.99396098562
5895,Electric personal care,8199,8199,1.0,0.875,false,454622.98000000045,2220.0785117043106,456843.05851170473
5896,Electric personal care,4295,4295,1.0,0.984375,false,639236.4299999999,716.378096919917,639952.8080969199
5897,"TV, Audio & Video",235,235,1.0,0.75,false,124898.00400000004,549.5750537987673,125447.5790537988
5899,Frying pans,16590,12752,0.7686558167570826,0.9999999990686774,false,2577996.9600000014,12706.925284599589,2590703.885284601
5915,Candles & Tealights,18492,18492,1.0,0.875,true,189993.88800000006,690.0619548254614,190683.9499548255
5918,Candles & Tealights,22346,22346,1.0,0.998046875,false,273969.70999999996,699.6655811088295,274669.3755811088
5919,Residential odors,2090,1814,0.8679425837320575,0.9999999990686774,false,25643.30999999998,92.10629322381935,25735.4162932238
5922,Drinks,1618,1618,1.0,0.75,false,157843.06300000002,376.7143141683777,158219.7773141684
5924,Cooking books,103,103,1.0,0.5,false,15692.411,344.6494127310058,16037.060412731005
5931,Residential odors,8151,8151,1.0,0.9998779296875,false,158499.07499999998,1409.9709753593418,159909.04597535933
5941,Kitchen helpers,7753,7753,1.0,0.875,false,52065.13900000001,60.70688911704313,52125.84588911705
5943,Stationary,40808,40808,1.0,0.984375,false,839312.9850000003,1635.620704312115,840948.6057043124
5946,Clocks,5990,5990,1.0,0.9999961853027344,false,306209.085,1113.5491909650923,307322.6341909651
5948,Stationary,11671,11671,1.0,0.5,true,124848.36000000002,7666.157912114992,132514.517912115
5951,Stationary,31596,31596,1.0,0.99609375,false,71504.30000000002,100.07053388090354,71604.37053388092
5954,Foodprep,140,140,1.0,0.5,true,722558.1300000001,2504.420587268993,725062.5505872691
5955,Racks and pockets,2665,2665,1.0,0.998046875,true,184575.86,5807.869542094455,190383.72954209443
5959,Construction,972,972,1.0,0.875,true,7555.534,62.31729733059551,7617.851297330595
5971,Construction,340,340,1.0,0.9375,false,21849.218999999997,123.01181642710469,21972.2308164271
5974,Girls toys,657,657,1.0,0.75,true,15143.352000000004,44.2281905544148,15187.58019055442
5977,Cleaning products,26230,23615,0.9003049942813572,0.9999999990686774,false,623994.3709999998,2423.5032924024604,626417.8742924023
5981,Window and squeegees,9923,9923,1.0,0.9999961853027344,false,1124942.993999999,3401.666771252569,1128344.6607712517
5982,"Glasses (drink, beer, wine etc)",503,503,1.0,0.875,false,43323.83999999999,169.03145790554427,43492.87145790553
5983,"Glasses (drink, beer, wine etc)",940,940,1.0,0.96875,false,33528.284999999996,185.2935100616019,33713.5785100616
5987,Baskets,8440,8440,1.0,0.9990234375,false,207559.26800000004,554.3661757700205,208113.63417577007
5989,Baskets,13532,13532,1.0,0.984375,false,102852.33000000005,150.47516221765903,103002.8051622177
5991,Cleaning products,47876,47876,1.0,0.99609375,false,380585.8980000001,1320.8659687885022,381906.7639687886
5992,Cleaning products,28447,28447,1.0,0.96875,false,308683.90700000006,684.3069285420951,309368.21392854216
5993,Wash treatment and accessories,589,589,1.0,0.75,false,354268.40400000016,421.558484599589,354689.96248459973
5994,Wash treatment and accessories,3293,3293,1.0,0.998046875,false,108395.27999999996,415.3776024640659,108810.65760246402
5995,Toilet cleaners and odors,22789,22789,1.0,0.75,false,1585739.19,60334.21219301845,1646073.4021930185
5997,Cleaning products,6986,6986,1.0,0.9998779296875,false,167589.34499999994,562.2436078028749,168151.5886078028
5998,Thermos jugs,1755,1755,1.0,0.96875,true,115487.89000000001,1376.886350718685,116864.7763507187
5999,Cleaning products,7591,7591,1.0,0.9999990463256836,false,418525.17,1659.6031010266965,420184.77310102666
6000,Cleaning products,26946,26946,1.0,0.75,false,132345.66799999995,3155.2229314168353,135500.89093141677
6001,Wash treatment and accessories,18385,18385,1.0,0.99993896484375,false,420313.93600000045,3061.967954004106,423375.9039540046
6003,Waste bins,2949,2949,1.0,0.9921875,true,287722.246,1852.5343326488733,289574.78033264884
6006,Residential odors,3854,3854,1.0,0.96875,false,160119.96000000002,1137.4854825461996,161257.44548254623
6009,Cleaning products,7102,7102,1.0,0.99609375,false,207064.87199999997,1777.4301511293645,208842.30215112935
6010,Personal care,15172,15172,1.0,0.9999923706054688,false,192241.78399999984,3216.7162726899332,195458.50027268977
6015,Coffee makers and kettles,4407,4407,1.0,0.9999980926513672,false,159764.64,573.9117338809042,160338.55173388091
6018,Coffee makers and kettles,10818,10818,1.0,0.984375,false,3746677.0110000046,5168.830851745387,3751845.84185175
6024,Measuring and weighing,41584,41584,1.0,0.5,false,1482860.7149999999,102407.90403326493,1585268.6190332647
6029,Partyfun,24657,24657,1.0,0.96875,false,152988.19199999986,248.63755071868613,153236.82955071854
6040,Personal care,1830,1830,1.0,0.99951171875,false,49015.74300000001,473.78376550308,49489.52676550309
6052,Candles & Tealights,55909,55909,1.0,0.96875,false,2171404.1789999986,5281.701306776182,2176685.8803067748
6053,Candles & Tealights,74177,74177,1.0,0.99609375,false,462054.7889999998,681.167685831622,462735.9566858314
6069,Clocks,16793,16777,0.9990472220568094,0.9999999990686774,false,393558.3540000001,5438.874241478442,398997.22824147856
6071,Photo frames & albums,21370,21370,1.0,0.999755859375,false,88896.53499999999,383.1472193018481,89279.68221930183
6075,Stationary,27641,27641,1.0,0.9375,false,425680.43700000015,719.5689901437364,426400.00599014387
6077,Foodprep,174,174,1.0,0.5,true,217361.088,817.335713347025,218178.423713347
6078,Drink & food To Go,9077,9077,1.0,0.96875,true,381872.95999999996,3771.665368788501,385644.6253687885
6080,Drink & food To Go,11945,6487,0.5430724152365006,0.9999999990686774,true,171101.714,5373.227301437377,176474.9413014374
6082,Electric personal care,5430,5430,1.0,0.9999990463256836,true,496516.80400000024,6347.461569609855,502864.2655696101
6095,Construction,597,597,1.0,0.5,false,11472.076000000001,109.23897002053384,11581.314970020534
6098,Batteries,309,309,1.0,0.9375,true,5726.798000000002,40.134740041067786,5766.932740041069
6107,Ironing,982,982,1.0,0.9999961853027344,true,176032.976,3269.898081314168,179302.87408131416
6108,Ironing,3357,2857,0.851057491808162,0.9999999990686774,false,162413.13200000004,462.548863244353,162875.6808632444
6109,Hobby and creative,1146,1146,1.0,0.96875,false,3399.8439999999996,61.47951950718683,3461.3235195071866
6139,Foods,795,795,1.0,0.75,false,12452.159999999998,21.07810102669403,12473.238101026693
6140,Store kitchen,6400,6400,1.0,0.99951171875,false,192237.36000000002,990.9438948665296,193228.30389486655
6143,Drink & food To Go,12860,12860,1.0,0.9999998807907104,false,902312.6349999993,7255.79404312114,909568.4290431205
6144,Bathroom accessories,79927,79927,1.0,0.5,false,317019.62600000005,3529.374426283375,320549.0004262834
6145,Cooking pans,943,849,0.9003181336161188,0.9999999990686774,false,15040.753,229.9249351129362,15270.677935112937
6152,Storage boxes,14736,14712,0.998371335504886,0.9999999990686774,false,1193757.2640000002,10307.446604517465,1204064.7106045177
6154,Thermos jugs,2099,2099,1.0,0.999755859375,false,40014.590000000004,193.47364681724855,40208.06364681725
6155,Storage boxes,6880,6880,1.0,0.9921875,false,240014.614,529.493361806979,240544.107361807
6157,Wash treatment and accessories,14196,14196,1.0,0.9999995231628418,false,445190.1929999998,1413.6893408624242,446603.88234086224
6158,Personal care,74272,74272,1.0,0.984375,false,1499209.712,12655.12828583162,1511864.8402858316
6159,Cleaning products,7450,7450,1.0,0.9999997615814209,false,148805.74800000002,839.3973043121173,149645.14530431214
6162,Wash treatment and accessories,22734,16382,0.7205947039676256,0.9999999990686774,false,466905.7119999998,4422.114409856261,471327.8264098561
6168,"Cloths, mops, sponges and brush",10657,10657,1.0,0.998046875,false,585044.7539999998,1513.9546903490755,586558.7086903489
6174,Coffee makers and kettles,25984,25984,1.0,0.9998779296875,false,1618671.1449999996,4749.713357700199,1623420.8583576998
6184,Special pans,13360,13360,1.0,0.99609375,false,4699462.886999996,32354.681552772083,4731817.568552769
6190,Bags and backpacks,18716,18716,1.0,0.9921875,false,757218.8470000005,1852.271388501027,759071.1183885016
6215,Vases,2031,2031,1.0,0.9375,false,62224.28099999998,135.97717330595486,62360.258173305934
6216,Candles & Tealights,10442,10442,1.0,0.5,false,1496470.941,411245.32599507214,1907716.2669950724
6227,Clocks,10540,10540,1.0,0.999755859375,false,206450.7129999999,533.1292164271044,206983.842216427
6233,"Glasses (drink, beer, wine etc)",205,205,1.0,0.5,false,52493.60199999998,238.67056262833677,52732.27256262831
6238,Batteries,234,234,1.0,0.99609375,true,2233.0,21.935671457905556,2254.9356714579058
6245,Storage boxes,410,410,1.0,0.5,false,838357.6949999998,85077.94211704315,923435.637117043
6246,"Glasses (drink, beer, wine etc)",548,548,1.0,0.75,false,7603.021999999995,13.2723593429158,7616.294359342911
6248,Storage boxes,8281,8281,1.0,0.75,false,318782.2399999999,8131.942603696089,326914.18260369595
6250,Cleaning products,5549,5549,1.0,0.9990234375,false,130604.20099999999,529.3911359342917,131133.59213593428
6251,Storage boxes,884,884,1.0,0.984375,false,107023.2800000001,482.6169691991791,107505.89696919928
6256,Light bulbs,777,777,1.0,0.9375,false,22459.941000000003,69.97248870636547,22529.913488706366
6257,Wash treatment and accessories,29816,21166,0.7098873088274752,0.9999999990686774,false,509539.9679999999,3675.1898422997956,513215.15784229967
6258,Cleaning products,5109,5109,1.0,0.984375,false,157914.68,1868.2439166324436,159782.92391663243
6259,Wash treatment and accessories,47852,41244,0.8619075482738443,0.9999999990686774,false,2024135.5119999996,18890.948146201226,2043026.4601462008
6261,Cleaning products,3273,3273,1.0,0.9921875,false,38343.89999999999,290.8211088295688,38634.72110882956
6264,Waste bins,6155,6155,1.0,0.75,false,610075.9000000001,13000.96445585215,623076.8644558523
6266,Shoe maintenance,2141,2141,1.0,0.984375,false,47063.163,672.6662361396312,47735.82923613963
6267,Residential odors,4928,4928,1.0,0.9990234375,false,68847.05799999999,979.6114324435316,69826.66943244352
6268,Residential odors,5989,5989,1.0,0.99609375,false,90638.93999999999,746.5378283367555,91385.47782833675
6269,Window and squeegees,74367,74367,1.0,0.96875,false,474318.0119999999,1317.0523112936357,475635.06431129354
6272,Foodprep,58678,54266,0.9248099798902485,0.9999999990686774,false,8495771.053,40897.564354004055,8536668.617354004
6273,Sockets and security,7321,7321,1.0,0.96875,false,369908.17500000005,1130.1986607802876,371038.3736607803
6274,Coffee makers and kettles,162,162,1.0,0.5,false,11480540.029,2261150.4015975343,13741690.430597533
6284,Construction,440,440,1.0,0.875,true,37930.508,338.4880788501028,38268.996078850105
6297,Candles & Tealights,6563,6563,1.0,0.75,false,170893.80000000002,12956.881416837768,183850.6814168378
6299,Candles & Tealights,226,226,1.0,0.5,true,37399.515999999996,114.98950308008223,37514.50550308008
6300,Candles & Tealights,447,447,1.0,0.75,true,62589.912,667.2152772073927,63257.127277207386
6301,Candles & Tealights,784,784,1.0,0.9375,false,134530.27000000002,997.6537240246399,135527.92372402467
6307,Foods,4556,4556,1.0,0.875,false,21313.21499999999,62.68305954825459,21375.898059548243
6308,Others,18875,18875,1.0,0.9375,false,72331.84,425.3014061601645,72757.14140616017
6309,Other Holidays,30035,30035,1.0,0.9375,true,30522.296000000002,2745.3002809034815,33267.59628090348
6332,Photo frames & albums,1483,1483,1.0,0.984375,false,56454.559,189.587163449692,56644.146163449695
6334,Photo frames & albums,16563,16563,1.0,0.9375,false,91713.3,160.28483572895277,91873.58483572895
6347,Window and squeegees,2949,2949,1.0,0.875,true,60718.329000000005,151.34359342915806,60869.67259342916
6348,Vacuuming,541,541,1.0,0.5,true,1124405.772,13802.678977823438,1138208.4509778235
6349,Store kitchen,868,868,1.0,0.984375,true,61166.448,915.7819367556473,62082.22993675564
6351,Tableware,6217,6217,1.0,0.99993896484375,true,1339862.8319999995,34630.644223819254,1374493.4762238187
6367,Store kitchen,927,927,1.0,0.99609375,true,33515.55900000001,278.55896303901426,33794.117963039025
6369,Drink & food To Go,450,450,1.0,0.75,false,19630.12800000002,86.83679671457897,19716.964796714597
6371,Thermos jugs,2081,2081,1.0,0.99993896484375,false,180333.972,1008.0755022587266,181342.04750225873
6375,Bathroom scales,1323,1323,1.0,0.99609375,false,189788.85099999997,1888.5417318275158,191677.39273182748
6380,Hobby and creative,4532,4403,0.9715357458075905,0.9999999990686774,false,119752.27600000009,745.8082644763858,120498.08426447648
6387,Baby / Toddler,2500,2491,0.9964,0.9999999990686774,false,67955.15999999997,1941.4760681724854,69896.63606817246
6395,"Glasses (drink, beer, wine etc)",1085,1085,1.0,0.984375,true,21539.76300000001,205.05258110882951,21744.81558110884
6403,Small storage,32297,32297,1.0,0.998046875,false,462336.4620000001,1035.1015564681725,463371.5635564683
6406,Foils and bags,45165,45165,1.0,0.9999999962747097,false,256582.62,1818.6018973305927,258401.2218973306
6407,Shoe maintenance,16182,16182,1.0,0.5,false,130682.706,2433.4283121149883,133116.134312115
6408,Cleaning products,9609,9609,1.0,0.998046875,false,257814.83699999994,1827.5792004106772,259642.41620041063
6411,Buckets,30120,30120,1.0,0.9921875,false,1118562.5920000006,3142.6833872689963,1121705.2753872697
6414,Baskets,4342,4342,1.0,0.75,false,129087.49,4891.505886652975,133978.995886653
6417,Wash treatment and accessories,4960,4960,1.0,0.9990234375,false,44210.69100000001,127.13622505133458,44337.82722505135
6418,Cleaning products,33663,33663,1.0,0.9999999403953552,false,783695.2479999998,2409.596074743325,786104.8440747431
6419,Personal care,10361,10361,1.0,0.875,false,54475.147999999965,322.76948829568767,54797.91748829565
6420,Cleaning products,22293,22293,1.0,0.9999999850988388,false,193784.43,867.1184168377827,194651.5484168378
6421,Cleaning products,7599,7599,1.0,0.9999961853027344,false,268890.755,826.6476078028744,269717.4026078029
6423,Personal care,8314,8314,1.0,0.9375,false,158474.99499999997,743.6943593429165,159218.68935934288
6428,Cleaning products,5201,5201,1.0,0.984375,true,130499.45999999993,1128.7586069815188,131628.21860698145
6429,Wash treatment and accessories,16387,16387,1.0,0.9375,false,581775.6770000001,3083.8401626283376,584859.5171626285
6430,Waste bins,4577,4577,1.0,0.99609375,false,492228.1979999995,1287.0137014373724,493515.2117014369
6433,Shoe maintenance,1581,1581,1.0,0.5,false,400721.28599999996,5697.005310061596,406418.2913100616
6434,Phones,9897,9897,1.0,0.5,false,44027.045999999995,8617.496059958945,52644.54205995894
6437,Electric personal care,26464,25892,0.9783857315598549,0.9999999990686774,false,5727363.459999997,33327.850090349064,5760691.310090346
6440,Electric personal care,3671,3671,1.0,0.96875,false,743613.6960000003,2396.000801232037,746009.6968012324
6442,Electric personal care,17955,15661,0.8722361459203565,0.9999999990686774,false,1157754.4019999998,4691.746866529772,1162446.1488665296
6503,"Glasses (drink, beer, wine etc)",555,555,1.0,0.9375,true,55001.87,521.8743145790555,55523.74431457906
6512,Construction,1784,1784,1.0,0.75,true,73409.112,876.9180862422998,74286.03008624229
6513,Reading glasses,2979,2564,0.860691507217187,0.9999999990686774,true,40864.424999999996,1745.191574948666,42609.61657494866
6515,Construction,393,393,1.0,0.875,false,22324.463,238.24813347022575,22562.711133470224
6517,Ironing,6282,6041,0.9616364215218084,0.9999999990686774,true,336325.059,2501.2189712525637,338826.27797125257
6520,Insecticides,46,46,1.0,0.5,true,18345.326999999997,94.52224188911678,18439.849241889115
6522,Kitchen tools,801,801,1.0,0.875,false,29261.007999999994,55.714943326488715,29316.722943326484
6523,Bathroom accessories,13412,13412,1.0,0.9999999403953552,false,73610.16599999995,398.7803149897331,74008.94631498969
6524,Foodprep,13168,13168,1.0,0.5,false,4412882.921999999,1367875.0374932243,5780757.959493224
6526,Batteries,8920,8920,1.0,0.99609375,false,98982.05799999998,400.91007145790576,99382.96807145789
6527,Batteries,32806,32806,1.0,0.99951171875,false,648358.4099999999,2011.3421683778206,650369.7521683777
6528,Sockets and security,25950,25950,1.0,0.999755859375,false,219913.77099999998,583.1560229979465,220496.92702299793
6533,Bath textiles and bath mats,27411,27411,1.0,0.9999999981373549,false,2829986.865999998,13986.694831211513,2843973.5608312096
6534,Hobby and creative,613,613,1.0,0.96875,false,19467.210000000003,72.34066201232032,19539.550662012323
6538,Home decoration,1097,1080,0.9845031905195989,0.9999999990686774,false,37626.46999999998,305.3094587268994,37931.77945872688
6540,Cleaning products,17557,17557,1.0,0.9999990463256836,false,204142.638,853.4343885010272,204996.07238850102
6541,Personal care,314,314,1.0,0.75,false,25508.76299999999,49.8069203285421,25558.569920328533
6544,Wash treatment and accessories,10465,10465,1.0,0.99609375,false,457396.96800000005,1734.1397420944568,459131.1077420945
6545,Foods,849,849,1.0,0.75,false,19152.630000000005,34.69924435318274,19187.329244353186
6546,Cleaning products,7365,7365,1.0,0.9990234375,false,209746.65599999996,820.8856706365506,210567.5416706365
6547,Cleaning products,79621,79621,1.0,0.999969482421875,false,548598.1829999997,7776.725364271043,556374.9083642708
6548,Cleaning products,3068,3068,1.0,0.96875,false,104167.994,573.8521232032858,104741.84612320329
6549,Cleaning products,18329,18329,1.0,0.999755859375,false,116801.30000000003,494.627195482546,117295.92719548258
6552,Cleaning products,3488,3488,1.0,0.9998779296875,false,24194.016000000003,103.31109979466136,24297.327099794664
6553,Cleaning products,8772,8772,1.0,0.96875,false,43245.24400000001,592.5200624229977,43837.76406242301
6558,Cleaning products,2632,2632,1.0,0.9375,false,17491.397000000004,69.69821806981517,17561.09521806982
6559,Personal care,27167,27167,1.0,0.75,false,137812.25499999998,2484.8270324435357,140297.08203244352
6562,Shoe maintenance,4917,4917,1.0,0.75,false,3350406.7309999987,24337.33223490762,3374744.063234906
6563,Residential odors,22580,22580,1.0,0.99609375,false,520184.4199999998,1572.7208632443546,521757.1408632442
6564,Sockets and security,8203,8203,1.0,0.5,false,2845783.4790000003,902195.2182418891,3747978.6972418893
6565,Coffee makers and kettles,151,151,1.0,0.5,false,3828630.603,514711.9009355241,4343342.503935524
6566,Electric personal care,8990,8990,1.0,0.984375,false,1154673.4989999996,5943.933075564673,1160617.4320755643
6567,(Steam) cleaners,369,369,1.0,0.875,false,445399.4999999999,1111.704209445585,446511.20420944545
6568,Electric personal care,9237,9237,1.0,0.9990234375,false,990587.5980000005,3002.9344472279254,993590.5324472284
6578,Frying pans,6815,6815,1.0,0.9998779296875,false,1451111.41,9432.921940451739,1460544.3319404516
6583,Partyfun,8893,8893,1.0,0.998046875,true,50863.469999999994,3970.640121560577,54834.110121560574
6587,Personal care,93,93,1.0,0.75,false,24844.428000000007,62.703746201231866,24907.131746201238
6603,Candles & Tealights,605,605,1.0,0.5,true,50807.12,84.71901930184812,50891.83901930185
6604,Candles & Tealights,1157,1157,1.0,0.875,true,61867.98099999997,256.98125749486644,62124.96225749484
6619,Candles & Tealights,39432,39432,1.0,0.96875,false,80809.11999999998,125.38944476386057,80934.50944476384
6625,Photo frames & albums,10658,10658,1.0,0.96875,false,153395.97,406.5080246406574,153802.47802464064
6628,Photo frames & albums,1548,1548,1.0,0.9990234375,false,87400.026,367.7887305954828,87767.81473059548
6632,Stationary,11831,11831,1.0,0.875,false,37014.032999999996,32.58855030800819,37046.621550308
6633,Clocks,2577,2577,1.0,0.5,false,370652.4359999999,13654.904806570845,384307.3408065708
6654,Hobby and creative,395,395,1.0,0.75,false,11863.425,177.6099190965091,12041.034919096508
6661,Fans and electric blankets,102,102,1.0,0.5,true,54755.736,623.8354234086224,55379.57142340862
6662,Mugs and cups,2036,1384,0.6797642436149313,0.9999999990686774,true,47122.39,2169.946639014375,49292.33663901437
6663,Others,2163,2163,1.0,0.5,true,99685.18,806.4772731006161,100491.65727310062
6665,Tea and coffee,12809,12809,1.0,0.96875,false,214698.8479999999,398.2714480492818,215097.1194480492
6668,Waste bags,54218,54218,1.0,0.984375,false,501878.53800000006,1188.5596558521568,503067.0976558522
6673,Baskets,8938,8938,1.0,0.99993896484375,false,108358.43199999999,338.0244517453798,108696.45645174537
6674,Baskets,6857,6857,1.0,0.9921875,false,37077.655999999995,123.53268829568803,37201.18868829568
6675,Baskets,6918,6918,1.0,0.99609375,false,83617.91199999997,283.2526398357294,83901.1646398357
6677,Wash treatment and accessories,915,915,1.0,0.5,true,22009.987999999998,792.9968714579059,22802.984871457902
6678,Baby / Toddler,167,167,1.0,0.875,true,2995.4539999999997,64.78482751540041,3060.2388275154003
6682,Cleaning products,15077,15077,1.0,0.9921875,false,285331.28400000004,1355.366896098559,286686.6508960986
6683,Cleaning products,3182,3182,1.0,0.9999990463256836,false,22751.98800000001,194.8737043121149,22946.861704312123
6684,Waste bins,7964,7964,1.0,0.9999980926513672,false,973621.1099999993,6170.8329671457905,979791.9429671451
6686,Waste bins,2923,2893,0.989736572015053,0.9999999990686774,false,546134.0639999995,2305.724359753593,548439.7883597531
6688,Drink & food To Go,7695,7695,1.0,0.99609375,false,130484.52899999998,467.86485585215615,130952.39385585213
6690,Cleaning products,21236,21236,1.0,0.9921875,false,145091.254,1395.6699983572896,146486.92399835726
6692,Electric personal care,39721,39721,1.0,0.998046875,false,5826928.400999998,64107.79249445583,5891036.193494454
6700,Electric personal care,91,91,1.0,0.5,true,207943.37199999994,1504.3804956878812,209447.75249568783
6703,Special pans,152,152,1.0,0.5,true,513684.444,8762.4939909651,522446.9379909651
6711,Personal care,1354,1354,1.0,0.984375,false,21874.776,668.9200891170431,22543.696089117046
6720,Candles & Tealights,130,130,1.0,0.5,true,47472.64199999999,102.10222422997956,47574.74422422997
6721,Candles & Tealights,128,128,1.0,0.5,true,44943.08699999999,125.84629322381922,45068.93329322381
6735,Vases,51074,51074,1.0,0.5,false,1585695.657,186713.27778850103,1772408.934788501
6743,Wash treatment and accessories,4955,4955,1.0,0.9921875,false,159002.32599999994,4114.764291581105,163117.09029158106
6751,Cleaning products,39370,39370,1.0,0.9999990463256836,false,235363.12800000006,1700.4554948665316,237063.5834948666
6753,Hobby and creative,1029,1029,1.0,0.984375,false,1691.7599999999998,31.451140862422978,1723.2111408624228
6762,"Cloths, mops, sponges and brush",21892,21892,1.0,0.99993896484375,false,51720.479999999996,248.19733552361407,51968.67733552361
6763,Planks,1315,1315,1.0,0.984375,false,49722.05699999999,357.42729609856246,50079.484296098555
6765,Tableware,2417,2417,1.0,0.99951171875,false,18707.079999999998,115.07437987679663,18822.154379876796
6768,Store kitchen,27003,27003,1.0,0.9921875,false,908629.3439999999,2945.626085420945,911574.9700854209
6770,Cleaning products,19013,19013,1.0,0.9375,false,530237.981,2160.344970431216,532398.3259704312
6771,Cleaning products,16897,16897,1.0,0.9375,false,191374.36500000005,647.6965577002054,192022.06155770025
6772,Thermometers,12532,12532,1.0,0.984375,false,120869.65799999998,4537.072992197122,125406.7309921971
6773,Measuring and weighing,23497,23497,1.0,0.9999995231628418,false,546416.3459999996,2577.9498234086204,548994.2958234082
6775,Bathroom accessories,1432,1432,1.0,0.984375,false,99760.913,938.3404127310057,100699.253412731
6776,"Cloths, mops, sponges and brush",155,155,1.0,0.5,false,54200.76199999999,278.702622587269,54479.46462258726
6777,Baby / Toddler,215,215,1.0,0.5,true,18109.097999999998,416.1767839835732,18525.274783983572
6779,Waste bags,86173,86173,1.0,0.9998779296875,false,693434.6159999999,5756.81172320328,699191.4277232032
6782,Storage boxes,8082,8082,1.0,0.9375,false,699048.0000000002,996.5815195071872,700044.5815195075
6784,Cleaning products,11148,11148,1.0,0.9999847412109375,false,144148.00400000002,611.5646735112936,144759.5686735113
6786,Cleaning products,5631,5631,1.0,0.9990234375,false,268850.7500000001,1205.391059548255,270056.14105954836
6787,Personal care,74762,74762,1.0,0.5,false,612174.8850000001,31245.18535318276,643420.0703531828
6791,Cleaning products,21107,21107,1.0,0.99609375,false,61428.90600000001,792.3580287474334,62221.26402874744
6792,Window and squeegees,6671,6671,1.0,0.998046875,false,127765.15499999997,389.96133264886976,128155.11633264885
6794,Cleaning products,8492,8492,1.0,0.9999990463256836,false,222251.9880000001,2473.275376591379,224725.26337659147
6796,"Cloths, mops, sponges and brush",1716,1716,1.0,0.75,false,68927.05400000003,174.02461683778216,69101.07861683781
6798,Cleaning products,2066,2066,1.0,0.9375,false,18684.945999999996,79.34247310061589,18764.288473100612
6801,Partyfun,40498,40498,1.0,0.99951171875,false,210751.0019999998,373.9169100616014,211124.91891006142
6803,Residential odors,13898,13898,1.0,0.998046875,false,284216.91200000007,807.7851950718674,285024.69719507196
6815,Partyfun,84619,84619,1.0,0.984375,false,1002100.7359999999,1790.7430242299793,1003891.4790242299
6830,Candles & Tealights,214,214,1.0,0.5,true,41808.72500000001,62.786995893223846,41871.511995893234
6833,Residential odors,10611,10611,1.0,0.9999990463256836,false,61413.758,229.33475893223846,61643.09275893224
6838,Greeting cards,3512,3512,1.0,0.984375,false,36028.369999999995,940.7290743326465,36969.09907433264
6846,Photo frames & albums,16384,16384,1.0,0.96875,false,129901.33799999993,224.28628993839823,130125.62428993834
6848,Photo frames & albums,12640,12640,1.0,0.9375,false,104918.58999999997,156.3505108829568,105074.94051088292
6850,Photo frames & albums,2128,2128,1.0,0.984375,false,38424.673,113.26485831622175,38537.937858316225
6864,"Glasses (drink, beer, wine etc)",378,378,1.0,0.5,true,49070.16799999999,162.2194689938398,49232.38746899383
6872,Drink & food To Go,892,892,1.0,0.75,false,32571.573999999986,82.07266570841885,32653.646665708406
6873,Reading glasses,1216,1216,1.0,0.5,true,4297.79,169.3095893223819,4467.099589322382
6875,Racks and pockets,2126,2126,1.0,0.5,false,112167.51699999999,3618.307281724846,115785.82428172484
6879,"Glasses (drink, beer, wine etc)",88,88,1.0,0.5,true,7599.41,311.0914414784399,7910.50144147844
6882,Teletoys,969,969,1.0,0.75,false,64845.592,469.7884817248465,65315.380481724846
6883,Electric personal care,6298,3573,0.5673229596697364,0.9999999990686774,false,401408.1050000002,6431.831868172489,407839.9368681727
6884,Batteries,36242,36242,1.0,0.5,false,2926352.373,248276.41617659127,3174628.789176591
6887,Batteries,29964,29964,1.0,0.9375,false,453226.48000000004,675.8723942505127,453902.35239425057
6893,Serve and present,2737,2737,1.0,0.9921875,true,31977.666,256.5837954825462,32234.24979548255
6896,Store kitchen,31045,31045,1.0,0.9999961853027344,false,1018158.3649999998,5039.887036960988,1023198.2520369608
6897,Store kitchen,36435,36435,1.0,0.99609375,false,725558.6379999999,1857.858900616017,727416.496900616
6898,Shoe maintenance,18709,18709,1.0,0.99951171875,false,292908.28,7517.346470225869,300425.6264702259
6899,Cleaning products,18825,18825,1.0,0.99951171875,false,353016.5239999998,2199.597598357289,355216.1215983571
6900,Dishwashing articles,23249,23249,1.0,0.9921875,false,380867.21400000015,2284.78385544148,383151.99785544164
6902,Shoe maintenance,16731,16731,1.0,0.99609375,false,301413.06299999997,8142.302129363451,309555.36512936343
6905,Racks and pockets,36135,36135,1.0,0.5,false,1536683.6099999999,87991.1806743327,1624674.7906743325
6908,Vacuuming,561,561,1.0,0.75,false,432542.28500000015,1344.789893223817,433887.074893224
6909,Storage boxes,250,250,1.0,0.75,true,78054.606,705.5872447638595,78760.19324476385
6910,Baskets,9335,9335,1.0,0.99609375,false,31593.191,110.39182833675565,31703.582828336755
6911,Baskets,11083,11083,1.0,0.999755859375,false,110020.61,282.4163655030794,110303.02636550309
6912,Storage boxes,93,93,1.0,0.5,false,226723.16099999993,14129.25986981517,240852.4208698151
6913,Personal care,20866,11305,0.5417904725390588,0.9999999990686774,false,44768.5,318.5481519507186,45087.048151950716
6915,Hobby and creative,360,360,1.0,0.75,false,18556.671000000006,80.65201642710466,18637.32301642711
6916,Cleaning products,2785,2785,1.0,0.5,true,64536.527999999984,3098.3567310061558,67634.88473100614
6921,Wash treatment and accessories,23831,23831,1.0,0.96875,false,402560.088,3057.4711913757706,405617.55919137574
6922,Wash treatment and accessories,30316,19289,0.6362646787175089,0.9999999990686774,false,477370.152,3935.7654028747443,481305.91740287474
6924,Residential odors,5146,5146,1.0,0.984375,false,101957.84199999998,838.9080057494874,102796.75000574946
6932,Others,1571,1571,1.0,0.9921875,false,51354.30300000013,156.31038234086225,51510.61338234099
6934,Cooking pans,1497,1497,1.0,0.999969482421875,true,332387.21599999996,4456.186270225873,336843.4022702258
6954,Candles & Tealights,7157,7157,1.0,0.998046875,false,64085.20999999999,316.11206570841915,64401.32206570841
6955,Candles & Tealights,78,78,1.0,0.5,true,35488.376000000004,113.13930677618056,35601.515306776186
6956,Candles & Tealights,194,194,1.0,0.75,true,80967.59999999999,242.15156057494877,81209.75156057494
6957,Candles & Tealights,189,189,1.0,0.5,true,59372.459999999985,179.4300024640653,59551.89000246405
6964,Residential odors,34997,34997,1.0,0.9999999850988388,false,977340.567,9721.939101848038,987062.5061018481
6969,Gift,22531,22531,1.0,0.875,false,135711.36599999998,1168.8564640657082,136880.22246406568
6973,Gift,56661,56661,1.0,0.5,false,885204.32,83565.97530595484,968770.2953059548
6977,Photo frames & albums,4362,4362,1.0,0.984375,false,104253.96799999998,280.77584722792574,104534.7438472279
6978,Vases,17077,17077,1.0,0.984375,false,724199.5320000001,15763.685445585208,739963.2174455853
6985,Storage boxes,35698,35698,1.0,0.9999999962747097,true,852919.1440000002,13409.746523203301,866328.8905232035
6987,Store kitchen,3523,3523,1.0,0.5,true,831790.729,29206.815135523633,860997.5441355237
6994,Hobby and creative,529,529,1.0,0.5,true,78906.40799999995,400.79926735112923,79307.20726735108
7000,Hobby and creative,357,357,1.0,0.5,true,4386.6900000000005,97.38373552361385,4484.073735523614
7001,Hobby and creative,454,454,1.0,0.75,true,20268.667999999998,184.3277314168377,20452.995731416835
7005,Kitchen tools,1041,1041,1.0,0.96875,false,18946.962999999996,50.90430472279262,18997.86730472279
7006,Drinks,3869,3869,1.0,0.9375,false,128049.11000000002,1785.1405462012337,129834.25054620125
7011,Others,3066,3066,1.0,0.5,true,93249.674,20372.01656632441,113621.69056632441
7020,Bathroom accessories,7966,7966,1.0,0.99609375,false,492471.62999999995,1234.6967679671448,493706.3267679671
7027,Toilet cleaners and odors,5782,5782,1.0,0.75,false,187664.561,958.9342057494872,188623.49520574947
7028,Light bulbs,1793,1793,1.0,0.9375,false,27946.625,88.57881930184801,28035.20381930185
7029,Cleaning products,4738,4738,1.0,0.99609375,false,213688.94399999993,498.85768213552393,214187.80168213547
7030,Cleaning products,5480,5480,1.0,0.9921875,false,158960.59200000006,627.6238406570849,159588.21584065715
7036,"Cloths, mops, sponges and brush",2667,2667,1.0,0.5,false,262476.62700000004,50024.262489117056,312500.8894891171
7050,Phones,8354,8354,1.0,0.75,false,1400136.5069999995,13252.64392197123,1413389.1509219708
7055,Electric personal care,9820,9820,1.0,0.9999990463256836,true,556471.7759999998,8687.424050513362,565159.2000505131
7080,Others,29051,29051,1.0,0.999755859375,false,76656.94399999999,503.7166882956878,77160.66068829567
7089,Residential odors,66,66,1.0,0.5,true,8722.0,58.35296878850119,8780.352968788502
7091,Gift,17523,17523,1.0,0.875,false,60389.405999999995,723.1002012320334,61112.50620123203
7093,Partyfun,5855,5855,1.0,0.99951171875,false,37275.74899999999,148.54916468172493,37424.29816468171
7096,Others,8249,8249,1.0,0.75,true,11788.839999999998,730.8924862422994,12519.732486242297
7103,Vases,15130,15130,1.0,0.9921875,false,154274.33699999997,586.8136624229977,154861.15066242297
7115,Window and squeegees,1697,1697,1.0,0.9375,true,38477.816999999995,175.07304435318295,38652.89004435318
7133,Games,138,138,1.0,0.875,true,4948.453999999999,26.19644065708418,4974.650440657083
7134,Tableware,3004,3004,1.0,0.5,true,54327.0,3651.138624229979,57978.13862422998
7135,"Cloths, mops, sponges and brush",21985,21985,1.0,0.9999995231628418,false,65495.429999999986,328.2276944558522,65823.65769445583
7136,"Cloths, mops, sponges and brush",12591,12591,1.0,0.998046875,false,20917.785,106.17971416837783,21023.964714168378
7141,Laundry baskets,26948,20703,0.7682573845925487,0.9999999990686774,false,1790186.8530000008,11166.260790554434,1801353.1137905552
7142,Baskets,8946,8946,1.0,0.9921875,false,57691.95600000001,249.36406735112928,57941.320067351146
7143,Baskets,12453,12453,1.0,0.9921875,false,253431.682,486.37795852156006,253918.05995852157
7144,Personal care,89392,88779,0.9931425630928942,0.9999999990686774,false,165086.20800000004,4961.560006570842,170047.76800657087
7145,Storage boxes,6963,6963,1.0,0.984375,false,303905.371,735.4778800821355,304640.84888008214
7146,Storage boxes,6513,6513,1.0,0.984375,false,120904.04900000001,242.2102053388092,121146.25920533882
7148,Wash treatment and accessories,3033,3033,1.0,0.984375,false,77630.97999999998,180.30280903490794,77811.28280903489
7149,Wash treatment and accessories,1917,1917,1.0,0.96875,false,75823.27200000001,237.7436217659139,76061.01562176592
7158,Cleaning products,18242,18242,1.0,0.99993896484375,false,136204.992,1037.492839835728,137242.48483983573
7161,Bathroom accessories,24507,24507,1.0,0.875,false,206076.71699999995,2522.2136932238186,208598.93069322375
7162,Measuring and weighing,12537,12274,0.979022094599984,0.9999999990686774,false,161744.44299999997,1530.1951359342897,163274.63813593425
7163,Shoe maintenance,16679,16679,1.0,0.984375,false,329673.8339999999,1540.1806833675578,331214.01468336745
7168,Electric personal care,6733,6733,1.0,0.9375,false,359731.77800000005,1584.3410184804918,361316.11901848053
7177,Moisture treatment and climate,38435,38435,1.0,0.96875,false,4286584.680000002,138603.81277207393,4425188.492772075
7195,Candles & Tealights,210,210,1.0,0.875,true,34753.91500000001,260.93638398357325,35014.85138398358
7196,Candles & Tealights,129,129,1.0,0.875,true,84865.221,461.7992624229992,85327.020262423
7216,Photo frames & albums,13263,13263,1.0,0.984375,false,156826.05399999997,319.6744648870635,157145.72846488704
7225,Storage boxes,27545,27545,1.0,0.875,true,645081.8149999998,2384.6679650923993,647466.4829650922
7228,Kitchen helpers,2376,2376,1.0,0.875,true,111655.495,505.1197987679666,112160.61479876796
7230,Construction,1465,1465,1.0,0.99609375,false,115650.15,949.921776180697,116600.07177618069
7236,Boys toys,18,18,1.0,0.5,true,4347.965999999999,392.2358094455848,4740.201809445584
7239,"Cloths, mops, sponges and brush",13469,13469,1.0,0.9999847412109375,false,67974.984,270.2073880903492,68245.19138809034
7240,Hobby and creative,226,226,1.0,0.9375,true,8369.907,101.50386652977402,8471.410866529774
7242,Batteries,6646,6646,1.0,0.9375,false,25826.835999999985,38.82293141683778,25865.658931416823
7244,Cleaning products,2,2,1.0,0.5,true,4032.553,288.92036878850234,4321.473368788502
0,total,20416787,19587208,0.9593677986648927,0.874631524321181,false,17103407883282.49,2334800259393.6343,19438208142676.12
