article_id,article_name,target_fill_rate,realized_fill_rate,total_demand,filled_demand,lost_sales,avg_on_hand,orders_placed,units_ordered,avg_R,Q
1111,Puzzles,0.9989270019531249,1.0,92,92,0,34.828729281767956,96,96,30.46961325966851,1
1126,Table paper,0.9989270019531249,1.0,3940,3940,0,3933.657458563536,3,3024,3623.950276243094,1008
1127,Table paper,0.9989270019531249,1.0,16478,16478,0,796.7790055248619,16,16128,896.5690607734807,1008
1129,Kitchen tools,0.9989270019531249,0.9969844195007539,5969,5951,18,314.6795580110497,11,5720,144.20994475138122,520
1131,Bicycle accessories,0.9989270019531249,1.0,5319,5319,0,610.1933701657458,5,4800,314.83977900552486,960
1134,Ironing boards,0.9989270019531249,1.0,4323,4323,0,388.34806629834253,198,4356,538.6353591160221,22
1135,"Cloths, mops, sponges and brush",0.9989270019531249,1.0,9812,9812,0,1281.342541436464,8,8000,1350.4198895027625,1000
1136,Kitchen textile,0.9989270019531249,1.0,9291,9291,0,1879.8121546961327,26,12480,6371.121546961326,480
1137,Table textiles,0.9989270019531249,1.0,2134,2134,0,198.5303867403315,7,2016,124.58563535911603,288
1138,Table textiles,0.9989270019531249,1.0,1839,1839,0,189.65193370165747,6,1728,118.33149171270718,288
1139,Table textiles,0.9989270019531249,1.0,1671,1671,0,200.81767955801104,6,1728,119.90055248618785,288
1141,Bath textiles and bath mats,0.9989270019531249,1.0,40275,40275,0,8790.342541436465,23,41400,21646.198895027625,1800
1151,Outdoor toys,0.9989270019531249,1.0,1211,1211,0,559.7845303867404,1319,1319,602.1878453038674,1
1162,Light bulbs,0.9989270019531249,1.0,3278,3278,0,398.58011049723757,22,3300,449.9944751381216,150
1164,Batteries,0.9989270019531249,0.9440907336971501,72564,68507,4057,1538.403314917127,107,69550,3834.8121546961324,650
1166,Batteries,0.9989270019531249,0.9983283326189456,23330,23291,39,710.6132596685082,39,23400,1301.5690607734807,600
1167,Batteries,0.9989270019531249,0.9877538627622967,59284,58558,726,1267.657458563536,108,60480,3282.353591160221,560
1170,Tableware,0.9989270019531249,1.0,2968,2968,0,481.11049723756906,62,2976,563.7734806629834,48
1171,Stairs,0.9989270019531249,0.7089206604913412,9932,7041,2891,295.2209944751381,212,6996,376.1546961325967,33
1172,"Cloths, mops, sponges and brush",0.9989270019531249,0.9830158159597412,22256,21878,378,685.646408839779,61,20496,2793.5690607734805,336
1173,Racks and pockets,0.9989270019531249,1.0,14647,14647,0,12228.756906077348,1,7200,10256.110497237569,7200
1174,Store kitchen,0.9989270019531249,1.0,3367,3367,0,1355.132596685083,28,3024,1498.353591160221,108
1178,Baskets,0.9989270019531249,0.9980901451489687,7854,7839,15,269.83977900552486,22,7920,208.77900552486187,360
1180,Construction,0.9989270019531249,1.0,744,744,0,246.48066298342542,776,776,296.37016574585635,1
1182,Laundry baskets,0.9989270019531249,0.7763831967213115,15616,12124,3492,423.8618784530387,191,12224,545.7734806629834,64
1183,Baskets,0.9989270019531249,1.0,6644,6644,0,264.37016574585635,18,6480,183.3314917127072,360
1184,Baskets,0.9989270019531249,1.0,7237,7237,0,990.6077348066299,26,7280,2331.3093922651933,280
1185,Table textiles,0.9989270019531249,1.0,8800,8800,0,12179.154696132597,10341,10341,16689.066298342543,1
1186,Cleaning products,0.9989270019531249,1.0,612,612,0,887.9337016574585,0,0,171.64088397790056,864
1187,Suitcases,0.9989270019531249,0.9971056439942113,691,689,2,76.53591160220995,31,651,89.35911602209944,21
1188,Cleaning products,0.9989270019531249,0.98380195599022,6544,6438,106,383.7955801104972,12,5976,364.6795580110497,498
1189,Wash treatment and accessories,0.9989270019531249,1.0,308,308,0,8344.729281767955,0,0,7772.491712707182,480
1191,Cleaning products,0.9989270019531249,0.8788890575201093,39534,34746,4788,1455.3480662983425,74,35520,1755.353591160221,480
1201,Electric personal care,0.9989270019531249,0.9833546734955185,10934,10752,182,164.38674033149172,539,10780,330.8839779005525,20
1202,Kitchen appliances,0.9989270019531249,1.0,308,308,0,1387.2044198895028,97,97,1298.9944751381215,1
1205,Kitchen tools,0.9989270019531249,0.9836281693595365,32617,32083,534,3425.8674033149173,5,30240,959.6077348066299,6048
1209,Cooking pans,0.9989270019531249,0.8286349616239868,13941,11552,2389,829.3646408839779,116,12992,1236.6906077348067,112
1218,Personal care,0.9989270019531249,1.0,7639,7639,0,1457.2872928176796,596,7152,1716.6022099447514,12
1243,Photo frames & albums,0.9989270019531249,1.0,17610,17610,0,702.7624309392265,40,17600,1145.171270718232,440
1245,Clocks,0.9989270019531249,1.0,11810,11810,0,4848.674033149171,3,11340,6643.917127071823,3780
1247,Gift cards,0.9989270019531249,1.0,0,0,0,3049.0,0,0,49.0,3000
1248,Coffee makers and kettles,0.9989270019531249,0.9894689468946894,22220,21986,234,908.0662983425415,81,22680,1636.3093922651933,280
1253,Frying pans,0.9989270019531249,1.0,5926,5926,0,541.9116022099447,25,6000,643.8232044198895,240
1258,Reading glasses,0.9989270019531249,1.0,553,553,0,2617.441988950276,0,0,403.0552486187845,2500
1259,Serve and present,0.9989270019531249,1.0,3574,3574,0,2589.243093922652,3932,3932,4400.469613259668,1
1260,Serve and present,0.9989270019531249,1.0,1373,1373,0,1958.3922651933701,1988,1988,2858.0773480662983,1
1261,Reading glasses,0.9989270019531249,1.0,3676,3676,0,2916.480662983425,1,2500,2517.3314917127072,2500
1262,Construction,0.9989270019531249,1.0,274,274,0,93.97790055248619,284,284,113.38674033149171,1
1263,Tableware,0.9989270019531249,1.0,2850,2850,0,2258.6187845303866,107,2568,3426.5414364640883,24
1264,Tableware,0.9989270019531249,1.0,2657,2657,0,1904.8508287292818,1483,2966,3447.220994475138,2
1272,Hobby and creative,0.9989270019531249,0.9574045065670562,16598,15891,707,557.7127071823204,1973,15784,1245.6795580110497,8
1282,Table paper,0.9989270019531249,1.0,17848,17848,0,6434.458563535912,48,15840,8441.209944751381,330
1283,Measuring and weighing,0.9989270019531249,1.0,17922,17922,0,9402.883977900552,6,13824,14008.121546961325,2304
1284,Ironing boards,0.9989270019531249,0.9948700410396717,5848,5818,30,123.8011049723757,164,5904,201.45303867403314,36
1286,Ironing boards,0.9989270019531249,1.0,16453,16453,0,4504.0,4,13440,6387.972375690608,3360
1288,Drying racks,0.9989270019531249,1.0,4537,4537,0,5138.226519337017,4,4800,6536.232044198895,1200
1289,Bicycle accessories,0.9989270019531249,0.9998093058733791,5244,5243,1,433.6243093922652,8,4800,316.4806629834254,600
1290,Window and squeegees,0.9989270019531249,0.9410827085424169,50817,47823,2994,3305.8950276243095,93,37200,7370.950276243094,400
1293,Table textiles,0.9989270019531249,1.0,904,904,0,184.1988950276243,3,864,67.77348066298343,288
1294,Bed textile,0.9989270019531249,1.0,3886,3886,0,565.8508287292817,3376,3376,1297.7237569060774,1
1296,Bath textiles and bath mats,0.9989270019531249,0.7740699404761905,26880,20807,6073,4486.530386740332,137,69048,21137.82872928177,504
1304,Tableware,0.9989270019531249,1.0,5563,5563,0,585.3756906077348,260,6240,798.0331491712707,24
1307,Suitcases,0.9989270019531249,1.0,491,491,0,73.35911602209944,17,391,74.1988950276243,23
1311,Table textiles,0.9989270019531249,1.0,8480,8480,0,10407.861878453039,8243,8243,14187.93370165746,1
1314,Dishwashing articles,0.9989270019531249,1.0,284,284,0,13258.729281767955,0,0,12527.044198895028,1
1316,Cutlery,0.9989270019531249,1.0,2105,2105,0,301.56353591160223,9,2160,255.67403314917127,240
1318,Foods,0.9989270019531249,1.0,634,634,0,2555.696132596685,147,147,2474.519337016575,1
1321,Vases,0.9989270019531249,1.0,434,434,0,251.7403314917127,1,252,127.28729281767956,252
1322,"Glasses (drink, beer, wine etc)",0.9989270019531249,1.0,417,417,0,233.44198895027625,98,392,269.50276243093924,4
1325,Drink & food To Go,0.9989270019531249,1.0,49,49,0,517.707182320442,2,2,476.585635359116,1
1327,Tableware,0.9989270019531249,1.0,4841,4841,0,654.7182320441989,207,4968,829.0883977900553,24
1329,"Cloths, mops, sponges and brush",0.9989270019531249,1.0,21,21,0,5413.933701657458,9,9,5412.1270718232045,1
1330,Cutlery,0.9989270019531249,1.0,2487,2487,0,232.66298342541435,69,2484,306.96685082872926,36
1333,Cutlery,0.9989270019531249,1.0,418,418,0,43.15469613259668,11,396,40.469613259668506,36
1334,Hobby and creative,0.9989270019531249,1.0,1836,1836,0,67.25414364640883,118,1888,169.38674033149172,16
1337,Hobby and creative,0.9989270019531249,1.0,6390,6390,0,430.1436464088398,645,6450,658.0718232044198,10
1340,Games,0.9989270019531249,1.0,5073,5073,0,677.2044198895028,10,4800,561.1657458563536,480
1347,Stuffed animals,0.9989270019531249,1.0,3581,3581,0,214.49171270718233,617,3702,387.49723756906076,6
1352,Hobby and creative,0.9989270019531249,1.0,252,252,0,570.9337016574585,0,0,354.4088397790055,336
1356,"Glasses (drink, beer, wine etc)",0.9989270019531249,0.9873853211009175,8720,8610,110,752.1436464088398,12,8064,729.6132596685082,672
1357,"Glasses (drink, beer, wine etc)",0.9989270019531249,1.0,1325,1325,0,1343.5303867403316,1,756,917.1933701657458,756
1361,Light bulbs,0.9989270019531249,1.0,1538,1538,0,331.8729281767956,3,1155,194.6353591160221,385
1362,Batteries,0.9989270019531249,0.9996063612029602,114318,114273,45,4282.685082872928,58,118320,7689.4309392265195,2040
1368,"Glasses (drink, beer, wine etc)",0.9989270019531249,1.0,5144,5144,0,354.7348066298343,873,5238,546.9226519337017,6
1369,"Glasses (drink, beer, wine etc)",0.9989270019531249,0.9748221127531472,1827,1781,46,178.1988950276243,436,1744,222.78453038674033,4
1373,Wash treatment and accessories,0.9989270019531249,0.9609246655714621,8522,8189,333,406.8674033149171,23,8142,533.3701657458563,354
1378,Drink & food To Go,0.9989270019531249,1.0,7829,7829,0,530.0331491712707,25,8000,661.6574585635359,320
1379,Window and squeegees,0.9989270019531249,0.8652869087466162,74989,64887,10102,1199.4254143646408,304,65664,2135.6795580110497,216
1380,Window and squeegees,0.9989270019531249,0.8253444291943919,115118,95012,20106,2680.060773480663,165,95040,3750.696132596685,576
1382,Others,0.9989270019531249,1.0,3977,3977,0,1152.110497237569,2,3456,644.756906077348,1728
1383,Table textiles,0.9989270019531249,1.0,36285,36285,0,7128.950276243094,6,34200,10883.911602209944,5700
1384,Baskets,0.9989270019531249,1.0,2516,2516,0,305.96132596685084,65,2600,381.74585635359114,40
1389,Tea and coffee,0.9989270019531249,1.0,2698,2698,0,90.60220994475138,461,2766,190.95580110497238,6
1393,Kitchen helpers,0.9989270019531249,0.9417518408616331,9099,8569,530,439.0110497237569,13,8424,433.68508287292815,648
1397,Tableware,0.9989270019531249,1.0,8845,8845,0,3826.9005524861877,9273,9273,8103.46408839779,1
1399,Store kitchen,0.9989270019531249,1.0,40,40,0,221.61325966850828,0,0,91.57458563535911,1
1403,Mugs and cups,0.9989270019531249,0.9916679584560534,25804,25589,215,7196.276243093923,10,8280,8735.353591160221,828
1433,Puzzles,0.9989270019531249,0.6410311035364294,9388,6018,3370,571.828729281768,5975,5975,504.83425414364643,1
1438,Measuring and weighing,0.9989270019531249,1.0,45133,45133,0,13081.016574585636,4,12000,18557.044198895026,3000
1440,"TV, Audio & Video",0.9989270019531249,0.9872419724770642,13952,13774,178,273.0,139,13900,450.0220994475138,100
1444,Planks,0.9989270019531249,1.0,19061,19061,0,13229.016574585636,2,14400,14576.674033149171,7200
1445,Kitchen tools,0.9989270019531249,1.0,8382,8382,0,882.2762430939226,31,8928,1954.8397790055249,288
1446,Cutlery trays,0.9989270019531249,0.9997575543849595,45371,45360,11,633.9779005524862,285,45600,1305.6132596685084,160
1448,Store kitchen,0.9989270019531249,1.0,9369,9369,0,419.49171270718233,29,9280,962.9779005524862,320
1449,Drying racks,0.9989270019531249,0.9799314733235438,2043,2002,41,219.9060773480663,9,1800,103.62983425414365,200
1451,Foils and bags,0.9989270019531249,1.0,165,165,0,1360.657458563536,85,85,1348.3480662983425,1
1453,Bathroom accessories,0.9989270019531249,0.9521886288005916,35159,33478,1681,12397.436464088398,14,50400,34158.76795580111,3600
1456,Baskets,0.9989270019531249,1.0,2884,2884,0,529.8011049723757,17,2720,1015.3149171270718,160
1458,Baskets,0.9989270019531249,1.0,8054,8054,0,1103.4585635359117,19,7980,2528.9116022099447,420
1460,Baskets,0.9989270019531249,1.0,10458,10458,0,404.95580110497235,19,10260,305.5303867403315,540
1461,Baskets,0.9989270019531249,1.0,12061,12061,0,350.5966850828729,31,11904,335.878453038674,384
1462,Storage boxes,0.9989270019531249,1.0,6753,6753,0,498.1436464088398,137,6576,605.6519337016574,48
1463,Bed textile,0.9989270019531249,1.0,734,734,0,299.55801104972375,51,1020,590.6243093922652,20
1466,Cleaning products,0.9989270019531249,0.9624962496249625,6666,6416,250,169.01657458563537,57,6498,355.90055248618785,114
1468,Cleaning products,0.9989270019531249,1.0,5087,5087,0,466.23204419889504,31,5394,582.5635359116022,174
1469,Cleaning products,0.9989270019531249,0.5795680826853783,84368,48897,35471,13900.370165745857,738,70848,7658.314917127072,96
1470,Cleaning products,0.9989270019531249,1.0,7796,7796,0,815.5027624309392,9,7200,687.1988950276243,800
1471,Window and squeegees,0.9989270019531249,0.9401846269781462,10616,9981,635,484.09944751381215,568,10224,851.2099447513813,18
1474,Ironing,0.9989270019531249,0.741183593158771,6607,4897,1710,861.1878453038674,212,5088,829.2375690607735,24
1477,Frying pans,0.9989270019531249,0.7030411449016101,1118,786,332,89.9171270718232,1166,1166,112.93922651933701,1
1490,Easter,0.9989270019531249,0.7991626208186717,22451,17942,4509,3683.6519337016575,18066,18066,3152.0662983425414,1
1506,Tea and coffee,0.9989270019531249,1.0,4085,4085,0,4572.055248618784,394,4728,6543.093922651934,12
1507,Boys toys,0.9989270019531249,1.0,49,49,0,829.0331491712707,0,0,774.2486187845304,6
1508,Teletoys,0.9989270019531249,1.0,946,946,0,534.767955801105,7,840,503.8674033149171,120
1512,Hobby and creative,0.9989270019531249,1.0,304,304,0,57.70165745856354,24,312,61.65745856353591,13
1513,Serve and present,0.9989270019531249,1.0,2770,2770,0,2623.022099447514,6517,6517,5405.806629834254,1
1514,Tableware,0.9989270019531249,1.0,2077,2077,0,366.69060773480663,5,1920,245.49171270718233,384
1527,Wash treatment and accessories,0.9989270019531249,0.6827635668180732,8366,5712,2654,739.3149171270718,10,5280,530.6077348066299,528
1531,Drink & food To Go,0.9989270019531249,1.0,1940,1940,0,1119.2486187845304,3,1872,923.5745856353591,624
1533,"Cloths, mops, sponges and brush",0.9989270019531249,1.0,12046,12046,0,1007.3646408839779,9,10800,1235.9779005524863,1200
1537,Cutlery,0.9989270019531249,1.0,3376,3376,0,155.9060773480663,145,3480,276.1767955801105,24
1538,Drying racks,0.9989270019531249,1.0,26,26,0,7341.67955801105,0,0,2194.232044198895,3200
1540,Bicycle accessories,0.9989270019531249,0.8977616454930429,1653,1484,169,471.7900552486188,22,1452,431.5303867403315,66
1545,Table textiles,0.9989270019531249,1.0,759,759,0,285.9171270718232,2,576,140.81767955801104,288
1548,Ironing board textiles,0.9989270019531249,1.0,33710,33710,0,1270.5911602209944,103,33990,5903.8950276243095,330
1559,Tea and coffee,0.9989270019531249,0.9248132872589455,17942,16593,1349,846.5635359116022,21,16380,1012.5138121546961,780
1561,Tea and coffee,0.9989270019531249,1.0,502,502,0,1003.7734806629834,0,0,533.0441988950276,432
1564,Tableware,0.9989270019531249,1.0,6517,6517,0,3997.9447513812156,1,3024,2605.171270718232,3024
1570,Kitchen tools,0.9989270019531249,1.0,523,523,0,404.01657458563534,10,480,396.76795580110496,48
1571,Tableware,0.9989270019531249,1.0,3657,3657,0,466.8618784530387,50,3600,565.2817679558011,72
1575,"Cloths, mops, sponges and brush",0.9989270019531249,1.0,2108,2108,0,797.9889502762431,2,1260,577.5248618784531,630
1582,Light bulbs,0.9989270019531249,1.0,7425,7425,0,1103.121546961326,19,7315,1187.7127071823204,385
1584,Light bulbs,0.9989270019531249,1.0,845,845,0,278.0552486187845,2,748,110.33149171270718,374
1585,Boys toys,0.9989270019531249,1.0,1697,1697,0,484.23204419889504,4,1440,384.98342541436466,360
1589,Planks,0.9989270019531249,1.0,346,346,0,2308.425414364641,136,136,2304.6077348066297,1
1593,Puzzles,0.9989270019531249,1.0,510,510,0,491.17127071823205,4,480,437.88950276243094,120
1597,Hobby and creative,0.9989270019531249,1.0,3078,3078,0,210.61325966850828,312,3120,385.3922651933702,10
1605,Puzzles,0.9989270019531249,1.0,4065,4065,0,128.86740331491714,343,4116,189.69060773480663,12
1606,Games,0.9989270019531249,0.9838833461243285,5212,5128,84,252.8121546961326,434,5208,377.6795580110497,12
1607,Hobby and creative,0.9989270019531249,1.0,3304,3304,0,161.22099447513813,45,3330,248.80662983425415,74
1612,Foodprep,0.9989270019531249,1.0,20935,20935,0,10056.563535911602,9,23220,18275.209944751383,2580
1613,Reading glasses,0.9989270019531249,1.0,1497,1497,0,2777.2154696132598,0,0,1010.767955801105,2500
1617,"Glasses (drink, beer, wine etc)",0.9989270019531249,1.0,1191,1191,0,653.9502762430939,1,624,371.1767955801105,624
1618,"Glasses (drink, beer, wine etc)",0.9989270019531249,0.9750406143848767,13542,13204,338,1138.2762430939226,19,12768,1265.624309392265,672
1619,Residential odors,0.9989270019531249,1.0,233,233,0,601.5966850828729,105,105,584.9723756906077,1
1621,Waste bins,0.9989270019531249,1.0,2342,2342,0,243.15469613259668,5,2160,70.69613259668509,432
1623,Kitchen helpers,0.9989270019531249,1.0,15885,15885,0,6449.674033149171,7,16884,12821.646408839779,2412
1624,Cutlery,0.9989270019531249,1.0,24225,24225,0,9712.972375690608,7,25200,19255.795580110498,3600
1626,Drying racks,0.9989270019531249,1.0,13613,13613,0,545.4198895027624,570,13680,1049.9447513812154,24
1631,Tea and coffee,0.9989270019531249,1.0,22966,22966,0,5440.618784530387,16,13056,10522.635359116022,816
1636,Tableware,0.9989270019531249,1.0,195,195,0,63.53591160220994,7,168,54.966850828729285,24
1637,Tea and coffee,0.9989270019531249,1.0,12599,12599,0,6369.552486187846,6,7776,9380.337016574586,1296
1643,Light bulbs,0.9989270019531249,1.0,9442,9442,0,873.3093922651934,26,9360,1054.4585635359117,360
1646,Tea and coffee,0.9989270019531249,0.8038191430600489,63365,50934,12431,3090.5303867403313,37,49950,3624.6740331491715,1350
1650,Hobby and creative,0.9989270019531249,1.0,11074,11074,0,605.5911602209944,309,11124,1009.4033149171271,36
1655,Puzzles,0.9989270019531249,1.0,57,57,0,1421.2651933701657,0,0,1282.1491712707182,120
1661,Coffee makers and kettles,0.9989270019531249,0.6142169566827101,2701,1659,1042,478.09944751381215,1977,1977,212.6685082872928,1
1662,Batteries,0.9989270019531249,0.9816597890875745,19629,19269,360,489.58011049723757,1975,19750,1234.220994475138,10
1663,Hobby and creative,0.9989270019531249,1.0,389,389,0,47.386740331491715,66,396,54.28729281767956,6
1665,Bakeware,0.9989270019531249,0.990990990990991,25086,24860,226,1821.8839779005525,35,23520,3265.342541436464,672
1666,Electric personal care,0.9989270019531249,1.0,74624,74624,0,4065.7734806629833,51,74256,4951.3370165745855,1456
1668,"Cloths, mops, sponges and brush",0.9989270019531249,0.912841292081645,132035,120527,11508,7491.917127071823,48,92160,16912.872928176796,1920
1669,Store kitchen,0.9989270019531249,1.0,8023,8023,0,416.50828729281767,35,8400,901.0497237569061,240
1670,Bathroom accessories,0.9989270019531249,0.9898255813953488,3440,3405,35,511.49723756906076,3534,3534,636.1546961325967,1
1672,Watering cans,0.9989270019531249,0.9799138073505295,78661,77081,1580,11641.3591160221,5,69840,22104.022099447513,13968
1675,Baskets,0.9989270019531249,1.0,14826,14826,0,668.1933701657458,15,14850,388.5911602209945,990
1678,Wash treatment and accessories,0.9989270019531249,1.0,3277,3277,0,184.60773480662982,45,3240,272.8563535911602,72
1679,Cleaning products,0.9989270019531249,0.9936746101794646,6798,6755,43,247.00552486187846,38,6612,415.34806629834253,174
1680,Cleaning products,0.9989270019531249,0.8896840039672806,93767,83423,10344,3385.220994475138,103,82400,4264.215469613259,800
1681,Cleaning products,0.9989270019531249,0.9909732309607803,9638,9551,87,865.8011049723757,11,9504,1461.7513812154696,864
1688,Personal care,0.9989270019531249,0.7085189063702545,158518,112313,46205,6670.215469613259,76,111872,6982.3370165745855,1472
1689,Personal care,0.9989270019531249,0.8292664773507993,174664,144843,29821,6571.099447513812,99,145728,7658.613259668508,1472
1693,Coffee makers and kettles,0.9989270019531249,0.9656145300652442,11342,10952,390,478.0220994475138,375,11250,882.5138121546961,30
1694,Electric personal care,0.9989270019531249,0.6369722582534834,71697,45669,26028,7900.850828729282,62,46872,5329.469613259668,756
1711,Small garden,0.9989270019531249,1.0,7132,7132,0,3632.2983425414363,25,7200,3999.486187845304,288
1724,Candles & Tealights,0.9989270019531249,1.0,366,366,0,9625.502762430939,0,0,742.7513812154696,9120
1738,Partyfun,0.9989270019531249,1.0,38737,38737,0,1141.707182320442,73,39420,1525.4088397790056,540
1739,Vases,0.9989270019531249,0.9647458840372226,5588,5391,197,237.52486187845304,66,5280,399.0220994475138,80
1751,Tools,0.9989270019531249,1.0,0,0,0,46.0,0,0,40.0,6
1752,Reading glasses,0.9989270019531249,1.0,3151,3151,0,2980.685082872928,1,2500,2153.022099447514,2500
1753,Others,0.9989270019531249,1.0,1373,1373,0,742.6795580110497,1,784,267.16574585635357,784
1756,Serve and present,0.9989270019531249,1.0,7237,7237,0,3445.795580110497,23155,23155,13203.917127071823,1
1760,Kitchen tools,0.9989270019531249,1.0,172,172,0,96.74585635359117,1,128,26.11049723756906,128
1762,Teletoys,0.9989270019531249,1.0,337,337,0,95.8232044198895,2,240,43.73480662983425,120
1763,Hobby and creative,0.9989270019531249,1.0,16,16,0,510.3922651933702,0,0,8.541436464088397,504
1764,Hobby and creative,0.9989270019531249,1.0,235,235,0,12203.502762430939,0,0,11357.635359116022,1
1766,Puzzles,0.9989270019531249,1.0,37,37,0,32.348066298342545,2,24,26.76795580110497,12
1771,Cleaning products,0.9989270019531249,1.0,7304,7304,0,1094.2375690607735,6941,6941,1325.2983425414366,1
1772,Window and squeegees,0.9989270019531249,0.9858941165967324,22402,22086,316,1044.585635359116,469,22512,1871.5082872928176,48
1773,Cleaning products,0.9989270019531249,0.9965437788018433,2604,2595,9,1101.0165745856355,1,1986,132.5635359116022,1986
1774,"Cloths, mops, sponges and brush",0.9989270019531249,1.0,6943,6943,0,508.41988950276243,124,7440,1281.513812154696,60
1783,Personal care,0.9989270019531249,0.9873603897596176,261084,257784,3300,9358.508287292818,763,256368,13368.204419889502,336
1784,Cutlery,0.9989270019531249,0.9971153846153846,4160,4148,12,185.8011049723757,182,4368,335.18232044198896,24
1786,Racks and pockets,0.9989270019531249,1.0,26438,26438,0,8706.988950276243,3,25452,7579.8729281767955,8484
1787,Stairs,0.9989270019531249,0.98212232096184,9565,9394,171,483.9502762430939,274,9316,822.6740331491712,34
1795,"Cloths, mops, sponges and brush",0.9989270019531249,1.0,2776,2776,0,1232.46408839779,2,2340,794.707182320442,1170
1797,Kitchen textile,0.9989270019531249,1.0,4896,4896,0,369.2044198895028,10,4800,293.54696132596683,480
1798,Umbrellas,0.9989270019531249,1.0,32,32,0,2422.4585635359117,0,0,2032.4309392265193,1
1799,Bath textiles and bath mats,0.9989270019531249,0.8224357964392627,69817,57420,12397,11640.099447513812,228,237120,68804.49723756906,1040
1806,Mugs and cups,0.9989270019531249,1.0,54526,54526,0,13903.767955801104,59,48852,34895.530386740335,828
1813,Tea and coffee,0.9989270019531249,0.9687713310580205,17580,17031,549,1971.0607734806629,21,16128,2050.5635359116022,768
1815,Light bulbs,0.9989270019531249,1.0,1805,1805,0,375.74585635359114,6,1650,289.7182320441989,275
1821,"Glasses (drink, beer, wine etc)",0.9989270019531249,1.0,24,24,0,30.54696132596685,1,6,24.38121546961326,6
1823,Drinks,0.9989270019531249,1.0,467,467,0,1972.011049723757,303,303,1979.767955801105,1
1826,"Cloths, mops, sponges and brush",0.9989270019531249,1.0,691,691,0,3080.497237569061,0,0,1031.475138121547,2340
1828,Foods,0.9989270019531249,1.0,79,79,0,2079.1491712707184,54,54,2078.8453038674033,1
1829,"Glasses (drink, beer, wine etc)",0.9989270019531249,1.0,1635,1635,0,211.65193370165747,5,1440,125.30386740331491,288
1831,Bakeware,0.9989270019531249,1.0,417,417,0,51.270718232044196,423,423,66.04419889502762,1
1832,Tableware,0.9989270019531249,1.0,5985,5985,0,1031.2596685082874,251,6024,1242.132596685083,24
1833,Special pans,0.9989270019531249,0.995850622406639,482,480,2,44.9060773480663,23,460,51.01657458563536,20
1842,Baby / Toddler,0.9989270019531249,1.0,0,0,0,93.0,0,0,92.0,1
1850,Girls toys,0.9989270019531249,0.9891956782713085,833,824,9,35.98342541436464,142,852,49.591160220994475,6
1862,Coffee makers and kettles,0.9989270019531249,1.0,210,210,0,6518.817679558011,178,178,6491.651933701657,1
1868,Small storage,0.9989270019531249,1.0,26244,26244,0,1162.4972375690609,13,26208,571.2265193370166,2016
1872,Toilet accessories,0.9989270019531249,1.0,11682,11682,0,649.2486187845304,57,11400,2156.2983425414363,200
1874,Serve and present,0.9989270019531249,1.0,619,619,0,200.98342541436463,604,604,209.75690607734808,1
1876,Bathroom accessories,0.9989270019531249,1.0,635,635,0,161.16022099447514,637,637,182.9281767955801,1
1878,Bathroom accessories,0.9989270019531249,1.0,1466,1466,0,248.9060773480663,1461,1461,302.23204419889504,1
1879,Travel accessories,0.9989270019531249,1.0,565,565,0,317.24309392265195,0,0,90.50828729281768,528
1880,Laundry baskets,0.9989270019531249,0.8159430954132941,20385,16633,3752,666.3756906077348,348,16704,859.939226519337,48
1881,Gift cards,0.9989270019531249,1.0,0,0,0,3036.0,0,0,36.0,3000
1882,Baskets,0.9989270019531249,1.0,17633,17633,0,697.3591160220994,18,17820,492.71270718232046,990
1883,Baskets,0.9989270019531249,1.0,10058,10058,0,314.81767955801104,26,9984,281.0220994475138,384
1884,Storage boxes,0.9989270019531249,1.0,28789,28789,0,3431.685082872928,250,30000,4504.92817679558,120
1886,Personal care,0.9989270019531249,0.9791895604395604,58240,57028,1212,2041.0386740331492,56215,56215,4198.116022099448,1
1887,Foods,0.9989270019531249,1.0,976,976,0,1494.9613259668508,429,429,1463.8563535911603,1
1889,Tools,0.9989270019531249,0.868759537824286,4587,3985,602,372.3204419889503,4802,4802,551.2209944751381,1
1891,Toilet cleaners and odors,0.9989270019531249,1.0,5007,5007,0,286.97237569060775,14,4872,295.2651933701657,348
1892,Wash treatment and accessories,0.9989270019531249,1.0,11153,11153,0,1201.7016574585634,14,10752,978.0276243093923,768
1893,Cleaning products,0.9989270019531249,1.0,5100,5100,0,320.6740331491713,12,5040,297.8066298342541,420
1894,Cleaning products,0.9989270019531249,1.0,3566,3566,0,439.6740331491713,8,3360,331.6685082872928,420
1898,Cleaning products,0.9989270019531249,0.9307739183424741,24615,22911,1704,944.0828729281768,26,23296,830.0828729281768,896
1903,Residential odors,0.9989270019531249,1.0,5082,5082,0,468.6077348066298,10,4800,305.5966850828729,480
1904,Dishwashing articles,0.9989270019531249,0.9785089106822735,47415,46396,1019,1695.5580110497237,61,40992,5958.303867403315,672
1905,Stationary,0.9989270019531249,0.9979292516289008,75818,75661,157,6936.878453038674,6,63360,6334.46408839779,10560
1906,Drink & food To Go,0.9989270019531249,1.0,15968,15968,0,2086.232044198895,11,16456,2498.3922651933703,1496
1908,Drink & food To Go,0.9989270019531249,0.9207693111738267,9567,8809,758,629.5745856353591,19,9120,974.828729281768,480
1917,Frying pans,0.9989270019531249,0.8952502120441052,23580,21110,2470,898.4419889502763,218,20928,1507.9779005524863,96
1944,Candles & Tealights,0.9989270019531249,1.0,14263,14263,0,11167.646408839779,16746,16746,18926.375690607736,1
1945,Candles & Tealights,0.9989270019531249,1.0,217,217,0,1848.635359116022,0,0,265.01657458563534,1710
1947,Candles & Tealights,0.9989270019531249,0.9472152401111258,15118,14320,798,741.8839779005525,19,14250,674.5524861878453,750
1948,Candles & Tealights,0.9989270019531249,0.9608286482522611,16364,15723,641,849.1988950276243,26,15288,888.9060773480663,588
1965,Residential odors,0.9989270019531249,0.9262204262530144,15343,14211,1132,779.7237569060774,2606,15636,1113.657458563536,6
1970,Photo frames & albums,0.9989270019531249,1.0,2322,2322,0,219.19337016574585,8,2112,162.65193370165747,264
1979,Gift cards,0.9989270019531249,1.0,0,0,0,3088.0,0,0,62.773480662983424,3000
1981,Foodprep,0.9989270019531249,1.0,1007,1007,0,263.43093922651934,26,1040,283.8232044198895,40
1982,Drink & food To Go,0.9989270019531249,0.9071544338967353,17276,15672,1604,1147.828729281768,15,14400,1644.9392265193371,960
1997,"Glasses (drink, beer, wine etc)",0.9989270019531249,0.8640776699029126,2163,1869,294,49.78453038674033,2079,2079,124.74033149171271,1
1998,Thermos jugs,0.9989270019531249,1.0,1510,1510,0,2407.1491712707184,1593,1593,3159.8121546961324,1
2003,Tableware,0.9989270019531249,1.0,11069,11069,0,9523.06629834254,344,12384,15143.99447513812,36
2004,Knives,0.9989270019531249,1.0,215,215,0,106.26519337016575,1,128,36.209944751381215,128
2006,Fans and electric blankets,0.9989270019531249,1.0,778,778,0,402.5414364640884,659,659,415.82872928176795,1
2007,Table textiles,0.9989270019531249,1.0,296,296,0,165.21546961325967,1,216,50.95580110497237,216
2009,Hobby and creative,0.9989270019531249,1.0,414,414,0,106.93370165745857,398,398,120.82872928176796,1
2011,Boys toys,0.9989270019531249,1.0,9799,9799,0,508.939226519337,35,10080,744.8121546961326,288
2014,"Glasses (drink, beer, wine etc)",0.9989270019531249,1.0,2430,2430,0,762.4309392265193,551,2204,827.889502762431,4
2019,Shoe maintenance,0.9989270019531249,1.0,1403,1403,0,215.72375690607734,8,1344,148.5745856353591,168
2021,Baskets,0.9989270019531249,1.0,4366,4366,0,387.95580110497235,62,4464,520.7734806629834,72
2023,Vacuuming,0.9989270019531249,1.0,140,140,0,51539.03314917127,0,0,38628.57458563536,675
2024,Toilet accessories,0.9989270019531249,0.9668928775290163,15767,15245,522,397.72375690607737,45,15120,465.96685082872926,336
2025,Knives,0.9989270019531249,0.9934342629482071,62750,62338,412,9647.430939226519,9,54000,23586.596685082874,6000
2030,Ironing board textiles,0.9989270019531249,1.0,18520,18520,0,1047.8618784530386,29,19140,3350.1436464088397,660
2035,Bed textile,0.9989270019531249,1.0,660,660,0,828.4696132596686,5,240,714.3204419889503,48
2045,Shopping bags and trolleys,0.9989270019531249,1.0,6342,6342,0,2825.5690607734805,5945,5945,3021.0883977900553,1
2049,Hobby and creative,0.9989270019531249,1.0,10656,10656,0,488.30386740331494,335,10720,881.0828729281768,32
2050,Boys toys,0.9989270019531249,1.0,2569,2569,0,251.02762430939225,52,2496,410.77348066298345,48
2055,Hobby and creative,0.9989270019531249,1.0,5984,5984,0,282.0,1002,6012,503.11049723756906,6
2062,Hobby and creative,0.9989270019531249,1.0,2094,2094,0,389.7900552486188,354,2124,508.70165745856355,6
2069,Hobby and creative,0.9989270019531249,0.9942151947551099,2593,2578,15,194.6022099447514,441,2646,285.03867403314916,6
2072,Foodprep,0.9989270019531249,1.0,3883,3883,0,738.8066298342542,3834,3834,872.5193370165746,1
2077,Small storage,0.9989270019531249,1.0,41641,41641,0,2189.46408839779,10,37800,924.878453038674,3780
2078,Racks and pockets,0.9989270019531249,1.0,23620,23620,0,821.3370165745856,24,23040,1226.767955801105,960
2082,Waste bins,0.9989270019531249,0.9953243717124488,5133,5109,24,106.83977900552486,57,5130,143.97790055248618,90
2085,"Cloths, mops, sponges and brush",0.9989270019531249,0.9950381130447289,13906,13837,69,600.5635359116022,29,13920,1881.1270718232045,480
2086,Cutlery,0.9989270019531249,1.0,2392,2392,0,821.3977900552486,2,2400,261.6740331491713,1200
2087,Cleaning products,0.9989270019531249,1.0,11109,11109,0,399.56353591160223,32,11136,643.889502762431,348
2088,Cleaning products,0.9989270019531249,0.9991503823279524,3531,3528,3,139.8950276243094,20,3480,182.54696132596686,174
2092,Cleaning products,0.9989270019531249,1.0,2657,2657,0,121.11049723756906,2819,2819,240.6022099447514,1
2093,Cleaning products,0.9989270019531249,1.0,4446,4446,0,563.7458563535912,11,4356,551.2154696132596,396
2094,Wash treatment and accessories,0.9989270019531249,1.0,22885,22885,0,16257.872928176796,21455,21455,16235.232044198896,1
2097,Shoe maintenance,0.9989270019531249,1.0,6599,6599,0,1467.596685082873,21,5544,1254.0441988950276,264
2099,Store kitchen,0.9989270019531249,1.0,2182,2182,0,909.414364640884,1,1152,244.01657458563537,1152
2101,Coffee makers and kettles,0.9989270019531249,0.9684131736526946,13360,12938,422,417.83977900552486,222,13320,891.5138121546961,60
2102,Electric personal care,0.9989270019531249,0.8810332337227202,44172,38917,5255,2637.1546961325967,1928,38560,4069.0,20
2103,Coffee makers and kettles,0.9989270019531249,0.9808510638297873,1880,1844,36,62.81767955801105,38,1900,107.12154696132596,50
2109,Pan sets,0.9989270019531249,1.0,3333,3333,0,171.54696132596686,85,3400,279.71270718232046,40
2114,Construction,0.9989270019531249,1.0,382,382,0,297.4088397790055,0,0,165.8950276243094,392
2135,Watering cans,0.9989270019531249,1.0,6662,6662,0,423.83977900552486,44,6600,599.5911602209944,150
2143,Gift cards,0.9989270019531249,1.0,0,0,0,461793.0,0,0,461792.0,1
2150,Construction,0.9989270019531249,1.0,81,81,0,1230.232044198895,0,0,831.182320441989,336
2151,Tableware,0.9989270019531249,1.0,2146,2146,0,2385.7624309392263,61,1464,3052.292817679558,24
2152,Tableware,0.9989270019531249,1.0,1109,1109,0,900.5082872928177,86,1548,1404.1878453038673,18
2153,Teletoys,0.9989270019531249,1.0,446,446,0,435.121546961326,3,360,385.0939226519337,120
2159,Phones,0.9989270019531249,1.0,35,35,0,7.54696132596685,35,35,7.701657458563536,1
2161,Boys toys,0.9989270019531249,1.0,830,830,0,260.5966850828729,809,809,290.41988950276243,1
2163,Boys toys,0.9989270019531249,0.97781217750258,1938,1895,43,396.56353591160223,2,1440,74.43093922651934,720
2164,Foods,0.9989270019531249,1.0,794,794,0,881.6408839779006,500,500,885.4530386740331,1
2165,Games,0.9989270019531249,1.0,404,404,0,990.8232044198895,1,288,838.4309392265193,288
2167,Games,0.9989270019531249,1.0,1476,1476,0,128.28176795580112,251,1506,229.4364640883978,6
2170,"Glasses (drink, beer, wine etc)",0.9989270019531249,1.0,895,895,0,377.0773480662983,4,864,297.38121546961327,216
2179,Window and squeegees,0.9989270019531249,0.971234978266428,7822,7597,225,446.3756906077348,322,7728,715.0,24
2182,Cleaning products,0.9989270019531249,0.967483975989419,49145,47547,1598,2492.6243093922653,60,47520,2873.1657458563536,792
2183,"Cloths, mops, sponges and brush",0.9989270019531249,1.0,8299,8299,0,485.7900552486188,45,8640,1009.7403314917127,192
2185,Special pans,0.9989270019531249,1.0,23039,23039,0,9152.977900552487,9,21708,17711.85635359116,2412
2188,Cutlery,0.9989270019531249,1.0,4779,4779,0,469.0718232044199,6,4320,278.54696132596683,720
2189,Toilet accessories,0.9989270019531249,0.9951184946067239,12701,12639,62,384.01657458563534,36,12096,410.1270718232044,336
2190,Window and squeegees,0.9989270019531249,0.9985732883919177,56073,55993,80,991.6685082872929,70,55440,1810.0,792
2192,Clothes hangers,0.9989270019531249,1.0,51913,51913,0,25511.955801104974,10,80640,55595.6906077348,8064
2194,Wash treatment and accessories,0.9989270019531249,1.0,24294,24294,0,15716.790055248619,3,28800,19981.270718232045,9600
2195,Table textiles,0.9989270019531249,1.0,885,885,0,171.28729281767957,3,864,61.270718232044196,288
2196,Table textiles,0.9989270019531249,1.0,3060,3060,0,287.2099447513812,10,2880,248.59116022099448,288
2200,Bath textiles and bath mats,0.9989270019531249,1.0,14253,14253,0,2919.232044198895,9,11340,5914.812154696133,1260
2202,Bed textile,0.9989270019531249,1.0,2926,2926,0,1652.5801104972375,2,2304,1950.9723756906078,1152
2212,Thermos jugs,0.9989270019531249,1.0,1159,1159,0,300.70165745856355,2,896,76.10497237569061,448
2218,Tableware,0.9989270019531249,1.0,1039,1039,0,126.5303867403315,88,1056,159.96132596685084,12
2219,Thermos jugs,0.9989270019531249,0.9519519519519519,1998,1902,96,170.91160220994476,10,1800,102.4696132596685,180
2221,Planks,0.9989270019531249,1.0,2424,2424,0,1084.4585635359117,2427,2427,1090.5303867403316,1
2223,Cutlery,0.9989270019531249,1.0,1504,1504,0,517.6850828729282,1,756,126.01104972375691,756
2224,Personal care,0.9989270019531249,1.0,121,121,0,2440.6906077348067,3,3,2398.3756906077347,1
2225,Personal care,0.9989270019531249,1.0,167,167,0,129.17127071823205,112,112,130.64088397790056,1
2228,Tableware,0.9989270019531249,1.0,7343,7343,0,6596.917127071823,6642,6642,6801.099447513812,1
2230,"Cloths, mops, sponges and brush",0.9989270019531249,1.0,775,775,0,824.767955801105,1,720,516.8729281767955,720
2232,"Cloths, mops, sponges and brush",0.9989270019531249,1.0,380,380,0,2048.502762430939,0,0,1037.0055248618785,1170
2246,Baby / Toddler,0.9989270019531249,1.0,479,479,0,225.65193370165747,485,485,242.48066298342542,1
2256,Baby / Toddler,0.9989270019531249,1.0,1235,1235,0,146.86740331491714,206,1236,232.71270718232043,6
2264,Personal care,0.9989270019531249,1.0,6516,6516,0,1370.2707182320441,2,4448,538.8563535911602,2224
2265,Drink & food To Go,0.9989270019531249,0.9671585648148148,13824,13370,454,969.4696132596686,10,12960,839.0165745856353,1296
2269,Baskets,0.9989270019531249,1.0,4362,4362,0,387.44198895027625,63,4536,518.7900552486187,72
2270,Euro articles,0.9989270019531249,1.0,1960,1960,0,903.9337016574585,1935,1935,975.7182320441989,1
2271,"Cloths, mops, sponges and brush",0.9989270019531249,0.9858115370834826,69775,68785,990,3303.342541436464,38,57000,9022.552486187846,1500
2273,Tea and coffee,0.9989270019531249,1.0,3785,3785,0,184.38674033149172,16,3840,208.58011049723757,240
2282,"Cloths, mops, sponges and brush",0.9989270019531249,1.0,1592,1592,0,6448.629834254144,0,0,1547.7955801104972,2880
2283,Ironing board textiles,0.9989270019531249,1.0,50860,50860,0,1894.8121546961327,145,52200,9058.795580110498,360
2288,Bed textile,0.9989270019531249,0.957871755478289,12367,11846,521,3038.441988950276,12,12096,7319.1270718232045,1008
2291,Mugs and cups,0.9989270019531249,0.9841997961264016,29430,28965,465,8135.546961325967,13,10764,9310.3591160221,828
2330,Store kitchen,0.9989270019531249,1.0,3359,3359,0,115.02762430939227,878,3512,241.02209944751382,4
2336,Vacuuming,0.9989270019531249,1.0,12394,12394,0,3215.1160220994475,2403,14418,8198.524861878454,6
2337,Light bulbs,0.9989270019531249,1.0,4048,4048,0,584.9226519337017,14,3850,598.3093922651934,275
2341,Store kitchen,0.9989270019531249,1.0,338,338,0,419.1878453038674,325,325,429.72375690607737,1
2342,Drink & food To Go,0.9989270019531249,0.9765217831300916,19763,19299,464,1125.6298342541436,23,19872,1392.3812154696132,864
2344,"Cloths, mops, sponges and brush",0.9989270019531249,0.9609777107785076,46435,44623,1812,2052.6740331491715,113,36612,6058.8950276243095,324
2345,Kitchen tools,0.9989270019531249,0.9516090584028606,8390,7984,406,276.8674033149171,41,8036,477.0220994475138,196
2349,Foods,0.9989270019531249,1.0,0,0,0,1870.0,0,0,1864.1270718232045,1
2350,Baskets,0.9989270019531249,1.0,11259,11259,0,629.7127071823204,11,10890,317.10497237569064,990
2353,Cleaning products,0.9989270019531249,0.9960199781488996,12814,12763,51,382.5414364640884,53,13038,747.5359116022099,246
2354,Cleaning products,0.9989270019531249,0.9884419787332409,6489,6414,75,234.0110497237569,37,6438,388.0662983425414,174
2355,Suitcases,0.9989270019531249,1.0,367,367,0,57.9171270718232,34,340,64.4475138121547,10
2356,Cleaning products,0.9989270019531249,0.9995883926733896,4859,4857,2,149.32044198895028,28,4872,248.3977900552486,174
2359,Foods,0.9989270019531249,1.0,466,466,0,3145.4475138121547,0,0,2907.9116022099447,1
2361,Cleaning products,0.9989270019531249,1.0,34,34,0,923.3977900552486,0,0,324.76795580110496,480
2363,Residential odors,0.9989270019531249,1.0,7433,7433,0,1394.171270718232,2,5040,186.95580110497238,2520
2364,Personal care,0.9989270019531249,1.0,67167,67167,0,2425.8950276243095,77,66528,3402.5303867403313,864
2369,Window and squeegees,0.9989270019531249,0.6664759725400458,1748,1165,583,429.7790055248619,70,1400,242.64088397790056,20
2370,Ironing,0.9989270019531249,0.8245888379617148,18545,15292,3253,1379.9447513812154,188,16920,1657.2817679558011,90
2379,Pan sets,0.9989270019531249,1.0,5909,5909,0,528.3425414364641,205,6150,741.7458563535912,30
2391,Foods,0.9989270019531249,1.0,638,638,0,1338.3314917127072,394,394,1345.4696132596684,1
2392,Foods,0.9989270019531249,1.0,29,29,0,3537.1270718232045,0,0,2809.8342541436464,1
2394,Residential odors,0.9989270019531249,1.0,10216,10216,0,600.1767955801105,13,9750,447.9226519337017,750
2401,Gift cards,0.9989270019531249,1.0,0,0,0,3025.0,0,0,25.0,3000
2402,Baby / Toddler,0.9989270019531249,1.0,86,86,0,68.10497237569061,2,72,46.270718232044196,36
2403,Tea and coffee,0.9989270019531249,1.0,3035,3035,0,1994.707182320442,19,2736,3170.696132596685,144
2406,Partyfun,0.9989270019531249,1.0,2088,2088,0,2926.8729281767955,0,0,147.13812154696132,3564
2408,Construction,0.9989270019531249,1.0,324,324,0,111.646408839779,34,272,126.58011049723757,8
2410,Construction,0.9989270019531249,1.0,446,446,0,179.58563535911603,5,360,165.32596685082873,72
2412,Electric personal care,0.9989270019531249,1.0,242,242,0,30.60220994475138,40,240,35.65745856353591,6
2415,Batteries,0.9989270019531249,1.0,1114,1114,0,73.88397790055248,56,1120,105.65193370165746,20
2416,Construction,0.9989270019531249,1.0,379,379,0,259.2486187845304,1,192,165.7292817679558,192
2417,Tableware,0.9989270019531249,1.0,4012,4012,0,4492.348066298343,195,3510,6117.381215469613,18
2421,Ironing,0.9989270019531249,0.7598784194528876,1645,1250,395,72.39226519337016,48,1344,96.6353591160221,28
2423,Store kitchen,0.9989270019531249,1.0,13821,13821,0,620.9613259668508,3581,14324,1149.4254143646408,4
2430,Baskets,0.9989270019531249,1.0,3902,3902,0,352.3425414364641,57,4104,472.96132596685084,72
2435,Vacuuming,0.9989270019531249,1.0,258,258,0,39847.441988950275,0,0,29412.6408839779,675
2436,Bakeware,0.9989270019531249,0.992342861390923,53806,53394,412,1508.657458563536,36,51840,4674.767955801105,1440
2437,Knives,0.9989270019531249,0.9531079607415486,56854,54188,2666,24382.01104972376,3,34992,33818.02209944752,11664
2441,Window and squeegees,0.9989270019531249,1.0,28572,28572,0,1374.745856353591,40,25200,3882.259668508287,630
2443,Drying racks,0.9989270019531249,0.998570475555132,20986,20956,30,6372.817679558011,3,18000,5153.204419889503,6000
2445,Partyfun,0.9989270019531249,1.0,45597,45597,0,3514.027624309392,71,45440,3947.3259668508285,640
2449,Tableware,0.9989270019531249,0.99115338882283,42050,41678,372,16681.25414364641,19,38000,34498.08839779005,2000
2451,Mugs and cups,0.9989270019531249,0.9789887940234792,14992,14677,315,4051.160220994475,121,4356,6108.121546961326,36
2454,Tableware,0.9989270019531249,0.9890091308758877,11828,11698,130,3531.016574585635,151,5436,5947.552486187846,36
2463,Tableware,0.9989270019531249,0.7296482412060301,995,726,269,262.8618784530387,1245,1245,293.41988950276243,1
2465,Tableware,0.9989270019531249,0.9380878843184052,7123,6682,441,300.8563535911602,318,7632,565.1933701657458,24
2471,Vases,0.9989270019531249,1.0,270,270,0,294.49723756906076,0,0,106.85635359116021,324
2474,Tableware,0.9989270019531249,1.0,2818,2818,0,2735.403314917127,52,1872,3541.939226519337,36
2476,Tableware,0.9989270019531249,1.0,0,0,0,4830.0,0,0,4758.0,72
2478,Kitchen tools,0.9989270019531249,1.0,935,935,0,428.69613259668506,1,648,80.12707182320442,648
2486,Dishwashing articles,0.9989270019531249,1.0,169,169,0,3211.497237569061,0,0,1528.7016574585634,1760
2494,Oven dishes,0.9989270019531249,1.0,1096,1096,0,1551.8839779005525,0,0,571.0441988950276,1536
2495,Drinks,0.9989270019531249,1.0,707,707,0,3256.6187845303866,654,654,3279.5303867403313,1
2497,Table paper,0.9989270019531249,1.0,1154,1154,0,336.3646408839779,2,1080,108.45303867403315,540
2498,Thermos jugs,0.9989270019531249,0.970722781335773,1093,1061,32,123.04972375690608,5,900,39.48618784530387,180
2499,Foils and bags,0.9989270019531249,1.0,133,133,0,1483.9779005524863,9,9,1432.1988950276243,1
2501,Hobby and creative,0.9989270019531249,1.0,199,199,0,158.82872928176795,207,207,169.91712707182322,1
2505,Pan sets,0.9989270019531249,1.0,102,102,0,25.92817679558011,3,96,11.30939226519337,32
2511,Games,0.9989270019531249,0.9993889398105713,3273,3271,2,238.12154696132598,856,3424,380.31491712707185,4
2518,Games,0.9989270019531249,1.0,1849,1849,0,438.18232044198896,25,1800,479.6629834254144,72
2519,"Glasses (drink, beer, wine etc)",0.9989270019531249,1.0,1498,1498,0,4917.530386740332,365,365,4749.944751381216,1
2525,Table paper,0.9989270019531249,0.9824704443538524,7359,7230,129,662.0220994475138,7,7056,406.21546961325964,1008
2526,Table paper,0.9989270019531249,1.0,10145,10145,0,659.646408839779,10,10080,543.5580110497237,1008
2529,Store kitchen,0.9989270019531249,0.9553270397842212,5932,5667,265,145.21546961325967,78,5616,201.48618784530387,72
2531,Drying racks,0.9989270019531249,0.9923175416133163,7029,6975,54,220.14364640883977,48,6912,401.1325966850829,144
2532,Ironing boards,0.9989270019531249,1.0,209,209,0,659.0165745856353,5,190,641.9613259668508,38
2544,Mugs and cups,0.9989270019531249,0.9887635478876354,22605,22351,254,6568.690607734807,183,6588,8315.563535911602,36
2549,Serve and present,0.9989270019531249,0.9785445916551315,10114,9897,217,443.09944751381215,23,9936,592.7348066298342,432
2579,Coffee makers and kettles,0.9989270019531249,0.9917776977553715,16662,16525,137,401.58011049723757,282,16920,1006.1491712707183,60
2580,Vacuuming,0.9989270019531249,1.0,35919,35919,0,8015.845303867403,6827,40962,22279.591160220996,6
2584,Store kitchen,0.9989270019531249,0.9811260180460275,59182,58065,1117,1599.46408839779,65,58240,2128.1988950276245,896
2585,Store kitchen,0.9989270019531249,0.9871440149800174,35781,35321,460,1586.121546961326,22,35200,1364.6077348066299,1600
2587,Bathroom accessories,0.9989270019531249,1.0,27717,27717,0,1439.2265193370165,11,25344,721.0165745856353,2304
2588,Watering cans,0.9989270019531249,1.0,37586,37586,0,938.4364640883978,232,37120,2257.767955801105,160
2589,Bathroom accessories,0.9989270019531249,1.0,4163,4163,0,253.0,16,3840,199.4585635359116,240
2591,Tea and coffee,0.9989270019531249,0.9960246471874379,15093,15033,60,7505.690607734807,5,12000,11966.745856353591,2400
2592,Storage boxes,0.9989270019531249,1.0,1447,1447,0,501.0828729281768,45,1440,513.9171270718232,32
2594,Cleaning products,0.9989270019531249,1.0,4592,4592,0,322.04419889502765,10,4200,281.34806629834253,420
2596,Cleaning products,0.9989270019531249,1.0,7201,7201,0,937.2872928176796,5,6800,441.0718232044199,1360
2597,Cleaning products,0.9989270019531249,1.0,3028,3028,0,312.3425414364641,6,2988,149.68508287292818,498
2599,Wash treatment and accessories,0.9989270019531249,0.9310067446321391,48483,45138,3345,7793.640883977901,100,48000,8755.39226519337,480
2600,Cleaning products,0.9989270019531249,1.0,2342,2342,0,768.0883977900553,3,2160,473.0552486187845,720
2601,Wash treatment and accessories,0.9989270019531249,0.7664092664092664,4662,3573,1089,1050.0607734806629,10,3450,755.9171270718232,345
2602,Foils and bags,0.9989270019531249,1.0,15789,15789,0,2101.9060773480664,16,15360,2182.513812154696,960
2604,Cleaning products,0.9989270019531249,0.8810082981055268,57483,50643,6840,2670.491712707182,63,49896,3026.414364640884,792
2605,Vacuuming,0.9989270019531249,1.0,124528,124528,0,5631.397790055249,30,129600,17511.21546961326,4320
2606,Personal care,0.9989270019531249,0.7536261945329283,134990,101732,33258,5885.950276243094,69,101568,6237.591160220994,1472
2608,Coffee makers and kettles,0.9989270019531249,0.9949648589111507,9533,9485,48,343.7348066298343,410,9840,703.6795580110497,24
2613,Cooking pans,0.9989270019531249,0.904814609850581,1807,1635,172,117.22099447513813,14,1792,117.26519337016575,128
2634,Candles & Tealights,0.9989270019531249,0.9612945838837517,7570,7277,293,620.889502762431,12,7200,460.2486187845304,600
2637,Vases,0.9989270019531249,1.0,1740,1740,0,197.2596685082873,7,1470,154.4585635359116,210
2645,Partyfun,0.9989270019531249,0.9825940911519964,13099,12871,228,520.7237569060774,721,14420,1540.353591160221,20
2646,Photo frames & albums,0.9989270019531249,1.0,12645,12645,0,721.0497237569061,17,12240,818.9834254143647,720
2649,Gift cards,0.9989270019531249,1.0,0,0,0,3149.0,0,0,115.98895027624309,3000
2652,Construction,0.9989270019531249,1.0,345,345,0,273.121546961326,1,288,139.80662983425415,288
2654,Tableware,0.9989270019531249,0.6271676300578035,3460,2170,1290,284.8232044198895,4608,4608,558.2154696132596,1
2655,Tableware,0.9989270019531249,1.0,3563,3563,0,3822.2154696132598,70,3360,5382.861878453039,48
2658,Fans and electric blankets,0.9989270019531249,1.0,536,536,0,232.12707182320443,478,478,246.19337016574585,1
2660,Electric personal care,0.9989270019531249,1.0,1660,1660,0,448.8066298342541,1713,1713,511.35911602209944,1
2661,Phones,0.9989270019531249,1.0,48,48,0,12.530386740331492,49,49,13.182320441988951,1
2665,Others,0.9989270019531249,1.0,1759,1759,0,1367.3812154696132,1,1680,310.18232044198896,1680
2667,Store kitchen,0.9989270019531249,1.0,688,688,0,91.09944751381215,9,675,72.30386740331491,75
2668,Tableware,0.9989270019531249,1.0,3558,3558,0,2836.1160220994475,143,3432,4409.49723756906,24
2671,Games,0.9989270019531249,1.0,10032,10032,0,1581.0276243093922,55,10560,1872.7624309392265,192
2672,Tea and coffee,0.9989270019531249,1.0,13687,13687,0,1211.9060773480662,14,13440,1228.6850828729282,960
2674,Stuffed animals,0.9989270019531249,1.0,2175,2175,0,440.77348066298345,360,2160,515.182320441989,6
2677,"Glasses (drink, beer, wine etc)",0.9989270019531249,0.9492635024549918,1833,1740,93,311.70165745856355,2100,2100,378.68508287292815,1
2680,Drink & food To Go,0.9989270019531249,1.0,16441,16441,0,1854.7348066298343,5,15000,878.182320441989,3000
2686,Kitchen tools,0.9989270019531249,0.9817622950819672,4880,4791,89,211.85635359116023,22,4752,281.62983425414365,216
2688,Foils and bags,0.9989270019531249,0.9844583096993761,70520,69424,1096,1291.4364640883978,62,71424,3394.685082872928,1152
2689,Vacuuming,0.9989270019531249,1.0,150,150,0,26800.28729281768,0,0,20014.68508287293,675
2690,Gift,0.9989270019531249,1.0,37683,37683,0,11375.381215469613,4,33600,12977.055248618784,8400
2691,Toilet accessories,0.9989270019531249,1.0,3832,3832,0,257.7513812154696,11,3696,148.5635359116022,336
2694,Bathroom accessories,0.9989270019531249,1.0,8885,8885,0,336.3922651933702,29,8352,326.1381215469613,288
2698,Kitchen helpers,0.9989270019531249,1.0,5042,5042,0,324.43093922651934,93,5022,675.4751381215469,54
2699,Window and squeegees,0.9989270019531249,1.0,26092,26092,0,4097.823204419889,36,20160,5352.093922651934,560
2701,Ironing board textiles,0.9989270019531249,1.0,23297,23297,0,1095.2154696132598,36,23760,4044.4696132596687,660
2702,Table textiles,0.9989270019531249,1.0,533,533,0,189.939226519337,1,288,47.46408839779006,288
2715,Tea and coffee,0.9989270019531249,1.0,0,0,0,810.0,0,0,50.0,760
2718,Bathroom accessories,0.9989270019531249,1.0,1192,1192,0,163.01657458563537,6,1152,107.80662983425414,192
2719,Light bulbs,0.9989270019531249,1.0,4294,4294,0,758.5082872928177,11,4114,738.4806629834254,374
2720,Cleaning products,0.9989270019531249,1.0,4467,4467,0,363.6353591160221,10,4320,313.5193370165746,432
2730,Kitchen tools,0.9989270019531249,0.9486772486772487,1890,1793,97,640.9226519337017,1,1080,154.64088397790056,1080
2732,Cutlery,0.9989270019531249,1.0,2954,2954,0,386.89502762430936,12,2880,369.16574585635357,240
2736,Oven dishes,0.9989270019531249,1.0,886,886,0,94.22099447513813,12,864,122.55801104972376,72
2745,Stuffed animals,0.9989270019531249,0.9771894093686354,2455,2399,56,141.30939226519337,419,2514,256.03314917127074,6
2747,Games,0.9989270019531249,1.0,144,144,0,132.97237569060775,125,125,133.37016574585635,1
2748,Stuffed animals,0.9989270019531249,1.0,79,79,0,178.47513812154696,0,0,101.65745856353591,96
2758,Baby / Toddler,0.9989270019531249,1.0,165,165,0,137.95027624309392,0,0,43.51381215469613,180
2761,Kitchen helpers,0.9989270019531249,0.8618090452261307,1990,1715,275,231.1988950276243,8,1680,198.5635359116022,210
2763,Dishwashing articles,0.9989270019531249,0.922706062307588,103294,95310,7984,5992.685082872928,57,71820,13521.657458563535,1260
2764,"Cloths, mops, sponges and brush",0.9989270019531249,0.9916639424648578,18354,18201,153,1173.8011049723757,17,17952,2563.027624309392,1056
2772,Euro articles,0.9989270019531249,1.0,15,15,0,695.3480662983426,1,1,610.6906077348066,1
2773,Foils and bags,0.9989270019531249,1.0,18944,18944,0,814.2541436464088,22,19008,1107.3480662983425,864
2777,Ironing board textiles,0.9989270019531249,1.0,8787,8787,0,1287.8563535911603,5,9000,1534.53591160221,1800
2778,Kitchen tools,0.9989270019531249,1.0,73547,73547,0,31780.138121546963,11,52800,53619.89502762431,4800
2781,Ironing boards,0.9989270019531249,0.9642637091805298,9738,9390,348,1199.0386740331492,306,9180,1490.011049723757,30
2783,Drying racks,0.9989270019531249,1.0,10981,10981,0,1727.1436464088397,6,10224,1223.254143646409,1704
2784,Table textiles,0.9989270019531249,1.0,1154,1154,0,186.3646408839779,4,1152,77.1767955801105,288
2786,Bed textile,0.9989270019531249,0.783410138248848,12586,9860,2726,2704.1436464088397,16,8064,4954.906077348066,504
2787,Bath textiles and bath mats,0.9989270019531249,1.0,8616,8616,0,1993.2983425414366,435,12180,5083.96132596685,28
2791,Table textiles,0.9989270019531249,1.0,7090,7090,0,4304.099447513812,5,10000,7619.110497237569,2000
2793,Baskets,0.9989270019531249,1.0,5909,5909,0,905.8342541436464,14,5880,1873.3038674033148,420
2794,Fans and electric blankets,0.9989270019531249,1.0,1860,1860,0,911.3701657458563,1877,1877,950.1933701657458,1
2796,Tableware,0.9989270019531249,1.0,5092,5092,0,547.4917127071823,14,5040,569.6850828729282,360
2805,Light bulbs,0.9989270019531249,1.0,6226,6226,0,666.2707182320441,11,6006,600.6519337016574,546
2817,Foodprep,0.9989270019531249,1.0,10476,10476,0,7665.7569060773485,3,10296,10330.104972375691,3432
2823,Batteries,0.9989270019531249,1.0,120724,120724,0,61660.60773480663,7,84000,94570.80662983426,12000
2826,Wash treatment and accessories,0.9989270019531249,1.0,7714,7714,0,671.5966850828729,18,7776,741.9668508287293,432
2828,Store kitchen,0.9989270019531249,0.9940959718616531,23882,23741,141,1163.0773480662983,61,23424,2701.795580110497,384
2829,"Cloths, mops, sponges and brush",0.9989270019531249,0.9258273971799608,136452,126331,10121,6946.580110497238,55,99000,17313.596685082874,1800
2832,Window and squeegees,0.9989270019531249,0.989307472336193,16086,15914,172,837.3314917127071,15,15120,881.9558011049724,1008
2833,Racks and pockets,0.9989270019531249,0.9955660569995041,34281,34129,152,948.5911602209944,28,33600,1079.0552486187846,1200
2835,Clothes hangers,0.9989270019531249,0.978585882399167,50901,49811,1090,3409.1657458563536,43,51600,9876.049723756905,1200
2838,Thermos jugs,0.9989270019531249,0.9848500254194205,9835,9686,149,4303.259668508287,6,9360,7851.3370165745855,1560
2839,Thermos jugs,0.9989270019531249,1.0,8942,8942,0,3909.9226519337017,1,4002,3802.1215469613257,4002
2842,Baskets,0.9989270019531249,1.0,9006,9006,0,385.64088397790056,16,8640,263.8508287292818,540
2844,Cleaning products,0.9989270019531249,0.9941253263707572,10724,10661,63,369.3314917127072,37,10656,626.6685082872929,288
2845,Cleaning products,0.9989270019531249,1.0,4523,4523,0,199.67403314917127,16,4512,223.94475138121547,282
2846,Cleaning products,0.9989270019531249,0.9683145638480626,5239,5073,166,125.8342541436464,44,5016,262.76243093922653,114
2847,Personal care,0.9989270019531249,1.0,11466,11466,0,2513.4364640883978,9411,9411,2697.5635359116022,1
2853,Cleaning products,0.9989270019531249,1.0,71,71,0,1550.4198895027625,0,0,944.707182320442,648
2854,"Cloths, mops, sponges and brush",0.9989270019531249,1.0,15206,15206,0,6435.46408839779,10,17280,6025.276243093923,1728
2855,Window and squeegees,0.9989270019531249,1.0,52599,52599,0,4263.729281767955,28,50400,8912.209944751381,1800
2894,Residential odors,0.9989270019531249,0.9874349442379182,13450,13281,169,466.89502762430936,2311,13866,762.5635359116022,6
2905,Pan sets,0.9989270019531249,0.9075081610446137,2757,2502,255,178.97237569060775,45,2880,343.878453038674,64
2908,Tableware,0.9989270019531249,1.0,5736,5736,0,4180.994475138122,334,6012,7041.099447513812,18
2909,Kitchen tools,0.9989270019531249,1.0,490,490,0,552.4033149171271,0,0,57.751381215469614,768
2911,Teletoys,0.9989270019531249,1.0,241,241,0,89.74033149171271,1,120,35.21546961325967,120
2912,Construction,0.9989270019531249,1.0,84,84,0,132.38121546961327,0,0,35.27624309392265,128
2916,"Glasses (drink, beer, wine etc)",0.9989270019531249,1.0,717,717,0,1799.414364640884,755,755,2075.0055248618783,1
2917,Construction,0.9989270019531249,1.0,140,140,0,283.23204419889504,0,0,82.13259668508287,258
2918,Batteries,0.9989270019531249,1.0,143,143,0,1735.2486187845304,0,0,407.1381215469613,1400
2922,Pan sets,0.9989270019531249,1.0,1219,1219,0,574.1436464088398,16,1152,580.5303867403314,72
2923,Tableware,0.9989270019531249,1.0,2811,2811,0,2483.0,3695,3695,4135.795580110497,1
2925,Kitchen helpers,0.9989270019531249,1.0,765,765,0,5539.67955801105,0,0,1310.8232044198894,4800
2928,Serve and present,0.9989270019531249,1.0,5638,5638,0,9655.983425414364,1537,1537,10488.21546961326,1
2929,Thermos jugs,0.9989270019531249,0.9862407862407863,4070,4014,56,123.38674033149171,33,3960,219.97790055248618,120
2934,"Glasses (drink, beer, wine etc)",0.9989270019531249,1.0,1255,1255,0,112.30939226519337,217,1302,156.11602209944752,6
2938,Personal care,0.9989270019531249,1.0,35090,35090,0,1611.8453038674033,185,33300,2061.049723756906,180
2940,Ironing boards,0.9989270019531249,0.8257725180802103,1521,1256,265,171.33701657458565,34,1428,199.1878453038674,42
2943,Knives,0.9989270019531249,0.985730285809101,24107,23763,344,2897.745856353591,10,24000,7854.767955801105,2400
2947,Kitchen helpers,0.9989270019531249,1.0,19958,19958,0,5830.591160220994,11,21120,13209.082872928177,1920
2949,Kitchen textile,0.9989270019531249,1.0,6536,6536,0,1748.8950276243095,17,7650,4115.734806629835,450
2950,Kitchen textile,0.9989270019531249,1.0,3369,3369,0,1808.1988950276243,2,3072,1948.9834254143645,1536
2951,Racks and pockets,0.9989270019531249,1.0,16599,16599,0,1608.1988950276243,5,14400,371.04419889502765,2880
2952,Table textiles,0.9989270019531249,1.0,419,419,0,206.13812154696132,1,288,38.12707182320442,288
2953,Bath textiles and bath mats,0.9989270019531249,0.8591661557326793,32620,28026,4594,6358.353591160221,99,102960,30863.116022099446,1040
2957,Mugs and cups,0.9989270019531249,0.9684648416532474,14904,14434,470,3849.5524861878453,300,10800,8250.127071823204,36
2968,Tea and coffee,0.9989270019531249,0.9423452092701488,72275,68108,4167,2427.414364640884,369,66420,9710.552486187846,180
2969,Tea and coffee,0.9989270019531249,0.9676458067262665,75168,72736,2432,1966.0994475138123,78,74880,4310.618784530387,960
2974,Foils and bags,0.9989270019531249,1.0,542,542,0,233.39226519337018,25,500,241.85635359116023,20
2977,Drink & food To Go,0.9989270019531249,1.0,377,377,0,792.9944751381215,330,330,799.7016574585635,1
2978,Tools,0.9989270019531249,1.0,1633,1633,0,300.50828729281767,5,1590,201.5303867403315,318
2979,Tableware,0.9989270019531249,1.0,1158,1158,0,122.2817679558011,49,1176,153.14917127071823,24
2980,Light bulbs,0.9989270019531249,1.0,6031,6031,0,572.5248618784531,16,5984,605.5138121546961,374
2985,Cutlery,0.9989270019531249,1.0,3224,3224,0,892.8563535911602,2,2400,306.8563535911602,1200
2987,Tableware,0.9989270019531249,1.0,4401,4401,0,373.7182320441989,186,4464,528.4806629834254,24
2988,Tableware,0.9989270019531249,1.0,14,14,0,6329.651933701657,0,0,4845.7790055248615,960
2996,Baby / Toddler,0.9989270019531249,1.0,4645,4645,0,1001.0220994475138,15,4320,1079.0607734806629,288
2997,Games,0.9989270019531249,1.0,1296,1296,0,118.03867403314918,216,1296,148.292817679558,6
3014,Phones,0.9989270019531249,1.0,9792,9792,0,572.0883977900553,69,9936,873.6408839779006,144
3015,Batteries,0.9989270019531249,0.9927988056555721,34161,33915,246,1080.1878453038673,26,33800,1698.0276243093922,1300
3021,"Glasses (drink, beer, wine etc)",0.9989270019531249,1.0,668,668,0,320.1381215469613,2,480,191.88397790055248,240
3027,Kitchen helpers,0.9989270019531249,0.9311561909515491,28049,26118,1931,7021.806629834254,2,20000,6855.193370165746,10000
3030,Vacuuming,0.9989270019531249,1.0,183,183,0,2340.6740331491715,0,0,1108.121546961326,675
3031,Vacuuming,0.9989270019531249,1.0,105,105,0,16705.89502762431,0,0,11492.127071823204,675
3033,Kitchen helpers,0.9989270019531249,1.0,17842,17842,0,3775.4088397790056,3,14400,2697.983425414365,4800
3034,Measuring and weighing,0.9989270019531249,1.0,39713,39713,0,12427.508287292818,6,9000,17038.734806629833,1500
3036,Ironing boards,0.9989270019531249,1.0,20693,20693,0,4472.138121546961,7,21840,7951.591160220994,3120
3037,Drying racks,0.9989270019531249,0.8559212838233572,8537,7307,1230,818.232044198895,64,7168,797.1160220994475,112
3042,Bed textile,0.9989270019531249,1.0,3261,3261,0,757.2596685082873,216,2592,1698.0497237569061,12
3046,Others,0.9989270019531249,1.0,548,548,0,176.3314917127072,557,557,177.75690607734808,1
3047,Bath textiles and bath mats,0.9989270019531249,0.7806959324926519,21094,16468,4626,3326.5690607734805,83,63080,18225.24309392265,760
3055,Tea and coffee,0.9989270019531249,1.0,342,342,0,509.97237569060775,5,120,464.2099447513812,24
3058,"Glasses (drink, beer, wine etc)",0.9989270019531249,1.0,7658,7658,0,1279.0386740331492,21,8820,1384.0055248618785,420
3059,Games,0.9989270019531249,1.0,2181,2181,0,146.95580110497238,183,2196,175.87845303867402,12
3063,Games,0.9989270019531249,1.0,94,94,0,49.591160220994475,83,83,49.613259668508285,1
3075,Boys toys,0.9989270019531249,1.0,1226,1226,0,105.40331491712708,212,1272,191.86740331491714,6
3080,Batteries,0.9989270019531249,0.9945172824791418,50340,50064,276,3630.441988950276,5154,51540,5531.458563535912,10
3082,Batteries,0.9989270019531249,0.9892107596807568,13532,13386,146,341.9337016574586,690,13800,849.828729281768,20
3083,"Cloths, mops, sponges and brush",0.9989270019531249,1.0,57325,57325,0,3308.276243093923,157,60288,7575.6629834254145,384
3087,Coffee makers and kettles,0.9989270019531249,1.0,9201,9201,0,3868.5303867403313,550,11000,9067.348066298342,20
3090,Personal care,0.9989270019531249,0.8155404406328552,27052,22062,4990,4941.651933701657,118,22656,4484.784530386741,192
3091,"Cloths, mops, sponges and brush",0.9989270019531249,1.0,27805,27805,0,1172.8176795580112,27,27540,3719.342541436464,1020
3092,Cutlery,0.9989270019531249,1.0,2866,2866,0,910.5745856353591,2,2400,335.9944751381216,1200
3093,Bathroom accessories,0.9989270019531249,0.9881432297842068,8434,8334,100,249.7292817679558,28,8400,422.7182320441989,300
3097,Laundry baskets,0.9989270019531249,0.7849317830499362,14879,11679,3200,533.7845303867404,183,11712,654.8342541436464,64
3098,Baskets,0.9989270019531249,0.9966023277669341,13833,13786,47,394.9171270718232,36,13824,425.8729281767956,384
3104,Cleaning products,0.9989270019531249,0.9978787878787879,6600,6586,14,261.0220994475138,23,6486,360.56906077348066,282
3106,Baskets,0.9989270019531249,1.0,3698,3698,0,555.1988950276243,48,3840,1291.6022099447514,80
3108,Light bulbs,0.9989270019531249,1.0,8382,8382,0,826.7292817679559,23,8280,957.8453038674033,360
3110,Ironing boards,0.9989270019531249,0.8274526678141136,2324,1923,401,703.2099447513813,47,1974,632.3756906077348,42
3112,Dishwashing articles,0.9989270019531249,0.5232547877504192,11331,5929,5402,526.9337016574585,30,10800,704.8397790055249,360
3114,"Cloths, mops, sponges and brush",0.9989270019531249,0.9919244456611005,21918,21741,177,13323.011049723757,3,24000,19820.82320441989,8000
3120,Electric personal care,0.9989270019531249,0.9526392835615258,11613,11063,550,356.88950276243094,46,11040,479.98342541436466,240
3121,Electric personal care,0.9989270019531249,0.9567145023917862,8571,8200,371,211.3756906077348,416,8320,378.6740331491713,20
3123,Alarm clocks,0.9989270019531249,1.0,18502,18502,0,8727.558011049723,6,18000,15452.309392265193,3000
3128,Stationary,0.9989270019531249,1.0,32283,32283,0,778.9668508287293,55,33000,1723.8618784530386,600
3159,Pan sets,0.9989270019531249,0.8449135150982117,3411,2882,529,445.4585635359116,3111,3111,531.9116022099447,1
3161,Tableware,0.9989270019531249,1.0,4710,4710,0,5184.005524861878,259,3108,6634.447513812154,12
3162,Kitchen tools,0.9989270019531249,1.0,244,244,0,567.3591160220994,0,0,26.303867403314918,672
3163,Tea and coffee,0.9989270019531249,1.0,1833,1833,0,1013.7403314917127,1,1800,124.80662983425414,1800
3165,Construction,0.9989270019531249,1.0,448,448,0,179.27624309392266,2,400,92.64088397790056,200
3169,Serve and present,0.9989270019531249,1.0,1845,1845,0,2118.8729281767955,1487,1487,2736.6740331491715,1
3170,Stationary,0.9989270019531249,1.0,4116,4116,0,320.6795580110497,4084,4084,476.16022099447514,1
3171,Batteries,0.9989270019531249,1.0,1515,1515,0,125.54696132596685,76,1520,172.49171270718233,20
3172,Toilet cleaners and odors,0.9989270019531249,1.0,78,78,0,6367.3370165745855,0,0,5782.1270718232045,1
3173,Construction,0.9989270019531249,1.0,296,296,0,73.79005524861878,38,304,90.26519337016575,8
3176,Girls toys,0.9989270019531249,1.0,8,8,0,282.9889502762431,0,0,10.513812154696133,270
3179,Baby / Toddler,0.9989270019531249,1.0,12321,12321,0,1061.4917127071824,508,12192,1311.2375690607735,24
3185,Kitchen appliances,0.9989270019531249,1.0,8227,8227,0,6835.093922651934,23552,23552,17739.74585635359,1
3188,Personal care,0.9989270019531249,1.0,12110,12110,0,6110.740331491713,12073,12073,6544.397790055249,1
3189,Wash treatment and accessories,0.9989270019531249,0.7497103128621089,13808,10352,3456,872.5027624309392,19,10032,770.707182320442,528
3196,"Cloths, mops, sponges and brush",0.9989270019531249,1.0,8363,8363,0,583.6740331491712,15,7920,920.1602209944751,528
3201,Oven dishes,0.9989270019531249,1.0,2419,2419,0,2652.6740331491715,0,0,530.9889502762431,3360
3205,Partyfun,0.9989270019531249,0.9879878809481376,28055,27718,337,1358.5524861878453,23,27600,1197.121546961326,1200
3210,Knives,0.9989270019531249,1.0,57,57,0,40.248618784530386,2,48,21.325966850828728,24
3212,Table textiles,0.9989270019531249,1.0,1724,1724,0,200.52486187845304,6,1728,118.06629834254143,288
3218,Mugs and cups,0.9989270019531249,0.9941739903228992,20254,20136,118,5526.458563535912,265,6360,8861.718232044199,24
3228,Vases,0.9989270019531249,0.9982398239823982,9090,9074,16,389.0773480662983,49,8820,642.3977900552486,180
3229,Tea and coffee,0.9989270019531249,0.9606960696069607,9999,9606,393,1678.403314917127,16,9216,1717.635359116022,576
3230,Hobby and creative,0.9989270019531249,1.0,195,195,0,65.95027624309392,3,180,37.226519337016576,60
3235,Cutlery,0.9989270019531249,1.0,2192,2192,0,210.707182320442,61,2196,273.9502762430939,36
3237,Oven dishes,0.9989270019531249,1.0,855,855,0,194.3314917127072,11,792,216.79005524861878,72
3238,Large garden,0.9989270019531249,1.0,242,242,0,179.2707182320442,2,144,136.40883977900552,72
3244,Serve and present,0.9989270019531249,1.0,709,709,0,260.44198895027625,572,572,244.71823204419888,1
3246,Kitchen helpers,0.9989270019531249,1.0,779,779,0,316.707182320442,1,480,62.50276243093923,480
3247,Cutlery,0.9989270019531249,1.0,1348,1348,0,129.5414364640884,36,1296,159.2707182320442,36
3249,Shopping bags and trolleys,0.9989270019531249,1.0,6110,6110,0,4385.259668508287,5835,5835,6548.629834254144,1
3250,Gift cards,0.9989270019531249,1.0,0,0,0,3049.0,0,0,49.0,3000
3251,Laundry baskets,0.9989270019531249,1.0,167,167,0,505.4585635359116,0,0,385.89502762430936,180
3252,Thermos jugs,0.9989270019531249,1.0,1068,1068,0,185.84530386740332,4,992,91.19337016574586,248
3259,Hobby and creative,0.9989270019531249,1.0,5394,5394,0,574.4475138121547,19,5472,746.6077348066299,288
3264,Hobby and creative,0.9989270019531249,1.0,3170,3170,0,165.68508287292818,549,3294,283.2817679558011,6
3279,Table textiles,0.9989270019531249,1.0,6665,6665,0,758.5690607734807,6,6048,457.8729281767956,1008
3281,Vacuuming,0.9989270019531249,1.0,396,396,0,4929.187845303867,0,0,3092.425414364641,675
3285,Knives,0.9989270019531249,1.0,13611,13611,0,4637.618784530387,14,16800,11621.955801104972,1200
3286,Knives,0.9989270019531249,1.0,24629,24629,0,8294.298342541437,24,28800,21117.11049723757,1200
3287,Drying racks,0.9989270019531249,1.0,10459,10459,0,3678.685082872928,8,11088,3941.75138121547,1386
3288,Bicycle accessories,0.9989270019531249,1.0,1823,1823,0,238.34254143646407,27,1782,240.54696132596686,66
3291,Kitchen textile,0.9989270019531249,1.0,11083,11083,0,6982.49723756906,1,7990,4984.685082872928,7990
3293,Bed textile,0.9989270019531249,1.0,3772,3772,0,1982.7955801104972,3,3600,2327.209944751381,1200
3295,Mugs and cups,0.9989270019531249,0.9839544992139092,21626,21279,347,6194.668508287293,181,6516,8520.78453038674,36
3296,Mugs and cups,0.9989270019531249,0.9910477248873248,16197,16052,145,4930.580110497238,169,4056,6660.900552486188,24
3297,Mugs and cups,0.9989270019531249,0.9699619113573407,23104,22410,694,6507.3370165745855,8,6528,8621.944751381216,816
3298,Mugs and cups,0.9989270019531249,0.9795144157814871,13180,12910,270,3418.6408839779006,124,4464,5580.707182320442,36
3321,Puzzles,0.9989270019531249,1.0,1176,1176,0,108.60220994475138,1128,1128,187.31491712707182,1
3322,Foodprep,0.9989270019531249,1.0,7318,7318,0,4054.353591160221,6,7296,6875.784530386741,1216
3329,Baby / Toddler,0.9989270019531249,1.0,273,273,0,365.9447513812155,4,240,342.16574585635357,60
3330,Moisture treatment and climate,0.9989270019531249,1.0,14282,14282,0,1327.171270718232,40,14000,2181.806629834254,350
3332,Cleaning products,0.9989270019531249,1.0,88246,88246,0,4259.353591160221,14,84000,7599.07182320442,6000
3333,Bathroom accessories,0.9989270019531249,1.0,3072,3072,0,235.0718232044199,12,2880,149.6243093922652,240
3335,Bathroom accessories,0.9989270019531249,1.0,634,634,0,1621.0331491712707,0,0,214.18232044198896,864
3336,Thermos jugs,0.9989270019531249,1.0,4674,4674,0,551.5524861878453,58,4872,689.1160220994475,84
3337,Cleaning products,0.9989270019531249,0.9370575030219306,11582,10853,729,333.90055248618785,51,11016,636.7292817679559,216
3339,Baskets,0.9989270019531249,1.0,7856,7856,0,313.1988950276243,22,7920,256.9502762430939,360
3341,Cleaning products,0.9989270019531249,0.9616953762466002,4412,4243,169,215.4972375690608,24,4176,289.18232044198896,174
3342,Cleaning products,0.9989270019531249,1.0,6561,6561,0,392.5303867403315,13,6474,389.2099447513812,498
3343,Cleaning products,0.9989270019531249,0.9513729977116705,10488,9978,510,328.5966850828729,57,9918,619.6408839779006,174
3346,Window and squeegees,0.9989270019531249,1.0,1143,1143,0,338.23756906077347,2,924,100.20441988950276,462
3348,Wash treatment and accessories,0.9989270019531249,0.476531323240641,31574,15046,16528,9324.806629834255,31,20832,3479.8950276243095,672
3349,Waste bins,0.9989270019531249,1.0,2949,2949,0,194.9060773480663,53,2968,278.1436464088398,56
3350,Cleaning products,0.9989270019531249,1.0,1938,1938,0,798.0220994475138,3,1800,555.2044198895028,600
3352,Cleaning products,0.9989270019531249,0.9760289461781999,4422,4316,106,407.292817679558,6,4104,127.35911602209944,684
3353,Bathroom accessories,0.9989270019531249,1.0,42047,42047,0,3900.5303867403313,7,36400,5500.204419889503,5200
3354,Bathroom accessories,0.9989270019531249,0.998184605454252,24788,24743,45,9883.414364640885,7,25200,19609.403314917126,3600
3355,Toilet accessories,0.9989270019531249,0.9705405006639453,40666,39468,1198,15960.900552486188,4,28800,25305.298342541435,7200
3356,Residential odors,0.9989270019531249,1.0,12863,12863,0,586.1160220994475,29,12528,577.1325966850828,432
3359,Electric personal care,0.9989270019531249,0.9859559527609321,6266,6178,88,1098.0607734806629,14,5880,907.1270718232045,420
3363,Electric personal care,0.9989270019531249,0.9747474747474747,2970,2895,75,90.51933701657458,148,2960,128.1657458563536,20
3366,"TV, Audio & Video",0.9989270019531249,1.0,245,245,0,1337.6408839779006,129,129,1334.524861878453,1
3368,Bathroom scales,0.9989270019531249,0.9904554336389598,13306,13179,127,1677.9502762430939,13320,13320,2175.3093922651933,1
3370,Special pans,0.9989270019531249,1.0,7773,7773,0,2049.1270718232045,7334,7334,2306.6795580110497,1
3387,Candles & Tealights,0.9989270019531249,1.0,845,845,0,9090.419889502762,0,0,594.1049723756906,9120
3388,Candles & Tealights,0.9989270019531249,1.0,804,804,0,1506.353591160221,0,0,472.77348066298345,1650
3409,Tea and coffee,0.9989270019531249,1.0,1730,1730,0,861.414364640884,39,1872,1731.1491712707182,48
3410,Foods,0.9989270019531249,1.0,950,950,0,603.7790055248619,659,659,623.1491712707183,1
3411,Construction,0.9989270019531249,1.0,393,393,0,194.88397790055248,5,360,180.80662983425415,72
3413,Boys toys,0.9989270019531249,1.0,1082,1082,0,318.3259668508287,2,768,161.77900552486187,384
3414,Electric personal care,0.9989270019531249,1.0,1671,1671,0,285.44198895027625,1727,1727,349.68508287292815,1
3416,Construction,0.9989270019531249,1.0,511,511,0,211.5027624309392,8,576,206.14364640883977,72
3419,Serve and present,0.9989270019531249,1.0,966,966,0,1031.5690607734807,920,920,1446.828729281768,1
3420,Tableware,0.9989270019531249,1.0,4055,4055,0,3494.2375690607737,153,3672,5169.005524861878,24
3421,Reading glasses,0.9989270019531249,1.0,1720,1720,0,2672.9558011049726,0,0,1228.1823204419888,2500
3422,Reading glasses,0.9989270019531249,1.0,1068,1068,0,2758.3480662983425,0,0,673.0165745856353,2500
3428,Store kitchen,0.9989270019531249,0.5211256016785288,24307,12667,11640,12393.044198895028,21568,21568,6045.657458563536,1
3429,Sockets and security,0.9989270019531249,1.0,1249,1249,0,178.11602209944752,1226,1226,223.6961325966851,1
3436,Toilet cleaners and odors,0.9989270019531249,0.8095367109184503,3691,2988,703,523.6740331491712,3034,3034,549.6022099447514,1
3438,Cooking books,0.9989270019531249,1.0,9539,9539,0,888.121546961326,9346,9346,1230.1160220994475,1
3441,"Glasses (drink, beer, wine etc)",0.9989270019531249,1.0,4202,4202,0,397.2099447513812,14,4368,553.1767955801105,312
3442,Window and squeegees,0.9989270019531249,0.9767544604927783,29425,28741,684,625.4530386740331,161,28980,1614.7624309392265,180
3443,Window and squeegees,0.9989270019531249,0.9040268253632602,33103,29926,3177,1646.0552486187846,255,29070,2676.254143646409,114
3444,Kitchen tools,0.9989270019531249,0.9956671538943412,19156,19073,83,7265.580110497238,9,21600,15983.475138121546,2400
3445,Cutlery,0.9989270019531249,0.9640775382946998,7377,7112,265,437.9060773480663,39,7020,611.2872928176796,180
3453,Ironing board textiles,0.9989270019531249,1.0,51921,51921,0,2172.92817679558,158,52140,9359.961325966851,330
3457,Bath textiles and bath mats,0.9989270019531249,0.9069304679060777,35178,31904,3274,6920.635359116022,209,105336,32976.60220994475,504
3465,Tableware,0.9989270019531249,1.0,37656,37656,0,1608.3977900552486,104,37440,5528.419889502762,360
3467,Cutlery,0.9989270019531249,1.0,687,687,0,451.9889502762431,0,0,61.005524861878456,756
3468,Tableware,0.9989270019531249,1.0,698,698,0,130.5745856353591,58,696,150.77348066298342,12
3469,Baby / Toddler,0.9989270019531249,0.831764705882353,850,707,143,107.79005524861878,5,600,34.58563535911602,120
3471,Cutlery,0.9989270019531249,1.0,3263,3263,0,363.1767955801105,27,3240,423.29834254143645,120
3473,Serve and present,0.9989270019531249,0.989345509893455,2628,2600,28,135.75138121546962,108,2592,214.6022099447514,24
3474,Cutlery,0.9989270019531249,1.0,3624,3624,0,927.0276243093923,3,3600,349.23756906077347,1200
3476,Light bulbs,0.9989270019531249,1.0,5182,5182,0,645.2099447513813,13,5005,643.3038674033149,385
3477,Tableware,0.9989270019531249,1.0,5323,5323,0,823.7790055248619,223,5352,1013.5911602209944,24
3478,Baskets,0.9989270019531249,1.0,2631,2631,0,366.16022099447514,34,2720,873.6906077348066,80
3482,Drink & food To Go,0.9989270019531249,1.0,4388,4388,0,1757.889502762431,4,3744,1352.7955801104972,936
3483,Light bulbs,0.9989270019531249,1.0,4844,4844,0,616.828729281768,10,4480,571.4640883977901,448
3485,Frying pans,0.9989270019531249,1.0,1675,1675,0,712.0276243093923,1741,1741,731.7016574585635,1
3490,Hobby and creative,0.9989270019531249,1.0,5656,5656,0,248.27624309392266,95,5700,431.27624309392263,60
3499,Hobby and creative,0.9989270019531249,1.0,62,62,0,114.35911602209944,4,40,109.25966850828729,10
3504,Games,0.9989270019531249,1.0,2890,2890,0,188.88950276243094,247,2964,228.94475138121547,12
3514,Drink & food To Go,0.9989270019531249,1.0,5723,5723,0,1188.5580110497237,2,3888,395.82872928176795,1944
3517,Measuring and weighing,0.9989270019531249,1.0,22004,22004,0,1020.8729281767955,19,21888,1258.220994475138,1152
3519,"Glasses (drink, beer, wine etc)",0.9989270019531249,1.0,411,411,0,265.1270718232044,94,376,276.3977900552486,4
3526,Window and squeegees,0.9989270019531249,1.0,2399,2399,0,893.9281767955802,14,2352,886.1160220994475,168
3528,Toilet cleaners and odors,0.9989270019531249,0.8074534161490683,4347,3510,837,514.3646408839779,3551,3551,557.5359116022099,1
3529,Kitchen helpers,0.9989270019531249,0.9737890696399196,54710,53276,1434,8536.303867403314,6,57600,14000.723756906078,9600
3531,Vacuuming,0.9989270019531249,1.0,141,141,0,4271.03867403315,0,0,2522.646408839779,675
3532,Kitchen tools,0.9989270019531249,1.0,39401,39401,0,3538.696132596685,8,36000,6289.066298342542,4500
3533,Tea and coffee,0.9989270019531249,1.0,8223,8223,0,3697.3259668508285,11895,11895,9247.635359116022,1
3541,"Cloths, mops, sponges and brush",0.9989270019531249,1.0,123,123,0,5570.386740331492,0,0,1642.2651933701657,2340
3543,Bath textiles and bath mats,0.9989270019531249,0.9768071124855044,7761,7581,180,2096.9005524861877,16,12160,4633.53591160221,760
3546,Bed textile,0.9989270019531249,1.0,1544,1544,0,1425.8397790055249,1,1152,1050.7127071823204,1152
3549,Mugs and cups,0.9989270019531249,0.9703691161530646,35436,34386,1050,9725.419889502762,14,11424,15465.07182320442,816
3556,Tea and coffee,0.9989270019531249,1.0,11594,11594,0,1269.9005524861877,467,11208,1664.0883977900553,24
3558,Kitchen helpers,0.9989270019531249,1.0,1919,1919,0,1682.0497237569061,0,0,297.3977900552486,2400
3560,Oven dishes,0.9989270019531249,1.0,81,81,0,389.3867403314917,0,0,57.22099447513812,360
3561,Oven dishes,0.9989270019531249,1.0,408,408,0,116.69060773480663,2,288,61.569060773480665,144
3570,Foods,0.9989270019531249,1.0,0,0,0,2993.0,0,0,2983.270718232044,1
3576,Hobby and creative,0.9989270019531249,0.9977765425236242,1799,1795,4,79.97790055248619,302,1812,122.67955801104972,6
3579,Batteries,0.9989270019531249,1.0,9980,9980,0,1410.3812154696132,10152,10152,1788.988950276243,1
3583,Baby / Toddler,0.9989270019531249,1.0,962,962,0,89.23204419889503,166,996,156.48618784530387,6
3587,Bakeware,0.9989270019531249,1.0,25737,25737,0,17485.093922651933,2,19200,20099.67403314917,9600
3588,Drink & food To Go,0.9989270019531249,1.0,27154,27154,0,1140.2872928176796,47,27072,2853.8950276243095,576
3589,Dishwashing articles,0.9989270019531249,1.0,98839,98839,0,4620.977900552486,385,110880,26986.911602209944,288
3591,Dishwashing articles,0.9989270019531249,0.9313167973159744,94783,88273,6510,32452.71270718232,15,108000,81082.98895027624,7200
3592,"Glasses (drink, beer, wine etc)",0.9989270019531249,1.0,1868,1868,0,188.4254143646409,8,1680,143.1767955801105,210
3593,Cleaning products,0.9989270019531249,1.0,17337,17337,0,2017.6740331491712,5,15360,2147.75138121547,3072
3594,Clothes hangers,0.9989270019531249,1.0,112663,112663,0,14032.99447513812,371,118720,37281.70718232044,320
3596,Waste bins,0.9989270019531249,1.0,0,0,0,859.0,0,0,693.1767955801105,160
3597,Oven dishes,0.9989270019531249,1.0,807,807,0,182.00552486187846,4,768,134.14364640883977,192
3601,Personal care,0.9989270019531249,1.0,74,74,0,563.9558011049724,0,0,503.82872928176795,1
3602,Wash treatment and accessories,0.9989270019531249,1.0,1980,1980,0,1653.8176795580112,1464,1464,1695.403314917127,1
3603,Cleaning products,0.9989270019531249,0.9705118044932638,54259,52659,1600,1104.342541436464,123,53136,2896.232044198895,432
3605,Baskets,0.9989270019531249,1.0,2813,2813,0,467.11049723756906,21,2688,967.5911602209944,128
3607,Cleaning products,0.9989270019531249,1.0,1537,1537,0,367.0,6,1404,303.82872928176795,234
3611,Wash treatment and accessories,0.9989270019531249,1.0,16452,16452,0,615.9281767955802,69,16560,763.8011049723757,240
3612,Dishwashing articles,0.9989270019531249,1.0,5264,5264,0,1427.4475138121547,4,5184,787.1049723756906,1296
3616,Cleaning products,0.9989270019531249,1.0,7345,7345,0,808.5966850828729,6,6696,355.7790055248619,1116
3619,Ironing,0.9989270019531249,1.0,11892,11892,0,1069.1933701657458,520,12480,1519.121546961326,24
3622,Alarm clocks,0.9989270019531249,1.0,20563,20563,0,11221.28729281768,2,6000,11147.834254143647,3000
3623,Electric personal care,0.9989270019531249,0.9135304659498208,2232,2039,193,184.44198895027625,2097,2097,182.11049723756906,1
3641,Candles & Tealights,0.9989270019531249,1.0,1049,1049,0,1657.1436464088397,0,0,763.1491712707183,1650
3646,Party lights,0.9989270019531249,1.0,12601,12601,0,5145.281767955801,7,5586,7862.933701657458,798
3647,Residential odors,0.9989270019531249,1.0,9449,9449,0,547.6353591160221,12,9000,369.9944751381216,750
3651,Vases,0.9989270019531249,0.9303898878404843,16851,15678,1173,722.060773480663,130,15600,1236.9281767955802,120
3652,Gift cards,0.9989270019531249,1.0,0,0,0,3026.0,0,0,18.259668508287294,3000
3661,Kitchen tools,0.9989270019531249,1.0,8058,8058,0,2067.75138121547,7136,7136,2068.9447513812156,1
3662,Serve and present,0.9989270019531249,1.0,8111,8111,0,7498.563535911602,7643,7643,11099.668508287294,1
3663,Tea and coffee,0.9989270019531249,1.0,1580,1580,0,1831.7182320441989,1534,1534,2508.049723756906,1
3670,Construction,0.9989270019531249,1.0,279,279,0,268.30939226519337,0,0,138.18232044198896,258
3671,Hobby and creative,0.9989270019531249,1.0,327,327,0,84.91160220994475,331,331,96.38121546961327,1
3674,Puzzles,0.9989270019531249,1.0,231,231,0,790.3314917127071,0,0,616.4364640883978,324
3675,Construction,0.9989270019531249,1.0,549,549,0,279.03314917127074,8,576,286.9944751381216,72
3678,Boys toys,0.9989270019531249,1.0,34,34,0,490.6353591160221,0,0,16.613259668508288,480
3687,"Glasses (drink, beer, wine etc)",0.9989270019531249,1.0,2020,2020,0,653.7182320441989,460,1840,710.8397790055249,4
3690,"Glasses (drink, beer, wine etc)",0.9989270019531249,1.0,1354,1354,0,381.3425414364641,105,1260,418.2707182320442,12
3691,"Glasses (drink, beer, wine etc)",0.9989270019531249,0.9919935948759008,1249,1239,10,78.9171270718232,214,1284,117.32044198895028,6
3692,Cleaning products,0.9989270019531249,1.0,7893,7893,0,724.9226519337017,7,7812,283.3425414364641,1116
3696,Drink & food To Go,0.9989270019531249,1.0,453,453,0,669.8232044198895,0,0,87.58011049723757,832
3698,Cooking books,0.9989270019531249,1.0,146,146,0,1731.3370165745857,0,0,795.7348066298342,1
3700,Clocks,0.9989270019531249,1.0,3076,3076,0,176.20994475138122,259,3108,287.81767955801104,12
3705,Ironing,0.9989270019531249,1.0,156,156,0,1656.364640883978,0,0,1521.5745856353592,40
3719,Mugs and cups,0.9989270019531249,0.9485420240137221,9911,9401,510,2839.403314917127,95,3420,4448.784530386741,36
3720,Mugs and cups,0.9989270019531249,1.0,11289,11289,0,3554.7016574585637,166,5976,6137.46408839779,36
3721,Mugs and cups,0.9989270019531249,0.9812347684809098,24620,24158,462,6431.524861878453,261,6264,9345.591160220994,24
3722,Mugs and cups,0.9989270019531249,0.9662629395247475,23861,23056,805,6488.215469613259,277,6648,8692.011049723757,24
3733,Oven dishes,0.9989270019531249,1.0,163,163,0,239.12154696132598,0,0,78.54143646408839,240
3735,Tableware,0.9989270019531249,1.0,1036,1036,0,100.31491712707182,43,1032,127.9171270718232,24
3736,"Cloths, mops, sponges and brush",0.9989270019531249,1.0,11383,11383,0,1801.1602209944751,5,11700,1380.3591160220994,2340
3738,Puzzles,0.9989270019531249,0.9996785599485696,3111,3110,1,112.92265193370166,130,3120,150.17127071823205,24
3741,Kitchen helpers,0.9989270019531249,0.8202099737532809,762,625,137,91.01104972375691,651,651,85.50828729281768,1
3746,Cutlery,0.9989270019531249,1.0,2515,2515,0,324.0552486187845,10,2400,290.78453038674036,240
3752,Cooking books,0.9989270019531249,1.0,537,537,0,1239.0165745856355,482,482,1256.2044198895028,1
3753,Light bulbs,0.9989270019531249,1.0,2303,2303,0,499.2596685082873,3,1800,269.47513812154693,600
3754,Special pans,0.9989270019531249,0.9538714991762768,607,579,28,124.9171270718232,33,660,205.30939226519337,20
3755,Personal care,0.9989270019531249,1.0,462,462,0,450.27624309392263,444,444,465.21546961325964,1
3756,Wash treatment and accessories,0.9989270019531249,1.0,3081,3081,0,949.9723756906077,2483,2483,842.5690607734807,1
3757,Cutlery,0.9989270019531249,1.0,1565,1565,0,453.45303867403317,2,1512,147.79558011049724,756
3758,Light bulbs,0.9989270019531249,1.0,5072,5072,0,706.3591160220994,13,5005,694.7237569060774,385
3759,Personal care,0.9989270019531249,1.0,762,762,0,210.40883977900552,628,628,207.16022099447514,1
3772,"Glasses (drink, beer, wine etc)",0.9989270019531249,1.0,773,773,0,571.939226519337,1,624,277.0718232044199,624
3779,Vacuuming,0.9989270019531249,1.0,368,368,0,6255.50276243094,0,0,3950.193370165746,675
3782,Ironing boards,0.9989270019531249,1.0,4727,4727,0,549.9226519337017,130,4680,604.9226519337017,36
3783,Clothes hangers,0.9989270019531249,0.9504652171816999,82972,78862,4110,31201.508287292818,9,72576,64618.93370165746,8064
3788,Bath textiles and bath mats,0.9989270019531249,0.9742281140146541,47222,46005,1217,6653.060773480663,45,81000,28340.303867403316,1800
3797,Vehicles,0.9989270019531249,0.9942614770459082,4008,3985,23,155.38674033149172,676,4056,238.9281767955801,6
3803,Hobby and creative,0.9989270019531249,1.0,1932,1932,0,251.78453038674033,2002,2002,364.11049723756906,1
3815,Tea and coffee,0.9989270019531249,0.976625470177324,3722,3635,87,580.3922651933701,6,3456,348.9944751381216,576
3819,Coffee makers and kettles,0.9989270019531249,1.0,391,391,0,676.2983425414365,0,0,393.4475138121547,40
3822,Batteries,0.9989270019531249,1.0,93369,93369,0,3423.0883977900553,146,94900,6698.552486187846,650
3827,Personal care,0.9989270019531249,1.0,482,482,0,136.87292817679557,418,418,138.75690607734808,1
3828,Drink & food To Go,0.9989270019531249,0.9682148788729168,17461,16906,555,752.3093922651934,31,17360,1136.8066298342542,560
3831,Baskets,0.9989270019531249,0.9926784133880441,12429,12338,91,332.060773480663,52,12480,416.98342541436466,240
3832,Tools,0.9989270019531249,1.0,7314,7314,0,602.5966850828729,407,7326,869.3701657458563,18
3835,Personal care,0.9989270019531249,0.9595279467130032,13812,13253,559,861.7900552486187,11,12320,501.1270718232044,1120
3836,Personal care,0.9989270019531249,1.0,114,114,0,6308.077348066298,0,0,4261.016574585636,1
3837,Wash treatment and accessories,0.9989270019531249,1.0,2881,2881,0,432.56353591160223,4,2400,221.8342541436464,600
3844,Wash treatment and accessories,0.9989270019531249,0.7995580702400482,29869,23882,5987,3798.961325966851,35,23520,3189.4198895027625,672
3845,Personal care,0.9989270019531249,1.0,19686,19686,0,2876.6408839779006,15,19440,2590.7845303867402,1296
3886,Gift,0.9989270019531249,1.0,3367,3367,0,15548.243093922652,0,0,116.54143646408839,17640
3891,Residential odors,0.9989270019531249,1.0,6970,6970,0,1115.220994475138,4,6600,418.585635359116,1650
3909,Construction,0.9989270019531249,1.0,226,226,0,193.14917127071823,1,144,106.43646408839778,144
3910,Kitchen tools,0.9989270019531249,1.0,1981,1981,0,174.1767955801105,82,1968,236.51381215469613,24
3911,Teletoys,0.9989270019531249,1.0,585,585,0,593.8342541436464,4,480,542.8674033149172,120
3912,Hobby and creative,0.9989270019531249,1.0,505,505,0,85.54143646408839,511,511,92.80662983425414,1
3913,Serve and present,0.9989270019531249,1.0,794,794,0,1476.8563535911603,1311,1311,2013.5745856353592,1
3915,Construction,0.9989270019531249,1.0,305,305,0,329.1491712707182,1,120,277.68508287292815,120
3918,Special pans,0.9989270019531249,1.0,4185,4185,0,399.55801104972375,37,4144,501.5193370165746,112
3920,Games,0.9989270019531249,1.0,1919,1919,0,377.25414364640886,6,1728,259.6685082872928,288
3921,Teletoys,0.9989270019531249,1.0,355,355,0,98.20994475138122,2,240,46.22099447513812,120
3922,Vehicles,0.9989270019531249,1.0,4419,4419,0,302.5303867403315,370,4440,392.4696132596685,12
3923,Games,0.9989270019531249,1.0,1944,1944,0,141.56906077348066,25,2000,148.1878453038674,80
3925,"Glasses (drink, beer, wine etc)",0.9989270019531249,1.0,3405,3405,0,209.22651933701658,576,3456,333.5414364640884,6
3947,Bath textiles and bath mats,0.9989270019531249,1.0,13253,13253,0,540.0994475138122,30,12960,807.2541436464088,432
3948,Bath textiles and bath mats,0.9989270019531249,1.0,14811,14811,0,651.585635359116,34,14280,974.5414364640884,420
3951,Window and squeegees,0.9989270019531249,1.0,60373,60373,0,5488.491712707182,36,69120,17835.50276243094,1920
3959,Special pans,0.9989270019531249,1.0,36,36,0,541.3646408839779,0,0,456.6795580110497,84
3965,Oven dishes,0.9989270019531249,1.0,248,248,0,64.70165745856353,11,264,86.23204419889503,24
3967,Ironing boards,0.9989270019531249,1.0,127,127,0,400.78453038674036,52,52,399.24309392265195,1
3970,Foods,0.9989270019531249,1.0,124,124,0,1543.4696132596684,0,0,1447.8176795580112,1
3971,Cleaning products,0.9989270019531249,1.0,656,656,0,341.0220994475138,2,576,173.1878453038674,288
3973,Light bulbs,0.9989270019531249,1.0,2433,2433,0,481.90055248618785,8,2200,421.3204419889503,275
3975,Table paper,0.9989270019531249,1.0,1674,1674,0,663.4475138121547,1,1008,147.15469613259668,1008
3979,Special pans,0.9989270019531249,0.9102941176470588,680,619,61,166.86187845303868,5,630,194.6243093922652,126
3980,Drying racks,0.9989270019531249,1.0,1,1,0,1254.0607734806629,0,0,1028.8839779005525,1
3984,Drying racks,0.9989270019531249,1.0,2,2,0,887.3701657458563,0,0,715.4033149171271,1
3986,Bath textiles and bath mats,0.9989270019531249,1.0,0,0,0,702.0,0,0,701.0,1
3987,Travel accessories,0.9989270019531249,1.0,1130,1130,0,323.6740331491713,2,1008,81.44198895027624,504
3989,Tea and coffee,0.9989270019531249,1.0,13674,13674,0,6884.055248618784,6,9000,10680.756906077348,1500
4006,Hobby and creative,0.9989270019531249,1.0,5386,5386,0,580.9834254143647,455,5460,980.3149171270718,12
4016,Hobby and creative,0.9989270019531249,1.0,510,510,0,417.0220994475138,511,511,435.2651933701657,1
4028,Window and squeegees,0.9989270019531249,0.862991735778105,68609,59209,9400,1314.7955801104972,208,59904,2110.314917127072,288
4029,Shoe maintenance,0.9989270019531249,1.0,3407,3407,0,2133.1104972375692,0,0,167.7403314917127,3570
4036,Vacuuming,0.9989270019531249,1.0,164,164,0,3816.292817679558,0,0,2128.1104972375692,675
4040,Kitchen textile,0.9989270019531249,1.0,12795,12795,0,4921.314917127072,2,6336,6072.46408839779,3168
4042,Window and squeegees,0.9989270019531249,0.967704571778974,14677,14203,474,477.1988950276243,116,13920,1956.7734806629835,120
4043,Table textiles,0.9989270019531249,1.0,2570,2570,0,208.9668508287293,9,2592,163.59668508287294,288
4046,Tableware,0.9989270019531249,1.0,12066,12066,0,4360.8011049723755,194,4656,6157.342541436464,24
4047,Tableware,0.9989270019531249,1.0,15264,15264,0,4277.939226519337,20,16320,10773.303867403314,816
4054,Light bulbs,0.9989270019531249,1.0,7689,7689,0,827.8121546961326,17,7616,882.8950276243094,448
4055,Thermos jugs,0.9989270019531249,0.9964267483409903,1959,1952,7,181.65193370165747,9,1944,107.2486187845304,216
4059,Foods,0.9989270019531249,1.0,300,300,0,1968.9005524861877,0,0,1687.5303867403316,1
4068,Baby / Toddler,0.9989270019531249,1.0,744,744,0,99.56353591160222,733,733,126.49171270718232,1
4073,Hobby and creative,0.9989270019531249,0.9981507165973186,6489,6477,12,168.34806629834253,90,6480,305.9502762430939,72
4074,Puzzles,0.9989270019531249,1.0,4263,4263,0,135.44198895027625,358,4296,198.75690607734808,12
4076,Vehicles,0.9989270019531249,1.0,162,162,0,128.5635359116022,21,126,133.12707182320443,6
4077,Puzzles,0.9989270019531249,1.0,4444,4444,0,232.0939226519337,4616,4616,402.09944751381215,1
4079,Foodprep,0.9989270019531249,1.0,7093,7093,0,7497.723756906077,1,3024,7031.944751381216,3024
4080,Coffee makers and kettles,0.9989270019531249,1.0,2875,2875,0,3186.07182320442,2,2488,3719.6187845303866,1244
4085,Vacuuming,0.9989270019531249,0.9056175524872329,5287,4788,499,312.34806629834253,303,4848,479.70165745856355,16
4086,Fans and electric blankets,0.9989270019531249,0.9366907557964469,13284,12443,841,2304.016574585635,152,10944,2777.9171270718234,72
4091,Store kitchen,0.9989270019531249,1.0,725,725,0,400.56906077348066,745,745,427.17127071823205,1
4094,Bathroom accessories,0.9989270019531249,1.0,2958,2958,0,136.707182320442,19,2850,103.20994475138122,150
4097,Cleaning products,0.9989270019531249,0.9989361297921654,26319,26291,28,1008.3370165745856,33,26400,3442.9171270718234,800
4098,Cooking pans,0.9989270019531249,1.0,79,79,0,37.30386740331492,68,68,40.78453038674033,1
4103,Wash treatment and accessories,0.9989270019531249,1.0,2154,2154,0,356.17127071823205,9,2106,314.16022099447514,234
4104,Cleaning products,0.9989270019531249,0.9944434154473051,5399,5369,30,238.47513812154696,30,5220,345.55801104972375,174
4105,(Steam) cleaners,0.9989270019531249,1.0,156,156,0,79.49171270718232,1,96,23.022099447513813,96
4108,Wash treatment and accessories,0.9989270019531249,0.4568752073920923,39177,17899,21278,9761.276243093922,37,24864,3264.8729281767955,672
4113,Residential odors,0.9989270019531249,1.0,5318,5318,0,1426.6519337016575,2,5040,139.0939226519337,2520
4114,Window and squeegees,0.9989270019531249,0.7771739130434783,78016,60632,17384,2471.3922651933703,133,59850,2936.4696132596687,450
4116,Shoe maintenance,0.9989270019531249,1.0,2629,2629,0,497.2099447513812,3,1980,204.81767955801104,660
4117,Coffee makers and kettles,0.9989270019531249,0.9744460234749197,37998,37027,971,613.3591160220994,780,37440,1409.596685082873,48
4122,Electric personal care,0.9989270019531249,0.9539872365527967,18647,17789,858,559.182320441989,127,18288,871.939226519337,144
4123,Electric personal care,0.9989270019531249,0.9899400978554118,21869,21649,220,1147.486187845304,40,21600,1627.9337016574586,540
4133,Special pans,0.9989270019531249,0.9697458476829853,22939,22245,694,661.0552486187845,308,22176,1468.5801104972375,72
4134,Frying pans,0.9989270019531249,1.0,8230,8230,0,2051.4585635359117,9185,9185,2383.5303867403313,1
4153,Stationary,0.9989270019531249,1.0,37286,37286,0,1047.7955801104972,1924,38480,2493.1657458563536,20
4160,Hobby and creative,0.9989270019531249,1.0,7105,7105,0,2686.767955801105,104,6240,4428.823204419889,60
4164,Kitchen tools,0.9989270019531249,1.0,821,821,0,346.3370165745856,1,480,76.82872928176796,480
4166,Girls toys,0.9989270019531249,1.0,161,161,0,199.1049723756906,0,0,21.060773480662984,192
4168,Vehicles,0.9989270019531249,0.7979188473616157,16241,12959,3282,787.7403314917127,1235,14820,1101.7016574585634,12
4171,"Glasses (drink, beer, wine etc)",0.9989270019531249,1.0,2323,2323,0,1403.3038674033148,1,1026,851.1436464088398,1026
4172,Tea and coffee,0.9989270019531249,0.9829177572668412,21777,21405,372,970.3259668508288,30,21600,1392.4254143646408,720
4176,Window and squeegees,0.9989270019531249,0.8701830302321502,68404,59524,8880,1259.3204419889503,222,59940,2061.745856353591,270
4187,Knives,0.9989270019531249,0.9909852291761839,32835,32539,296,7997.0110497237565,3,23760,11966.32044198895,7920
4191,Cutlery,0.9989270019531249,1.0,22975,22975,0,10223.171270718232,5,20000,17487.14364640884,4000
4192,Window and squeegees,0.9989270019531249,0.9865205367202704,48815,48157,658,1728.2983425414366,37,47952,2113.8342541436464,1296
4194,Stairs,0.9989270019531249,1.0,3218,3218,0,99.0,159,3180,209.01657458563537,20
4203,Bed textile,0.9989270019531249,1.0,842,842,0,302.35911602209944,2,500,304.09944751381215,250
4206,Mugs and cups,0.9989270019531249,1.0,12408,12408,0,3453.3259668508285,344,12384,8850.701657458563,36
4215,Tea and coffee,0.9989270019531249,1.0,15330,15330,0,4794.265193370165,33,11880,9864.06629834254,360
4216,Tea and coffee,0.9989270019531249,1.0,16,16,0,388.02762430939225,0,0,259.89502762430936,24
4217,Tableware,0.9989270019531249,1.0,4585,4585,0,592.6243093922652,66,4752,734.5745856353591,72
4221,Large garden,0.9989270019531249,1.0,57,57,0,192.19337016574585,0,0,88.95027624309392,72
4223,"Glasses (drink, beer, wine etc)",0.9989270019531249,1.0,559,559,0,259.62983425414365,5,480,228.4585635359116,96
4224,Cutlery,0.9989270019531249,1.0,628,628,0,459.9944751381216,0,0,48.9171270718232,756
4227,Special pans,0.9989270019531249,0.9685902118334551,2738,2652,86,596.646408839779,2639,2639,694.5303867403314,1
4233,Bakeware,0.9989270019531249,1.0,548,548,0,84.1767955801105,28,560,94.06077348066299,20
4239,Baby / Toddler,0.9989270019531249,1.0,4329,4329,0,175.67403314917127,371,4452,336.2044198895028,12
4242,Stuffed animals,0.9989270019531249,1.0,2371,2371,0,208.99447513812154,13,2496,229.97237569060775,192
4255,Boys toys,0.9989270019531249,1.0,7956,7956,0,771.2596685082873,41,8200,1272.767955801105,200
4261,Foodprep,0.9989270019531249,1.0,9502,9502,0,4469.657458563536,11,12408,9442.861878453039,1128
4262,Batteries,0.9989270019531249,0.9476599654128837,37008,35071,1937,1214.1602209944751,3614,36140,2571.9226519337017,10
4264,Cooking pans,0.9989270019531249,1.0,1274,1274,0,147.55248618784532,6,1152,96.61878453038673,192
4265,Window and squeegees,0.9989270019531249,0.9406899634900528,53684,50500,3184,1276.3591160220994,132,50688,2988.6132596685084,384
4266,Kitchen helpers,0.9989270019531249,1.0,38994,38994,0,16834.11049723757,7,34272,29663.25414364641,4896
4267,Hobby and creative,0.9989270019531249,1.0,531,531,0,111.93922651933701,528,528,119.47513812154696,1
4268,"Cloths, mops, sponges and brush",0.9989270019531249,1.0,0,0,0,2083.0,0,0,1117.1933701657458,960
4279,"Cloths, mops, sponges and brush",0.9989270019531249,0.9735000874584573,34302,33393,909,1303.767955801105,54,29160,4347.403314917127,540
4281,Wash treatment and accessories,0.9989270019531249,1.0,3710,3710,0,2082.502762430939,9,3456,1971.0386740331492,384
4282,Bakeware,0.9989270019531249,1.0,17999,17999,0,920.1049723756906,21,16800,1248.1270718232045,800
4283,Tea and coffee,0.9989270019531249,1.0,8061,8061,0,3417.8895027624308,5670,5670,6256.657458563536,1
4284,Cutlery,0.9989270019531249,0.8889633788653314,11933,10608,1325,459.0220994475138,135,12150,843.9447513812155,90
4286,Bathroom accessories,0.9989270019531249,1.0,11458,11458,0,238.53591160220995,40,11520,283.3204419889503,288
4287,Kitchen textile,0.9989270019531249,1.0,5286,5286,0,383.9226519337017,11,5280,346.6795580110497,480
4303,"Cloths, mops, sponges and brush",0.9989270019531249,1.0,24399,24399,0,1845.7845303867402,29,25056,3290.9005524861877,864
4309,Vehicles,0.9989270019531249,0.9788338658146964,10016,9804,212,294.7900552486188,138,9936,632.9060773480663,72
4312,Hobby and creative,0.9989270019531249,0.9948963968561805,9797,9747,50,295.3370165745856,1661,9966,670.8121546961326,6
4317,Puzzles,0.9989270019531249,0.9126519585772175,2221,2027,194,110.31491712707182,168,2016,131.03867403314916,12
4323,Vacuuming,0.9989270019531249,1.0,162,162,0,1589.4198895027625,0,0,1473.585635359116,24
4326,Foodprep,0.9989270019531249,0.9974768713204374,19024,18976,48,309.9447513812155,341,19096,701.5469613259669,56
4329,Small storage,0.9989270019531249,1.0,47997,47997,0,1607.1933701657458,20,47520,1152.7127071823204,2376
4331,Window and squeegees,0.9989270019531249,0.9408928293669311,32145,30245,1900,877.5524861878453,78,29952,1804.9281767955802,384
4332,Tableware,0.9989270019531249,1.0,4676,4676,0,709.232044198895,8,4608,909.2375690607735,576
4336,Racks and pockets,0.9989270019531249,1.0,25511,25511,0,14436.21546961326,3,18000,18793.54143646409,6000
4337,Racks and pockets,0.9989270019531249,1.0,135898,135898,0,52511.97237569061,14,84000,92773.0773480663,6000
4341,Baskets,0.9989270019531249,1.0,8912,8912,0,329.76243093922653,23,8832,284.10497237569064,384
4343,Baskets,0.9989270019531249,0.9986368062317429,10270,10256,14,314.23204419889504,28,10080,302.060773480663,360
4345,Wash treatment and accessories,0.9989270019531249,1.0,3589,3589,0,305.52486187845307,12,3600,293.5303867403315,300
4346,Wash treatment and accessories,0.9989270019531249,1.0,2549,2549,0,451.64088397790056,4,2400,222.61878453038673,600
4347,Wash treatment and accessories,0.9989270019531249,1.0,12445,12445,0,1037.9060773480662,16,12288,855.2651933701658,768
4348,Cleaning products,0.9989270019531249,0.9920722713864307,5424,5381,43,157.31491712707182,47,5358,302.76795580110496,114
4355,Drink & food To Go,0.9989270019531249,1.0,11928,11928,0,1072.4972375690609,16,12000,1576.5193370165746,750
4356,Personal care,0.9989270019531249,1.0,1187,1187,0,7318.508287292818,1267,1267,7363.834254143647,1
4362,Measuring and weighing,0.9989270019531249,0.985092285849503,4226,4163,63,255.97790055248618,30,4200,342.9889502762431,140
4363,Pan sets,0.9989270019531249,1.0,47,47,0,735.3149171270718,0,0,673.5138121546961,72
4384,Candles & Tealights,0.9989270019531249,1.0,1002,1002,0,9179.226519337017,0,0,787.3591160220994,9120
4389,Vases,0.9989270019531249,1.0,5005,5005,0,307.646408839779,26,4992,391.58011049723757,192
4402,Photo frames & albums,0.9989270019531249,1.0,3255,3255,0,223.44751381215468,20,3200,263.3922651933702,160
4404,Photo frames & albums,0.9989270019531249,1.0,24984,24984,0,1080.4475138121547,29,25056,1577.8232044198894,864
4409,Tableware,0.9989270019531249,1.0,3592,3592,0,3648.497237569061,103,3708,5320.524861878453,36
4410,Tableware,0.9989270019531249,1.0,5282,5282,0,4763.50276243094,188,4512,6904.812154696133,24
4411,Construction,0.9989270019531249,1.0,204,204,0,134.50828729281767,0,0,49.353591160220994,200
4418,Hobby and creative,0.9989270019531249,1.0,1189,1189,0,324.1767955801105,16,1152,317.74585635359114,72
4422,Construction,0.9989270019531249,1.0,348,348,0,99.5303867403315,92,368,122.74585635359117,4
4425,Boys toys,0.9989270019531249,1.0,7473,7473,0,1097.7182320441989,1918,7672,1421.0994475138123,4
4429,Store kitchen,0.9989270019531249,1.0,5989,5989,0,366.4696132596685,1605,6420,602.4585635359116,4
4433,Drink & food To Go,0.9989270019531249,0.9793782221527886,12802,12538,264,812.6961325966851,10,12000,688.1325966850828,1200
4437,Wash treatment and accessories,0.9989270019531249,0.9620392502201535,31796,30589,1207,906.4640883977901,32,30720,1601.011049723757,960
4438,Racks and pockets,0.9989270019531249,1.0,1609,1609,0,202.4972375690608,1613,1613,258.35911602209944,1
4440,"Cloths, mops, sponges and brush",0.9989270019531249,0.9357246637608136,75021,70199,4822,3293.497237569061,52,58240,9384.342541436465,1120
4441,Kitchen helpers,0.9989270019531249,0.9133492252681764,8390,7663,727,397.4696132596685,63,7560,449.18232044198896,120
4442,"Cloths, mops, sponges and brush",0.9989270019531249,0.9891518737672583,17238,17051,187,1036.0386740331492,14,16800,1654.6077348066299,1200
4445,Vacuuming,0.9989270019531249,0.9826030927835051,13968,13725,243,935.5524861878453,19,12825,2014.121546961326,675
4447,Store kitchen,0.9989270019531249,1.0,8777,8777,0,334.18232044198896,18,8640,224.54696132596686,480
4448,Bakeware,0.9989270019531249,0.9954434224959919,23702,23594,108,1269.0773480662983,18,21600,1610.46408839779,1200
4452,Waste bins,0.9989270019531249,0.9164336750543647,22533,20650,1883,2118.3480662983425,43,20124,1869.3867403314916,468
4453,Window and squeegees,0.9989270019531249,0.9990596683193709,11698,11687,11,542.7458563535912,80,11520,906.8839779005525,144
4456,"Cloths, mops, sponges and brush",0.9989270019531249,1.0,7448,7448,0,604.8232044198895,7,6720,216.71823204419888,960
4471,Gift cards,0.9989270019531249,1.0,0,0,0,3079.0,0,0,79.0,3000
4474,Tableware,0.9989270019531249,1.0,5096,5096,0,787.8397790055249,214,5136,969.4585635359116,24
4477,Tableware,0.9989270019531249,1.0,6219,6219,0,6286.6629834254145,5349,5349,6341.906077348066,1
4479,Bicycle accessories,0.9989270019531249,1.0,21,21,0,341.2486187845304,0,0,286.7292817679558,1
4480,Others,0.9989270019531249,1.0,1513,1513,0,628.3701657458563,2,1344,258.75690607734805,672
4481,"Glasses (drink, beer, wine etc)",0.9989270019531249,1.0,414,414,0,782.1988950276243,0,0,112.08839779005525,864
4482,Bed textile,0.9989270019531249,1.0,2211,2211,0,563.7900552486187,14,1960,1148.513812154696,140
4485,Table textiles,0.9989270019531249,1.0,72505,72505,0,35084.02209944752,1,43776,25159.35359116022,43776
4489,Vehicles,0.9989270019531249,1.0,3311,3311,0,399.4696132596685,3481,3481,658.4972375690608,1
4490,Construction,0.9989270019531249,1.0,1460,1460,0,272.2044198895028,31,1550,358.939226519337,50
4492,Foods,0.9989270019531249,1.0,491,491,0,4924.082872928177,85,85,4878.116022099448,1
4496,Hobby and creative,0.9989270019531249,1.0,3126,3126,0,170.02209944751382,537,3222,282.49723756906076,6
4499,Cleaning products,0.9989270019531249,1.0,4420,4420,0,1593.1270718232045,4169,4169,1751.243093922652,1
4503,Games,0.9989270019531249,1.0,3000,3000,0,310.16574585635357,507,3042,528.2707182320441,6
4513,Measuring and weighing,0.9989270019531249,1.0,37116,37116,0,34096.09392265193,4884,29304,49412.05524861879,6
4516,Vacuuming,0.9989270019531249,1.0,30461,30461,0,6200.39226519337,5889,35334,18328.2817679558,6
4517,Knives,0.9989270019531249,0.9547104308032192,6337,6050,287,1937.1436464088397,2,4800,1967.4364640883978,2400
4518,Foodprep,0.9989270019531249,1.0,4625,4625,0,225.3977900552486,1189,4756,403.9889502762431,4
4520,Vacuuming,0.9989270019531249,1.0,3260,3260,0,487.9281767955801,278,3336,607.9779005524862,12
4526,Insecticides,0.9989270019531249,1.0,124,124,0,3362.0773480662983,0,0,2352.5414364640883,1008
4527,Tea and coffee,0.9989270019531249,1.0,11301,11301,0,1843.232044198895,3,9600,507.50828729281767,3200
4531,Store kitchen,0.9989270019531249,0.9738767470218553,21322,20765,557,739.7237569060774,79,21330,1410.4806629834254,270
4535,Laundry baskets,0.9989270019531249,1.0,10558,10558,0,556.646408839779,138,10350,684.5911602209944,75
4536,Drying racks,0.9989270019531249,0.964764535471266,14843,14320,523,495.1491712707182,68,14280,928.7292817679559,210
4537,Small storage,0.9989270019531249,0.9388915714362358,18639,17500,1139,910.2872928176796,15,17550,967.939226519337,1170
4539,Bathroom accessories,0.9989270019531249,1.0,4938,4938,0,5671.314917127072,1,3600,4815.182320441989,3600
4544,Bakeware,0.9989270019531249,1.0,503,503,0,75.32596685082873,25,500,84.12707182320442,20
4546,Wash treatment and accessories,0.9989270019531249,1.0,1144,1144,0,3176.016574585635,1061,1061,3207.574585635359,1
4547,Cleaning products,0.9989270019531249,0.9920935029219663,17454,17316,138,1026.8121546961327,39,17550,2719.9060773480664,450
4548,Wash treatment and accessories,0.9989270019531249,1.0,2291,2291,0,224.56906077348066,38,2280,278.939226519337,60
4552,Cleaning products,0.9989270019531249,0.862045630317092,10344,8917,1427,410.585635359116,62,8928,679.5414364640884,144
4556,Euro articles,0.9989270019531249,1.0,5133,5133,0,2840.171270718232,1,3744,705.7127071823204,3744
4558,Cleaning products,0.9989270019531249,1.0,6892,6892,0,490.1933701657459,14,6720,541.8397790055249,480
4559,Cleaning products,0.9989270019531249,1.0,2921,2921,0,899.0055248618785,4,2400,673.8508287292817,600
4560,Waste bins,0.9989270019531249,1.0,11524,11524,0,852.7292817679559,758,12128,2145.767955801105,16
4562,Window and squeegees,0.9989270019531249,1.0,540,540,0,4967.740331491713,0,0,4413.92817679558,104
4563,Stationary,0.9989270019531249,1.0,81457,81457,0,6664.563535911602,7,73920,6991.375690607735,10560
4564,Residential odors,0.9989270019531249,1.0,11759,11759,0,1407.2651933701657,5,9900,533.3922651933701,1980
4566,Personal care,0.9989270019531249,1.0,29339,29339,0,6188.016574585636,25,28800,6040.093922651934,1152
4567,Window and squeegees,0.9989270019531249,0.7988989016406913,36509,29167,7342,1083.8342541436464,93,29295,1300.2596685082874,315
4576,Electric personal care,0.9989270019531249,0.9450705559238565,10559,9979,580,397.21546961325964,31,9920,443.7182320441989,320
4581,Measuring and weighing,0.9989270019531249,0.8151947148817803,5752,4689,1063,532.1602209944751,5,4000,301.8729281767956,800
4589,Other Holidays,0.9989270019531249,0.8441474175966779,15412,13010,2402,2615.961325966851,6,13200,1610.375690607735,2200
4596,Personal care,0.9989270019531249,1.0,714,714,0,328.6077348066298,756,756,335.121546961326,1
4620,Candles & Tealights,0.9989270019531249,1.0,39765,39765,0,19364.86740331492,3,21600,25762.690607734807,7200
4621,Candles & Tealights,0.9989270019531249,1.0,136,136,0,1594.9005524861877,0,0,645.9502762430939,1050
4628,Drinks,0.9989270019531249,1.0,1331,1331,0,3891.1325966850827,701,701,3891.646408839779,1
4638,Residential odors,0.9989270019531249,0.9899217058137598,12006,11885,121,423.8674033149171,2113,12678,694.0055248618785,6
4652,Photo frames & albums,0.9989270019531249,1.0,29513,29513,0,1136.1823204419888,34,29376,1826.1491712707182,864
4654,Photo frames & albums,0.9989270019531249,0.9996773152629881,9297,9294,3,411.0828729281768,484,9680,766.5138121546961,20
4659,Gift cards,0.9989270019531249,1.0,0,0,0,3177.0,0,0,69.28729281767956,3000
4660,Gift cards,0.9989270019531249,1.0,0,0,0,3040.0,0,0,40.0,3000
4663,Gift cards,0.9989270019531249,1.0,0,0,0,3175.0,0,0,113.82872928176796,3000
4665,Window and squeegees,0.9989270019531249,1.0,2433,2433,0,356.89502762430936,5,2310,206.88950276243094,462
4683,Personal care,0.9989270019531249,0.9782608695652174,1978,1935,43,315.707182320442,2265,2265,391.52486187845307,1
4685,Boys toys,0.9989270019531249,1.0,17,17,0,354.72375690607737,0,0,20.646408839779006,336
4687,Construction,0.9989270019531249,1.0,250,250,0,320.5966850828729,1,180,251.51381215469613,180
4690,Hobby and creative,0.9989270019531249,0.9312689914628852,13822,12872,950,159.30939226519337,13369,13369,660.1767955801105,1
4691,Tableware,0.9989270019531249,1.0,14790,14790,0,10074.734806629835,13591,13591,16538.872928176796,1
4692,Tableware,0.9989270019531249,1.0,5516,5516,0,7685.138121546961,5387,5387,10176.53038674033,1
4701,Residential odors,0.9989270019531249,0.9954655159803993,13673,13611,62,612.110497237569,2391,14346,916.4585635359116,6
4706,Foils and bags,0.9989270019531249,0.9260361804442409,4367,4044,323,2106.729281767956,1,2800,552.5966850828729,2800
4707,Boys toys,0.9989270019531249,1.0,1379,1379,0,402.5359116022099,11,1320,395.3922651933702,120
4711,"Glasses (drink, beer, wine etc)",0.9989270019531249,1.0,5346,5346,0,459.9889502762431,879,5274,652.1767955801105,6
4715,Drink & food To Go,0.9989270019531249,1.0,6125,6125,0,713.4861878453039,9,5616,837.9502762430939,624
4716,Wash treatment and accessories,0.9989270019531249,1.0,5160,5160,0,289.8011049723757,16,5248,314.50276243093924,328
4718,Window and squeegees,0.9989270019531249,0.8476484560570071,21050,17843,3207,1457.4585635359117,71,18176,1829.1436464088397,256
4720,Wash treatment and accessories,0.9989270019531249,0.9724448897795591,17964,17469,495,459.5524861878453,91,17472,1035.5911602209944,192
4726,Drying racks,0.9989270019531249,0.9790280210157618,22840,22361,479,1212.2265193370165,80,20160,4102.563535911602,252
4729,Knives,0.9989270019531249,1.0,2520,2520,0,181.02209944751382,2516,2516,271.70165745856355,1
4730,Ironing board textiles,0.9989270019531249,1.0,2861,2861,0,255.6353591160221,30,2880,315.0718232044199,96
4731,Mugs and cups,0.9989270019531249,0.9765585310980478,27558,26912,646,7614.088397790055,6,12000,13300.403314917126,2000
4742,Light bulbs,0.9989270019531249,1.0,2813,2813,0,386.3867403314917,7,2618,290.6243093922652,374
4746,Hobby and creative,0.9989270019531249,1.0,135,135,0,85.39779005524862,1,72,47.67403314917127,72
4757,Games,0.9989270019531249,1.0,1912,1912,0,288.6077348066298,342,2052,429.7292817679558,6
4764,Construction,0.9989270019531249,1.0,1014,1014,0,241.87292817679557,4,960,189.8232044198895,240
4770,Vacuuming,0.9989270019531249,1.0,9202,9202,0,3260.8011049723755,1444,8664,6438.060773480663,6
4773,Tableware,0.9989270019531249,1.0,16644,16644,0,7399.425414364641,6,14688,12704.237569060773,2448
4776,Store kitchen,0.9989270019531249,1.0,19440,19440,0,676.646408839779,121,19360,909.1491712707183,160
4782,Thermos jugs,0.9989270019531249,0.9373189751206833,13465,12621,844,4885.342541436464,9,14040,10905.718232044199,1560
4783,Baskets,0.9989270019531249,1.0,12952,12952,0,369.51381215469615,54,12960,457.72375690607737,240
4784,Tools,0.9989270019531249,0.9916554766928832,20852,20678,174,593.171270718232,108,20736,1273.46408839779,192
4785,Cleaning products,0.9989270019531249,0.9826292933280695,5066,4978,88,195.47513812154696,17,4794,242.79005524861878,282
4786,Personal care,0.9989270019531249,1.0,10404,10404,0,2915.243093922652,8296,8296,2663.033149171271,1
4787,Cleaning products,0.9989270019531249,0.9833137485311398,4255,4184,71,159.00552486187846,24,4176,240.5635359116022,174
4788,Cleaning products,0.9989270019531249,1.0,3152,3152,0,287.1767955801105,11,3036,274.4088397790055,276
4793,Personal care,0.9989270019531249,1.0,13829,13829,0,4023.425414364641,8,12240,3115.4585635359117,1530
4794,Wash treatment and accessories,0.9989270019531249,1.0,7814,7814,0,657.0055248618785,18,7776,745.6961325966851,432
4797,Cleaning products,0.9989270019531249,1.0,5054,5054,0,955.7292817679559,3,4320,289.1325966850829,1440
4798,Wash treatment and accessories,0.9989270019531249,0.9356435643564357,3232,3024,208,874.6077348066299,3222,3222,861.2762430939226,1
4806,Electric personal care,0.9989270019531249,0.9421239128100505,9313,8774,539,138.6243093922652,440,8800,319.2651933701657,20
4812,Cooking pans,0.9989270019531249,0.8612113918973124,2493,2147,346,161.0,13,2496,146.6022099447514,192
4818,Other Holidays,0.9989270019531249,0.6255272990237435,8297,5190,3107,1690.5635359116022,575,6900,1313.403314917127,12
4841,Stationary,0.9989270019531249,1.0,10586,10586,0,1515.9447513812154,3,8208,502.31491712707185,2736
4849,Kitchen tools,0.9989270019531249,1.0,1784,1784,0,162.4364640883978,74,1776,216.87845303867402,24
4850,Kitchen tools,0.9989270019531249,1.0,1093,1093,0,118.08839779005525,31,1116,142.02209944751382,36
4851,Kitchen tools,0.9989270019531249,1.0,803,803,0,150.86187845303868,4,768,83.1878453038674,192
4852,Hobby and creative,0.9989270019531249,1.0,519,519,0,2697.558011049724,1,288,2574.5635359116022,288
4856,Vacuuming,0.9989270019531249,1.0,24,24,0,387.0828729281768,0,0,326.060773480663,16
4857,Hobby and creative,0.9989270019531249,1.0,2225,2225,0,437.0718232044199,2280,2280,522.7624309392265,1
4858,Tableware,0.9989270019531249,1.0,2241,2241,0,330.0718232044199,18,2016,350.6685082872928,112
4859,Tableware,0.9989270019531249,1.0,2130,2130,0,386.89502762430936,4,1728,217.46408839779005,432
4864,"Glasses (drink, beer, wine etc)",0.9989270019531249,1.0,490,490,0,102.13812154696133,83,498,117.09944751381215,6
4866,Serve and present,0.9989270019531249,1.0,985,985,0,429.23204419889504,1,672,95.39226519337016,672
4873,Toilet cleaners and odors,0.9989270019531249,0.9569472987564875,28709,27473,1236,1930.9226519337017,29,27840,2341.6795580110497,960
4875,Table paper,0.9989270019531249,1.0,4997,4997,0,684.6408839779006,5,5040,353.03867403314916,1008
4876,Moisture treatment and climate,0.9989270019531249,0.9949391975533387,27466,27327,139,2219.828729281768,8,25600,2538.9060773480664,3200
4880,Window and squeegees,0.9989270019531249,0.9993984787333127,51536,51505,31,935.2154696132596,55,50820,1584.2707182320441,924
4881,Window and squeegees,0.9989270019531249,0.9940993591777172,31522,31336,186,659.0386740331492,177,31860,1774.9779005524863,180
4882,Stairs,0.9989270019531249,1.0,5598,5598,0,187.62983425414365,276,5520,385.8232044198895,20
4886,Kitchen textile,0.9989270019531249,1.0,10402,10402,0,2613.6243093922653,24,11520,6334.817679558011,480
4887,Kitchen textile,0.9989270019531249,1.0,15698,15698,0,7034.629834254144,2,15980,6911.149171270718,7990
4892,Ironing board textiles,0.9989270019531249,1.0,10387,10387,0,785.3038674033149,16,10560,1859.6850828729282,660
4894,Bed textile,0.9989270019531249,1.0,4659,4659,0,1080.2707182320441,166,3320,2163.0939226519336,20
4901,Serve and present,0.9989270019531249,1.0,3669,3669,0,180.26519337016575,157,3768,306.95580110497235,24
4902,Tea and coffee,0.9989270019531249,1.0,4644,4644,0,466.82872928176795,7,4410,331.1767955801105,630
4903,Tea and coffee,0.9989270019531249,1.0,259,259,0,492.4696132596685,3,72,458.47513812154693,24
4904,Light bulbs,0.9989270019531249,1.0,4044,4044,0,644.0331491712707,10,3850,604.8342541436464,385
4906,Cleaning products,0.9989270019531249,1.0,643,643,0,51.033149171270715,660,660,73.95027624309392,1
4907,Tools,0.9989270019531249,1.0,26,26,0,32.29834254143646,20,20,31.596685082872927,1
4909,Drink & food To Go,0.9989270019531249,1.0,6575,6575,0,4977.944751381216,13183,13183,10678.198895027625,1
4915,Light bulbs,0.9989270019531249,1.0,6610,6610,0,832.5966850828729,14,6272,853.9171270718232,448
4917,Personal care,0.9989270019531249,1.0,227,227,0,3146.718232044199,0,0,2866.2375690607737,1
4918,Tools,0.9989270019531249,1.0,72,72,0,135.82872928176795,0,0,17.591160220994475,150
4921,Baskets,0.9989270019531249,1.0,2689,2689,0,424.5359116022099,22,2816,913.8618784530387,128
4922,Light bulbs,0.9989270019531249,1.0,1322,1322,0,462.2209944751381,2,946,256.4696132596685,473
4930,Kitchen tools,0.9989270019531249,1.0,1419,1419,0,458.7955801104972,58,1392,499.70165745856355,24
4933,Puzzles,0.9989270019531249,1.0,174,174,0,184.00552486187846,1,160,62.12707182320442,160
4951,Games,0.9989270019531249,1.0,2569,2569,0,446.8839779005525,2576,2576,626.6519337016574,1
4953,Puzzles,0.9989270019531249,0.999228593468758,3889,3886,3,127.50276243093923,325,3900,183.06629834254144,12
4962,"Glasses (drink, beer, wine etc)",0.9989270019531249,1.0,672,672,0,49.68508287292818,118,708,70.98342541436465,6
4965,"Glasses (drink, beer, wine etc)",0.9989270019531249,1.0,658,658,0,219.0110497237569,95,570,235.38121546961327,6
4966,Store kitchen,0.9989270019531249,1.0,7858,7858,0,262.76795580110496,2053,8212,569.6022099447514,4
4970,"Cloths, mops, sponges and brush",0.9989270019531249,0.9933044827304646,24494,24330,164,1407.828729281768,13,20800,2997.9005524861877,1600
4974,Kitchen tools,0.9989270019531249,0.9931831746929287,31833,31616,217,12777.740331491712,6,30000,23471.03867403315,5000
4978,Window and squeegees,0.9989270019531249,0.9938702890834005,38501,38265,236,867.060773480663,54,37800,1984.7845303867402,700
4982,Ironing board textiles,0.9989270019531249,1.0,37696,37696,0,1352.0386740331492,177,38940,6705.088397790055,220
4985,Personal care,0.9989270019531249,1.0,14144,14144,0,6025.088397790055,17,15300,5917.03867403315,900
5001,Shopping bags and trolleys,0.9989270019531249,1.0,5129,5129,0,674.4530386740331,5264,5264,872.2541436464088,1
5008,Measuring and weighing,0.9989270019531249,0.8459119496855346,954,807,147,434.6243093922652,1,576,210.1988950276243,576
5015,Construction,0.9989270019531249,1.0,841,841,0,106.20441988950276,227,908,166.58563535911603,4
5025,Tea and coffee,0.9989270019531249,1.0,12603,12603,0,3761.707182320442,2,10080,3037.966850828729,5040
5027,Small storage,0.9989270019531249,0.9938967559604341,33261,33058,203,1010.6906077348066,24,32256,809.5966850828729,1344
5033,Bathroom accessories,0.9989270019531249,1.0,5936,5936,0,314.5303867403315,38,6156,460.5966850828729,162
5038,Storage boxes,0.9989270019531249,1.0,2197,2197,0,284.3425414364641,152,1824,289.17127071823205,12
5039,Baskets,0.9989270019531249,0.9982577077494129,13201,13178,23,362.8011049723757,37,13320,403.6740331491713,360
5040,Wash treatment and accessories,0.9989270019531249,0.8719790986283474,4593,4005,588,804.9060773480663,4,3456,490.3204419889503,864
5042,Personal care,0.9989270019531249,0.9764524409202107,82981,81027,1954,4086.3812154696134,70,80640,6406.883977900552,1152
5045,Cleaning products,0.9989270019531249,1.0,22896,22896,0,2674.414364640884,21072,21072,3472.049723756906,1
5047,Cleaning products,0.9989270019531249,1.0,7653,7653,0,483.4088397790055,16,7680,574.5635359116022,480
5051,Cleaning products,0.9989270019531249,1.0,5931,5931,0,2582.4475138121547,8,5520,2333.3259668508285,690
5052,Commercial non-trade goods,0.9989270019531249,1.0,72275,72275,0,6998.60773480663,6,63360,6450.49723756906,10560
5057,Foodprep,0.9989270019531249,0.9770534550195568,7670,7494,176,239.1767955801105,378,7560,514.3314917127071,20
5062,Electric personal care,0.9989270019531249,0.9163893510815307,2404,2203,201,85.65193370165746,110,2200,121.5524861878453,20
5063,Pan sets,0.9989270019531249,0.924260011607661,3446,3185,261,206.3646408839779,68,3264,285.3756906077348,48
5066,Bakeware,0.9989270019531249,1.0,13569,13569,0,9324.370165745857,5,12000,13491.574585635359,2400
5067,"BBQ, beach and camping",0.9989270019531249,0.6444224067875983,72603,46787,25816,17994.872928176796,11,52272,9039.966850828729,4752
5068,Other Holidays,0.9989270019531249,0.8295573370512374,8607,7140,1467,2928.4585635359117,2,5600,836.6795580110497,2800
5082,Candles & Tealights,0.9989270019531249,1.0,932,932,0,1070.6132596685084,0,0,708.0939226519337,1050
5088,Residential odors,0.9989270019531249,0.9909013549780716,15277,15138,139,623.110497237569,2584,15504,957.5690607734807,6
5096,Vases,0.9989270019531249,0.9742437855645403,3339,3253,86,148.21546961325967,41,3280,233.2596685082873,80
5099,Tea and coffee,0.9989270019531249,1.0,5884,5884,0,3310.1104972375692,5789,5789,5989.972375690608,1
5101,Small garden,0.9989270019531249,1.0,1125,1125,0,607.3812154696133,1141,1141,649.5690607734807,1
5106,Tableware,0.9989270019531249,1.0,5054,5054,0,4216.950276243094,332,3984,6147.265193370165,12
5108,Games,0.9989270019531249,0.9959183673469387,2450,2440,10,316.0110497237569,9,2592,351.51381215469615,288
5114,"Glasses (drink, beer, wine etc)",0.9989270019531249,1.0,902,902,0,401.95580110497235,2,600,243.4696132596685,300
5117,Store kitchen,0.9989270019531249,1.0,11318,11318,0,392.2651933701657,2985,11940,838.7955801104972,4
5119,Personal care,0.9989270019531249,1.0,6790,6790,0,1648.4696132596684,3,6750,581.2596685082873,2250
5121,Wash treatment and accessories,0.9989270019531249,0.9411552996220982,11114,10460,654,288.6132596685083,95,10640,639.5690607734807,112
5124,Bakeware,0.9989270019531249,0.9610051993067591,47314,45469,1845,1970.9392265193371,268,44220,3677.6243093922653,165
5125,Foils and bags,0.9989270019531249,0.9884115037631461,40126,39661,465,3464.0441988950274,20,38400,3886.1160220994475,1920
5126,Gift,0.9989270019531249,1.0,107362,107362,0,5496.552486187846,70,105000,8671.729281767955,1500
5128,Cutlery,0.9989270019531249,1.0,14997,14997,0,880.5138121546961,60,14400,1308.9944751381215,240
5129,Cutlery,0.9989270019531249,0.9783029833397908,2581,2525,56,119.67403314917127,108,2592,203.95027624309392,24
5134,Kitchen helpers,0.9989270019531249,1.0,15008,15008,0,6741.182320441989,8,19584,13733.508287292818,2448
5139,Bed textile,0.9989270019531249,1.0,1500,1500,0,510.3259668508287,62,1116,834.9116022099447,18
5142,Bath textiles and bath mats,0.9989270019531249,1.0,47167,47167,0,7526.790055248619,54,68040,26230.049723756907,1260
5144,Bed textile,0.9989270019531249,1.0,2056,2056,0,1586.2707182320441,1,1200,1321.5635359116022,1200
5152,Gift cards,0.9989270019531249,1.0,0,0,0,3040.0,0,0,40.0,3000
5153,Planks,0.9989270019531249,1.0,929,929,0,1324.8176795580112,770,770,1353.1602209944751,1
5154,Hobby and creative,0.9989270019531249,1.0,0,0,0,60.0,0,0,50.110497237569064,6
5155,Cutlery,0.9989270019531249,1.0,4430,4430,0,512.2596685082873,38,4560,623.4364640883978,120
5156,Clocks,0.9989270019531249,1.0,133,133,0,557.2596685082873,68,68,556.5027624309392,1
5157,Tableware,0.9989270019531249,0.7914884516680923,4676,3701,975,443.6077348066298,51,3672,445.30939226519337,72
5159,Home decoration,0.9989270019531249,1.0,370,370,0,263.74585635359114,377,377,276.3922651933702,1
5160,Waste bins,0.9989270019531249,1.0,720,720,0,516.0718232044198,10,1600,644.3480662983426,160
5161,Light bulbs,0.9989270019531249,1.0,480,480,0,241.33701657458565,1,352,54.64088397790055,352
5162,Baby / Toddler,0.9989270019531249,1.0,583,583,0,191.32044198895028,578,578,212.29834254143645,1
5165,Personal care,0.9989270019531249,0.8091419406575782,1247,1009,238,558.110497237569,1270,1270,423.08839779005524,1
5166,Euro articles,0.9989270019531249,1.0,0,0,0,2680.0,0,0,2674.171270718232,1
5169,Foods,0.9989270019531249,1.0,0,0,0,3123.0,0,0,3110.4088397790056,1
5174,Shopping bags and trolleys,0.9989270019531249,1.0,3765,3765,0,11276.950276243095,2014,2014,12337.447513812154,1
5175,Toilet cleaners and odors,0.9989270019531249,0.9174745802790257,4229,3880,349,343.3646408839779,12,3600,225.707182320442,300
5179,Hobby and creative,0.9989270019531249,1.0,641,641,0,99.92817679558011,8,576,78.65745856353591,72
5181,Shopping bags and trolleys,0.9989270019531249,1.0,6174,6174,0,3075.8453038674033,5950,5950,3284.8729281767955,1
5186,Hobby and creative,0.9989270019531249,0.9631481968939195,3799,3659,140,202.5414364640884,354,3540,397.22651933701655,10
5190,Wash treatment and accessories,0.9989270019531249,1.0,4126,4126,0,1042.7182320441989,4,3456,729.8011049723757,864
5198,Hobby and creative,0.9989270019531249,1.0,190,190,0,627.3425414364641,2,160,591.7403314917127,80
5200,Outdoor toys,0.9989270019531249,1.0,745,745,0,288.27624309392263,9,720,260.9889502762431,80
5204,Oven dishes,0.9989270019531249,1.0,314,314,0,82.26519337016575,14,336,115.30939226519337,24
5205,Coffee makers and kettles,0.9989270019531249,1.0,3772,3772,0,5797.386740331492,7,18774,11180.309392265193,2682
5206,"Glasses (drink, beer, wine etc)",0.9989270019531249,0.9867443554260743,6865,6774,91,722.0994475138122,10,6720,606.7955801104972,672
5210,Vacuuming,0.9989270019531249,1.0,4550,4550,0,565.4751381215469,283,4528,655.1878453038674,16
5212,Batteries,0.9989270019531249,1.0,81361,81361,0,4304.292817679558,55,82500,6665.767955801105,1500
5213,Coffee makers and kettles,0.9989270019531249,1.0,3,3,0,12974.801104972375,17,17,12979.911602209944,1
5219,Drink & food To Go,0.9989270019531249,0.9845928950971066,43097,42433,664,1703.2762430939226,36,43200,2708.7127071823206,1200
5221,Toilet accessories,0.9989270019531249,1.0,14478,14478,0,1127.513812154696,58,13920,2935.07182320442,240
5222,Toilet accessories,0.9989270019531249,1.0,34827,34827,0,18578.066298342543,2,14400,22159.31491712707,7200
5223,"Glasses (drink, beer, wine etc)",0.9989270019531249,1.0,765,765,0,354.6574585635359,171,684,425.34806629834253,4
5226,Wash treatment and accessories,0.9989270019531249,1.0,3171,3171,0,293.9226519337017,10,3000,269.8674033149171,300
5227,Wash treatment and accessories,0.9989270019531249,1.0,1921,1921,0,285.34806629834253,26,1872,319.91160220994476,72
5228,Toilet cleaners and odors,0.9989270019531249,0.777564302281303,57774,44923,12851,4163.386740331492,45,45360,4776.441988950276,1008
5236,Wash treatment and accessories,0.9989270019531249,1.0,274,274,0,1033.8011049723757,0,0,243.13812154696132,900
5239,Residential odors,0.9989270019531249,1.0,6530,6530,0,1453.5524861878453,2,5040,188.05524861878453,2520
5241,Phones,0.9989270019531249,1.0,12802,12802,0,609.1436464088398,32,12096,866.5745856353591,378
5243,Electrical tools,0.9989270019531249,0.9072599850309587,14697,13334,1363,820.9723756906077,336,13440,1148.0828729281768,40
5255,Cooking pans,0.9989270019531249,1.0,5253,5253,0,760.1988950276243,6,5040,996.3756906077348,840
5271,Candles & Tealights,0.9989270019531249,1.0,36006,36006,0,2418.9337016574586,56,36288,2906.6243093922653,648
5273,Candles & Tealights,0.9989270019531249,1.0,36715,36715,0,2407.685082872928,12,34560,1666.596685082873,2880
5275,Candles & Tealights,0.9989270019531249,1.0,50,50,0,786.9337016574585,0,0,256.1491712707182,480
5276,Candles & Tealights,0.9989270019531249,0.946744084410314,16017,15164,853,1035.779005524862,20,15000,990.0220994475138,750
5283,Other Holidays,0.9989270019531249,0.6455190410176955,12263,7916,4347,2799.696132596685,10836,10836,2476.232044198895,1
5293,Photo frames & albums,0.9989270019531249,0.9942889137737962,17860,17758,102,819.3314917127071,24,17280,1135.4972375690609,720
5294,Photo frames & albums,0.9989270019531249,1.0,24384,24384,0,968.9613259668508,28,24192,1483.1823204419888,864
5303,Window and squeegees,0.9989270019531249,0.9923398328690808,1436,1425,11,192.64088397790056,6,1296,127.5303867403315,216
5311,Drying racks,0.9989270019531249,1.0,6568,6568,0,305.35911602209944,1660,6640,410.3867403314917,4
5315,Hobby and creative,0.9989270019531249,1.0,401,401,0,467.5193370165746,0,0,203.060773480663,432
5316,Tea and coffee,0.9989270019531249,1.0,3075,3075,0,1549.6906077348067,3350,3350,3129.8232044198894,1
5318,Teletoys,0.9989270019531249,1.0,360,360,0,465.2209944751381,2,240,401.17127071823205,120
5320,"Cloths, mops, sponges and brush",0.9989270019531249,0.9667063020214031,18502,17886,616,2039.624309392265,7,16800,2122.939226519337,2400
5321,Tableware,0.9989270019531249,1.0,6301,6301,0,4872.767955801105,5444,5444,7409.613259668508,1
5323,Construction,0.9989270019531249,1.0,2,2,0,309.1325966850829,0,0,80.35911602209944,210
5330,"Glasses (drink, beer, wine etc)",0.9989270019531249,1.0,887,887,0,312.43646408839777,4,768,239.060773480663,192
5335,Commercial non-trade goods,0.9989270019531249,1.0,124,124,0,1173.2983425414366,0,0,313.8011049723757,630
5336,Table paper,0.9989270019531249,1.0,7275,7275,0,692.4475138121547,7,7056,452.0,1008
5337,Cutlery,0.9989270019531249,1.0,7965,7965,0,677.7237569060774,46,8280,898.5690607734807,180
5341,Drying racks,0.9989270019531249,1.0,9953,9953,0,1167.3480662983425,8,9600,439.78453038674036,1200
5343,Kitchen tools,0.9989270019531249,1.0,20206,20206,0,2449.232044198895,7,18816,3725.453038674033,2688
5346,Kitchen helpers,0.9989270019531249,1.0,243,243,0,1120.7348066298343,0,0,883.6906077348066,1
5347,Kitchen helpers,0.9989270019531249,0.8498624516249359,21447,18227,3220,910.1325966850828,18231,18231,1550.132596685083,1
5349,Cutlery,0.9989270019531249,1.0,1834,1834,0,447.30386740331494,372,1860,511.7790055248619,5
5353,Bed textile,0.9989270019531249,1.0,3577,3577,0,1654.4419889502763,3,3024,2186.9005524861877,1008
5360,Mugs and cups,0.9989270019531249,0.9640209611451943,15648,15085,563,4261.232044198895,207,4968,6762.806629834254,24
5375,Tea and coffee,0.9989270019531249,1.0,2481,2481,0,83.646408839779,633,2532,176.85635359116023,4
5376,Vehicles,0.9989270019531249,1.0,88368,88368,0,3312.9171270718234,1234,88848,5223.933701657458,72
5377,Boys toys,0.9989270019531249,1.0,1711,1711,0,970.7900552486187,304,1824,1096.6298342541436,6
5394,Foodprep,0.9989270019531249,1.0,6430,6430,0,3435.281767955801,1284,5136,6201.867403314917,4
5397,Batteries,0.9989270019531249,1.0,60496,60496,0,2458.828729281768,49,61740,4098.9889502762435,1260
5400,Coffee makers and kettles,0.9989270019531249,0.9228613209846454,32824,30292,2532,985.2486187845304,369,30996,2092.4475138121547,84
5401,Bakeware,0.9989270019531249,1.0,4209,4209,0,624.0165745856353,4,4000,299.1491712707182,1000
5403,Store kitchen,0.9989270019531249,1.0,370,370,0,423.8508287292818,364,364,436.2817679558011,1
5404,Store kitchen,0.9989270019531249,1.0,6919,6919,0,492.6795580110497,42,6720,879.7513812154696,160
5405,"Cloths, mops, sponges and brush",0.9989270019531249,0.9092182161062046,53557,48695,4862,3027.171270718232,132,37620,7181.475138121547,285
5408,Others,0.9989270019531249,1.0,121,121,0,1638.4530386740332,9,9,1590.8618784530386,1
5411,Cleaning products,0.9989270019531249,0.9944444444444445,6120,6086,34,196.93370165745856,53,6042,366.7348066298343,114
5414,Cleaning products,0.9989270019531249,0.9387905604719764,1356,1273,83,66.71270718232044,1277,1277,117.4475138121547,1
5415,"Cloths, mops, sponges and brush",0.9989270019531249,1.0,10826,10826,0,1011.0276243093923,9,10368,831.1878453038674,1152
5423,Measuring and weighing,0.9989270019531249,1.0,1351,1351,0,289.1325966850829,5,1125,220.43093922651934,225
5424,Special pans,0.9989270019531249,0.917704484284476,21921,20117,1804,686.4751381215469,207,19872,1381.9392265193371,96
5440,Candles & Tealights,0.9989270019531249,1.0,240,240,0,1222.232044198895,0,0,826.060773480663,600
5441,Candles & Tealights,0.9989270019531249,0.9619863909971211,15284,14703,581,1110.4972375690609,19,14250,1023.1933701657458,750
5451,Party lights,0.9989270019531249,1.0,10105,10105,0,6330.215469613259,1,3170,6020.657458563536,3170
5457,Photo frames & albums,0.9989270019531249,1.0,1960,1960,0,142.939226519337,12,1872,140.8121546961326,156
5458,Stationary,0.9989270019531249,1.0,20388,20388,0,1496.4309392265193,8,21120,923.3977900552486,2640
5460,Coffee makers and kettles,0.9989270019531249,1.0,1066,1066,0,86.85635359116021,44,1056,114.30386740331491,24
5462,Ironing boards,0.9989270019531249,0.4898837709857942,6969,3414,3555,3185.4088397790056,5844,5844,882.0662983425415,1
5467,Teletoys,0.9989270019531249,1.0,442,442,0,590.0441988950276,3,360,538.2154696132596,120
5468,Tea and coffee,0.9989270019531249,1.0,2119,2119,0,392.43646408839777,4,1800,220.8011049723757,450
5469,Cooking books,0.9989270019531249,1.0,214,214,0,49.027624309392266,209,209,54.16022099447514,1
5470,Serve and present,0.9989270019531249,1.0,1526,1526,0,3823.0055248618783,326,326,3898.193370165746,1
5472,Bath textiles and bath mats,0.9989270019531249,0.939451534075482,3683,3460,223,1028.6077348066299,5,3800,1694.4309392265193,760
5474,Hobby and creative,0.9989270019531249,0.9900497512437811,2211,2189,22,138.50828729281767,2272,2272,303.7790055248619,1
5484,Wash treatment and accessories,0.9989270019531249,0.7254275940706956,8770,6362,2408,758.1160220994475,12,6336,581.5027624309392,528
5488,Bakeware,0.9989270019531249,1.0,31413,31413,0,6015.994475138122,4,23232,8360.917127071823,5808
5491,Vacuuming,0.9989270019531249,1.0,251,251,0,5046.110497237569,0,0,3398.0055248618783,675
5492,Bakeware,0.9989270019531249,0.9914178264922374,31111,30844,267,1352.4198895027625,20,30000,1951.9116022099447,1500
5494,Kitchen tools,0.9989270019531249,1.0,34433,34433,0,1627.6132596685084,23,33120,5649.204419889503,1440
5495,Kitchen tools,0.9989270019531249,1.0,95779,95779,0,4144.558011049724,63,95256,5457.237569060773,1512
5497,Racks and pockets,0.9989270019531249,1.0,15302,15302,0,7211.5690607734805,8,19200,14459.674033149171,2400
5498,Cutlery,0.9989270019531249,1.0,16818,16818,0,10567.580110497238,4,19584,14887.977900552487,4896
5499,Stairs,0.9989270019531249,1.0,4067,4067,0,183.21546961325967,196,3920,321.0773480662983,20
5508,Bath textiles and bath mats,0.9989270019531249,0.9559476253883711,18024,17230,794,4274.077348066298,14,25200,10061.022099447513,1800
5515,Tableware,0.9989270019531249,1.0,1032,1032,0,722.2209944751381,5,960,1004.4530386740331,192
5516,Mugs and cups,0.9989270019531249,0.9701409190947016,30443,29534,909,8419.585635359115,367,8808,10396.342541436465,24
5523,Oven dishes,0.9989270019531249,1.0,314,314,0,66.30386740331491,13,312,96.51933701657458,24
5524,Planks,0.9989270019531249,1.0,2666,2666,0,401.9502762430939,2614,2614,499.76243093922653,1
5527,Tableware,0.9989270019531249,1.0,5551,5551,0,966.8232044198895,234,5616,1152.6022099447514,24
5530,Foods,0.9989270019531249,1.0,460,460,0,2452.270718232044,414,414,2466.92817679558,1
5534,Kitchen tools,0.9989270019531249,1.0,469,469,0,407.88950276243094,488,488,424.9171270718232,1
5535,Stuffed animals,0.9989270019531249,1.0,143,143,0,373.1767955801105,48,144,377.88950276243094,3
5536,"Glasses (drink, beer, wine etc)",0.9989270019531249,1.0,308,308,0,363.6685082872928,0,0,125.7182320441989,384
5537,Shopping bags and trolleys,0.9989270019531249,1.0,1947,1947,0,5364.176795580111,822,822,5800.624309392265,1
5540,Wash treatment and accessories,0.9989270019531249,1.0,1461,1461,0,2109.276243093923,1478,1478,2162.3812154696134,1
5547,Games,0.9989270019531249,1.0,0,0,0,21.0,0,0,20.0,1
5554,Baby / Toddler,0.9989270019531249,1.0,36,36,0,59.812154696132595,21,21,57.613259668508285,1
5562,"Glasses (drink, beer, wine etc)",0.9989270019531249,1.0,221,221,0,166.21546961325967,23,138,150.92265193370164,6
5563,Electrical tools,0.9989270019531249,0.9660013531799729,5912,5711,201,408.54696132596683,5994,5994,624.4861878453039,1
5566,"Cloths, mops, sponges and brush",0.9989270019531249,0.9781195923860796,26005,25436,569,1203.1767955801106,148,22200,3657.7127071823206,150
5568,"Cloths, mops, sponges and brush",0.9989270019531249,1.0,12087,12087,0,415.6685082872928,59,12744,1683.4254143646408,216
5569,Small storage,0.9989270019531249,0.9535755478662054,13872,13228,644,538.828729281768,19,12768,726.7734806629834,672
5573,Home decoration,0.9989270019531249,1.0,19584,19584,0,15924.027624309392,38,20900,23194.14364640884,550
5581,Puzzles,0.9989270019531249,1.0,1034,1034,0,791.9558011049724,41,984,790.9116022099447,24
5582,Puzzles,0.9989270019531249,1.0,3290,3290,0,175.93370165745856,278,3336,224.12707182320443,12
5583,Hobby and creative,0.9989270019531249,0.9050654142905066,2981,2698,283,130.88397790055248,2724,2724,192.85635359116023,1
5588,Batteries,0.9989270019531249,0.9880897671568627,78336,77403,933,2655.3259668508285,26,78000,4128.03314917127,3000
5593,Foodprep,0.9989270019531249,0.9925098308470133,32042,31802,240,1827.1602209944751,1797,32346,2515.795580110497,18
5596,Kitchen tools,0.9989270019531249,0.8809097019941743,8926,7863,1063,523.0773480662983,61,7320,680.8066298342542,120
5597,Buckets,0.9989270019531249,1.0,164,164,0,919.7790055248619,0,0,400.707182320442,240
5598,Window and squeegees,0.9989270019531249,0.9997140242507435,17484,17479,5,455.1325966850829,48,17280,927.828729281768,360
5599,Window and squeegees,0.9989270019531249,0.9861331220285261,15144,14934,210,622.7458563535912,20,14400,816.8342541436464,720
5602,Cleaning products,0.9989270019531249,1.0,14925,14925,0,1565.375690607735,17,14688,1365.7513812154696,864
5603,Bathroom accessories,0.9989270019531249,0.9823837049270575,10899,10707,192,366.353591160221,24,10800,537.5911602209944,450
5604,Table textiles,0.9989270019531249,1.0,1746,1746,0,383.5193370165746,3,1728,163.71823204419888,576
5605,Foils and bags,0.9989270019531249,1.0,208,208,0,1243.3922651933701,118,118,1230.9060773480662,1
5606,Bathroom accessories,0.9989270019531249,0.9774881516587678,5908,5775,133,242.65745856353593,34,5712,374.43093922651934,168
5608,Laundry baskets,0.9989270019531249,0.7444878048780488,20500,15262,5238,575.4806629834254,240,15360,720.0386740331492,64
5609,Storage boxes,0.9989270019531249,0.9798456260720412,16324,15995,329,1035.745856353591,224,16128,1348.8508287292818,72
5610,Baskets,0.9989270019531249,1.0,13421,13421,0,648.8950276243094,13,12870,368.29834254143645,990
5611,Baskets,0.9989270019531249,0.9951069640418753,8788,8745,43,283.3922651933702,24,8640,252.77348066298342,360
5613,Baskets,0.9989270019531249,0.9961217762264882,10314,10274,40,291.9944751381216,43,10320,338.9944751381216,240
5614,Baskets,0.9989270019531249,1.0,8319,8319,0,265.4640883977901,21,8064,204.95580110497238,384
5615,Drink & food To Go,0.9989270019531249,0.8898139946855624,11290,10046,1244,1251.8729281767955,13,10192,1430.0607734806629,784
5616,Personal care,0.9989270019531249,0.9326623462117998,68357,63754,4603,2399.342541436464,62940,62940,4804.624309392265,1
5617,Cleaning products,0.9989270019531249,0.9674510477499141,11644,11265,379,570.0497237569061,25,11250,1573.8563535911603,450
5618,Others,0.9989270019531249,1.0,4868,4868,0,489.2651933701657,818,4908,669.828729281768,6
5620,Oven dishes,0.9989270019531249,1.0,184,184,0,1365.1436464088397,0,0,128.73480662983425,1296
5621,Personal care,0.9989270019531249,1.0,2795,2795,0,458.0828729281768,3041,3041,556.2817679558011,1
5622,Wash treatment and accessories,0.9989270019531249,1.0,4894,4894,0,222.91160220994476,21,4914,288.75690607734805,234
5624,Wash treatment and accessories,0.9989270019531249,1.0,20,20,0,10611.32044198895,1,1,9448.154696132597,1
5625,Wash treatment and accessories,0.9989270019531249,0.8452074712000894,8941,7557,1384,1983.53591160221,14,7392,1826.7127071823204,528
5629,Cleaning products,0.9989270019531249,1.0,2749,2749,0,150.69060773480663,2862,2862,272.43646408839777,1
5634,Stationary,0.9989270019531249,1.0,10037,10037,0,1777.5027624309391,3,9600,513.9889502762431,3200
5635,Window and squeegees,0.9989270019531249,0.8755887026353837,69857,61166,8691,1538.3259668508288,72,60840,2126.8895027624308,845
5638,Electric personal care,0.9989270019531249,0.9748089680073894,35727,34827,900,608.8342541436464,96,34560,1188.3812154696132,360
5640,Electric personal care,0.9989270019531249,0.784932388924662,3106,2438,668,75.56353591160222,122,2440,102.33149171270718,20
5642,Electric personal care,0.9989270019531249,0.9896868787276342,16096,15930,166,374.1491712707182,78,16380,627.4530386740331,210
5644,Electric personal care,0.9989270019531249,1.0,17241,17241,0,505.292817679558,48,17280,686.8011049723757,360
5650,Pan sets,0.9989270019531249,0.6261160714285714,1792,1122,670,80.4696132596685,1738,1738,137.26519337016575,1
5652,Partyfun,0.9989270019531249,1.0,23400,23400,0,1265.767955801105,1190,23800,1635.232044198895,20
5653,Pan sets,0.9989270019531249,1.0,1992,1992,0,628.2486187845304,1993,1993,694.9447513812155,1
5660,Personal care,0.9989270019531249,1.0,1930,1930,0,452.8618784530387,15,1800,410.9337016574586,120
5677,Foods,0.9989270019531249,1.0,125,125,0,2622.729281767956,0,0,2058.696132596685,1
5707,Gift cards,0.9989270019531249,1.0,0,0,0,3158.0,0,0,112.45303867403315,3000
5709,"TV, Audio & Video",0.9989270019531249,0.9736474694589878,5730,5579,151,149.1988950276243,56,5600,186.37016574585635,100
5710,Drink & food To Go,0.9989270019531249,0.9287330316742082,7956,7389,567,394.76795580110496,371,7420,935.817679558011,20
5713,Electric personal care,0.9989270019531249,0.8904518739762983,20758,18484,2274,504.646408839779,941,18820,905.3093922651934,20
5725,"Cloths, mops, sponges and brush",0.9989270019531249,0.9742620151256404,16396,15974,422,1587.2154696132598,8,15360,1685.624309392265,1920
5726,Kitchen helpers,0.9989270019531249,1.0,276,276,0,250.292817679558,0,0,47.68508287292818,324
5727,Hobby and creative,0.9989270019531249,1.0,806,806,0,149.48618784530387,766,766,172.69060773480663,1
5732,Tableware,0.9989270019531249,1.0,1820,1820,0,2227.1104972375692,1164,1164,2784.4309392265195,1
5736,Planks,0.9989270019531249,1.0,16247,16247,0,9003.67955801105,6,18000,14653.381215469613,3000
5739,Table textiles,0.9989270019531249,1.0,5792,5792,0,8093.403314917127,5662,5662,10702.546961325967,1
5742,Storage boxes,0.9989270019531249,1.0,3139,3139,0,220.5303867403315,161,2898,256.7955801104972,18
5746,Planks,0.9989270019531249,1.0,1069,1069,0,133.939226519337,261,1044,171.08287292817678,4
5747,Wash treatment and accessories,0.9989270019531249,1.0,1501,1501,0,198.54696132596686,8,1392,155.99447513812154,174
5748,Personal care,0.9989270019531249,1.0,91,91,0,730.7624309392265,0,0,665.5469613259669,1
5749,Cleaning products,0.9989270019531249,0.6684468179795282,20223,13518,6705,2037.8011049723757,30,13500,1526.7182320441989,450
5751,Cleaning products,0.9989270019531249,1.0,2492,2492,0,375.3756906077348,10,2340,331.04419889502765,234
5753,Wash treatment and accessories,0.9989270019531249,1.0,15747,15747,0,596.171270718232,66,15840,726.1602209944751,240
5757,Cleaning products,0.9989270019531249,0.7943632116283094,46232,36725,9507,5171.96685082873,41090,41090,5321.92817679558,1
5761,Bathroom accessories,0.9989270019531249,0.994535831783722,34955,34764,191,3150.0552486187844,8,35360,4527.348066298343,4420
5772,Foodprep,0.9989270019531249,1.0,5605,5605,0,495.45303867403317,185,5550,687.0386740331492,30
5773,Electric personal care,0.9989270019531249,0.41744334347100953,10193,4255,5938,858.5027624309392,251,5020,459.6353591160221,20
5798,Candles & Tealights,0.9989270019531249,1.0,202,202,0,870.6408839779006,0,0,271.9889502762431,660
5799,Candles & Tealights,0.9989270019531249,1.0,340,340,0,782.1270718232045,0,0,315.6353591160221,750
5800,Candles & Tealights,0.9989270019531249,1.0,902,902,0,1325.254143646409,0,0,932.4033149171271,1050
5804,Others,0.9989270019531249,1.0,783,783,0,1102.1381215469614,0,0,591.646408839779,1050
5805,Candles & Tealights,0.9989270019531249,0.9374132222578233,9363,8777,586,760.9668508287293,11,8250,525.3701657458563,750
5807,Drink & food To Go,0.9989270019531249,1.0,4519,4519,0,1722.745856353591,4577,4577,1887.0607734806629,1
5815,Residential odors,0.9989270019531249,0.9289046005793686,20367,18919,1448,851.5248618784531,26,19968,884.6519337016574,768
5820,Photo frames & albums,0.9989270019531249,1.0,13267,13267,0,702.0165745856353,18,12960,851.9337016574585,720
5821,Photo frames & albums,0.9989270019531249,1.0,2988,2988,0,226.09944751381215,11,2904,206.97790055248618,264
5827,Foodprep,0.9989270019531249,1.0,2734,2734,0,474.1878453038674,2709,2709,547.1325966850828,1
5837,Drying racks,0.9989270019531249,0.888507718696398,2915,2590,325,157.62983425414365,652,2608,194.44198895027625,4
5838,Hobby and creative,0.9989270019531249,1.0,10,10,0,411.1878453038674,0,0,11.883977900552486,396
5839,"Cloths, mops, sponges and brush",0.9989270019531249,1.0,20371,20371,0,1986.5027624309391,11,20592,2497.8839779005525,1872
5840,Construction,0.9989270019531249,1.0,406,406,0,232.06629834254144,1,240,123.42541436464089,240
5841,Construction,0.9989270019531249,1.0,0,0,0,256.0,0,0,128.0,128
5843,Kitchen tools,0.9989270019531249,1.0,1089,1089,0,319.90055248618785,2,960,84.38674033149171,480
5845,Kitchen tools,0.9989270019531249,1.0,1017,1017,0,244.4364640883978,3,864,119.35911602209944,288
5848,Bath textiles and bath mats,0.9989270019531249,0.9608194622279129,3905,3752,153,843.9226519337017,9,4536,1965.4917127071824,504
5849,Tableware,0.9989270019531249,1.0,1811,1811,0,1127.4917127071824,76,2736,2047.342541436464,36
5850,Tableware,0.9989270019531249,1.0,1482,1482,0,1680.707182320442,1,1008,1347.53591160221,1008
5851,Hobby and creative,0.9989270019531249,0.9903225806451613,930,921,9,148.5303867403315,3,864,54.110497237569064,288
5857,Bathroom accessories,0.9989270019531249,1.0,7208,7208,0,335.7513812154696,15,6840,216.353591160221,456
5858,Racks and pockets,0.9989270019531249,1.0,19847,19847,0,319.35911602209944,182,19656,585.2209944751381,108
5859,Waste bags,0.9989270019531249,0.9390381852089639,32709,30715,1994,1094.342541436464,21,30240,862.6243093922652,1440
5861,Construction,0.9989270019531249,1.0,694,694,0,394.56353591160223,1,392,225.95027624309392,392
5863,Baskets,0.9989270019531249,1.0,7560,7560,0,586.646408839779,7,6930,194.939226519337,990
5864,Storage boxes,0.9989270019531249,0.7325264750378215,3305,2421,884,1198.0331491712707,14,2520,853.121546961326,180
5866,Storage boxes,0.9989270019531249,1.0,140,140,0,440.55801104972375,0,0,271.4585635359116,20
5867,Storage boxes,0.9989270019531249,1.0,6104,6104,0,296.68508287292815,48,6144,327.61878453038673,128
5868,Cleaning products,0.9989270019531249,0.9783754871246275,13087,12804,283,367.6022099447514,45,12690,708.5580110497237,282
5869,Cleaning products,0.9989270019531249,1.0,3231,3231,0,619.8397790055249,4,2784,269.4033149171271,696
5870,Cleaning products,0.9989270019531249,0.8794248255445126,23645,20794,2851,1674.988950276243,76,21888,1300.1491712707182,288
5871,Cleaning products,0.9989270019531249,0.8270074724232,16862,13945,2917,408.10497237569064,65,14040,832.6740331491712,216
5872,Baskets,0.9989270019531249,1.0,3880,3880,0,608.585635359116,48,3840,1346.1270718232045,80
5874,Cleaning products,0.9989270019531249,1.0,4646,4646,0,873.4254143646409,3,4320,192.95027624309392,1440
5878,Dishwashing articles,0.9989270019531249,1.0,88,88,0,811.9613259668508,0,0,195.16022099447514,468
5880,Residential odors,0.9989270019531249,1.0,8291,8291,0,898.6132596685082,5,7560,226.84530386740332,1512
5895,Electric personal care,0.9989270019531249,1.0,8199,8199,0,195.77900552486187,417,8340,367.6077348066298,20
5896,Electric personal care,0.9989270019531249,1.0,4295,4295,0,144.96132596685084,219,4380,229.06629834254144,20
5897,"TV, Audio & Video",0.9989270019531249,1.0,235,235,0,757.0497237569061,197,197,759.9337016574585,1
5899,Frying pans,0.9989270019531249,0.8632911392405064,16590,14322,2268,495.43646408839777,126,14112,948.3756906077348,112
5915,Candles & Tealights,0.9989270019531249,0.9989725286610426,18492,18473,19,941.7624309392265,24,18000,928.0552486187845,750
5918,Candles & Tealights,0.9989270019531249,0.9879620513738476,22346,22077,269,924.6795580110497,37,21756,1113.585635359116,588
5919,Residential odors,0.9989270019531249,0.9086124401913875,2090,1899,191,88.37569060773481,352,2112,130.28176795580112,6
5922,Drinks,0.9989270019531249,1.0,1618,1618,0,4128.624309392265,925,925,4118.298342541437,1
5924,Cooking books,0.9989270019531249,1.0,103,103,0,1086.745856353591,29,29,1066.1270718232045,1
5931,Residential odors,0.9989270019531249,1.0,8151,8151,0,785.6906077348066,10,7800,577.5524861878453,780
5941,Kitchen helpers,0.9989270019531249,1.0,7753,7753,0,558.707182320442,7908,7908,857.5690607734807,1
5943,Stationary,0.9989270019531249,1.0,40808,40808,0,1261.1491712707182,27,40500,2037.0552486187846,1500
5946,Clocks,0.9989270019531249,0.9876460767946578,5990,5916,74,174.44198895027625,56,6048,344.25414364640886,108
5947,Gift cards,0.9989270019531249,1.0,0,0,0,3508.0,0,0,426.52486187845307,3000
5948,Stationary,0.9989270019531249,1.0,11671,11671,0,9035.574585635359,1175,14100,13913.674033149171,12
5951,Stationary,0.9989270019531249,1.0,31596,31596,0,700.7237569060774,228,32832,1874.3812154696132,144
5954,Foodprep,0.9989270019531249,1.0,140,140,0,305.0552486187845,0,0,230.26519337016575,80
5955,Racks and pockets,0.9989270019531249,0.5864915572232645,2665,1563,1102,491.7900552486188,27,1512,348.02762430939225,56
5956,Coffee makers and kettles,0.9989270019531249,1.0,78,78,0,1344.414364640884,1,1,1296.3093922651933,1
5959,Construction,0.9989270019531249,0.9938271604938271,972,966,6,67.01657458563535,129,1032,136.12707182320443,8
5971,Construction,0.9989270019531249,1.0,340,340,0,123.87292817679558,4,336,93.18232044198895,84
5973,Tea and coffee,0.9989270019531249,1.0,794,794,0,470.83425414364643,1021,1021,941.0055248618785,1
5974,Girls toys,0.9989270019531249,1.0,657,657,0,126.88397790055248,674,674,140.38121546961327,1
5977,Cleaning products,0.9989270019531249,0.9054136484940908,26230,23749,2481,843.4419889502763,19,22800,597.8066298342542,1200
5981,Window and squeegees,0.9989270019531249,0.9866975712990023,9923,9791,132,243.46408839779005,262,9432,582.3038674033149,36
5982,"Glasses (drink, beer, wine etc)",0.9989270019531249,1.0,503,503,0,244.0939226519337,3,396,184.77348066298342,132
5983,"Glasses (drink, beer, wine etc)",0.9989270019531249,1.0,940,940,0,232.3977900552486,3,720,133.54696132596686,240
5987,Baskets,0.9989270019531249,1.0,8440,8440,0,295.8839779005525,23,8280,250.12707182320443,360
5989,Baskets,0.9989270019531249,0.9943836831214898,13532,13456,76,349.0662983425414,56,13440,450.8618784530387,240
5991,Cleaning products,0.9989270019531249,1.0,47876,47876,0,1499.0828729281768,42,48384,1686.9281767955802,1152
5992,Cleaning products,0.9989270019531249,1.0,28447,28447,0,1061.5635359116022,20,28000,1414.8232044198894,1400
5993,Wash treatment and accessories,0.9989270019531249,1.0,589,589,0,16043.116022099448,0,0,8214.381215469613,1440
5994,Wash treatment and accessories,0.9989270019531249,1.0,3293,3293,0,199.1878453038674,18,3132,233.58011049723757,174
5995,Toilet cleaners and odors,0.9989270019531249,1.0,22789,22789,0,1217.0165745856355,82,23616,1970.6629834254143,288
5997,Cleaning products,0.9989270019531249,0.9789579158316634,6986,6839,147,204.22651933701658,59,6726,405.0939226519337,114
5998,Thermos jugs,0.9989270019531249,1.0,1755,1755,0,454.8839779005525,3,1530,318.55801104972375,510
5999,Cleaning products,0.9989270019531249,0.9785272032670267,7591,7428,163,238.5635359116022,77,7392,468.96132596685084,96
6000,Cleaning products,0.9989270019531249,1.0,26946,26946,0,4029.7624309392263,24289,24289,4885.745856353591,1
6001,Wash treatment and accessories,0.9989270019531249,1.0,18385,18385,0,1172.878453038674,111,19314,1819.0552486187846,174
6003,Waste bins,0.9989270019531249,0.9708375720583249,2949,2863,86,187.46408839779005,92,2944,277.7900552486188,32
6006,Residential odors,0.9989270019531249,1.0,3854,3854,0,955.121546961326,3,3600,418.5193370165746,1200
6009,Cleaning products,0.9989270019531249,0.9980287243030133,7102,7088,14,1128.1160220994475,3,5940,176.11049723756906,1980
6010,Personal care,0.9989270019531249,1.0,15172,15172,0,4512.458563535912,15947,15947,5071.265193370165,1
6015,Coffee makers and kettles,0.9989270019531249,0.988881325164511,4407,4358,49,119.97237569060773,90,4500,264.6795580110497,50
6018,Coffee makers and kettles,0.9989270019531249,0.9945461268256609,10818,10759,59,303.0055248618784,367,11010,527.4419889502763,30
6024,Measuring and weighing,0.9989270019531249,1.0,41584,41584,0,13079.160220994476,3,10800,16744.68508287293,3600
6029,Partyfun,0.9989270019531249,1.0,24657,24657,0,1266.0883977900553,1258,25160,1660.6795580110497,20
6040,Personal care,0.9989270019531249,1.0,1830,1830,0,367.707182320442,17,2040,368.03867403314916,120
6041,Personal care,0.9989270019531249,1.0,23,23,0,3873.425414364641,0,0,3145.3922651933703,1
6052,Candles & Tealights,0.9989270019531249,0.9866032302491549,55909,55160,749,2618.403314917127,83,54780,3501.2375690607737,660
6053,Candles & Tealights,0.9989270019531249,1.0,74177,74177,0,1609.9668508287293,123,73800,2547.9116022099447,600
6069,Clocks,0.9989270019531249,0.9723098910260227,16793,16328,465,2677.0055248618783,40,16800,8988.53591160221,420
6071,Photo frames & albums,0.9989270019531249,1.0,21370,21370,0,1201.2375690607735,25,21600,1587.1602209944751,864
6075,Stationary,0.9989270019531249,1.0,27641,27641,0,1026.4972375690609,23,27600,1452.5027624309391,1200
6077,Foodprep,0.9989270019531249,1.0,174,174,0,206.73480662983425,169,169,210.96132596685084,1
6078,Drink & food To Go,0.9989270019531249,1.0,9077,9077,0,647.5524861878453,28,9408,1182.9226519337017,336
6079,Ironing,0.9989270019531249,1.0,2,2,0,700.9226519337017,2,2,700.0,1
6080,Drink & food To Go,0.9989270019531249,0.9317706153202177,11945,11130,815,814.646408839779,11,10560,1108.0828729281768,960
6082,Electric personal care,0.9989270019531249,0.9976058931860037,5430,5417,13,134.5027624309392,276,5520,243.28729281767957,20
6095,Construction,0.9989270019531249,1.0,597,597,0,318.6740331491713,73,584,357.1878453038674,8
6096,"Cloths, mops, sponges and brush",0.9989270019531249,1.0,0,0,0,3724.0,0,0,1612.1602209944751,2106
6098,Batteries,0.9989270019531249,1.0,309,309,0,37.790055248618785,15,300,39.12707182320442,20
6107,Ironing,0.9989270019531249,0.6710794297352343,982,659,323,58.889502762430936,27,648,53.83425414364641,24
6108,Ironing,0.9989270019531249,0.8969317843312481,3357,3011,346,71.38121546961327,314,3140,184.4254143646409,10
6109,Hobby and creative,0.9989270019531249,1.0,1146,1146,0,534.4475138121547,1,720,155.14364640883977,720
6139,Foods,0.9989270019531249,1.0,795,795,0,1027.8232044198894,675,675,1052.46408839779,1
6140,Store kitchen,0.9989270019531249,1.0,6400,6400,0,382.121546961326,14,6272,618.2375690607735,448
6143,Drink & food To Go,0.9989270019531249,0.9504665629860031,12860,12223,637,823.0386740331492,28,12544,1065.0939226519338,448
6144,Bathroom accessories,0.9989270019531249,1.0,79927,79927,0,26461.165745856353,22,79200,62602.4364640884,3600
6145,Cooking pans,0.9989270019531249,0.9597030752916225,943,905,38,135.91160220994476,51,1020,267.08839779005524,20
6152,Storage boxes,0.9989270019531249,0.9623371335504886,14736,14181,555,1079.1381215469614,263,14202,1361.756906077348,54
6154,Thermos jugs,0.9989270019531249,1.0,2099,2099,0,166.19337016574585,9,1944,91.50276243093923,216
6155,Storage boxes,0.9989270019531249,1.0,6880,6880,0,323.6353591160221,142,6816,406.878453038674,48
6157,Wash treatment and accessories,0.9989270019531249,0.9845731191885038,14196,13977,219,369.414364640884,44,14080,742.4254143646409,320
6158,Personal care,0.9989270019531249,1.0,74272,74272,0,25234.403314917126,19,37620,16257.45856353591,1980
6159,Cleaning products,0.9989270019531249,0.976241610738255,7450,7273,177,342.1767955801105,17,7140,400.8066298342541,420
6162,Wash treatment and accessories,0.9989270019531249,0.6704055599542535,22734,15241,7493,1641.3701657458564,53,17808,1583.5911602209944,336
6168,"Cloths, mops, sponges and brush",0.9989270019531249,1.0,10657,10657,0,471.88950276243094,28,10752,658.8674033149172,384
6174,Coffee makers and kettles,0.9989270019531249,0.9897629310344828,25984,25718,266,673.5138121546961,313,26292,1624.3867403314916,84
6184,Special pans,0.9989270019531249,0.8642215568862276,13360,11546,1814,571.4254143646409,178,11392,920.8342541436464,64
6190,Bags and backpacks,0.9989270019531249,1.0,18716,18716,0,1029.6022099447514,13,17784,615.4088397790056,1368
6215,Vases,0.9989270019531249,1.0,2031,2031,0,249.0939226519337,13,1872,245.80662983425415,144
6216,Candles & Tealights,0.9989270019531249,1.0,10442,10442,0,7696.436464088398,9,6462,10388.491712707182,718
6227,Clocks,0.9989270019531249,0.997438330170778,10540,10513,27,324.0497237569061,44,10560,602.3922651933701,240
6233,"Glasses (drink, beer, wine etc)",0.9989270019531249,1.0,205,205,0,292.22651933701655,30,180,294.9171270718232,6
6238,Batteries,0.9989270019531249,0.9188034188034188,234,215,19,33.26519337016575,10,200,25.87845303867403,20
6239,Cutlery,0.9989270019531249,1.0,2751,2751,0,1711.6132596685084,2595,2595,2942.6298342541436,1
6245,Storage boxes,0.9989270019531249,1.0,410,410,0,375.8729281767956,12,384,368.2707182320442,32
6246,"Glasses (drink, beer, wine etc)",0.9989270019531249,1.0,548,548,0,218.07734806629836,128,512,233.75138121546962,4
6248,Storage boxes,0.9989270019531249,1.0,8281,8281,0,480.76795580110496,125,8000,623.0110497237569,64
6250,Cleaning products,0.9989270019531249,0.9953144710758696,5549,5523,26,250.50828729281767,31,5394,366.5359116022099,174
6251,Storage boxes,0.9989270019531249,1.0,884,884,0,289.01657458563534,795,795,314.0497237569061,1
6256,Light bulbs,0.9989270019531249,1.0,777,777,0,151.292817679558,7,693,127.0828729281768,99
6257,Wash treatment and accessories,0.9989270019531249,0.6899986584384223,29816,20573,9243,2035.5580110497237,72,24192,2142.1988950276245,336
6258,Cleaning products,0.9989270019531249,1.0,5109,5109,0,889.7237569060774,3,4320,237.02209944751382,1440
6259,Wash treatment and accessories,0.9989270019531249,0.8599849536069548,47852,41152,6700,2888.828729281768,95,41040,3189.508287292818,432
6261,Cleaning products,0.9989270019531249,1.0,3273,3273,0,660.6795580110497,2,2232,108.79005524861878,1116
6264,Waste bins,0.9989270019531249,0.9848903330625508,6155,6062,93,143.91712707182322,228,6156,230.04419889502762,27
6266,Shoe maintenance,0.9989270019531249,1.0,2141,2141,0,1139.232044198895,1,1512,186.707182320442,1512
6267,Residential odors,0.9989270019531249,1.0,4928,4928,0,1310.4696132596684,1,2520,120.97790055248619,2520
6268,Residential odors,0.9989270019531249,1.0,5989,5989,0,876.5248618784531,3,4536,162.77900552486187,1512
6269,Window and squeegees,0.9989270019531249,1.0,74367,74367,0,6632.176795580111,79,68256,13820.419889502762,864
6272,Foodprep,0.9989270019531249,0.9262244793619414,58678,54349,4329,1482.1878453038673,979,54824,2626.806629834254,56
6273,Sockets and security,0.9989270019531249,1.0,7321,7321,0,884.8618784530387,9,7290,749.9005524861878,810
6274,Coffee makers and kettles,0.9989270019531249,1.0,162,162,0,3695.0773480662983,2,80,3673.232044198895,40
6284,Construction,0.9989270019531249,1.0,440,440,0,202.11049723756906,2,360,131.79005524861878,180
6297,Candles & Tealights,0.9989270019531249,1.0,6563,6563,0,337.54696132596683,17,6460,290.6795580110497,380
6299,Candles & Tealights,0.9989270019531249,1.0,226,226,0,1813.2375690607735,0,0,253.72375690607734,1710
6300,Candles & Tealights,0.9989270019531249,1.0,447,447,0,9689.558011049723,0,0,897.243093922652,9120
6301,Candles & Tealights,0.9989270019531249,1.0,784,784,0,1096.7127071823204,0,0,632.1878453038674,1050
6307,Foods,0.9989270019531249,1.0,4556,4556,0,1930.3701657458564,4215,4215,2073.8674033149173,1
6308,Others,0.9989270019531249,0.9492450331125828,18875,17917,958,762.7513812154696,23,17250,741.3756906077348,750
6309,Other Holidays,0.9989270019531249,0.3172964874313301,30035,9530,20505,8661.53591160221,19875,19875,6200.204419889503,1
6332,Photo frames & albums,0.9989270019531249,1.0,1483,1483,0,146.20441988950276,10,1480,127.1767955801105,148
6334,Photo frames & albums,0.9989270019531249,1.0,16563,16563,0,820.0497237569061,23,16560,1082.5690607734807,720
6341,Gift cards,0.9989270019531249,1.0,0,0,0,3040.0,0,0,40.0,3000
6347,Window and squeegees,0.9989270019531249,1.0,2949,2949,0,184.41436464088397,150,3000,285.939226519337,20
6348,Vacuuming,0.9989270019531249,1.0,541,541,0,385.585635359116,27,432,386.43093922651934,16
6349,Store kitchen,0.9989270019531249,0.9308755760368663,868,808,60,102.8232044198895,7,840,103.74033149171271,120
6351,Tableware,0.9989270019531249,0.7899308348077851,6217,4911,1306,612.6353591160221,6984,6984,1074.7348066298343,1
6365,Tableware,0.9989270019531249,1.0,2116,2116,0,2190.033149171271,46,1656,2942.707182320442,36
6367,Store kitchen,0.9989270019531249,0.9449838187702265,927,876,51,68.74033149171271,1044,1044,101.82872928176796,1
6369,Drink & food To Go,0.9989270019531249,1.0,450,450,0,1312.342541436464,304,304,1321.243093922652,1
6371,Thermos jugs,0.9989270019531249,0.9918308505526189,2081,2064,17,124.1657458563536,13,2080,120.77348066298343,160
6375,Bathroom scales,0.9989270019531249,1.0,1323,1323,0,859.4309392265193,5,1120,769.1325966850828,224
6380,Hobby and creative,0.9989270019531249,0.9997793468667255,4532,4531,1,176.11049723756906,763,4578,340.0939226519337,6
6387,Baby / Toddler,0.9989270019531249,0.7652,2500,1913,587,293.3425414364641,320,1920,325.0220994475138,6
6395,"Glasses (drink, beer, wine etc)",0.9989270019531249,1.0,1085,1085,0,102.2707182320442,184,1104,138.59116022099448,6
6403,Small storage,0.9989270019531249,1.0,32297,32297,0,846.5801104972376,26,31200,759.5469613259669,1200
6406,Foils and bags,0.9989270019531249,0.9649064541126979,45165,43580,1585,2989.9060773480664,9,41400,1834.3259668508288,4600
6407,Shoe maintenance,0.9989270019531249,1.0,16182,16182,0,7973.8011049723755,7,21000,14955.441988950277,3000
6408,Cleaning products,0.9989270019531249,1.0,9609,9609,0,1117.2375690607735,4,7920,244.9889502762431,1980
6411,Buckets,0.9989270019531249,0.9825365205843294,30120,29594,526,798.6519337016574,310,29760,1870.6685082872928,96
6414,Baskets,0.9989270019531249,1.0,4342,4342,0,186.51933701657458,37,4440,194.07734806629836,120
6417,Wash treatment and accessories,0.9989270019531249,0.9993951612903226,4960,4957,3,176.98342541436463,29,5046,276.1160220994475,174
6418,Cleaning products,0.9989270019531249,0.9872857439919199,33663,33235,428,668.9558011049724,79,33180,1723.342541436464,420
6419,Personal care,0.9989270019531249,1.0,10361,10361,0,2925.8563535911603,8399,8399,2719.6906077348067,1
6420,Cleaning products,0.9989270019531249,0.9850177185663661,22293,21959,334,682.3259668508288,18,21600,444.6132596685083,1200
6421,Cleaning products,0.9989270019531249,0.9448611659428873,7599,7180,419,178.4254143646409,62,7068,393.0055248618784,114
6423,Personal care,0.9989270019531249,1.0,8314,8314,0,1633.1546961325967,7,7560,1193.9779005524863,1080
6428,Cleaning products,0.9989270019531249,0.9890405691213229,5201,5144,57,348.8674033149171,31,5394,447.1988950276243,174
6429,Wash treatment and accessories,0.9989270019531249,1.0,16387,16387,0,11485.828729281768,40,15360,11258.436464088398,384
6430,Waste bins,0.9989270019531249,0.9936639720340834,4577,4548,29,118.8011049723757,129,4644,175.15469613259668,36
6433,Shoe maintenance,0.9989270019531249,1.0,1581,1581,0,1001.0331491712707,1,1440,180.65745856353593,1440
6434,Phones,0.9989270019531249,1.0,9897,9897,0,6297.740331491713,7874,7874,9619.889502762431,1
6437,Electric personal care,0.9989270019531249,0.9259749093107618,26464,24505,1959,1468.6519337016575,39,24570,2067.027624309392,630
6440,Electric personal care,0.9989270019531249,0.9942794878779624,3671,3650,21,161.65745856353593,57,3591,264.3977900552486,63
6442,Electric personal care,0.9989270019531249,0.8984126984126984,17955,16131,1824,525.4419889502763,53,16960,721.2154696132596,320
6498,Gift cards,0.9989270019531249,1.0,0,0,0,3032.0,0,0,32.0,3000
6503,"Glasses (drink, beer, wine etc)",0.9989270019531249,1.0,555,555,0,177.38674033149172,6,576,164.9060773480663,96
6511,Tableware,0.9989270019531249,1.0,3620,3620,0,3955.8674033149173,320,3840,5673.348066298343,12
6512,Construction,0.9989270019531249,1.0,1784,1784,0,655.0718232044198,3,1764,449.6685082872928,588
6513,Reading glasses,0.9989270019531249,1.0,2979,2979,0,3201.966850828729,1,2500,2071.9337016574586,2500
6515,Construction,0.9989270019531249,1.0,393,393,0,312.4806629834254,1,224,188.4254143646409,224
6516,Tea and coffee,0.9989270019531249,1.0,6291,6291,0,6162.96132596685,2025,2025,7234.248618784531,1
6517,Ironing,0.9989270019531249,0.8646927730022286,6282,5432,850,116.14364640883979,53,5724,275.17127071823205,108
6520,Insecticides,0.9989270019531249,1.0,46,46,0,54.41436464088398,2,40,35.13812154696133,20
6522,Kitchen tools,0.9989270019531249,1.0,801,801,0,98.40883977900552,50,800,119.59116022099448,16
6523,Bathroom accessories,0.9989270019531249,1.0,13412,13412,0,1104.878453038674,13167,13167,1609.0331491712707,1
6524,Foodprep,0.9989270019531249,1.0,13168,13168,0,6124.060773480663,7722,46332,24462.044198895026,6
6526,Batteries,0.9989270019531249,1.0,8920,8920,0,433.77348066298345,906,9060,773.585635359116,10
6527,Batteries,0.9989270019531249,0.9934768030238371,32806,32592,214,1262.3093922651933,25,32500,1827.4917127071824,1300
6528,Sockets and security,0.9989270019531249,0.9138342967244701,25950,23714,2236,966.3038674033149,40,23040,1554.1878453038673,576
6533,Bath textiles and bath mats,0.9989270019531249,0.972967057020904,27411,26670,741,985.0110497237569,74,26640,1231.4254143646408,360
6534,Hobby and creative,0.9989270019531249,1.0,613,613,0,167.95027624309392,4,480,121.6353591160221,120
6538,Home decoration,0.9989270019531249,1.0,1097,1097,0,146.95580110497238,1217,1217,188.47513812154696,1
6540,Cleaning products,0.9989270019531249,0.9930512046477189,17557,17435,122,541.4861878453039,25,17400,843.6795580110497,696
6541,Personal care,0.9989270019531249,1.0,314,314,0,3898.1988950276245,0,0,2835.3314917127072,1
6544,Wash treatment and accessories,0.9989270019531249,1.0,10465,10465,0,707.9447513812155,18,10368,787.5801104972376,576
6545,Foods,0.9989270019531249,1.0,849,849,0,1002.2154696132596,691,691,1027.4696132596684,1
6546,Cleaning products,0.9989270019531249,1.0,7365,7365,0,279.8508287292818,43,7482,474.35911602209944,174
6547,Cleaning products,0.9989270019531249,0.9398525514625539,79621,74832,4789,5747.270718232045,62,74400,7914.618784530387,1200
6548,Cleaning products,0.9989270019531249,1.0,3068,3068,0,317.55801104972375,10,2820,283.71270718232046,282
6549,Cleaning products,0.9989270019531249,0.9937257897321184,18329,18214,115,687.0441988950276,15,17640,370.5193370165746,1176
6552,Cleaning products,0.9989270019531249,0.9985665137614679,3488,3483,5,135.71823204419888,3557,3557,289.1878453038674,1
6553,Cleaning products,0.9989270019531249,1.0,8772,8772,0,972.6187845303867,16,8640,1070.2099447513813,540
6558,Cleaning products,0.9989270019531249,1.0,2632,2632,0,745.121546961326,4,2400,497.78453038674036,600
6559,Personal care,0.9989270019531249,0.9365774653071741,27167,25444,1723,3349.1049723756905,15,22950,3480.3370165745855,1530
6562,Shoe maintenance,0.9989270019531249,1.0,4917,4917,0,1258.414364640884,15,3960,990.8618784530387,264
6563,Residential odors,0.9989270019531249,1.0,22580,22580,0,969.585635359116,22,21780,829.7458563535912,990
6564,Sockets and security,0.9989270019531249,1.0,8203,8203,0,4623.944751381216,2,2000,5212.828729281768,1000
6565,Coffee makers and kettles,0.9989270019531249,1.0,151,151,0,2502.966850828729,0,0,2222.718232044199,40
6566,Electric personal care,0.9989270019531249,0.9816462736373749,8990,8825,165,338.2707182320442,28,8960,373.2651933701657,320
6567,(Steam) cleaners,0.9989270019531249,1.0,369,369,0,70.74585635359117,11,352,67.59668508287292,32
6568,Electric personal care,0.9989270019531249,0.9991339179387247,9237,9229,8,419.95580110497235,53,9540,535.0165745856353,180
6578,Frying pans,0.9989270019531249,1.0,6815,6815,0,2229.033149171271,70,6720,2399.767955801105,96
6583,Partyfun,0.9989270019531249,0.8478578657370965,8893,7540,1353,2136.033149171271,3,6600,831.9116022099447,2200
6587,Personal care,0.9989270019531249,1.0,93,93,0,2997.171270718232,0,0,2333.524861878453,1
6603,Candles & Tealights,0.9989270019531249,1.0,605,605,0,1520.342541436464,3,576,1442.7292817679559,192
6604,Candles & Tealights,0.9989270019531249,1.0,1157,1157,0,1543.3093922651933,0,0,726.6850828729282,1650
6619,Candles & Tealights,0.9989270019531249,0.990312436599716,39432,39050,382,1196.3149171270718,82,39360,1597.5027624309391,480
6625,Photo frames & albums,0.9989270019531249,0.9953086883092512,10658,10608,50,647.3646408839779,16,10368,728.7403314917127,648
6628,Photo frames & albums,0.9989270019531249,0.9954780361757106,1548,1541,7,145.29834254143645,10,1480,129.23756906077347,148
6632,Stationary,0.9989270019531249,0.9879131096272504,11831,11688,143,368.6077348066298,595,11900,806.889502762431,20
6633,Clocks,0.9989270019531249,1.0,2577,2577,0,2270.9226519337017,5,2880,2903.1270718232045,576
6636,Gift cards,0.9989270019531249,1.0,0,0,0,3039.0,0,0,39.0,3000
6651,Tableware,0.9989270019531249,1.0,2145,2145,0,1878.8950276243095,114,4104,3626.5911602209944,36
6654,Hobby and creative,0.9989270019531249,1.0,395,395,0,267.30386740331494,1,336,114.92265193370166,336
6657,Serve and present,0.9989270019531249,1.0,4051,4051,0,2901.0552486187844,3914,3914,4670.646408839779,1
6658,Tableware,0.9989270019531249,1.0,5901,5901,0,5419.911602209945,4491,4491,7536.624309392265,1
6659,Tableware,0.9989270019531249,1.0,11140,11140,0,9217.950276243095,11622,11622,14729.303867403314,1
6661,Fans and electric blankets,0.9989270019531249,1.0,102,102,0,98.2486187845304,0,0,60.41988950276243,96
6662,Mugs and cups,0.9989270019531249,1.0,2036,2036,0,1293.9226519337017,45,2160,2069.0552486187844,48
6663,Others,0.9989270019531249,1.0,2163,2163,0,1772.0331491712707,2194,2194,1855.1657458563536,1
6665,Tea and coffee,0.9989270019531249,1.0,12809,12809,0,570.1546961325967,24,12288,780.9779005524862,512
6668,Waste bags,0.9989270019531249,0.995370541148696,54218,53967,251,1718.585635359116,23,52992,2590.1104972375692,2304
6673,Baskets,0.9989270019531249,0.9950771984784068,8938,8894,44,277.98342541436466,23,8832,221.22099447513813,384
6674,Baskets,0.9989270019531249,1.0,6857,6857,0,358.9447513812155,12,6480,200.4696132596685,540
6675,Baskets,0.9989270019531249,1.0,6918,6918,0,291.22651933701655,19,6840,220.1049723756906,360
6677,Wash treatment and accessories,0.9989270019531249,1.0,915,915,0,580.9447513812155,15,900,583.5580110497237,60
6678,Baby / Toddler,0.9989270019531249,1.0,167,167,0,128.6243093922652,0,0,32.78453038674033,180
6682,Cleaning products,0.9989270019531249,1.0,15077,15077,0,943.5911602209944,8,13824,326.95580110497235,1728
6683,Cleaning products,0.9989270019531249,1.0,3182,3182,0,309.6353591160221,7,3150,211.06629834254144,450
6684,Waste bins,0.9989270019531249,1.0,7964,7964,0,348.03314917127074,348,8352,1235.1602209944751,24
6686,Waste bins,0.9989270019531249,0.9743414300376325,2923,2848,75,153.55801104972375,244,2928,258.7790055248619,12
6688,Drink & food To Go,0.9989270019531249,1.0,7695,7695,0,532.0,13,7280,531.5138121546961,560
6690,Cleaning products,0.9989270019531249,0.9980222264079864,21236,21194,42,2837.453038674033,4,20160,525.3314917127071,5040
6692,Electric personal care,0.9989270019531249,1.0,39721,39721,0,3635.0441988950274,2140,42800,5214.513812154696,20
6700,Electric personal care,0.9989270019531249,1.0,91,91,0,1759.745856353591,0,0,1399.0386740331492,1
6703,Special pans,0.9989270019531249,1.0,152,152,0,2116.2265193370167,0,0,1919.7403314917126,1
6711,Personal care,0.9989270019531249,1.0,1354,1354,0,1242.4088397790056,1,1386,179.61325966850828,1386
6720,Candles & Tealights,0.9989270019531249,1.0,130,130,0,2359.6740331491715,0,0,814.9502762430939,1650
6721,Candles & Tealights,0.9989270019531249,1.0,128,128,0,1945.9392265193371,0,0,324.6629834254144,1710
6735,Vases,0.9989270019531249,1.0,51074,51074,0,14229.132596685084,13,42432,29592.944751381216,3264
6743,Wash treatment and accessories,0.9989270019531249,0.9985872855701312,4955,4948,7,419.060773480663,5459,5459,617.4033149171271,1
6751,Cleaning products,0.9989270019531249,1.0,39370,39370,0,3791.6740331491715,68,39168,4988.580110497238,576
6752,Tableware,0.9989270019531249,1.0,3895,3895,0,3001.950276243094,153,3672,4766.519337016574,24
6753,Hobby and creative,0.9989270019531249,1.0,1029,1029,0,555.6961325966851,1,720,170.8011049723757,720
6754,Reading glasses,0.9989270019531249,1.0,1613,1613,0,2716.8121546961324,0,0,1144.6629834254143,2500
6762,"Cloths, mops, sponges and brush",0.9989270019531249,1.0,21892,21892,0,1710.745856353591,11,22528,2301.977900552486,2048
6763,Planks,0.9989270019531249,1.0,1315,1315,0,363.2651933701657,2,960,148.39226519337018,480
6765,Tableware,0.9989270019531249,1.0,2417,2417,0,382.3259668508287,50,2400,447.29834254143645,48
6768,Store kitchen,0.9989270019531249,1.0,27003,27003,0,1359.8397790055249,22,26752,1161.4309392265193,1216
6770,Cleaning products,0.9989270019531249,1.0,19013,19013,0,1537.2983425414366,22,19008,1402.8066298342542,864
6771,Cleaning products,0.9989270019531249,1.0,16897,16897,0,1615.6077348066299,17,16524,1402.8011049723757,972
6772,Thermometers,0.9989270019531249,1.0,12532,12532,0,11486.82320441989,1,8000,8078.447513812154,8000
6773,Measuring and weighing,0.9989270019531249,0.9929778269566327,23497,23332,165,827.707182320442,30,23760,2173.6353591160223,792
6775,Bathroom accessories,0.9989270019531249,1.0,1432,1432,0,374.1436464088398,2,1152,106.0828729281768,576
6776,"Cloths, mops, sponges and brush",0.9989270019531249,1.0,155,155,0,2964.182320441989,0,0,1160.889502762431,1872
6777,Baby / Toddler,0.9989270019531249,1.0,215,215,0,329.8618784530387,152,152,331.03867403314916,1
6779,Waste bags,0.9989270019531249,0.9832546157148991,86173,84730,1443,10052.370165745857,5,76800,10734.309392265193,15360
6782,Storage boxes,0.9989270019531249,1.0,8082,8082,0,678.9060773480663,161,7728,822.6574585635359,48
6784,Cleaning products,0.9989270019531249,0.9813419447434517,11148,10940,208,445.4475138121547,19,10716,564.1270718232045,564
6786,Cleaning products,0.9989270019531249,0.9998224116497958,5631,5630,1,246.44198895027625,19,5358,303.45303867403317,282
6787,Personal care,0.9989270019531249,0.9405580375056847,74762,70318,4444,4531.414364640884,61,70272,6650.044198895028,1152
6791,Cleaning products,0.9989270019531249,1.0,21107,21107,0,4284.03314917127,19879,19879,4913.939226519337,1
6792,Window and squeegees,0.9989270019531249,1.0,6671,6671,0,643.5193370165746,9,6048,535.0165745856353,672
6794,Cleaning products,0.9989270019531249,1.0,8492,8492,0,719.0386740331492,48,8352,955.9779005524862,174
6796,"Cloths, mops, sponges and brush",0.9989270019531249,1.0,1716,1716,0,3424.1546961325967,23,1702,3451.6906077348067,74
6798,Cleaning products,0.9989270019531249,1.0,2066,2066,0,957.7292817679559,3,1800,681.6961325966851,600
6801,Partyfun,0.9989270019531249,0.9959998024593807,40498,40336,162,761.4198895027624,72,40320,1130.0165745856355,560
6803,Residential odors,0.9989270019531249,1.0,13898,13898,0,881.6077348066299,16,12800,692.353591160221,800
6815,Partyfun,0.9989270019531249,0.9943275150970822,84619,84139,480,2279.204419889503,179,85920,3435.3756906077347,480
6830,Candles & Tealights,0.9989270019531249,1.0,214,214,0,395.2486187845304,1,66,355.57458563535914,66
6833,Residential odors,0.9989270019531249,1.0,10611,10611,0,565.828729281768,536,10720,729.767955801105,20
6838,Greeting cards,0.9989270019531249,1.0,3512,3512,0,1154.3038674033148,1,1920,157.939226519337,1920
6846,Photo frames & albums,0.9989270019531249,0.98333740234375,16384,16111,273,592.3204419889503,36,15840,992.4751381215469,440
6848,Photo frames & albums,0.9989270019531249,1.0,12640,12640,0,483.6022099447514,28,12320,741.3425414364641,440
6850,Photo frames & albums,0.9989270019531249,1.0,2128,2128,0,165.76795580110496,13,2080,165.96132596685084,160
6852,Gift cards,0.9989270019531249,1.0,0,0,0,3067.0,0,0,31.104972375690608,3000
6860,Gift cards,0.9989270019531249,1.0,0,0,0,3154.0,0,0,87.97790055248619,3000
6864,"Glasses (drink, beer, wine etc)",0.9989270019531249,1.0,378,378,0,254.44198895027625,64,384,265.2707182320442,6
6872,Drink & food To Go,0.9989270019531249,1.0,892,892,0,1420.2375690607735,825,825,1449.9558011049724,1
6873,Reading glasses,0.9989270019531249,1.0,1216,1216,0,2614.8011049723755,0,0,846.756906077348,2500
6874,Tea and coffee,0.9989270019531249,1.0,1887,1887,0,1832.5303867403316,2089,2089,2775.475138121547,1
6875,Racks and pockets,0.9989270019531249,1.0,2126,2126,0,2435.5801104972375,2056,2056,2611.3646408839777,1
6879,"Glasses (drink, beer, wine etc)",0.9989270019531249,1.0,88,88,0,2282.497237569061,89,89,2282.767955801105,1
6882,Teletoys,0.9989270019531249,1.0,969,969,0,756.4530386740331,7,840,730.0552486187845,120
6883,Electric personal care,0.9989270019531249,0.922991425849476,6298,5813,485,1060.7624309392265,6624,6624,1267.0718232044198,1
6884,Batteries,0.9989270019531249,1.0,36242,36242,0,26242.96132596685,2,24000,29549.270718232045,12000
6887,Batteries,0.9989270019531249,0.988052329462021,29964,29606,358,995.6353591160221,33,29700,1651.3370165745857,900
6893,Serve and present,0.9989270019531249,0.9594446474241871,2737,2626,111,149.3756906077348,433,2598,234.72375690607734,6
6894,Foods,0.9989270019531249,1.0,2,2,0,2546.1988950276245,0,0,2536.4198895027625,1
6896,Store kitchen,0.9989270019531249,0.9775487196005798,31045,30348,697,1613.7624309392265,38,29184,3364.4088397790056,768
6897,Store kitchen,0.9989270019531249,0.9988747083847949,36435,36394,41,1059.0055248618785,60,36480,1337.7182320441989,608
6898,Shoe maintenance,0.9989270019531249,1.0,18709,18709,0,13204.381215469613,2,14400,13881.646408839779,7200
6899,Cleaning products,0.9989270019531249,0.9869853917662682,18825,18580,245,1613.8839779005525,19,18468,1408.4585635359117,972
6900,Dishwashing articles,0.9989270019531249,1.0,23249,23249,0,2266.0883977900553,8,23040,3273.1988950276245,2880
6902,Shoe maintenance,0.9989270019531249,1.0,16731,16731,0,12695.806629834255,2,14400,14232.309392265193,7200
6905,Racks and pockets,0.9989270019531249,1.0,36135,36135,0,19560.08287292818,12,43200,36757.74585635359,3600
6908,Vacuuming,0.9989270019531249,1.0,561,561,0,1923.0883977900553,0,0,883.3812154696133,675
6909,Storage boxes,0.9989270019531249,1.0,250,250,0,113.29834254143647,14,224,108.33701657458563,16
6910,Baskets,0.9989270019531249,1.0,9335,9335,0,395.5966850828729,17,9180,277.414364640884,540
6911,Baskets,0.9989270019531249,0.9981954344491564,11083,11063,20,313.6353591160221,29,11136,302.57458563535914,384
6912,Storage boxes,0.9989270019531249,1.0,93,93,0,414.01657458563534,0,0,368.95580110497235,20
6913,Personal care,0.9989270019531249,0.7265407840506086,20866,15160,5706,1398.5690607734807,16534,16534,1924.4419889502763,1
6915,Hobby and creative,0.9989270019531249,1.0,360,360,0,152.11049723756906,339,339,170.49171270718233,1
6916,Cleaning products,0.9989270019531249,1.0,2785,2785,0,949.3038674033149,3,2088,600.4364640883978,696
6921,Wash treatment and accessories,0.9989270019531249,1.0,23831,23831,0,1872.6961325966852,17,24480,2064.276243093923,1440
6922,Wash treatment and accessories,0.9989270019531249,0.6328341469850903,30316,19185,11131,2507.6187845303866,69,23184,2359.8839779005525,336
6924,Residential odors,0.9989270019531249,1.0,5146,5146,0,884.1491712707183,3,4536,145.6685082872928,1512
6932,Others,0.9989270019531249,1.0,1571,1571,0,410.27624309392263,1658,1658,469.71270718232046,1
6934,Cooking pans,0.9989270019531249,0.8597194388777555,1497,1287,210,102.6353591160221,13,1456,92.14917127071823,112
6954,Candles & Tealights,0.9989270019531249,0.9590610591029761,7157,6864,293,281.1933701657459,30,6840,307.9779005524862,228
6955,Candles & Tealights,0.9989270019531249,1.0,78,78,0,830.7955801104972,0,0,138.4364640883978,750
6956,Candles & Tealights,0.9989270019531249,1.0,194,194,0,296.3756906077348,0,0,196.707182320442,228
6957,Candles & Tealights,0.9989270019531249,1.0,189,189,0,2211.6243093922653,0,0,696.9226519337017,1680
6964,Residential odors,0.9989270019531249,0.7862102465925651,34997,27515,7482,1490.988950276243,35,27300,1467.1049723756905,780
6969,Gift,0.9989270019531249,1.0,22531,22531,0,2034.6077348066299,15,22500,2119.07182320442,1500
6973,Gift,0.9989270019531249,1.0,56661,56661,0,3745.342541436464,39,58500,5186.1988950276245,1500
6977,Photo frames & albums,0.9989270019531249,1.0,4362,4362,0,290.38121546961327,16,4224,319.88950276243094,264
6978,Vases,0.9989270019531249,0.9985360426304386,17077,17052,25,3988.24861878453,8,15360,8592.828729281768,1920
6985,Storage boxes,0.9989270019531249,0.8625693316152165,35698,30792,4906,1203.9005524861877,333,31968,2256.9226519337017,96
6987,Store kitchen,0.9989270019531249,0.7987510644337212,3523,2814,709,1840.6795580110497,40,3840,1567.6685082872928,96
6994,Hobby and creative,0.9989270019531249,1.0,529,529,0,776.9060773480663,3,432,693.8563535911602,144
6995,Hobby and creative,0.9989270019531249,1.0,0,0,0,225.0,0,0,15.0,210
6996,Tableware,0.9989270019531249,1.0,5846,5846,0,3470.983425414365,155,5580,6108.353591160221,36
6997,Tableware,0.9989270019531249,1.0,2832,2832,0,2991.806629834254,129,3096,4397.574585635359,24
7000,Hobby and creative,0.9989270019531249,1.0,357,357,0,356.4033149171271,0,0,73.69060773480663,480
7001,Hobby and creative,0.9989270019531249,1.0,454,454,0,341.7513812154696,1,420,151.52486187845304,420
7005,Kitchen tools,0.9989270019531249,1.0,1041,1041,0,141.9060773480663,21,1008,155.17127071823205,48
7006,Drinks,0.9989270019531249,1.0,3869,3869,0,3729.6353591160223,3153,3153,2460.6795580110497,1
7011,Others,0.9989270019531249,1.0,3066,3066,0,3324.723756906077,6,6000,5209.613259668508,1000
7020,Bathroom accessories,0.9989270019531249,1.0,7966,7966,0,269.1546961325967,27,8100,415.6077348066298,300
7027,Toilet cleaners and odors,0.9989270019531249,1.0,5782,5782,0,6163.171270718232,6,5520,5734.149171270718,920
7028,Light bulbs,0.9989270019531249,1.0,1793,1793,0,452.91160220994476,4,1496,324.292817679558,374
7029,Cleaning products,0.9989270019531249,1.0,4738,4738,0,314.4640883977901,27,4698,406.7513812154696,174
7030,Cleaning products,0.9989270019531249,0.9996350364963503,5480,5478,2,257.292817679558,31,5394,380.34806629834253,174
7036,"Cloths, mops, sponges and brush",0.9989270019531249,1.0,2667,2667,0,1134.5911602209944,6118,6118,3814.5911602209944,1
7050,Phones,0.9989270019531249,1.0,8354,8354,0,866.0110497237569,430,8600,1181.132596685083,20
7055,Electric personal care,0.9989270019531249,0.9106924643584522,9820,8943,877,396.9889502762431,1503,9018,725.939226519337,6
7080,Others,0.9989270019531249,0.9784516884100375,29051,28425,626,1350.878453038674,17,28050,1144.4309392265193,1650
7089,Residential odors,0.9989270019531249,1.0,66,66,0,1723.9281767955802,0,0,98.43093922651934,1650
7091,Gift,0.9989270019531249,1.0,17523,17523,0,2968.403314917127,12,18000,3485.3701657458564,1500
7093,Partyfun,0.9989270019531249,1.0,5855,5855,0,352.56906077348066,316,6320,790.8563535911602,20
7096,Others,0.9989270019531249,0.7229967268759849,8249,5964,2285,3457.4309392265195,8200,8200,3042.9558011049726,1
7103,Vases,0.9989270019531249,0.9729676140118969,15130,14721,409,436.5359116022099,46,14490,834.7845303867404,315
7106,Gift cards,0.9989270019531249,1.0,0,0,0,3048.0,0,0,21.795580110497237,3000
7110,Gift cards,0.9989270019531249,1.0,0,0,0,3067.0,0,0,37.87292817679558,3000
7115,Window and squeegees,0.9989270019531249,1.0,1697,1697,0,105.86187845303867,87,1740,161.45303867403314,20
7128,Tableware,0.9989270019531249,1.0,3462,3462,0,3028.756906077348,104,3744,4763.408839779006,36
7130,Tea and coffee,0.9989270019531249,1.0,4878,4878,0,3712.475138121547,4571,4571,5826.3370165745855,1
7133,Games,0.9989270019531249,1.0,138,138,0,27.11049723756906,11,132,23.066298342541437,12
7134,Tableware,0.9989270019531249,1.0,3004,3004,0,1549.292817679558,77,2772,2623.4364640883978,36
7135,"Cloths, mops, sponges and brush",0.9989270019531249,1.0,21985,21985,0,1525.5082872928176,20,21840,2609.8895027624308,1092
7136,"Cloths, mops, sponges and brush",0.9989270019531249,1.0,12591,12591,0,1574.3867403314916,6,12096,1436.0055248618785,2016
7141,Laundry baskets,0.9989270019531249,0.8084087872940477,26948,21785,5163,988.6243093922652,455,21840,1208.6850828729282,48
7142,Baskets,0.9989270019531249,1.0,8946,8946,0,578.2541436464088,9,8910,238.29834254143645,990
7143,Baskets,0.9989270019531249,1.0,12453,12453,0,381.8674033149171,32,12288,399.878453038674,384
7144,Personal care,0.9989270019531249,0.8179367281188473,89392,73117,16275,5675.07182320442,21,70560,5188.767955801105,3360
7145,Storage boxes,0.9989270019531249,1.0,6963,6963,0,338.878453038674,109,6976,418.11049723756906,64
7146,Storage boxes,0.9989270019531249,1.0,6513,6513,0,296.646408839779,51,6528,338.90055248618785,128
7148,Wash treatment and accessories,0.9989270019531249,1.0,3033,3033,0,165.353591160221,42,3024,243.34806629834253,72
7149,Wash treatment and accessories,0.9989270019531249,1.0,1917,1917,0,176.0939226519337,27,1944,211.55248618784532,72
7158,Cleaning products,0.9989270019531249,0.9418923363666265,18242,17182,1060,1504.0276243093922,17,16524,1235.6906077348067,972
7161,Bathroom accessories,0.9989270019531249,0.9959195331945975,24507,24407,100,9963.00552486188,8,28800,20533.39226519337,3600
7162,Measuring and weighing,0.9989270019531249,1.0,12537,12537,0,927.7624309392265,17,12240,1842.2707182320441,720
7163,Shoe maintenance,0.9989270019531249,1.0,16679,16679,0,1244.0,12,15360,2244.1215469613257,1280
7168,Electric personal care,0.9989270019531249,0.9970295559186099,6733,6713,20,147.45303867403314,337,6740,246.81767955801104,20
7177,Moisture treatment and climate,0.9989270019531249,0.9593859763236633,38435,36874,1561,1949.9281767955802,175,37800,3273.685082872928,216
7195,Candles & Tealights,0.9989270019531249,1.0,210,210,0,759.6850828729282,0,0,235.07734806629836,600
7196,Candles & Tealights,0.9989270019531249,1.0,129,129,0,2051.92817679558,0,0,508.0,1650
7216,Photo frames & albums,0.9989270019531249,1.0,13263,13263,0,580.8066298342542,30,13200,862.3756906077348,440
7222,Gift cards,0.9989270019531249,1.0,0,0,0,3043.0,0,0,15.867403314917127,3000
7224,Gift cards,0.9989270019531249,1.0,0,0,0,3302.0,0,0,298.1160220994475,3000
7225,Storage boxes,0.9989270019531249,0.9953893628607733,27545,27418,127,844.6685082872929,398,28656,1890.8729281767955,72
7228,Kitchen helpers,0.9989270019531249,1.0,2376,2376,0,110.02762430939227,124,2480,191.06629834254144,20
7230,Construction,0.9989270019531249,1.0,1465,1465,0,198.47513812154696,39,1560,284.3867403314917,40
7235,Tableware,0.9989270019531249,1.0,3628,3628,0,3344.5911602209944,233,2796,4591.088397790055,12
7236,Boys toys,0.9989270019531249,1.0,18,18,0,481.7513812154696,0,0,5.861878453038674,480
7239,"Cloths, mops, sponges and brush",0.9989270019531249,1.0,13469,13469,0,1573.254143646409,14027,14027,2615.303867403315,1
7240,Hobby and creative,0.9989270019531249,1.0,226,226,0,145.88950276243094,1,216,66.39226519337016,216
7242,Batteries,0.9989270019531249,1.0,6646,6646,0,517.0883977900553,335,6700,761.4806629834254,20
7244,Cleaning products,0.9989270019531249,1.0,2,2,0,187.28176795580112,0,0,11.67403314917127,174
7246,"Cloths, mops, sponges and brush",0.9989270019531249,1.0,0,0,0,3960.0,0,0,2835.1325966850827,1120
