article_id,article_name,target_fill_rate,realized_fill_rate,total_demand,filled_demand,lost_sales,avg_on_hand,orders_placed,units_ordered,avg_R,Q
1111,Puzzles,0.9988781738281249,1.0,92,92,0,34.790055248618785,96,96,30.39779005524862,1
1126,Table paper,0.9988781738281249,1.0,3940,3940,0,3916.657458563536,3,3024,3606.988950276243,1008
1127,Table paper,0.9988781738281249,1.0,16478,16478,0,793.7790055248619,16,16128,893.9558011049724,1008
1129,Kitchen tools,0.9988781738281249,0.9968168872507958,5969,5950,19,314.1491712707182,11,5720,143.65193370165747,520
1131,Bicycle accessories,0.9988781738281249,1.0,5319,5319,0,609.1933701657458,5,4800,313.50276243093924,960
1134,Ironing boards,0.9988781738281249,1.0,4323,4323,0,386.83425414364643,198,4356,537.2596685082873,22
1135,"Cloths, mops, sponges and brush",0.9988781738281249,1.0,9812,9812,0,1277.342541436464,8,8000,1345.779005524862,1000
1136,Kitchen textile,0.9988781738281249,1.0,9291,9291,0,1873.8121546961327,26,12480,6365.2209944751385,480
1137,Table textiles,0.9988781738281249,1.0,2134,2134,0,197.5303867403315,7,2016,124.00552486187846,288
1138,Table textiles,0.9988781738281249,1.0,1839,1839,0,188.060773480663,6,1728,117.88950276243094,288
1139,Table textiles,0.9988781738281249,1.0,1671,1671,0,199.81767955801104,6,1728,119.34254143646409,288
1141,Bath textiles and bath mats,0.9988781738281249,1.0,40275,40275,0,8762.342541436465,23,41400,21618.13259668508,1800
1151,Outdoor toys,0.9988781738281249,1.0,1211,1211,0,558.5469613259669,1319,1319,600.8618784530387,1
1162,Light bulbs,0.9988781738281249,1.0,3278,3278,0,396.58011049723757,22,3300,448.24309392265195,150
1164,Batteries,0.9988781738281249,0.9439942671297062,72564,68500,4064,1538.2099447513813,107,69550,3827.6077348066297,650
1166,Batteries,0.9988781738281249,0.9981997428204029,23330,23288,42,710.4475138121547,39,23400,1298.2651933701657,600
1167,Batteries,0.9988781738281249,0.9876357870589029,59284,58551,733,1267.3867403314916,108,60480,3275.790055248619,560
1170,Tableware,0.9988781738281249,1.0,2968,2968,0,479.11049723756906,62,2976,561.8397790055249,48
1171,Stairs,0.9988781738281249,0.7088199758356827,9932,7040,2892,294.30386740331494,212,6996,375.1546961325967,33
1172,"Cloths, mops, sponges and brush",0.9988781738281249,0.9828810208483105,22256,21875,381,681.585635359116,61,20496,2790.519337016575,336
1173,Racks and pockets,0.9988781738281249,1.0,14647,14647,0,12218.756906077348,1,7200,10245.895027624309,7200
1174,Store kitchen,0.9988781738281249,1.0,3367,3367,0,1351.132596685083,28,3024,1493.4088397790056,108
1178,Baskets,0.9988781738281249,0.9979628214922333,7854,7838,16,269.8011049723757,22,7920,207.9889502762431,360
1180,Construction,0.9988781738281249,1.0,744,744,0,245.85635359116023,777,777,295.7513812154696,1
1182,Laundry baskets,0.9988781738281249,0.7722207991803278,15616,12059,3557,421.21546961325964,190,12160,544.2707182320441,64
1183,Baskets,0.9988781738281249,1.0,6644,6644,0,264.37016574585635,18,6480,182.50828729281767,360
1184,Baskets,0.9988781738281249,1.0,7237,7237,0,986.6077348066299,26,7280,2327.3591160220994,280
1185,Table textiles,0.9988781738281249,1.0,8800,8800,0,12159.160220994476,10341,10341,16669.14364640884,1
1186,Cleaning products,0.9988781738281249,1.0,612,612,0,886.9337016574585,0,0,170.59116022099448,864
1187,Suitcases,0.9988781738281249,0.9971056439942113,691,689,2,76.1878453038674,31,651,89.06629834254143,21
1188,Cleaning products,0.9988781738281249,0.9836491442542787,6544,6437,107,383.74585635359114,12,5976,363.47513812154693,498
1189,Wash treatment and accessories,0.9988781738281249,1.0,308,308,0,8314.729281767955,0,0,7742.828729281768,480
1191,Cleaning products,0.9988781738281249,0.8787119947387059,39534,34739,4795,1450.1657458563536,74,35520,1749.0220994475137,480
1201,Electric personal care,0.9988781738281249,0.9833546734955185,10934,10752,182,163.5027624309392,539,10780,330.1270718232044,20
1202,Kitchen appliances,0.9988781738281249,1.0,308,308,0,1384.2044198895028,97,97,1295.9944751381215,1
1205,Kitchen tools,0.9988781738281249,0.9834748750651501,32617,32078,539,3424.9558011049726,5,30240,955.2983425414365,6048
1209,Cooking pans,0.9988781738281249,0.8283480381608206,13941,11548,2393,826.0939226519337,116,12992,1233.0883977900553,112
1218,Personal care,0.9988781738281249,1.0,7639,7639,0,1453.0165745856355,596,7152,1712.2762430939226,12
1243,Photo frames & albums,0.9988781738281249,1.0,17610,17610,0,699.7624309392265,40,17600,1141.9337016574586,440
1245,Clocks,0.9988781738281249,1.0,11810,11810,0,4840.674033149171,3,11340,6635.39226519337,3780
1247,Gift cards,0.9988781738281249,1.0,0,0,0,3049.0,0,0,49.0,3000
1248,Coffee makers and kettles,0.9988781738281249,0.9892439243924392,22220,21981,239,906.9613259668508,81,22680,1631.9392265193371,280
1253,Frying pans,0.9988781738281249,1.0,5926,5926,0,539.9116022099447,25,6000,641.4475138121547,240
1258,Reading glasses,0.9988781738281249,1.0,553,553,0,2616.441988950276,0,0,402.01657458563534,2500
1259,Serve and present,0.9988781738281249,1.0,3574,3574,0,2585.243093922652,3932,3932,4396.475138121547,1
1260,Serve and present,0.9988781738281249,1.0,1373,1373,0,1954.414364640884,1988,1988,2854.1767955801106,1
1261,Reading glasses,0.9988781738281249,1.0,3676,3676,0,2912.480662983425,1,2500,2513.790055248619,2500
1262,Construction,0.9988781738281249,1.0,274,274,0,93.56353591160222,284,284,112.98342541436465,1
1263,Tableware,0.9988781738281249,1.0,2850,2850,0,2253.75138121547,107,2568,3421.7734806629833,24
1264,Tableware,0.9988781738281249,1.0,2657,2657,0,1900.9281767955802,1484,2968,3443.491712707182,2
1272,Hobby and creative,0.9988781738281249,0.9573442583443789,16598,15890,708,555.5248618784531,1973,15784,1243.7955801104972,8
1282,Table paper,0.9988781738281249,1.0,17848,17848,0,6411.458563535912,48,15840,8418.502762430939,330
1283,Measuring and weighing,0.9988781738281249,1.0,17922,17922,0,9384.883977900552,6,13824,13989.99447513812,2304
1284,Ironing boards,0.9988781738281249,0.9946990424076607,5848,5817,31,123.1767955801105,164,5904,200.99447513812154,36
1286,Ironing boards,0.9988781738281249,1.0,16453,16453,0,4492.0,4,13440,6375.767955801105,3360
1288,Drying racks,0.9988781738281249,1.0,4537,4537,0,5124.226519337017,4,4800,6522.14364640884,1200
1289,Bicycle accessories,0.9988781738281249,0.9996186117467581,5244,5242,2,433.0773480662983,8,4800,315.42541436464086,600
1290,Window and squeegees,0.9988781738281249,0.9408662455477498,50817,47812,3005,3293.75138121547,93,37200,7360.585635359116,400
1293,Table textiles,0.9988781738281249,1.0,904,904,0,183.1988950276243,3,864,67.4696132596685,288
1294,Bed textile,0.9988781738281249,1.0,3886,3886,0,564.3425414364641,3376,3376,1296.3314917127072,1
1296,Bath textiles and bath mats,0.9988781738281249,0.7735863095238096,26880,20794,6086,4476.674033149171,137,69048,21125.209944751383,504
1304,Tableware,0.9988781738281249,1.0,5563,5563,0,583.243093922652,260,6240,795.8729281767955,24
1307,Suitcases,0.9988781738281249,1.0,491,491,0,74.26519337016575,17,391,73.90055248618785,23
1311,Table textiles,0.9988781738281249,1.0,8480,8480,0,10390.977900552487,8243,8243,14171.408839779006,1
1314,Dishwashing articles,0.9988781738281249,1.0,284,284,0,13234.729281767955,0,0,12502.911602209944,1
1316,Cutlery,0.9988781738281249,1.0,2105,2105,0,300.56353591160223,9,2160,254.48618784530387,240
1318,Foods,0.9988781738281249,1.0,634,634,0,2550.53591160221,147,147,2469.171270718232,1
1321,Vases,0.9988781738281249,1.0,434,434,0,250.7403314917127,1,252,126.47513812154696,252
1322,"Glasses (drink, beer, wine etc)",0.9988781738281249,1.0,417,417,0,232.59668508287294,98,392,268.78453038674036,4
1325,Drink & food To Go,0.9988781738281249,1.0,49,49,0,516.707182320442,2,2,475.5193370165746,1
1327,Tableware,0.9988781738281249,1.0,4841,4841,0,651.9834254143647,207,4968,826.7292817679559,24
1329,"Cloths, mops, sponges and brush",0.9988781738281249,1.0,21,21,0,5402.823204419889,9,9,5401.07182320442,1
1330,Cutlery,0.9988781738281249,1.0,2487,2487,0,231.66298342541435,69,2484,305.98342541436466,36
1333,Cutlery,0.9988781738281249,1.0,418,418,0,42.552486187845304,11,396,40.24309392265194,36
1334,Hobby and creative,0.9988781738281249,0.9994553376906318,1836,1835,1,67.10497237569061,118,1888,169.13259668508286,16
1337,Hobby and creative,0.9988781738281249,1.0,6390,6390,0,428.5359116022099,645,6450,656.5911602209944,10
1340,Games,0.9988781738281249,1.0,5073,5073,0,674.2044198895028,10,4800,558.3867403314918,480
1347,Stuffed animals,0.9988781738281249,1.0,3581,3581,0,213.69060773480663,617,3702,386.74585635359114,6
1352,Hobby and creative,0.9988781738281249,1.0,252,252,0,568.9337016574585,0,0,352.3259668508287,336
1356,"Glasses (drink, beer, wine etc)",0.9988781738281249,0.9870412844036697,8720,8607,113,747.5524861878453,12,8064,726.756906077348,672
1357,"Glasses (drink, beer, wine etc)",0.9988781738281249,1.0,1325,1325,0,1338.5303867403316,1,756,912.060773480663,756
1361,Light bulbs,0.9988781738281249,1.0,1538,1538,0,330.8729281767956,3,1155,193.5303867403315,385
1362,Batteries,0.9988781738281249,0.9994226630976749,114318,114252,66,4281.552486187846,58,118320,7668.795580110497,2040
1368,"Glasses (drink, beer, wine etc)",0.9988781738281249,1.0,5144,5144,0,353.37016574585635,873,5238,545.6353591160221,6
1369,"Glasses (drink, beer, wine etc)",0.9988781738281249,0.9748221127531472,1827,1781,46,177.8232044198895,436,1744,222.18232044198896,4
1373,Wash treatment and accessories,0.9988781738281249,0.9608073222248299,8522,8188,334,406.83977900552486,23,8142,531.7790055248619,354
1378,Drink & food To Go,0.9988781738281249,1.0,7829,7829,0,528.0331491712707,25,8000,659.4364640883978,320
1379,Window and squeegees,0.9988781738281249,0.8652202323007374,74989,64882,10107,1195.6022099447514,304,65664,2130.6795580110497,216
1380,Window and squeegees,0.9988781738281249,0.8202453135044042,115118,94425,20693,2670.657458563536,164,94464,3740.0773480662983,576
1382,Others,0.9988781738281249,1.0,3977,3977,0,1150.110497237569,2,3456,642.4419889502763,1728
1383,Table textiles,0.9988781738281249,1.0,36285,36285,0,7107.950276243094,6,34200,10862.900552486188,5700
1384,Baskets,0.9988781738281249,1.0,2516,2516,0,304.96132596685084,65,2600,380.5524861878453,40
1389,Tea and coffee,0.9988781738281249,1.0,2698,2698,0,90.20441988950276,461,2766,190.59668508287294,6
1393,Kitchen helpers,0.9988781738281249,0.9416419386745796,9099,8568,531,435.3867403314917,13,8424,432.52486187845307,648
1397,Tableware,0.9988781738281249,1.0,8845,8845,0,3822.8342541436464,9273,9273,8099.237569060773,1
1399,Store kitchen,0.9988781738281249,1.0,40,40,0,221.61325966850828,0,0,91.32044198895028,1
1403,Mugs and cups,0.9988781738281249,0.991241667958456,25804,25578,226,7189.591160220994,10,8280,8724.6408839779,828
1433,Puzzles,0.9988781738281249,0.6408180656156796,9388,6016,3372,570.8618784530387,5973,5973,503.83425414364643,1
1438,Measuring and weighing,0.9988781738281249,1.0,45133,45133,0,13057.016574585636,4,12000,18532.75138121547,3000
1440,"TV, Audio & Video",0.9988781738281249,0.987098623853211,13952,13772,180,272.96685082872926,139,13900,448.707182320442,100
1444,Planks,0.9988781738281249,1.0,19061,19061,0,13215.016574585636,2,14400,14563.0773480663,7200
1445,Kitchen tools,0.9988781738281249,1.0,8382,8382,0,878.2762430939226,31,8928,1950.9171270718232,288
1446,Cutlery trays,0.9988781738281249,0.9996914328535849,45371,45357,14,633.0110497237569,285,45600,1302.5690607734807,160
1448,Store kitchen,0.9988781738281249,1.0,9369,9369,0,417.49171270718233,29,9280,961.1381215469613,320
1449,Drying racks,0.9988781738281249,0.9794419970631424,2043,2001,42,219.3646408839779,9,1800,103.03314917127072,200
1451,Foils and bags,0.9988781738281249,1.0,165,165,0,1357.0165745856355,85,85,1345.1878453038673,1
1453,Bathroom accessories,0.9988781738281249,0.9516766688472368,35159,33460,1699,12382.022099447513,14,50400,34140.02209944752,3600
1456,Baskets,0.9988781738281249,1.0,2884,2884,0,527.8011049723757,17,2720,1013.2265193370166,160
1458,Baskets,0.9988781738281249,1.0,8054,8054,0,1098.4585635359117,19,7980,2524.5635359116022,420
1460,Baskets,0.9988781738281249,1.0,10458,10458,0,403.95580110497235,19,10260,304.3370165745856,540
1461,Baskets,0.9988781738281249,1.0,12061,12061,0,349.5966850828729,31,11904,334.7790055248619,384
1462,Storage boxes,0.9988781738281249,1.0,6753,6753,0,496.1436464088398,137,6576,603.7403314917127,48
1463,Bed textile,0.9988781738281249,1.0,734,734,0,298.6685082872928,51,1020,589.6740331491712,20
1466,Cleaning products,0.9988781738281249,0.9623462346234624,6666,6415,251,168.9889502762431,57,6498,355.1436464088398,114
1468,Cleaning products,0.9988781738281249,1.0,5087,5087,0,464.23204419889504,31,5394,580.4917127071823,174
1469,Cleaning products,0.9988781738281249,0.5782524179783805,84368,48786,35582,13895.364640883978,737,70752,7642.994475138122,96
1470,Cleaning products,0.9988781738281249,1.0,7796,7796,0,812.5027624309392,9,7200,684.2541436464088,800
1471,Window and squeegees,0.9988781738281249,0.9399962321024868,10616,9979,637,483.02762430939225,568,10224,849.4585635359116,18
1474,Ironing,0.9988781738281249,0.7407295292871198,6607,4894,1713,860.0773480662983,212,5088,827.1602209944751,24
1477,Frying pans,0.9988781738281249,0.7030411449016101,1118,786,332,89.77348066298343,1166,1166,112.71270718232044,1
1490,Easter,0.9988781738281249,0.7989399135895952,22451,17937,4514,3678.7624309392263,18061,18061,3146.795580110497,1
1506,Tea and coffee,0.9988781738281249,1.0,4085,4085,0,4561.055248618784,395,4740,6532.8011049723755,12
1507,Boys toys,0.9988781738281249,1.0,49,49,0,827.0331491712707,0,0,772.0110497237569,6
1508,Teletoys,0.9988781738281249,1.0,946,946,0,532.767955801105,7,840,501.6795580110497,120
1512,Hobby and creative,0.9988781738281249,1.0,304,304,0,57.34254143646409,24,312,61.43646408839779,13
1513,Serve and present,0.9988781738281249,1.0,2770,2770,0,2617.966850828729,6517,6517,5400.640883977901,1
1514,Tableware,0.9988781738281249,1.0,2077,2077,0,365.69060773480663,5,1920,244.22099447513813,384
1527,Wash treatment and accessories,0.9988781738281249,0.6824049725077695,8366,5709,2657,738.3204419889503,10,5280,527.9337016574585,528
1531,Drink & food To Go,0.9988781738281249,1.0,1940,1940,0,1114.2486187845304,3,1872,918.939226519337,624
1533,"Cloths, mops, sponges and brush",0.9988781738281249,1.0,12046,12046,0,1004.3646408839779,9,10800,1232.9668508287293,1200
1537,Cutlery,0.9988781738281249,1.0,3376,3376,0,154.97790055248618,145,3480,275.5414364640884,24
1538,Drying racks,0.9988781738281249,1.0,26,26,0,7327.67955801105,0,0,2180.027624309392,3200
1540,Bicycle accessories,0.9988781738281249,0.896551724137931,1653,1482,171,465.8453038674033,22,1452,429.7403314917127,66
1545,Table textiles,0.9988781738281249,1.0,759,759,0,285.9171270718232,2,576,139.95580110497238,288
1548,Ironing board textiles,0.9988781738281249,1.0,33710,33710,0,1264.5911602209944,103,33990,5897.618784530387,330
1559,Tea and coffee,0.9988781738281249,0.9246460818191952,17942,16590,1352,845.6850828729282,21,16380,1009.585635359116,780
1561,Tea and coffee,0.9988781738281249,1.0,502,502,0,1000.7734806629834,0,0,530.0718232044198,432
1564,Tableware,0.9988781738281249,1.0,6517,6517,0,3982.9447513812156,1,3024,2589.939226519337,3024
1570,Kitchen tools,0.9988781738281249,1.0,523,523,0,402.2817679558011,10,480,395.1878453038674,48
1571,Tableware,0.9988781738281249,1.0,3657,3657,0,464.8618784530387,50,3600,563.3093922651934,72
1575,"Cloths, mops, sponges and brush",0.9988781738281249,1.0,2108,2108,0,794.9889502762431,2,1260,574.353591160221,630
1582,Light bulbs,0.9988781738281249,1.0,7425,7425,0,1098.121546961326,19,7315,1182.9060773480662,385
1584,Light bulbs,0.9988781738281249,1.0,845,845,0,278.0552486187845,2,748,109.69613259668509,374
1585,Boys toys,0.9988781738281249,1.0,1697,1697,0,482.23204419889504,4,1440,383.0939226519337,360
1589,Planks,0.9988781738281249,1.0,346,346,0,2303.3756906077347,136,136,2299.524861878453,1
1593,Puzzles,0.9988781738281249,1.0,510,510,0,489.17127071823205,4,480,435.8729281767956,120
1597,Hobby and creative,0.9988781738281249,1.0,3078,3078,0,209.72375690607734,312,3120,384.49723756906076,10
1605,Puzzles,0.9988781738281249,1.0,4065,4065,0,128.59668508287294,343,4116,189.1767955801105,12
1606,Games,0.9988781738281249,0.9838833461243285,5212,5128,84,252.41436464088397,433,5196,376.7403314917127,12
1607,Hobby and creative,0.9988781738281249,1.0,3304,3304,0,160.22099447513813,45,3330,248.0110497237569,74
1612,Foodprep,0.9988781738281249,1.0,20935,20935,0,10038.563535911602,9,23220,18256.795580110498,2580
1613,Reading glasses,0.9988781738281249,1.0,1497,1497,0,2775.2154696132598,0,0,1008.353591160221,2500
1617,"Glasses (drink, beer, wine etc)",0.9988781738281249,1.0,1191,1191,0,655.3977900552486,1,624,369.3646408839779,624
1618,"Glasses (drink, beer, wine etc)",0.9988781738281249,0.974745237040319,13542,13200,342,1133.3701657458564,19,12768,1261.0828729281768,672
1619,Residential odors,0.9988781738281249,1.0,233,233,0,599.7955801104972,106,106,583.5027624309392,1
1621,Waste bins,0.9988781738281249,1.0,2342,2342,0,243.15469613259668,5,2160,70.29281767955801,432
1623,Kitchen helpers,0.9988781738281249,1.0,15885,15885,0,6440.674033149171,7,16884,12812.685082872928,2412
1624,Cutlery,0.9988781738281249,1.0,24225,24225,0,9696.972375690608,7,25200,19238.82872928177,3600
1626,Drying racks,0.9988781738281249,1.0,13613,13613,0,543.4198895027624,570,13680,1047.9281767955802,24
1631,Tea and coffee,0.9988781738281249,1.0,22966,22966,0,5428.618784530387,16,13056,10510.812154696132,816
1636,Tableware,0.9988781738281249,1.0,195,195,0,63.53591160220994,7,168,54.70165745856354,24
1637,Tea and coffee,0.9988781738281249,1.0,12599,12599,0,6358.552486187846,6,7776,9369.314917127072,1296
1643,Light bulbs,0.9988781738281249,1.0,9442,9442,0,869.3093922651934,26,9360,1050.5469613259668,360
1646,Tea and coffee,0.9988781738281249,0.803677108814014,63365,50925,12440,3088.193370165746,37,49950,3615.657458563536,1350
1650,Hobby and creative,0.9988781738281249,1.0,11074,11074,0,602.5966850828729,309,11124,1007.1049723756906,36
1655,Puzzles,0.9988781738281249,1.0,57,57,0,1416.2651933701657,0,0,1277.0883977900553,120
1661,Coffee makers and kettles,0.9988781738281249,0.613476490188819,2701,1657,1044,478.121546961326,1975,1975,212.34806629834253,1
1662,Batteries,0.9988781738281249,0.9815578990269499,19629,19267,362,487.9226519337017,1975,19750,1232.414364640884,10
1663,Hobby and creative,0.9988781738281249,1.0,389,389,0,47.187845303867405,66,396,54.08839779005525,6
1665,Bakeware,0.9988781738281249,0.9906720880172207,25086,24852,234,1814.2375690607735,35,23520,3257.2154696132598,672
1666,Electric personal care,0.9988781738281249,1.0,74624,74624,0,4047.7734806629833,51,74256,4933.49723756906,1456
1668,"Cloths, mops, sponges and brush",0.9988781738281249,0.9126670958457984,132035,120504,11531,7489.883977900552,48,92160,16889.872928176796,1920
1669,Store kitchen,0.9988781738281249,1.0,8023,8023,0,414.50828729281767,35,8400,899.110497237569,240
1670,Bathroom accessories,0.9988781738281249,0.9892441860465117,3440,3403,37,510.1270718232044,3533,3533,634.8066298342542,1
1672,Watering cans,0.9988781738281249,0.9796214134068979,78661,77058,1603,11631.828729281768,5,69840,22080.89502762431,13968
1675,Baskets,0.9988781738281249,1.0,14826,14826,0,667.1933701657458,15,14850,387.0,990
1678,Wash treatment and accessories,0.9988781738281249,1.0,3277,3277,0,184.00552486187846,45,3240,272.01657458563534,72
1679,Cleaning products,0.9988781738281249,0.9935275080906149,6798,6754,44,244.59668508287294,38,6612,414.25414364640886,174
1680,Cleaning products,0.9988781738281249,0.8895240329753538,93767,83408,10359,3374.1160220994475,103,82400,4249.867403314917,800
1681,Cleaning products,0.9988781738281249,0.9906619630628761,9638,9548,90,864.3259668508288,11,9504,1458.475138121547,864
1688,Personal care,0.9988781738281249,0.7083675040058542,158518,112289,46229,6658.237569060773,76,111872,6958.364640883978,1472
1689,Personal care,0.9988781738281249,0.8291176201163376,174664,144817,29847,6566.933701657458,99,145728,7633.016574585636,1472
1693,Coffee makers and kettles,0.9988781738281249,0.9655263621936166,11342,10951,391,477.3922651933702,375,11250,880.6574585635359,30
1694,Electric personal care,0.9988781738281249,0.6367769920638241,71697,45655,26042,7897.524861878453,62,46872,5315.784530386741,756
1711,Small garden,0.9988781738281249,1.0,7132,7132,0,3618.2983425414363,25,7200,3985.596685082873,288
1724,Candles & Tealights,0.9988781738281249,1.0,366,366,0,9616.502762430939,0,0,734.3038674033149,9120
1738,Partyfun,0.9988781738281249,1.0,38737,38737,0,1135.707182320442,73,39420,1519.9447513812154,540
1739,Vases,0.9988781738281249,0.9645669291338582,5588,5390,198,236.32596685082873,66,5280,397.9779005524862,80
1751,Tools,0.9988781738281249,1.0,0,0,0,46.0,0,0,40.0,6
1752,Reading glasses,0.9988781738281249,1.0,3151,3151,0,2976.685082872928,1,2500,2149.1767955801106,2500
1753,Others,0.9988781738281249,1.0,1373,1373,0,740.6795580110497,1,784,265.292817679558,784
1756,Serve and present,0.9988781738281249,1.0,7237,7237,0,3439.950276243094,23156,23156,13198.45856353591,1
1760,Kitchen tools,0.9988781738281249,1.0,172,172,0,95.74585635359117,1,128,25.955801104972377,128
1762,Teletoys,0.9988781738281249,1.0,337,337,0,94.8232044198895,2,240,43.52486187845304,120
1763,Hobby and creative,0.9988781738281249,1.0,16,16,0,510.3922651933702,0,0,8.430939226519337,504
1764,Hobby and creative,0.9988781738281249,1.0,235,235,0,12181.502762430939,0,0,11335.624309392266,1
1766,Puzzles,0.9988781738281249,1.0,37,37,0,32.348066298342545,2,24,26.734806629834253,12
1771,Cleaning products,0.9988781738281249,1.0,7304,7304,0,1091.756906077348,6940,6940,1322.8232044198894,1
1772,Window and squeegees,0.9988781738281249,0.9857155611106151,22402,22082,320,1040.475138121547,469,22512,1867.513812154696,48
1773,Cleaning products,0.9988781738281249,0.9961597542242704,2604,2594,10,1100.1546961325967,1,1986,131.7403314917127,1986
1774,"Cloths, mops, sponges and brush",0.9988781738281249,1.0,6943,6943,0,506.08839779005524,124,7440,1279.2154696132598,60
1783,Personal care,0.9988781738281249,0.986640314994408,261084,257596,3488,9315.591160220994,762,256032,13334.220994475138,336
1784,Cutlery,0.9988781738281249,0.996875,4160,4147,13,184.8342541436464,182,4368,334.353591160221,24
1786,Racks and pockets,0.9988781738281249,1.0,26438,26438,0,8680.988950276243,3,25452,7553.276243093923,8484
1787,Stairs,0.9988781738281249,0.981913225300575,9565,9392,173,482.9226519337017,274,9316,820.7513812154696,34
1795,"Cloths, mops, sponges and brush",0.9988781738281249,1.0,2776,2776,0,1228.46408839779,2,2340,790.4585635359116,1170
1797,Kitchen textile,0.9988781738281249,1.0,4896,4896,0,368.2044198895028,10,4800,292.52486187845307,480
1798,Umbrellas,0.9988781738281249,1.0,32,32,0,2418.4585635359117,0,0,2027.9060773480662,1
1799,Bath textiles and bath mats,0.9988781738281249,0.8219774553475515,69817,57388,12429,11609.160220994476,228,237120,68772.33149171271,1040
1806,Mugs and cups,0.9988781738281249,1.0,54526,54526,0,13871.767955801104,59,48852,34864.26519337016,828
1813,Tea and coffee,0.9988781738281249,0.968316268486917,17580,17023,557,1965.3149171270718,21,16128,2042.779005524862,768
1815,Light bulbs,0.9988781738281249,1.0,1805,1805,0,373.74585635359114,6,1650,288.25414364640886,275
1821,"Glasses (drink, beer, wine etc)",0.9988781738281249,1.0,24,24,0,30.54696132596685,1,6,24.298342541436465,6
1823,Drinks,0.9988781738281249,1.0,467,467,0,1967.6906077348067,302,302,1975.3370165745857,1
1826,"Cloths, mops, sponges and brush",0.9988781738281249,1.0,691,691,0,3073.497237569061,0,0,1024.1878453038673,2340
1828,Foods,0.9988781738281249,1.0,79,79,0,2074.795580110497,54,54,2074.1988950276245,1
1829,"Glasses (drink, beer, wine etc)",0.9988781738281249,1.0,1635,1635,0,211.65193370165747,5,1440,124.79005524861878,288
1831,Bakeware,0.9988781738281249,1.0,417,417,0,51.07734806629834,422,422,65.86740331491713,1
1832,Tableware,0.9988781738281249,1.0,5985,5985,0,1027.657458563536,251,6024,1238.646408839779,24
1833,Special pans,0.9988781738281249,0.9605809128630706,482,463,19,44.44198895027624,23,460,50.83425414364641,20
1842,Baby / Toddler,0.9988781738281249,1.0,0,0,0,93.0,0,0,92.0,1
1850,Girls toys,0.9988781738281249,0.9891956782713085,833,824,9,35.9171270718232,142,852,49.49171270718232,6
1862,Coffee makers and kettles,0.9988781738281249,1.0,210,210,0,6505.817679558011,178,178,6478.701657458563,1
1868,Small storage,0.9988781738281249,1.0,26244,26244,0,1160.4972375690609,13,26208,569.1270718232045,2016
1872,Toilet accessories,0.9988781738281249,1.0,11682,11682,0,646.2486187845304,57,11400,2153.303867403315,200
1874,Serve and present,0.9988781738281249,1.0,619,619,0,200.70165745856355,604,604,209.28176795580112,1
1876,Bathroom accessories,0.9988781738281249,1.0,635,635,0,160.65193370165747,637,637,182.40883977900552,1
1878,Bathroom accessories,0.9988781738281249,1.0,1466,1466,0,248.1988950276243,1460,1460,301.50276243093924,1
1879,Travel accessories,0.9988781738281249,1.0,565,565,0,316.24309392265195,0,0,89.8121546961326,528
1880,Laundry baskets,0.9988781738281249,0.8158449840569045,20385,16631,3754,663.646408839779,348,16704,857.6740331491712,48
1881,Gift cards,0.9988781738281249,1.0,0,0,0,3035.0,0,0,35.0,3000
1882,Baskets,0.9988781738281249,1.0,17633,17633,0,695.3591160220994,18,17820,490.68508287292815,990
1883,Baskets,0.9988781738281249,1.0,10058,10058,0,313.81767955801104,26,9984,279.9944751381216,384
1884,Storage boxes,0.9988781738281249,1.0,28789,28789,0,3419.022099447514,250,30000,4492.563535911602,120
1886,Personal care,0.9988781738281249,0.9790178571428572,58240,57018,1222,2036.475138121547,56205,56205,4193.176795580111,1
1887,Foods,0.9988781738281249,1.0,976,976,0,1491.46408839779,430,430,1460.5801104972375,1
1889,Tools,0.9988781738281249,0.868541530412034,4587,3984,603,371.3259668508287,4801,4801,550.1878453038674,1
1891,Toilet cleaners and odors,0.9988781738281249,1.0,5007,5007,0,285.97237569060775,14,4872,294.37016574585635,348
1892,Wash treatment and accessories,0.9988781738281249,1.0,11153,11153,0,1196.7016574585634,14,10752,973.1491712707183,768
1893,Cleaning products,0.9988781738281249,1.0,5100,5100,0,319.6740331491713,12,5040,296.8066298342541,420
1894,Cleaning products,0.9988781738281249,1.0,3566,3566,0,438.6740331491713,8,3360,330.18232044198896,420
1898,Cleaning products,0.9988781738281249,0.9306114158033719,24615,22907,1708,926.2707182320441,26,23296,826.4917127071823,896
1903,Residential odors,0.9988781738281249,1.0,5082,5082,0,466.6077348066298,10,4800,303.939226519337,480
1904,Dishwashing articles,0.9988781738281249,0.978361278076558,47415,46389,1026,1694.8232044198894,61,40992,5951.850828729282,672
1905,Stationary,0.9988781738281249,0.9977709778680525,75818,75649,169,6933.696132596685,6,63360,6322.690607734807,10560
1906,Drink & food To Go,0.9988781738281249,1.0,15968,15968,0,2077.232044198895,11,16456,2489.6408839779006,1496
1908,Drink & food To Go,0.9988781738281249,0.9205602592244173,9567,8807,760,629.0994475138122,19,9120,972.6906077348066,480
1917,Frying pans,0.9988781738281249,0.8910517387616624,23580,21011,2569,899.414364640884,217,20832,1505.0386740331492,96
1944,Candles & Tealights,0.9988781738281249,1.0,14263,14263,0,11150.563535911602,16746,16746,18908.883977900554,1
1945,Candles & Tealights,0.9988781738281249,1.0,217,217,0,1845.635359116022,0,0,262.5359116022099,1710
1947,Candles & Tealights,0.9988781738281249,0.9470168011641752,15118,14317,801,741.817679558011,19,14250,671.8563535911602,750
1948,Candles & Tealights,0.9988781738281249,0.9606453189929113,16364,15720,644,849.1160220994475,26,15288,885.3646408839779,588
1965,Residential odors,0.9988781738281249,0.9260248973473245,15343,14208,1135,777.2541436464088,2606,15636,1111.1988950276243,6
1970,Photo frames & albums,0.9988781738281249,1.0,2322,2322,0,219.19337016574585,8,2112,162.02762430939225,264
1979,Gift cards,0.9988781738281249,1.0,0,0,0,3087.0,0,0,61.767955801104975,3000
1981,Foodprep,0.9988781738281249,1.0,1007,1007,0,262.43093922651934,26,1040,282.7348066298343,40
1982,Drink & food To Go,0.9988781738281249,0.9069228988191711,17276,15668,1608,1147.5635359116022,15,14400,1641.5690607734807,960
1997,"Glasses (drink, beer, wine etc)",0.9988781738281249,0.8640776699029126,2163,1869,294,49.53591160220994,2079,2079,124.53591160220995,1
1998,Thermos jugs,0.9988781738281249,1.0,1510,1510,0,2402.2265193370167,1593,1593,3155.182320441989,1
2003,Tableware,0.9988781738281249,1.0,11069,11069,0,9503.06629834254,344,12384,15123.740331491712,36
2004,Knives,0.9988781738281249,1.0,215,215,0,105.26519337016575,1,128,35.97790055248619,128
2006,Fans and electric blankets,0.9988781738281249,1.0,778,778,0,401.5414364640884,659,659,414.82872928176795,1
2007,Table textiles,0.9988781738281249,1.0,296,296,0,165.21546961325967,1,216,50.646408839779006,216
2009,Hobby and creative,0.9988781738281249,1.0,414,414,0,106.65745856353591,397,397,120.50276243093923,1
2011,Boys toys,0.9988781738281249,1.0,9799,9799,0,506.939226519337,35,10080,742.5414364640884,288
2014,"Glasses (drink, beer, wine etc)",0.9988781738281249,1.0,2430,2430,0,760.3867403314918,551,2204,825.817679558011,4
2019,Shoe maintenance,0.9988781738281249,1.0,1403,1403,0,215.65193370165747,8,1344,147.76243093922653,168
2021,Baskets,0.9988781738281249,1.0,4366,4366,0,386.353591160221,62,4464,519.1325966850828,72
2023,Vacuuming,0.9988781738281249,1.0,140,140,0,51414.03314917127,0,0,38504.17127071823,675
2024,Toilet accessories,0.9988781738281249,0.96682945392275,15767,15244,523,397.6353591160221,45,15120,464.41988950276243,336
2025,Knives,0.9988781738281249,0.9930996015936255,62750,62317,433,9636.950276243095,9,54000,23566.11049723757,6000
2030,Ironing board textiles,0.9988781738281249,1.0,18520,18520,0,1042.8618784530386,29,19140,3345.3701657458564,660
2035,Bed textile,0.9988781738281249,1.0,660,660,0,825.4696132596686,5,240,711.7016574585635,48
2045,Shopping bags and trolleys,0.9988781738281249,1.0,6342,6342,0,2819.519337016575,5945,5945,3015.027624309392,1
2049,Hobby and creative,0.9988781738281249,1.0,10656,10656,0,486.30386740331494,335,10720,879.1160220994475,32
2050,Boys toys,0.9988781738281249,1.0,2569,2569,0,250.02762430939225,52,2496,409.69613259668506,48
2055,Hobby and creative,0.9988781738281249,1.0,5984,5984,0,280.96685082872926,1002,6012,502.08839779005524,6
2062,Hobby and creative,0.9988781738281249,1.0,2094,2094,0,388.1933701657459,354,2124,507.4033149171271,6
2069,Hobby and creative,0.9988781738281249,0.9938295410721172,2593,2577,16,193.9281767955801,441,2646,284.414364640884,6
2072,Foodprep,0.9988781738281249,1.0,3883,3883,0,737.060773480663,3834,3834,870.6961325966851,1
2077,Small storage,0.9988781738281249,1.0,41641,41641,0,2185.46408839779,10,37800,921.3812154696133,3780
2078,Racks and pockets,0.9988781738281249,1.0,23620,23620,0,818.3370165745856,24,23040,1223.9613259668508,960
2082,Waste bins,0.9988781738281249,0.9951295538671342,5133,5108,25,106.31491712707182,57,5130,143.6022099447514,90
2085,"Cloths, mops, sponges and brush",0.9988781738281249,0.9948223788292824,13906,13834,72,597.9944751381215,29,13920,1878.3259668508288,480
2086,Cutlery,0.9988781738281249,1.0,2392,2392,0,820.3977900552486,2,2400,259.98342541436466,1200
2087,Cleaning products,0.9988781738281249,1.0,11109,11109,0,397.56353591160223,32,11136,642.2596685082873,348
2088,Cleaning products,0.9988781738281249,0.9991503823279524,3531,3528,3,139.8950276243094,20,3480,182.06629834254144,174
2092,Cleaning products,0.9988781738281249,1.0,2657,2657,0,120.79005524861878,2820,2820,240.28176795580112,1
2093,Cleaning products,0.9988781738281249,1.0,4446,4446,0,561.7458563535912,11,4356,548.9060773480663,396
2094,Wash treatment and accessories,0.9988781738281249,1.0,22885,22885,0,16228.232044198896,21455,21455,16205.906077348067,1
2097,Shoe maintenance,0.9988781738281249,1.0,6599,6599,0,1462.596685082873,21,5544,1248.8508287292818,264
2099,Store kitchen,0.9988781738281249,1.0,2182,2182,0,908.414364640884,1,1152,243.07734806629836,1152
2101,Coffee makers and kettles,0.9988781738281249,0.9682634730538923,13360,12936,424,415.78453038674036,222,13320,889.6132596685082,60
2102,Electric personal care,0.9988781738281249,0.88039934800326,44172,38889,5283,2631.2983425414363,1927,38540,4061.3259668508285,20
2103,Coffee makers and kettles,0.9988781738281249,0.9808510638297873,1880,1844,36,62.26519337016575,38,1900,106.76795580110497,50
2109,Pan sets,0.9988781738281249,1.0,3333,3333,0,171.1049723756906,85,3400,278.9281767955801,40
2114,Construction,0.9988781738281249,1.0,382,382,0,296.4088397790055,0,0,164.76795580110496,392
2135,Watering cans,0.9988781738281249,1.0,6662,6662,0,421.83977900552486,44,6600,597.6850828729282,150
2143,Gift cards,0.9988781738281249,1.0,0,0,0,461521.0,0,0,461520.0,1
2150,Construction,0.9988781738281249,1.0,81,81,0,1226.232044198895,0,0,827.060773480663,336
2151,Tableware,0.9988781738281249,1.0,2146,2146,0,2380.7624309392263,61,1464,3046.6243093922653,24
2152,Tableware,0.9988781738281249,1.0,1109,1109,0,897.5082872928177,86,1548,1401.7016574585634,18
2153,Teletoys,0.9988781738281249,1.0,446,446,0,432.7955801104972,3,360,383.2707182320442,120
2159,Phones,0.9988781738281249,1.0,35,35,0,7.359116022099448,35,35,7.54696132596685,1
2161,Boys toys,0.9988781738281249,1.0,830,830,0,259.878453038674,809,809,289.71270718232046,1
2163,Boys toys,0.9988781738281249,0.97781217750258,1938,1895,43,396.56353591160223,2,1440,74.19337016574586,720
2164,Foods,0.9988781738281249,1.0,794,794,0,879.6022099447514,500,500,883.4088397790056,1
2165,Games,0.9988781738281249,1.0,404,404,0,986.8232044198895,1,288,834.2707182320441,288
2167,Games,0.9988781738281249,1.0,1476,1476,0,128.01657458563537,251,1506,228.95027624309392,6
2170,"Glasses (drink, beer, wine etc)",0.9988781738281249,1.0,895,895,0,376.0773480662983,4,864,295.7790055248619,216
2179,Window and squeegees,0.9988781738281249,0.9711071337253899,7822,7596,226,445.30939226519337,321,7704,713.3867403314918,24
2182,Cleaning products,0.9988781738281249,0.9672601485400346,49145,47536,1609,2487.7624309392263,59,46728,2862.1657458563536,792
2183,"Cloths, mops, sponges and brush",0.9988781738281249,1.0,8299,8299,0,483.7900552486188,45,8640,1007.4364640883978,192
2185,Special pans,0.9988781738281249,1.0,23039,23039,0,9138.977900552487,9,21708,17697.60220994475,2412
2188,Cutlery,0.9988781738281249,1.0,4779,4779,0,468.0718232044199,6,4320,277.47513812154693,720
2189,Toilet accessories,0.9988781738281249,0.9950397606487679,12701,12638,63,383.30386740331494,36,12096,408.75690607734805,336
2190,Window and squeegees,0.9988781738281249,0.9984841189164125,56073,55988,85,986.4088397790056,70,55440,1805.5414364640883,792
2192,Clothes hangers,0.9988781738281249,1.0,51913,51913,0,25466.955801104974,10,80640,55550.85635359116,8064
2194,Wash treatment and accessories,0.9988781738281249,1.0,24294,24294,0,15702.790055248619,3,28800,19966.580110497238,9600
2195,Table textiles,0.9988781738281249,1.0,885,885,0,171.28729281767957,3,864,60.9171270718232,288
2196,Table textiles,0.9988781738281249,1.0,3060,3060,0,286.2099447513812,10,2880,247.59116022099448,288
2200,Bath textiles and bath mats,0.9988781738281249,1.0,14253,14253,0,2913.232044198895,9,11340,5909.475138121547,1260
2202,Bed textile,0.9988781738281249,1.0,2926,2926,0,1649.5801104972375,2,2304,1947.7237569060774,1152
2212,Thermos jugs,0.9988781738281249,1.0,1159,1159,0,300.70165745856355,2,896,75.67403314917127,448
2218,Tableware,0.9988781738281249,1.0,1039,1039,0,126.46408839779005,88,1056,159.44198895027625,12
2219,Thermos jugs,0.9988781738281249,0.9519519519519519,1998,1902,96,165.939226519337,10,1800,101.81767955801105,180
2221,Planks,0.9988781738281249,1.0,2424,2424,0,1081.6685082872928,2427,2427,1088.121546961326,1
2223,Cutlery,0.9988781738281249,1.0,1504,1504,0,516.6850828729282,1,756,125.1767955801105,756
2224,Personal care,0.9988781738281249,1.0,121,121,0,2434.734806629834,2,2,2392.9944751381217,1
2225,Personal care,0.9988781738281249,1.0,167,167,0,128.65745856353593,113,113,130.34806629834253,1
2228,Tableware,0.9988781738281249,1.0,7343,7343,0,6583.563535911602,6643,6643,6787.8011049723755,1
2230,"Cloths, mops, sponges and brush",0.9988781738281249,1.0,775,775,0,821.767955801105,1,720,513.6519337016574,720
2232,"Cloths, mops, sponges and brush",0.9988781738281249,1.0,380,380,0,2042.5027624309391,0,0,1030.646408839779,1170
2246,Baby / Toddler,0.9988781738281249,1.0,479,479,0,224.97790055248618,486,486,241.87845303867402,1
2256,Baby / Toddler,0.9988781738281249,1.0,1235,1235,0,146.0331491712707,206,1236,232.19337016574585,6
2264,Personal care,0.9988781738281249,1.0,6516,6516,0,1366.2707182320441,2,4448,535.4198895027624,2224
2265,Drink & food To Go,0.9988781738281249,0.9669415509259259,13824,13367,457,967.0,10,12960,836.0828729281768,1296
2269,Baskets,0.9988781738281249,1.0,4362,4362,0,385.44198895027625,63,4536,517.1546961325967,72
2270,Euro articles,0.9988781738281249,1.0,1960,1960,0,901.7624309392265,1935,1935,973.5469613259669,1
2271,"Cloths, mops, sponges and brush",0.9988781738281249,0.9856538874955213,69775,68774,1001,3302.0662983425414,38,57000,9010.602209944751,1500
2273,Tea and coffee,0.9988781738281249,1.0,3785,3785,0,183.38674033149172,16,3840,208.03867403314916,240
2282,"Cloths, mops, sponges and brush",0.9988781738281249,1.0,1592,1592,0,6438.629834254144,0,0,1538.011049723757,2880
2283,Ironing board textiles,0.9988781738281249,1.0,50860,50860,0,1886.8011049723757,145,52200,9049.386740331493,360
2288,Bed textile,0.9988781738281249,0.9573057329991105,12367,11839,528,3034.1104972375692,12,12096,7312.066298342542,1008
2291,Mugs and cups,0.9988781738281249,0.9837580699966021,29430,28952,478,8128.508287292818,13,10764,9297.552486187846,828
2330,Store kitchen,0.9988781738281249,0.9997022923489134,3359,3358,1,114.65745856353591,878,3512,240.60773480662982,4
2336,Vacuuming,0.9988781738281249,1.0,12394,12394,0,3208.3812154696134,2404,14424,8192.0,6
2337,Light bulbs,0.9988781738281249,1.0,4048,4048,0,583.4419889502763,14,3850,595.8066298342542,275
2341,Store kitchen,0.9988781738281249,1.0,338,338,0,418.1546961325967,325,325,428.6629834254144,1
2342,Drink & food To Go,0.9988781738281249,0.9763193847087993,19763,19295,468,1112.7900552486187,23,19872,1388.0165745856355,864
2344,"Cloths, mops, sponges and brush",0.9988781738281249,0.960826962420588,46435,44616,1819,2044.779005524862,113,36612,6052.232044198895,324
2345,Kitchen tools,0.9988781738281249,0.9514898688915375,8390,7983,407,276.83977900552486,41,8036,475.81767955801104,196
2349,Foods,0.9988781738281249,1.0,0,0,0,1865.0,0,0,1860.1160220994475,1
2350,Baskets,0.9988781738281249,1.0,11259,11259,0,628.7127071823204,11,10890,315.61878453038673,990
2353,Cleaning products,0.9988781738281249,0.9958638988606212,12814,12761,53,381.55801104972375,53,13038,745.8121546961326,246
2354,Cleaning products,0.9988781738281249,0.9882878717830175,6489,6413,76,233.0,37,6438,387.04419889502765,174
2355,Suitcases,0.9988781738281249,1.0,367,367,0,57.86187845303867,34,340,64.1767955801105,10
2356,Cleaning products,0.9988781738281249,0.9993825890100844,4859,4856,3,149.23756906077347,28,4872,247.77348066298342,174
2359,Foods,0.9988781738281249,1.0,466,466,0,3139.4475138121547,0,0,2901.6519337016575,1
2361,Cleaning products,0.9988781738281249,1.0,34,34,0,921.3977900552486,0,0,322.72375690607737,480
2363,Residential odors,0.9988781738281249,1.0,7433,7433,0,1393.171270718232,2,5040,185.6685082872928,2520
2364,Personal care,0.9988781738281249,1.0,67167,67167,0,2414.8950276243095,77,66528,3391.7624309392263,864
2369,Window and squeegees,0.9988781738281249,0.665903890160183,1748,1164,584,420.23204419889504,69,1380,241.86187845303868,20
2370,Ironing,0.9988781738281249,0.8243731464006471,18545,15288,3257,1376.6077348066299,188,16920,1653.2596685082874,90
2379,Pan sets,0.9988781738281249,1.0,5909,5909,0,526.3425414364641,205,6150,739.7348066298342,30
2391,Foods,0.9988781738281249,1.0,638,638,0,1335.2762430939226,394,394,1342.403314917127,1
2392,Foods,0.9988781738281249,1.0,29,29,0,3531.1270718232045,0,0,2803.790055248619,1
2394,Residential odors,0.9988781738281249,1.0,10216,10216,0,598.1767955801105,13,9750,446.01657458563534,750
2401,Gift cards,0.9988781738281249,1.0,0,0,0,3025.0,0,0,25.0,3000
2402,Baby / Toddler,0.9988781738281249,1.0,86,86,0,68.10497237569061,2,72,45.97790055248619,36
2403,Tea and coffee,0.9988781738281249,1.0,3035,3035,0,1989.707182320442,19,2736,3166.3370165745855,144
2406,Partyfun,0.9988781738281249,1.0,2088,2088,0,2925.8729281767955,0,0,145.6243093922652,3564
2408,Construction,0.9988781738281249,1.0,324,324,0,111.26519337016575,35,280,126.1878453038674,8
2410,Construction,0.9988781738281249,1.0,446,446,0,178.79005524861878,5,360,164.58563535911603,72
2412,Electric personal care,0.9988781738281249,1.0,242,242,0,30.535911602209946,40,240,35.53591160220994,6
2415,Batteries,0.9988781738281249,1.0,1114,1114,0,73.54696132596685,56,1120,105.35911602209944,20
2416,Construction,0.9988781738281249,1.0,379,379,0,258.2486187845304,1,192,164.8232044198895,192
2417,Tableware,0.9988781738281249,1.0,4012,4012,0,4483.248618784531,195,3510,6108.0,18
2421,Ironing,0.9988781738281249,0.7598784194528876,1645,1250,395,72.39226519337016,48,1344,96.41988950276243,28
2423,Store kitchen,0.9988781738281249,1.0,13821,13821,0,618.9613259668508,3581,14324,1147.4088397790056,4
2430,Baskets,0.9988781738281249,1.0,3902,3902,0,351.3425414364641,57,4104,471.414364640884,72
2435,Vacuuming,0.9988781738281249,1.0,258,258,0,39749.441988950275,0,0,29314.78453038674,675
2436,Bakeware,0.9988781738281249,0.9922127643757201,53806,53387,419,1508.0386740331492,36,51840,4667.96132596685,1440
2437,Knives,0.9988781738281249,0.9524044042635522,56854,54148,2706,24356.375690607736,3,34992,33778.54143646409,11664
2441,Window and squeegees,0.9988781738281249,1.0,28572,28572,0,1372.2265193370165,40,25200,3876.646408839779,630
2443,Drying racks,0.9988781738281249,0.997808062517869,20986,20940,46,6363.060773480663,3,18000,5137.110497237569,6000
2445,Partyfun,0.9988781738281249,1.0,45597,45597,0,3499.027624309392,71,45440,3932.3259668508285,640
2449,Tableware,0.9988781738281249,0.9906064209274673,42050,41655,395,16660.160220994476,19,38000,34475.17679558011,2000
2451,Mugs and cups,0.9988781738281249,0.978721985058698,14992,14673,319,4048.972375690608,121,4356,6103.215469613259,36
2454,Tableware,0.9988781738281249,0.9885864051403449,11828,11693,135,3528.0055248618783,151,5436,5943.193370165746,36
2463,Tableware,0.9988781738281249,0.7286432160804021,995,725,270,262.48618784530385,1244,1244,292.89502762430936,1
2465,Tableware,0.9988781738281249,0.9354204689035519,7123,6663,460,300.58011049723757,317,7608,563.8729281767955,24
2471,Vases,0.9988781738281249,1.0,270,270,0,293.49723756906076,0,0,106.02209944751381,324
2474,Tableware,0.9988781738281249,1.0,2818,2818,0,2727.806629834254,52,1872,3534.038674033149,36
2476,Tableware,0.9988781738281249,1.0,0,0,0,4824.0,0,0,4752.0,72
2478,Kitchen tools,0.9988781738281249,1.0,935,935,0,428.69613259668506,1,648,79.5524861878453,648
2486,Dishwashing articles,0.9988781738281249,1.0,169,169,0,3201.497237569061,0,0,1518.9116022099447,1760
2494,Oven dishes,0.9988781738281249,1.0,1096,1096,0,1547.8839779005525,0,0,567.2375690607735,1536
2495,Drinks,0.9988781738281249,1.0,707,707,0,3249.6132596685084,654,654,3272.524861878453,1
2497,Table paper,0.9988781738281249,1.0,1154,1154,0,336.3646408839779,2,1080,107.74585635359117,540
2498,Thermos jugs,0.9988781738281249,0.970722781335773,1093,1061,32,123.04972375690608,5,900,39.35911602209945,180
2499,Foils and bags,0.9988781738281249,1.0,133,133,0,1480.9723756906078,9,9,1428.8729281767955,1
2501,Hobby and creative,0.9988781738281249,1.0,199,199,0,158.4585635359116,207,207,169.48066298342542,1
2505,Pan sets,0.9988781738281249,1.0,102,102,0,25.92817679558011,3,96,11.209944751381215,32
2511,Games,0.9988781738281249,0.9993889398105713,3273,3271,2,237.4364640883978,855,3420,379.51381215469615,4
2518,Games,0.9988781738281249,1.0,1849,1849,0,436.18232044198896,25,1800,477.91160220994476,72
2519,"Glasses (drink, beer, wine etc)",0.9988781738281249,1.0,1498,1498,0,4907.933701657458,365,365,4740.1988950276245,1
2525,Table paper,0.9988781738281249,0.9823345563255877,7359,7229,130,661.0718232044198,7,7056,404.7182320441989,1008
2526,Table paper,0.9988781738281249,1.0,10145,10145,0,657.646408839779,10,10080,541.8618784530387,1008
2529,Store kitchen,0.9988781738281249,0.9551584625758598,5932,5666,266,144.40331491712706,78,5616,200.8232044198895,72
2531,Drying racks,0.9988781738281249,0.9921752738654147,7029,6974,55,219.71270718232043,48,6912,400.1878453038674,144
2532,Ironing boards,0.9988781738281249,1.0,209,209,0,656.1767955801105,5,190,639.5082872928177,38
2544,Mugs and cups,0.9988781738281249,0.9884538818845389,22605,22344,261,6564.707182320442,183,6588,8307.911602209944,36
2549,Serve and present,0.9988781738281249,0.9783468459561004,10114,9895,219,440.6243093922652,23,9936,591.0773480662983,432
2579,Coffee makers and kettles,0.9988781738281249,0.9916576641459609,16662,16523,139,398.8729281767956,282,16920,1004.2099447513813,60
2580,Vacuuming,0.9988781738281249,1.0,35919,35919,0,8000.911602209945,6827,40962,22264.8453038674,6
2584,Store kitchen,0.9988781738281249,0.981007738839512,59182,58058,1124,1597.7624309392265,65,58240,2121.1215469613257,896
2585,Store kitchen,0.9988781738281249,0.9870042760124088,35781,35316,465,1567.1436464088397,22,35200,1358.8011049723757,1600
2587,Bathroom accessories,0.9988781738281249,1.0,27717,27717,0,1436.2265193370165,11,25344,718.0939226519337,2304
2588,Watering cans,0.9988781738281249,1.0,37586,37586,0,933.4364640883978,232,37120,2253.513812154696,160
2589,Bathroom accessories,0.9988781738281249,1.0,4163,4163,0,252.0,16,3840,198.6022099447514,240
2591,Tea and coffee,0.9988781738281249,0.9952958325051349,15093,15022,71,7495.480662983426,5,12000,11955.281767955801,2400
2592,Storage boxes,0.9988781738281249,1.0,1447,1447,0,500.49723756906076,45,1440,512.1325966850828,32
2594,Cleaning products,0.9988781738281249,1.0,4592,4592,0,321.04419889502765,10,4200,280.3259668508287,420
2596,Cleaning products,0.9988781738281249,1.0,7201,7201,0,935.2872928176796,5,6800,439.2099447513812,1360
2597,Cleaning products,0.9988781738281249,1.0,3028,3028,0,312.3425414364641,6,2988,149.14364640883977,498
2599,Wash treatment and accessories,0.9988781738281249,0.9304292226141122,48483,45110,3373,7771.364640883978,100,48000,8727.441988950277,480
2600,Cleaning products,0.9988781738281249,1.0,2342,2342,0,765.0883977900553,3,2160,470.31491712707185,720
2601,Wash treatment and accessories,0.9988781738281249,0.7655512655512655,4662,3569,1093,1048.7127071823204,10,3450,752.7624309392265,345
2602,Foils and bags,0.9988781738281249,1.0,15789,15789,0,2092.9060773480664,16,15360,2173.5635359116022,960
2604,Cleaning products,0.9988781738281249,0.8808169371814275,57483,50632,6851,2656.939226519337,63,49896,3015.3204419889503,792
2605,Vacuuming,0.9988781738281249,1.0,124528,124528,0,5602.397790055249,30,129600,17482.375690607736,4320
2606,Personal care,0.9988781738281249,0.7534632194977405,134990,101710,33280,5866.160220994475,69,101568,6215.480662983426,1472
2608,Coffee makers and kettles,0.9988781738281249,0.9948599601384663,9533,9484,49,341.97237569060775,410,9840,702.2707182320441,24
2613,Cooking pans,0.9988781738281249,0.904814609850581,1807,1635,172,117.22099447513813,14,1792,116.90055248618785,128
2634,Candles & Tealights,0.9988781738281249,0.9610303830911493,7570,7275,295,620.8453038674033,12,7200,458.23756906077347,600
2637,Vases,0.9988781738281249,1.0,1740,1740,0,194.939226519337,7,1470,153.81767955801104,210
2645,Partyfun,0.9988781738281249,0.9824414077410489,13099,12869,230,518.6906077348066,721,14420,1537.9834254143645,20
2646,Photo frames & albums,0.9988781738281249,1.0,12645,12645,0,718.0497237569061,17,12240,816.3093922651934,720
2649,Gift cards,0.9988781738281249,1.0,0,0,0,3147.0,0,0,114.01104972375691,3000
2652,Construction,0.9988781738281249,1.0,345,345,0,272.121546961326,1,288,138.93370165745856,288
2654,Tableware,0.9988781738281249,0.626878612716763,3460,2169,1291,284.0718232044199,4606,4606,557.4198895027624,1
2655,Tableware,0.9988781738281249,1.0,3563,3563,0,3813.2154696132598,70,3360,5373.353591160221,48
2658,Fans and electric blankets,0.9988781738281249,1.0,536,536,0,231.44198895027625,478,478,245.5635359116022,1
2660,Electric personal care,0.9988781738281249,1.0,1660,1660,0,447.6243093922652,1714,1714,510.1988950276243,1
2661,Phones,0.9988781738281249,1.0,48,48,0,12.508287292817679,49,49,13.121546961325967,1
2665,Others,0.9988781738281249,1.0,1759,1759,0,1365.3812154696132,1,1680,307.5359116022099,1680
2667,Store kitchen,0.9988781738281249,1.0,688,688,0,91.09944751381215,9,675,71.93922651933701,75
2668,Tableware,0.9988781738281249,1.0,3558,3558,0,2830.24861878453,143,3432,4403.558011049724,24
2671,Games,0.9988781738281249,1.0,10032,10032,0,1574.0276243093922,55,10560,1866.2265193370165,192
2672,Tea and coffee,0.9988781738281249,0.9999269379703368,13687,13686,1,1207.5911602209944,14,13440,1223.8453038674033,960
2674,Stuffed animals,0.9988781738281249,1.0,2175,2175,0,439.1381215469613,360,2160,513.7790055248619,6
2677,"Glasses (drink, beer, wine etc)",0.9988781738281249,0.9487179487179487,1833,1739,94,310.96685082872926,2099,2099,377.878453038674,1
2680,Drink & food To Go,0.9988781738281249,1.0,16441,16441,0,1851.7348066298343,5,15000,874.9281767955802,3000
2686,Kitchen tools,0.9988781738281249,0.9815573770491803,4880,4790,90,210.48618784530387,22,4752,280.8508287292818,216
2688,Foils and bags,0.9988781738281249,0.9843590470788429,70520,69417,1103,1272.0718232044198,62,71424,3388.3314917127072,1152
2689,Vacuuming,0.9988781738281249,1.0,150,150,0,26730.28729281768,0,0,19944.696132596684,675
2690,Gift,0.9988781738281249,1.0,37683,37683,0,11340.381215469613,4,33600,12941.701657458563,8400
2691,Toilet accessories,0.9988781738281249,1.0,3832,3832,0,256.7513812154696,11,3696,147.8121546961326,336
2694,Bathroom accessories,0.9988781738281249,1.0,8885,8885,0,335.3922651933702,29,8352,324.88950276243094,288
2698,Kitchen helpers,0.9988781738281249,1.0,5042,5042,0,323.1325966850829,93,5022,674.0110497237569,54
2699,Window and squeegees,0.9988781738281249,1.0,26092,26092,0,4081.8232044198894,36,20160,5336.668508287293,560
2701,Ironing board textiles,0.9988781738281249,1.0,23297,23297,0,1090.2154696132598,36,23760,4039.6187845303866,660
2702,Table textiles,0.9988781738281249,1.0,533,533,0,189.939226519337,1,288,47.12707182320442,288
2715,Tea and coffee,0.9988781738281249,1.0,0,0,0,809.0,0,0,49.0,760
2718,Bathroom accessories,0.9988781738281249,1.0,1192,1192,0,162.01657458563537,6,1152,107.2817679558011,192
2719,Light bulbs,0.9988781738281249,1.0,4294,4294,0,753.4419889502763,11,4114,735.1878453038674,374
2720,Cleaning products,0.9988781738281249,1.0,4467,4467,0,361.6353591160221,10,4320,312.2817679558011,432
2730,Kitchen tools,0.9988781738281249,0.9481481481481482,1890,1792,98,640.2375690607735,1,1080,153.61325966850828,1080
2732,Cutlery,0.9988781738281249,1.0,2954,2954,0,384.89502762430936,12,2880,367.585635359116,240
2736,Oven dishes,0.9988781738281249,1.0,886,886,0,93.61878453038673,12,864,122.25414364640883,72
2745,Stuffed animals,0.9988781738281249,0.9767820773930753,2455,2398,57,140.78453038674033,419,2514,255.48066298342542,6
2747,Games,0.9988781738281249,1.0,144,144,0,132.64088397790056,124,124,133.02209944751382,1
2748,Stuffed animals,0.9988781738281249,1.0,79,79,0,177.47513812154696,0,0,101.08839779005525,96
2758,Baby / Toddler,0.9988781738281249,1.0,165,165,0,137.95027624309392,0,0,43.209944751381215,180
2761,Kitchen helpers,0.9988781738281249,0.8613065326633166,1990,1714,276,230.29834254143645,8,1680,197.74585635359117,210
2763,Dishwashing articles,0.9988781738281249,0.9225221213236006,103294,95291,8003,5984.044198895028,57,71820,13503.049723756905,1260
2764,"Cloths, mops, sponges and brush",0.9988781738281249,0.9914460063201482,18354,18197,157,1165.7127071823204,17,17952,2559.011049723757,1056
2772,Euro articles,0.9988781738281249,1.0,15,15,0,694.3480662983426,1,1,609.5580110497237,1
2773,Foils and bags,0.9988781738281249,1.0,18944,18944,0,810.2541436464088,22,19008,1104.1270718232045,864
2777,Ironing board textiles,0.9988781738281249,1.0,8787,8787,0,1284.8563535911603,5,9000,1532.121546961326,1800
2778,Kitchen tools,0.9988781738281249,1.0,73547,73547,0,31732.138121546963,11,52800,53571.51933701657,4800
2781,Ironing boards,0.9988781738281249,0.9638529472170877,9738,9386,352,1195.646408839779,306,9180,1486.1436464088397,30
2783,Drying racks,0.9988781738281249,1.0,10981,10981,0,1721.1436464088397,6,10224,1217.342541436464,1704
2784,Table textiles,0.9988781738281249,1.0,1154,1154,0,186.3646408839779,4,1152,76.8011049723757,288
2786,Bed textile,0.9988781738281249,0.782933418083585,12586,9854,2732,2699.4364640883978,16,8064,4949.055248618784,504
2787,Bath textiles and bath mats,0.9988781738281249,1.0,8616,8616,0,1988.4530386740332,435,12180,5079.381215469613,28
2791,Table textiles,0.9988781738281249,1.0,7090,7090,0,4296.099447513812,5,10000,7610.861878453039,2000
2793,Baskets,0.9988781738281249,1.0,5909,5909,0,901.8342541436464,14,5880,1869.7624309392265,420
2794,Fans and electric blankets,0.9988781738281249,1.0,1860,1860,0,909.2983425414365,1877,1877,948.0497237569061,1
2796,Tableware,0.9988781738281249,1.0,5092,5092,0,541.5138121546961,14,5040,567.3314917127071,360
2805,Light bulbs,0.9988781738281249,1.0,6226,6226,0,664.2707182320441,11,6006,598.1491712707183,546
2817,Foodprep,0.9988781738281249,1.0,10476,10476,0,7648.7569060773485,3,10296,10313.580110497238,3432
2823,Batteries,0.9988781738281249,1.0,120724,120724,0,61502.60773480663,7,84000,94412.93922651933,12000
2826,Wash treatment and accessories,0.9988781738281249,1.0,7714,7714,0,664.8232044198895,18,7776,739.1325966850828,432
2828,Store kitchen,0.9988781738281249,0.9938866091617118,23882,23736,146,1159.657458563536,61,23424,2696.8232044198894,384
2829,"Cloths, mops, sponges and brush",0.9988781738281249,0.9256661683229267,136452,126309,10143,6934.690607734807,55,99000,17291.690607734807,1800
2832,Window and squeegees,0.9988781738281249,0.9891209747606614,16086,15911,175,835.9723756906077,15,15120,879.3977900552486,1008
2833,Racks and pockets,0.9988781738281249,0.9954785449665996,34281,34126,155,948.4419889502763,28,33600,1075.9834254143645,1200
2835,Clothes hangers,0.9988781738281249,0.9783108386868627,50901,49797,1104,3400.1160220994475,43,51600,9862.596685082874,1200
2838,Thermos jugs,0.9988781738281249,0.9841382816471784,9835,9679,156,4297.419889502762,6,9360,7843.629834254144,1560
2839,Thermos jugs,0.9988781738281249,1.0,8942,8942,0,3904.9226519337017,1,4002,3797.038674033149,4002
2842,Baskets,0.9988781738281249,1.0,9006,9006,0,384.64088397790056,16,8640,262.7790055248619,540
2844,Cleaning products,0.9988781738281249,0.9939388287952257,10724,10659,65,368.35911602209944,37,10656,625.0828729281768,288
2845,Cleaning products,0.9988781738281249,1.0,4523,4523,0,198.67403314917127,16,4512,223.41436464088397,282
2846,Cleaning products,0.9988781738281249,0.9681236877266653,5239,5072,167,125.80662983425414,44,5016,262.16022099447514,114
2847,Personal care,0.9988781738281249,1.0,11466,11466,0,2508.4364640883978,9411,9411,2692.5635359116022,1
2853,Cleaning products,0.9988781738281249,1.0,71,71,0,1545.4198895027625,0,0,939.3591160220994,648
2854,"Cloths, mops, sponges and brush",0.9988781738281249,1.0,15206,15206,0,6410.46408839779,10,17280,6000.403314917127,1728
2855,Window and squeegees,0.9988781738281249,1.0,52599,52599,0,4245.729281767955,28,50400,8894.06629834254,1800
2894,Residential odors,0.9988781738281249,0.9872862453531599,13450,13279,171,465.37016574585635,2311,13866,761.0,6
2905,Pan sets,0.9988781738281249,0.907145447950671,2757,2501,256,178.53591160220995,45,2880,343.060773480663,64
2908,Tableware,0.9988781738281249,1.0,5736,5736,0,4172.093922651934,334,6012,7032.828729281768,18
2909,Kitchen tools,0.9988781738281249,1.0,490,490,0,552.4033149171271,0,0,57.25414364640884,768
2911,Teletoys,0.9988781738281249,1.0,241,241,0,88.74033149171271,1,120,34.91160220994475,120
2912,Construction,0.9988781738281249,1.0,84,84,0,132.38121546961327,0,0,35.06077348066298,128
2916,"Glasses (drink, beer, wine etc)",0.9988781738281249,1.0,717,717,0,1796.403314917127,754,754,2071.441988950276,1
2917,Construction,0.9988781738281249,1.0,140,140,0,283.23204419889504,0,0,81.58563535911603,258
2918,Batteries,0.9988781738281249,1.0,143,143,0,1732.2486187845304,0,0,403.6132596685083,1400
2922,Pan sets,0.9988781738281249,1.0,1219,1219,0,572.1436464088398,16,1152,578.1767955801105,72
2923,Tableware,0.9988781738281249,1.0,2811,2811,0,2478.160220994475,3696,3696,4131.4309392265195,1
2925,Kitchen helpers,0.9988781738281249,1.0,765,765,0,5533.67955801105,0,0,1304.5524861878453,4800
2928,Serve and present,0.9988781738281249,1.0,5638,5638,0,9639.977900552487,1537,1537,10471.972375690608,1
2929,Thermos jugs,0.9988781738281249,0.985995085995086,4070,4013,57,123.33701657458563,33,3960,219.5027624309392,120
2934,"Glasses (drink, beer, wine etc)",0.9988781738281249,1.0,1255,1255,0,112.07734806629834,217,1302,155.73480662983425,6
2938,Personal care,0.9988781738281249,1.0,35090,35090,0,1605.8453038674033,185,33300,2054.8674033149173,180
2940,Ironing boards,0.9988781738281249,0.8251150558842867,1521,1255,266,170.59668508287294,34,1428,198.4364640883978,42
2943,Knives,0.9988781738281249,0.985356950263409,24107,23754,353,2893.3204419889503,10,24000,7846.154696132597,2400
2947,Kitchen helpers,0.9988781738281249,1.0,19958,19958,0,5820.591160220994,11,21120,13198.569060773481,1920
2949,Kitchen textile,0.9988781738281249,1.0,6536,6536,0,1744.8950276243095,17,7650,4111.187845303867,450
2950,Kitchen textile,0.9988781738281249,1.0,3369,3369,0,1804.1988950276243,2,3072,1945.6629834254143,1536
2951,Racks and pockets,0.9988781738281249,1.0,16599,16599,0,1607.1988950276243,5,14400,369.2707182320442,2880
2952,Table textiles,0.9988781738281249,1.0,419,419,0,206.13812154696132,1,288,37.78453038674033,288
2953,Bath textiles and bath mats,0.9988781738281249,0.8584917228694052,32620,28004,4616,6336.96132596685,99,102960,30841.016574585636,1040
2957,Mugs and cups,0.9988781738281249,0.9681964573268921,14904,14430,474,3847.3867403314916,300,10800,8246.027624309392,36
2968,Tea and coffee,0.9988781738281249,0.9422206848841231,72275,68099,4176,2423.486187845304,369,66420,9700.629834254143,180
2969,Tea and coffee,0.9988781738281249,0.9675127713920817,75168,72726,2442,1965.8342541436464,78,74880,4300.480662983426,960
2974,Foils and bags,0.9988781738281249,1.0,542,542,0,232.50828729281767,25,500,240.99447513812154,20
2977,Drink & food To Go,0.9988781738281249,1.0,377,377,0,791.0331491712707,330,330,797.7955801104972,1
2978,Tools,0.9988781738281249,1.0,1633,1633,0,299.50828729281767,5,1590,200.48066298342542,318
2979,Tableware,0.9988781738281249,1.0,1158,1158,0,121.88397790055248,49,1176,152.67403314917127,24
2980,Light bulbs,0.9988781738281249,1.0,6031,6031,0,570.5248618784531,16,5984,603.121546961326,374
2985,Cutlery,0.9988781738281249,1.0,3224,3224,0,890.8563535911602,2,2400,305.0497237569061,1200
2987,Tableware,0.9988781738281249,1.0,4401,4401,0,371.98342541436466,186,4464,526.9502762430939,24
2988,Tableware,0.9988781738281249,1.0,14,14,0,6307.651933701657,0,0,4823.7790055248615,960
2996,Baby / Toddler,0.9988781738281249,1.0,4645,4645,0,997.0220994475138,15,4320,1074.7403314917126,288
2997,Games,0.9988781738281249,1.0,1296,1296,0,117.56906077348066,216,1296,147.83977900552486,6
3014,Phones,0.9988781738281249,1.0,9792,9792,0,569.0883977900553,69,9936,871.0773480662983,144
3015,Batteries,0.9988781738281249,0.9926817130646058,34161,33911,250,1079.9668508287293,26,33800,1694.0994475138123,1300
3021,"Glasses (drink, beer, wine etc)",0.9988781738281249,1.0,668,668,0,319.1381215469613,2,480,190.77900552486187,240
3027,Kitchen helpers,0.9988781738281249,0.930799672002567,28049,26108,1941,7015.066298342542,2,20000,6845.530386740332,10000
3030,Vacuuming,0.9988781738281249,1.0,183,183,0,2334.6740331491715,0,0,1102.1491712707182,675
3031,Vacuuming,0.9988781738281249,1.0,105,105,0,16662.89502762431,0,0,11448.966850828729,675
3033,Kitchen helpers,0.9988781738281249,1.0,17842,17842,0,3767.4088397790056,3,14400,2690.3480662983425,4800
3034,Measuring and weighing,0.9988781738281249,1.0,39713,39713,0,12401.508287292818,6,9000,17012.75138121547,1500
3036,Ironing boards,0.9988781738281249,1.0,20693,20693,0,4461.138121546961,7,21840,7940.707182320442,3120
3037,Drying racks,0.9988781738281249,0.8555698723204873,8537,7304,1233,816.1436464088398,64,7168,794.1602209944751,112
3042,Bed textile,0.9988781738281249,1.0,3261,3261,0,755.2596685082873,216,2592,1696.353591160221,12
3046,Others,0.9988781738281249,1.0,548,548,0,175.8011049723757,556,556,177.28729281767957,1
3047,Bath textiles and bath mats,0.9988781738281249,0.7801744571916185,21094,16457,4637,3315.8729281767955,82,62320,18214.055248618784,760
3055,Tea and coffee,0.9988781738281249,1.0,342,342,0,508.10497237569064,5,120,462.57458563535914,24
3058,"Glasses (drink, beer, wine etc)",0.9988781738281249,1.0,7658,7658,0,1273.0386740331492,21,8820,1378.2486187845304,420
3059,Games,0.9988781738281249,1.0,2181,2181,0,146.35911602209944,183,2196,175.32596685082873,12
3063,Games,0.9988781738281249,1.0,94,94,0,49.430939226519335,82,82,49.447513812154696,1
3075,Boys toys,0.9988781738281249,1.0,1226,1226,0,105.1988950276243,212,1272,191.4585635359116,6
3080,Batteries,0.9988781738281249,0.9943186332936035,50340,50054,286,3620.7734806629833,5153,51530,5521.364640883978,10
3082,Batteries,0.9988781738281249,0.9890629618681643,13532,13384,148,341.10497237569064,690,13800,848.3646408839779,20
3083,"Cloths, mops, sponges and brush",0.9988781738281249,1.0,57325,57325,0,3293.276243093923,157,60288,7560.574585635359,384
3087,Coffee makers and kettles,0.9988781738281249,1.0,9201,9201,0,3862.4198895027625,550,11000,9061.016574585636,20
3090,Personal care,0.9988781738281249,0.814985952979447,27052,22047,5005,4937.508287292818,118,22656,4469.624309392265,192
3091,"Cloths, mops, sponges and brush",0.9988781738281249,1.0,27805,27805,0,1167.8176795580112,27,27540,3714.6187845303866,1020
3092,Cutlery,0.9988781738281249,1.0,2866,2866,0,908.5745856353591,2,2400,333.8729281767956,1200
3093,Bathroom accessories,0.9988781738281249,0.9880246620820489,8434,8333,101,248.02762430939225,28,8400,421.74585635359114,300
3097,Laundry baskets,0.9988781738281249,0.7847973654143423,14879,11677,3202,532.878453038674,183,11712,652.8729281767955,64
3098,Baskets,0.9988781738281249,0.9964577459697824,13833,13784,49,392.7403314917127,36,13824,424.1988950276243,384
3104,Cleaning products,0.9988781738281249,0.9977272727272727,6600,6585,15,260.7182320441989,23,6486,359.6243093922652,282
3106,Baskets,0.9988781738281249,1.0,3698,3698,0,553.0828729281768,48,3840,1289.3093922651933,80
3108,Light bulbs,0.9988781738281249,1.0,8382,8382,0,823.7292817679559,23,8280,954.2486187845304,360
3110,Ironing boards,0.9988781738281249,0.826592082616179,2324,1921,403,702.1049723756906,47,1974,630.1933701657458,42
3112,Dishwashing articles,0.9988781738281249,0.5230782808225223,11331,5927,5404,525.0773480662983,30,10800,702.7182320441989,360
3114,"Cloths, mops, sponges and brush",0.9988781738281249,0.9911488274477598,21918,21724,194,13306.198895027625,3,24000,19804.35359116022,8000
3120,Electric personal care,0.9988781738281249,0.9524670627744769,11613,11061,552,355.7182320441989,46,11040,478.58011049723757,240
3121,Electric personal care,0.9988781738281249,0.9565978298914946,8571,8199,372,210.79558011049724,416,8320,377.90055248618785,20
3123,Alarm clocks,0.9988781738281249,1.0,18502,18502,0,8712.558011049723,6,18000,15437.011049723757,3000
3128,Stationary,0.9988781738281249,1.0,32283,32283,0,778.2817679558011,55,33000,1720.110497237569,600
3159,Pan sets,0.9988781738281249,0.8443271767810027,3411,2880,531,444.47513812154693,3109,3109,530.817679558011,1
3161,Tableware,0.9988781738281249,1.0,4710,4710,0,5173.07182320442,259,3108,6624.088397790055,12
3162,Kitchen tools,0.9988781738281249,1.0,244,244,0,566.3591160220994,0,0,25.917127071823206,672
3163,Tea and coffee,0.9988781738281249,1.0,1833,1833,0,1012.7403314917127,1,1800,123.86187845303867,1800
3165,Construction,0.9988781738281249,1.0,448,448,0,183.8011049723757,2,400,92.16022099447514,200
3169,Serve and present,0.9988781738281249,1.0,1845,1845,0,2114.8839779005525,1488,1488,2732.790055248619,1
3170,Stationary,0.9988781738281249,1.0,4116,4116,0,319.8453038674033,4084,4084,475.3204419889503,1
3171,Batteries,0.9988781738281249,1.0,1515,1515,0,125.10497237569061,76,1520,172.02209944751382,20
3172,Toilet cleaners and odors,0.9988781738281249,1.0,78,78,0,6355.3370165745855,0,0,5770.287292817679,1
3173,Construction,0.9988781738281249,1.0,296,296,0,73.0828729281768,38,304,89.93922651933701,8
3176,Girls toys,0.9988781738281249,1.0,8,8,0,281.9889502762431,0,0,10.370165745856353,270
3179,Baby / Toddler,0.9988781738281249,1.0,12321,12321,0,1057.756906077348,508,12192,1307.8176795580112,24
3185,Kitchen appliances,0.9988781738281249,1.0,8227,8227,0,6821.2209944751385,23553,23553,17726.2817679558,1
3188,Personal care,0.9988781738281249,1.0,12110,12110,0,6098.248618784531,12073,12073,6531.96132596685,1
3189,Wash treatment and accessories,0.9988781738281249,0.7494930475086906,13808,10349,3459,868.5911602209944,19,10032,767.3591160220994,528
3196,"Cloths, mops, sponges and brush",0.9988781738281249,1.0,8363,8363,0,581.6740331491712,15,7920,917.9116022099447,528
3201,Oven dishes,0.9988781738281249,1.0,2419,2419,0,2649.6740331491715,0,0,527.7900552486187,3360
3205,Partyfun,0.9988781738281249,0.9877740153270361,28055,27712,343,1356.5303867403316,23,27600,1191.867403314917,1200
3210,Knives,0.9988781738281249,1.0,57,57,0,40.248618784530386,2,48,21.303867403314918,24
3212,Table textiles,0.9988781738281249,1.0,1724,1724,0,201.11602209944752,6,1728,117.60220994475138,288
3218,Mugs and cups,0.9988781738281249,0.9938283795793423,20254,20129,125,5522.204419889503,265,6360,8854.558011049723,24
3228,Vases,0.9988781738281249,0.9981298129812981,9090,9073,17,388.03314917127074,49,8820,640.5911602209944,180
3229,Tea and coffee,0.9988781738281249,0.95999599959996,9999,9599,400,1673.3370165745857,16,9216,1710.4806629834254,576
3230,Hobby and creative,0.9988781738281249,1.0,195,195,0,65.95027624309392,3,180,37.06077348066298,60
3235,Cutlery,0.9988781738281249,1.0,2192,2192,0,209.9060773480663,61,2196,273.09944751381215,36
3237,Oven dishes,0.9988781738281249,1.0,855,855,0,194.3314917127072,11,792,215.92265193370164,72
3238,Large garden,0.9988781738281249,1.0,242,242,0,178.2707182320442,2,144,135.74585635359117,72
3244,Serve and present,0.9988781738281249,1.0,709,709,0,259.77348066298345,573,573,244.19337016574585,1
3246,Kitchen helpers,0.9988781738281249,1.0,779,779,0,314.0552486187845,1,480,62.09944751381215,480
3247,Cutlery,0.9988781738281249,1.0,1348,1348,0,129.53591160220995,36,1296,158.75138121546962,36
3249,Shopping bags and trolleys,0.9988781738281249,1.0,6110,6110,0,4376.491712707182,5836,5836,6540.07182320442,1
3250,Gift cards,0.9988781738281249,1.0,0,0,0,3049.0,0,0,49.0,3000
3251,Laundry baskets,0.9988781738281249,1.0,167,167,0,503.4585635359116,0,0,383.90055248618785,180
3252,Thermos jugs,0.9988781738281249,1.0,1068,1068,0,185.84530386740332,4,992,90.74033149171271,248
3259,Hobby and creative,0.9988781738281249,1.0,5394,5394,0,572.4475138121547,19,5472,744.0110497237569,288
3264,Hobby and creative,0.9988781738281249,1.0,3170,3170,0,164.95027624309392,549,3294,282.6685082872928,6
3279,Table textiles,0.9988781738281249,1.0,6665,6665,0,756.5690607734807,6,6048,455.878453038674,1008
3281,Vacuuming,0.9988781738281249,1.0,396,396,0,4915.187845303867,0,0,3078.4198895027625,675
3285,Knives,0.9988781738281249,0.9997061200499596,13611,13607,4,4632.325966850829,14,16800,11615.414364640885,1200
3286,Knives,0.9988781738281249,1.0,24629,24629,0,8283.298342541437,24,28800,21105.911602209944,1200
3287,Drying racks,0.9988781738281249,1.0,10459,10459,0,3663.685082872928,8,11088,3926.8674033149173,1386
3288,Bicycle accessories,0.9988781738281249,1.0,1823,1823,0,237.34254143646407,27,1782,239.6961325966851,66
3291,Kitchen textile,0.9988781738281249,1.0,11083,11083,0,6973.49723756906,1,7990,4975.425414364641,7990
3293,Bed textile,0.9988781738281249,1.0,3772,3772,0,1978.7955801104972,3,3600,2322.9060773480664,1200
3295,Mugs and cups,0.9988781738281249,0.9835845741237399,21626,21271,355,6190.359116022099,181,6516,8512.972375690608,36
3296,Mugs and cups,0.9988781738281249,0.9907390257455084,16197,16047,150,4927.67955801105,169,4056,6655.4309392265195,24
3297,Mugs and cups,0.9988781738281249,0.9695290858725761,23104,22400,704,6502.03314917127,8,6528,8611.138121546961,816
3298,Mugs and cups,0.9988781738281249,0.9792867981790592,13180,12907,273,3415.972375690608,124,4464,5577.1049723756905,36
3321,Puzzles,0.9988781738281249,1.0,1176,1176,0,108.1878453038674,1129,1129,187.03867403314916,1
3322,Foodprep,0.9988781738281249,1.0,7318,7318,0,4045.353591160221,6,7296,6867.005524861878,1216
3329,Baby / Toddler,0.9988781738281249,1.0,273,273,0,365.2707182320442,4,240,340.6629834254144,60
3330,Moisture treatment and climate,0.9988781738281249,1.0,14282,14282,0,1322.171270718232,40,14000,2176.160220994475,350
3332,Cleaning products,0.9988781738281249,1.0,88246,88246,0,4245.353591160221,14,84000,7585.07182320442,6000
3333,Bathroom accessories,0.9988781738281249,1.0,3072,3072,0,233.74585635359117,12,2880,148.99447513812154,240
3335,Bathroom accessories,0.9988781738281249,1.0,634,634,0,1620.0331491712707,0,0,212.6961325966851,864
3336,Thermos jugs,0.9988781738281249,1.0,4674,4674,0,548.6243093922652,58,4872,686.7513812154696,84
3337,Cleaning products,0.9988781738281249,0.9368848212743913,11582,10851,731,333.8674033149171,51,11016,635.2375690607735,216
3339,Baskets,0.9988781738281249,1.0,7856,7856,0,312.1988950276243,22,7920,255.86740331491714,360
3341,Cleaning products,0.9988781738281249,0.9616953762466002,4412,4243,169,215.4972375690608,24,4176,288.34806629834253,174
3342,Cleaning products,0.9988781738281249,1.0,6561,6561,0,391.5303867403315,13,6474,387.9502762430939,498
3343,Cleaning products,0.9988781738281249,0.95127765064836,10488,9977,511,326.2044198895028,57,9918,618.2099447513813,174
3346,Window and squeegees,0.9988781738281249,1.0,1143,1143,0,337.23756906077347,2,924,99.56353591160222,462
3348,Wash treatment and accessories,0.9988781738281249,0.47615126369797933,31574,15034,16540,9322.950276243095,31,20832,3468.243093922652,672
3349,Waste bins,0.9988781738281249,1.0,2949,2949,0,193.9060773480663,53,2968,277.23756906077347,56
3350,Cleaning products,0.9988781738281249,1.0,1938,1938,0,794.0220994475138,3,1800,552.1325966850828,600
3352,Cleaning products,0.9988781738281249,0.9758028041610132,4422,4315,107,407.1491712707182,6,4104,126.70165745856353,684
3353,Bathroom accessories,0.9988781738281249,1.0,42047,42047,0,3891.5303867403313,7,36400,5490.408839779006,5200
3354,Bathroom accessories,0.9988781738281249,0.9977005002420526,24788,24731,57,9872.60773480663,7,25200,19597.878453038673,3600
3355,Toilet accessories,0.9988781738281249,0.9701716421580682,40666,39453,1213,15947.475138121546,4,28800,25289.883977900554,7200
3356,Residential odors,0.9988781738281249,1.0,12863,12863,0,584.1160220994475,29,12528,574.8342541436464,432
3359,Electric personal care,0.9988781738281249,0.9853175869773381,6266,6174,92,1093.353591160221,14,5880,902.8563535911602,420
3363,Electric personal care,0.9988781738281249,0.9747474747474747,2970,2895,75,90.29834254143647,148,2960,127.87845303867404,20
3366,"TV, Audio & Video",0.9988781738281249,1.0,245,245,0,1334.6408839779006,129,129,1331.4806629834254,1
3368,Bathroom scales,0.9988781738281249,0.99015481737562,13306,13175,131,1674.243093922652,13315,13315,2171.3922651933703,1
3370,Special pans,0.9988781738281249,1.0,7773,7773,0,2044.4917127071824,7334,7334,2302.07182320442,1
3387,Candles & Tealights,0.9988781738281249,1.0,845,845,0,9083.419889502762,0,0,586.9226519337017,9120
3388,Candles & Tealights,0.9988781738281249,1.0,804,804,0,1502.353591160221,0,0,469.02762430939225,1650
3409,Tea and coffee,0.9988781738281249,1.0,1730,1730,0,859.414364640884,39,1872,1729.3480662983425,48
3410,Foods,0.9988781738281249,1.0,950,950,0,602.3480662983426,658,658,621.6298342541437,1
3411,Construction,0.9988781738281249,1.0,393,393,0,193.88397790055248,5,360,180.0,72
3413,Boys toys,0.9988781738281249,1.0,1082,1082,0,317.3259668508287,2,768,160.81767955801104,384
3414,Electric personal care,0.9988781738281249,1.0,1671,1671,0,284.61878453038673,1727,1727,348.878453038674,1
3416,Construction,0.9988781738281249,1.0,511,511,0,210.5027624309392,8,576,205.24861878453038,72
3419,Serve and present,0.9988781738281249,1.0,966,966,0,1029.596685082873,920,920,1444.9226519337017,1
3420,Tableware,0.9988781738281249,1.0,4055,4055,0,3487.1049723756905,153,3672,5161.558011049724,24
3421,Reading glasses,0.9988781738281249,1.0,1720,1720,0,2669.9558011049726,0,0,1226.0662983425414,2500
3422,Reading glasses,0.9988781738281249,1.0,1068,1068,0,2756.3480662983425,0,0,671.1325966850828,2500
3428,Store kitchen,0.9988781738281249,0.5206730571440326,24307,12656,11651,12382.569060773481,21556,21556,6034.806629834254,1
3429,Sockets and security,0.9988781738281249,1.0,1249,1249,0,177.56906077348066,1226,1226,223.17127071823205,1
3436,Toilet cleaners and odors,0.9988781738281249,0.8089948523435383,3691,2986,705,522.707182320442,3032,3032,548.5082872928177,1
3438,Cooking books,0.9988781738281249,1.0,9539,9539,0,886.0220994475138,9346,9346,1227.9834254143645,1
3441,"Glasses (drink, beer, wine etc)",0.9988781738281249,1.0,4202,4202,0,394.48618784530385,14,4368,551.5193370165746,312
3442,Window and squeegees,0.9988781738281249,0.9766525063721325,29425,28738,687,624.110497237569,161,28980,1611.7734806629835,180
3443,Window and squeegees,0.9988781738281249,0.9038455729087999,33103,29920,3183,1640.7845303867402,255,29070,2670.232044198895,114
3444,Kitchen tools,0.9988781738281249,0.9950929212779286,19156,19062,94,7255.795580110497,9,21600,15972.646408839779,2400
3445,Cutlery,0.9988781738281249,0.9638064253761692,7377,7110,267,436.2817679558011,39,7020,609.3314917127071,180
3453,Ironing board textiles,0.9988781738281249,1.0,51921,51921,0,2162.92817679558,158,52140,9349.85635359116,330
3457,Bath textiles and bath mats,0.9988781738281249,0.9064472113252601,35178,31887,3291,6906.889502762431,209,105336,32959.85082872928,504
3465,Tableware,0.9988781738281249,1.0,37656,37656,0,1599.3977900552486,104,37440,5520.116022099448,360
3467,Cutlery,0.9988781738281249,1.0,687,687,0,451.9889502762431,0,0,60.53591160220994,756
3468,Tableware,0.9988781738281249,1.0,698,698,0,130.1767955801105,58,696,150.3314917127072,12
3469,Baby / Toddler,0.9988781738281249,0.831764705882353,850,707,143,107.12707182320442,5,600,34.44198895027624,120
3471,Cutlery,0.9988781738281249,1.0,3263,3263,0,361.1767955801105,27,3240,421.68508287292815,120
3473,Serve and present,0.9988781738281249,0.98896499238965,2628,2599,29,135.47513812154696,108,2592,213.9889502762431,24
3474,Cutlery,0.9988781738281249,1.0,3624,3624,0,925.0276243093923,3,3600,347.2209944751381,1200
3476,Light bulbs,0.9988781738281249,1.0,5182,5182,0,642.2099447513813,13,5005,640.6077348066299,385
3477,Tableware,0.9988781738281249,1.0,5323,5323,0,820.7790055248619,223,5352,1010.7292817679559,24
3478,Baskets,0.9988781738281249,1.0,2631,2631,0,364.6022099447514,34,2720,872.1878453038674,80
3482,Drink & food To Go,0.9988781738281249,1.0,4388,4388,0,1750.889502762431,4,3744,1345.8397790055249,936
3483,Light bulbs,0.9988781738281249,1.0,4844,4844,0,609.878453038674,10,4480,568.9834254143647,448
3485,Frying pans,0.9988781738281249,1.0,1675,1675,0,710.3038674033149,1740,1740,730.0110497237569,1
3490,Hobby and creative,0.9988781738281249,1.0,5656,5656,0,247.27624309392266,95,5700,430.1270718232044,60
3499,Hobby and creative,0.9988781738281249,1.0,62,62,0,113.74585635359117,5,50,108.86187845303867,10
3504,Games,0.9988781738281249,1.0,2890,2890,0,188.08839779005524,247,2964,228.22651933701658,12
3514,Drink & food To Go,0.9988781738281249,1.0,5723,5723,0,1186.5580110497237,2,3888,393.62983425414365,1944
3517,Measuring and weighing,0.9988781738281249,1.0,22004,22004,0,1016.8729281767955,19,21888,1254.5911602209944,1152
3519,"Glasses (drink, beer, wine etc)",0.9988781738281249,1.0,411,411,0,264.1325966850829,94,376,275.5303867403315,4
3526,Window and squeegees,0.9988781738281249,1.0,2399,2399,0,889.9281767955802,14,2352,882.3867403314918,168
3528,Toilet cleaners and odors,0.9988781738281249,0.8069933287324592,4347,3508,839,513.414364640884,3549,3549,556.4751381215469,1
3529,Kitchen helpers,0.9988781738281249,0.9734417839517455,54710,53257,1453,8517.618784530387,6,57600,13981.71270718232,9600
3531,Vacuuming,0.9988781738281249,1.0,141,141,0,4259.03867403315,0,0,2510.75138121547,675
3532,Kitchen tools,0.9988781738281249,1.0,39401,39401,0,3529.696132596685,8,36000,6279.96132596685,4500
3533,Tea and coffee,0.9988781738281249,1.0,8223,8223,0,3692.2265193370167,11894,11894,9242.21546961326,1
3541,"Cloths, mops, sponges and brush",0.9988781738281249,1.0,123,123,0,5559.386740331492,0,0,1631.7292817679559,2340
3543,Bath textiles and bath mats,0.9988781738281249,0.9761628656101018,7761,7576,185,2091.92817679558,16,12160,4628.331491712707,760
3546,Bed textile,0.9988781738281249,1.0,1544,1544,0,1422.8397790055249,1,1152,1048.4972375690609,1152
3549,Mugs and cups,0.9988781738281249,0.9699458178123942,35436,34371,1065,9716.790055248619,14,11424,15450.038674033149,816
3556,Tea and coffee,0.9988781738281249,1.0,11594,11594,0,1265.9005524861877,467,11208,1659.9668508287293,24
3558,Kitchen helpers,0.9988781738281249,1.0,1919,1919,0,1681.0497237569061,0,0,296.0662983425414,2400
3560,Oven dishes,0.9988781738281249,1.0,81,81,0,388.3867403314917,0,0,56.806629834254146,360
3561,Oven dishes,0.9988781738281249,1.0,408,408,0,116.69060773480663,2,288,61.29281767955801,144
3570,Foods,0.9988781738281249,1.0,0,0,0,2986.0,0,0,2977.220994475138,1
3576,Hobby and creative,0.9988781738281249,0.9972206781545303,1799,1794,5,79.62430939226519,302,1812,122.45856353591161,6
3579,Batteries,0.9988781738281249,1.0,9980,9980,0,1407.0939226519338,10152,10152,1785.6740331491712,1
3583,Baby / Toddler,0.9988781738281249,1.0,962,962,0,88.86187845303867,166,996,156.11602209944752,6
3587,Bakeware,0.9988781738281249,1.0,25737,25737,0,17465.093922651933,2,19200,20079.96132596685,9600
3588,Drink & food To Go,0.9988781738281249,1.0,27154,27154,0,1135.2872928176796,47,27072,2848.6132596685084,576
3589,Dishwashing articles,0.9988781738281249,1.0,98839,98839,0,4601.977900552486,385,110880,26968.13259668508,288
3591,Dishwashing articles,0.9988781738281249,0.9308842302944621,94783,88232,6551,32416.922651933703,15,108000,81042.06077348067,7200
3592,"Glasses (drink, beer, wine etc)",0.9988781738281249,1.0,1868,1868,0,187.4254143646409,8,1680,142.6243093922652,210
3593,Cleaning products,0.9988781738281249,1.0,17337,17337,0,2014.6740331491712,5,15360,2144.016574585635,3072
3594,Clothes hangers,0.9988781738281249,1.0,112663,112663,0,13989.99447513812,371,118720,37238.11602209945,320
3596,Waste bins,0.9988781738281249,1.0,0,0,0,856.0,0,0,690.1491712707183,160
3597,Oven dishes,0.9988781738281249,1.0,807,807,0,180.94475138121547,4,768,133.58563535911603,192
3601,Personal care,0.9988781738281249,1.0,74,74,0,561.9558011049724,0,0,502.6243093922652,1
3602,Wash treatment and accessories,0.9988781738281249,1.0,1980,1980,0,1650.1878453038673,1463,1463,1691.6906077348067,1
3603,Cleaning products,0.9988781738281249,0.9704012237601135,54259,52653,1606,1090.220994475138,123,53136,2891.0552486187844,432
3605,Baskets,0.9988781738281249,1.0,2813,2813,0,465.11049723756906,21,2688,965.7403314917127,128
3607,Cleaning products,0.9988781738281249,1.0,1537,1537,0,366.0,6,1404,302.3425414364641,234
3611,Wash treatment and accessories,0.9988781738281249,1.0,16452,16452,0,614.2541436464088,69,16560,761.1049723756906,240
3612,Dishwashing articles,0.9988781738281249,1.0,5264,5264,0,1422.4475138121547,4,5184,782.7348066298342,1296
3616,Cleaning products,0.9988781738281249,1.0,7345,7345,0,806.5966850828729,6,6696,353.6243093922652,1116
3619,Ironing,0.9988781738281249,1.0,11892,11892,0,1065.6629834254143,520,12480,1515.4972375690609,24
3622,Alarm clocks,0.9988781738281249,1.0,20563,20563,0,11185.28729281768,2,6000,11111.342541436465,3000
3623,Electric personal care,0.9988781738281249,0.9126344086021505,2232,2037,195,184.2596685082873,2096,2096,181.76243093922653,1
3641,Candles & Tealights,0.9988781738281249,1.0,1049,1049,0,1651.1436464088397,0,0,757.7734806629834,1650
3646,Party lights,0.9988781738281249,1.0,12601,12601,0,5130.281767955801,7,5586,7848.712707182321,798
3647,Residential odors,0.9988781738281249,1.0,9449,9449,0,546.6353591160221,12,9000,368.3204419889503,750
3651,Vases,0.9988781738281249,0.9302118568630942,16851,15675,1176,720.1049723756906,130,15600,1233.9502762430939,120
3652,Gift cards,0.9988781738281249,1.0,0,0,0,3026.0,0,0,18.19889502762431,3000
3661,Kitchen tools,0.9988781738281249,1.0,8058,8058,0,2063.75138121547,7136,7136,2064.9447513812156,1
3662,Serve and present,0.9988781738281249,1.0,8111,8111,0,7486.67955801105,7644,7644,11088.171270718232,1
3663,Tea and coffee,0.9988781738281249,1.0,1580,1580,0,1828.6906077348067,1534,1534,2504.7845303867402,1
3670,Construction,0.9988781738281249,1.0,279,279,0,268.30939226519337,0,0,137.32596685082873,258
3671,Hobby and creative,0.9988781738281249,1.0,327,327,0,84.646408839779,331,331,96.11049723756906,1
3674,Puzzles,0.9988781738281249,1.0,231,231,0,787.3314917127071,0,0,613.1767955801105,324
3675,Construction,0.9988781738281249,1.0,549,549,0,277.23756906077347,8,576,285.78453038674036,72
3678,Boys toys,0.9988781738281249,1.0,34,34,0,490.6353591160221,0,0,16.475138121546962,480
3687,"Glasses (drink, beer, wine etc)",0.9988781738281249,1.0,2020,2020,0,652.0552486187845,460,1840,708.9889502762431,4
3690,"Glasses (drink, beer, wine etc)",0.9988781738281249,1.0,1354,1354,0,380.0110497237569,105,1260,417.03867403314916,12
3691,"Glasses (drink, beer, wine etc)",0.9988781738281249,0.9911929543634908,1249,1238,11,78.7182320441989,214,1284,117.03314917127072,6
3692,Cleaning products,0.9988781738281249,1.0,7893,7893,0,723.9226519337017,7,7812,281.74585635359114,1116
3696,Drink & food To Go,0.9988781738281249,1.0,453,453,0,668.8232044198895,0,0,86.75690607734806,832
3698,Cooking books,0.9988781738281249,1.0,146,146,0,1730.3370165745857,0,0,793.889502762431,1
3700,Clocks,0.9988781738281249,1.0,3076,3076,0,175.48066298342542,259,3108,287.09944751381215,12
3705,Ironing,0.9988781738281249,1.0,156,156,0,1651.364640883978,0,0,1516.4088397790056,40
3719,Mugs and cups,0.9988781738281249,0.9482393300373323,9911,9398,513,2837.4309392265195,95,3420,4445.254143646409,36
3720,Mugs and cups,0.9988781738281249,1.0,11289,11289,0,3549.7016574585637,166,5976,6132.712707182321,36
3721,Mugs and cups,0.9988781738281249,0.9809098294069862,24620,24150,470,6426.92817679558,261,6264,9336.99447513812,24
3722,Mugs and cups,0.9988781738281249,0.9659695737814844,23861,23049,812,6483.027624309392,277,6648,8684.337016574586,24
3733,Oven dishes,0.9988781738281249,1.0,163,163,0,238.12154696132598,0,0,77.93922651933701,240
3735,Tableware,0.9988781738281249,1.0,1036,1036,0,100.24309392265194,43,1032,127.44198895027624,24
3736,"Cloths, mops, sponges and brush",0.9988781738281249,1.0,11383,11383,0,1796.1602209944751,5,11700,1375.375690607735,2340
3738,Puzzles,0.9988781738281249,0.9980713596914176,3111,3105,6,111.50828729281768,129,3096,149.6961325966851,24
3741,Kitchen helpers,0.9988781738281249,0.8188976377952756,762,624,138,90.72375690607734,650,650,85.32596685082873,1
3746,Cutlery,0.9988781738281249,1.0,2515,2515,0,323.0552486187845,10,2400,289.54696132596683,240
3752,Cooking books,0.9988781738281249,1.0,537,537,0,1236.1436464088397,482,482,1253.3314917127072,1
3753,Light bulbs,0.9988781738281249,1.0,2303,2303,0,500.57458563535914,3,1800,268.0,600
3754,Special pans,0.9988781738281249,0.9522240527182867,607,578,29,124.44198895027624,33,660,204.80662983425415,20
3755,Personal care,0.9988781738281249,1.0,462,462,0,448.97237569060775,444,444,464.0718232044199,1
3756,Wash treatment and accessories,0.9988781738281249,1.0,3081,3081,0,948.0055248618785,2483,2483,840.8011049723757,1
3757,Cutlery,0.9988781738281249,1.0,1565,1565,0,452.45303867403317,2,1512,146.8342541436464,756
3758,Light bulbs,0.9988781738281249,1.0,5072,5072,0,703.3591160220994,13,5005,691.7127071823204,385
3759,Personal care,0.9988781738281249,1.0,762,762,0,209.72375690607734,629,629,206.67403314917127,1
3772,"Glasses (drink, beer, wine etc)",0.9988781738281249,1.0,773,773,0,569.939226519337,1,624,275.56906077348066,624
3779,Vacuuming,0.9988781738281249,1.0,368,368,0,6237.50276243094,0,0,3932.9171270718234,675
3782,Ironing boards,0.9988781738281249,1.0,4727,4727,0,547.9226519337017,130,4680,602.8011049723757,36
3783,Clothes hangers,0.9988781738281249,0.950055440389529,82972,78828,4144,31173.519337016576,9,72576,64584.96132596685,8064
3788,Bath textiles and bath mats,0.9988781738281249,0.9738257591800432,47222,45986,1236,6634.480662983426,45,81000,28321.049723756907,1800
3797,Vehicles,0.9988781738281249,0.9927644710578842,4008,3979,29,154.8232044198895,675,4050,238.32596685082873,6
3803,Hobby and creative,0.9988781738281249,1.0,1932,1932,0,251.0718232044199,2002,2002,363.3425414364641,1
3815,Tea and coffee,0.9988781738281249,0.9760881246641591,3722,3633,89,578.9779005524862,6,3456,347.3314917127072,576
3819,Coffee makers and kettles,0.9988781738281249,1.0,391,391,0,675.2983425414365,0,0,391.9171270718232,40
3822,Batteries,0.9988781738281249,1.0,93369,93369,0,3407.0883977900553,146,94900,6682.911602209945,650
3827,Personal care,0.9988781738281249,1.0,482,482,0,136.52486187845304,418,418,138.3977900552486,1
3828,Drink & food To Go,0.9988781738281249,0.968043067407365,17461,16903,558,752.1602209944751,31,17360,1133.6022099447514,560
3831,Baskets,0.9988781738281249,0.9925174993965725,12429,12336,93,330.6795580110497,52,12480,415.6132596685083,240
3832,Tools,0.9988781738281249,1.0,7314,7314,0,600.6906077348066,407,7326,867.2209944751381,18
3835,Personal care,0.9988781738281249,0.9593107442803359,13812,13250,562,859.4198895027624,11,12320,498.6629834254144,1120
3836,Personal care,0.9988781738281249,1.0,114,114,0,6299.077348066298,0,0,4252.171270718232,1
3837,Wash treatment and accessories,0.9988781738281249,1.0,2881,2881,0,431.56353591160223,4,2400,220.80662983425415,600
3844,Wash treatment and accessories,0.9988781738281249,0.7991897954400884,29869,23871,5998,3797.1381215469614,35,23520,3178.657458563536,672
3845,Personal care,0.9988781738281249,1.0,19686,19686,0,2865.6408839779006,15,19440,2579.9558011049726,1296
3886,Gift,0.9988781738281249,1.0,3367,3367,0,15546.243093922652,0,0,115.0,17640
3891,Residential odors,0.9988781738281249,1.0,6970,6970,0,1113.220994475138,4,6600,415.9447513812155,1650
3909,Construction,0.9988781738281249,1.0,226,226,0,193.14917127071823,1,144,105.82872928176796,144
3910,Kitchen tools,0.9988781738281249,1.0,1981,1981,0,173.44198895027625,82,1968,235.7292817679558,24
3911,Teletoys,0.9988781738281249,1.0,585,585,0,590.8342541436464,4,480,540.3977900552486,120
3912,Hobby and creative,0.9988781738281249,1.0,505,505,0,85.353591160221,511,511,92.60773480662984,1
3913,Serve and present,0.9988781738281249,1.0,794,794,0,1473.8563535911603,1311,1311,2010.5414364640883,1
3915,Construction,0.9988781738281249,1.0,305,305,0,327.1491712707182,1,120,276.31491712707185,120
3918,Special pans,0.9988781738281249,1.0,4185,4185,0,397.55801104972375,37,4144,499.76243093922653,112
3920,Games,0.9988781738281249,1.0,1919,1919,0,376.25414364640886,6,1728,258.1436464088398,288
3921,Teletoys,0.9988781738281249,1.0,355,355,0,97.20994475138122,2,240,45.950276243093924,120
3922,Vehicles,0.9988781738281249,1.0,4419,4419,0,301.3977900552486,370,4440,391.3259668508287,12
3923,Games,0.9988781738281249,1.0,1944,1944,0,140.68508287292818,25,2000,147.54696132596686,80
3925,"Glasses (drink, beer, wine etc)",0.9988781738281249,1.0,3405,3405,0,208.6243093922652,576,3456,332.8121546961326,6
3947,Bath textiles and bath mats,0.9988781738281249,1.0,13253,13253,0,538.0994475138122,30,12960,804.9668508287293,432
3948,Bath textiles and bath mats,0.9988781738281249,1.0,14811,14811,0,648.585635359116,34,14280,971.7790055248619,420
3951,Window and squeegees,0.9988781738281249,1.0,60373,60373,0,5466.491712707182,36,69120,17813.668508287294,1920
3959,Special pans,0.9988781738281249,1.0,36,36,0,539.3646408839779,0,0,454.6685082872928,84
3965,Oven dishes,0.9988781738281249,1.0,248,248,0,64.56906077348066,11,264,85.96685082872928,24
3967,Ironing boards,0.9988781738281249,1.0,127,127,0,399.78453038674036,52,52,398.23204419889504,1
3970,Foods,0.9988781738281249,1.0,124,124,0,1540.4696132596684,0,0,1444.6022099447514,1
3971,Cleaning products,0.9988781738281249,1.0,656,656,0,340.0220994475138,2,576,172.13259668508286,288
3973,Light bulbs,0.9988781738281249,1.0,2433,2433,0,479.90055248618785,8,2200,419.34806629834253,275
3975,Table paper,0.9988781738281249,1.0,1674,1674,0,662.4475138121547,1,1008,146.14917127071823,1008
3979,Special pans,0.9988781738281249,0.9088235294117647,680,618,62,165.95580110497238,5,630,193.9668508287293,126
3980,Drying racks,0.9988781738281249,1.0,1,1,0,1251.0607734806629,0,0,1025.9723756906078,1
3984,Drying racks,0.9988781738281249,1.0,2,2,0,885.3701657458563,0,0,713.4364640883978,1
3986,Bath textiles and bath mats,0.9988781738281249,1.0,0,0,0,701.0,0,0,700.0,1
3987,Travel accessories,0.9988781738281249,1.0,1130,1130,0,323.6740331491713,2,1008,80.94475138121547,504
3989,Tea and coffee,0.9988781738281249,1.0,13674,13674,0,6872.055248618784,6,9000,10668.425414364641,1500
4006,Hobby and creative,0.9988781738281249,1.0,5386,5386,0,578.9834254143647,455,5460,978.2983425414365,12
4016,Hobby and creative,0.9988781738281249,1.0,510,510,0,415.8618784530387,511,511,434.1325966850829,1
4028,Window and squeegees,0.9988781738281249,0.8629042836945591,68609,59203,9406,1308.2983425414366,208,59904,2104.966850828729,288
4029,Shoe maintenance,0.9988781738281249,1.0,3407,3407,0,2132.1104972375692,0,0,166.71823204419888,3570
4036,Vacuuming,0.9988781738281249,1.0,164,164,0,3806.292817679558,0,0,2117.817679558011,675
4040,Kitchen textile,0.9988781738281249,1.0,12795,12795,0,4912.314917127072,2,6336,6063.154696132597,3168
4042,Window and squeegees,0.9988781738281249,0.9675683041493494,14677,14201,476,476.03867403314916,116,13920,1954.6850828729282,120
4043,Table textiles,0.9988781738281249,1.0,2570,2570,0,208.9668508287293,9,2592,163.04419889502762,288
4046,Tableware,0.9988781738281249,1.0,12066,12066,0,4355.8011049723755,195,4680,6153.022099447514,24
4047,Tableware,0.9988781738281249,1.0,15264,15264,0,4266.939226519337,20,16320,10762.60773480663,816
4054,Light bulbs,0.9988781738281249,1.0,7689,7689,0,823.8121546961326,17,7616,879.3093922651934,448
4055,Thermos jugs,0.9988781738281249,0.9964267483409903,1959,1952,7,181.65193370165747,9,1944,106.7182320441989,216
4059,Foods,0.9988781738281249,1.0,300,300,0,1964.9005524861877,0,0,1683.7292817679559,1
4068,Baby / Toddler,0.9988781738281249,1.0,744,744,0,99.32044198895028,733,733,126.23204419889503,1
4073,Hobby and creative,0.9988781738281249,0.9979966096470951,6489,6476,13,168.08287292817678,90,6480,305.1933701657459,72
4074,Puzzles,0.9988781738281249,1.0,4263,4263,0,135.1767955801105,358,4296,198.3038674033149,12
4076,Vehicles,0.9988781738281249,1.0,162,162,0,127.89502762430939,21,126,132.67955801104972,6
4077,Puzzles,0.9988781738281249,1.0,4444,4444,0,231.3756906077348,4616,4616,401.41988950276243,1
4079,Foodprep,0.9988781738281249,1.0,7093,7093,0,7482.723756906077,1,3024,7016.944751381216,3024
4080,Coffee makers and kettles,0.9988781738281249,1.0,2875,2875,0,3177.07182320442,2,2488,3710.9116022099447,1244
4085,Vacuuming,0.9988781738281249,0.9029695479477965,5287,4774,513,311.01657458563534,302,4832,478.56906077348066,16
4086,Fans and electric blankets,0.9988781738281249,0.9361638060825053,13284,12436,848,2302.4364640883978,152,10944,2771.0662983425414,72
4091,Store kitchen,0.9988781738281249,1.0,725,725,0,399.5193370165746,745,745,426.1436464088398,1
4094,Bathroom accessories,0.9988781738281249,1.0,2958,2958,0,135.707182320442,19,2850,102.80662983425414,150
4097,Cleaning products,0.9988781738281249,0.9987461529693378,26319,26286,33,998.8066298342542,33,26400,3438.038674033149,800
4098,Cooking pans,0.9988781738281249,1.0,79,79,0,37.16574585635359,68,68,40.651933701657455,1
4103,Wash treatment and accessories,0.9988781738281249,1.0,2154,2154,0,354.17127071823205,9,2106,312.69060773480663,234
4104,Cleaning products,0.9988781738281249,0.9942581959622152,5399,5368,31,238.2596685082873,30,5220,344.57458563535914,174
4105,(Steam) cleaners,0.9988781738281249,1.0,156,156,0,79.49171270718232,1,96,22.88950276243094,96
4108,Wash treatment and accessories,0.9988781738281249,0.4566199555861858,39177,17889,21288,9759.729281767955,37,24864,3255.0,672
4113,Residential odors,0.9988781738281249,1.0,5318,5318,0,1425.6519337016575,2,5040,138.07734806629836,2520
4114,Window and squeegees,0.9988781738281249,0.7770713699753896,78016,60624,17392,2469.1381215469614,133,59850,2927.6519337016575,450
4116,Shoe maintenance,0.9988781738281249,1.0,2629,2629,0,496.2099447513812,3,1980,203.85082872928177,660
4117,Coffee makers and kettles,0.9988781738281249,0.9743933891257435,37998,37025,973,611.9889502762431,780,37440,1406.9613259668508,48
4122,Electric personal care,0.9988781738281249,0.9538799806939454,18647,17787,860,556.6298342541437,127,18288,869.4475138121547,144
4123,Electric personal care,0.9988781738281249,0.989711463715762,21869,21644,225,1141.2983425414366,40,21600,1622.9116022099447,540
4133,Special pans,0.9988781738281249,0.9696586599241467,22939,22243,696,659.3867403314918,308,22176,1465.8232044198894,72
4134,Frying pans,0.9988781738281249,1.0,8230,8230,0,2046.7513812154696,9184,9184,2378.790055248619,1
4153,Stationary,0.9988781738281249,1.0,37286,37286,0,1043.9060773480662,1924,38480,2489.243093922652,20
4160,Hobby and creative,0.9988781738281249,1.0,7105,7105,0,2678.767955801105,104,6240,4420.4309392265195,60
4164,Kitchen tools,0.9988781738281249,1.0,821,821,0,346.3370165745856,1,480,76.32044198895028,480
4166,Girls toys,0.9988781738281249,1.0,161,161,0,198.1049723756906,0,0,20.96685082872928,192
4168,Vehicles,0.9988781738281249,0.797795702235084,16241,12957,3284,785.5524861878453,1235,14820,1099.1988950276243,12
4171,"Glasses (drink, beer, wine etc)",0.9988781738281249,1.0,2323,2323,0,1398.3038674033148,1,1026,846.1878453038674,1026
4172,Tea and coffee,0.9988781738281249,0.9826881572301052,21777,21400,377,968.889502762431,30,21600,1388.0386740331492,720
4176,Window and squeegees,0.9988781738281249,0.8701099350915151,68404,59519,8885,1245.5911602209944,222,59940,2056.502762430939,270
4187,Knives,0.9988781738281249,0.9906197654941373,32835,32527,308,7989.453038674033,3,23760,11954.53591160221,7920
4191,Cutlery,0.9988781738281249,1.0,22975,22975,0,10204.171270718232,5,20000,17467.78453038674,4000
4192,Window and squeegees,0.9988781738281249,0.9863566526682372,48815,48149,666,1720.9171270718232,37,47952,2106.5635359116022,1296
4194,Stairs,0.9988781738281249,1.0,3218,3218,0,98.55801104972376,159,3180,208.61325966850828,20
4203,Bed textile,0.9988781738281249,1.0,842,842,0,301.35911602209944,2,500,303.1160220994475,250
4206,Mugs and cups,0.9988781738281249,1.0,12408,12408,0,3446.524861878453,344,12384,8844.149171270717,36
4215,Tea and coffee,0.9988781738281249,1.0,15330,15330,0,4784.265193370165,33,11880,9853.71270718232,360
4216,Tea and coffee,0.9988781738281249,1.0,16,16,0,387.02762430939225,0,0,258.8839779005525,24
4217,Tableware,0.9988781738281249,1.0,4585,4585,0,589.6243093922652,66,4752,732.060773480663,72
4221,Large garden,0.9988781738281249,1.0,57,57,0,192.19337016574585,0,0,88.4475138121547,72
4223,"Glasses (drink, beer, wine etc)",0.9988781738281249,1.0,559,559,0,258.62983425414365,5,480,227.39226519337018,96
4224,Cutlery,0.9988781738281249,1.0,628,628,0,459.9944751381216,0,0,48.48618784530387,756
4227,Special pans,0.9988781738281249,0.9678597516435354,2738,2650,88,595.2651933701658,2636,2636,693.0331491712707,1
4233,Bakeware,0.9988781738281249,1.0,548,548,0,83.51381215469613,28,560,93.70718232044199,20
4239,Baby / Toddler,0.9988781738281249,1.0,4329,4329,0,174.41436464088397,371,4452,335.56906077348066,12
4242,Stuffed animals,0.9988781738281249,1.0,2371,2371,0,210.11602209944752,13,2496,229.13812154696132,192
4255,Boys toys,0.9988781738281249,1.0,7956,7956,0,768.2596685082873,41,8200,1269.3149171270718,200
4261,Foodprep,0.9988781738281249,1.0,9502,9502,0,4460.657458563536,11,12408,9433.961325966851,1128
4262,Batteries,0.9988781738281249,0.9475518806744487,37008,35067,1941,1210.6795580110497,3614,36140,2568.0662983425414,10
4264,Cooking pans,0.9988781738281249,1.0,1274,1274,0,147.55248618784532,6,1152,96.12707182320442,192
4265,Window and squeegees,0.9988781738281249,0.9405781983458759,53684,50494,3190,1267.4088397790056,132,50688,2982.5911602209944,384
4266,Kitchen helpers,0.9988781738281249,1.0,38994,38994,0,16814.11049723757,7,34272,29642.585635359115,4896
4267,Hobby and creative,0.9988781738281249,1.0,531,531,0,111.74033149171271,528,528,119.23756906077348,1
4268,"Cloths, mops, sponges and brush",0.9988781738281249,1.0,0,0,0,2076.0,0,0,1111.132596685083,960
4279,"Cloths, mops, sponges and brush",0.9988781738281249,0.9733543233630693,34302,33388,914,1300.2044198895028,54,29160,4342.353591160221,540
4281,Wash treatment and accessories,0.9988781738281249,1.0,3710,3710,0,2073.502762430939,9,3456,1962.6685082872928,384
4282,Bakeware,0.9988781738281249,1.0,17999,17999,0,916.1049723756906,21,16800,1244.8011049723757,800
4283,Tea and coffee,0.9988781738281249,1.0,8061,8061,0,3413.033149171271,5671,5671,6252.342541436464,1
4284,Cutlery,0.9988781738281249,0.8887957764183357,11933,10606,1327,456.1491712707182,135,12150,841.7624309392265,90
4286,Bathroom accessories,0.9988781738281249,1.0,11458,11458,0,237.53591160220995,40,11520,282.414364640884,288
4287,Kitchen textile,0.9988781738281249,1.0,5286,5286,0,381.9226519337017,11,5280,345.3646408839779,480
4303,"Cloths, mops, sponges and brush",0.9988781738281249,1.0,24399,24399,0,1836.7845303867402,29,25056,3282.193370165746,864
4309,Vehicles,0.9988781738281249,0.9787340255591054,10016,9803,213,293.6795580110497,138,9936,631.4806629834254,72
4312,Hobby and creative,0.9988781738281249,0.9947943247933041,9797,9746,51,294.17127071823205,1661,9966,669.7016574585635,6
4317,Puzzles,0.9988781738281249,0.9126519585772175,2221,2027,194,109.9171270718232,168,2016,130.62983425414365,12
4323,Vacuuming,0.9988781738281249,1.0,162,162,0,1584.4198895027625,0,0,1468.8729281767955,24
4326,Foodprep,0.9988781738281249,0.9973717409587889,19024,18974,50,308.3425414364641,341,19096,700.0994475138122,56
4329,Small storage,0.9988781738281249,1.0,47997,47997,0,1603.1933701657458,20,47520,1148.7182320441989,2376
4331,Window and squeegees,0.9988781738281249,0.9407683932182299,32145,30241,1904,875.8066298342542,78,29952,1801.0055248618785,384
4332,Tableware,0.9988781738281249,1.0,4676,4676,0,707.232044198895,8,4608,906.5082872928177,576
4336,Racks and pockets,0.9988781738281249,1.0,25511,25511,0,14422.21546961326,3,18000,18779.922651933703,6000
4337,Racks and pockets,0.9988781738281249,1.0,135898,135898,0,52455.97237569061,14,84000,92716.58563535912,6000
4341,Baskets,0.9988781738281249,1.0,8912,8912,0,328.76243093922653,23,8832,283.0,384
4343,Baskets,0.9988781738281249,0.998539435248296,10270,10255,15,314.2044198895028,28,10080,300.9171270718232,360
4345,Wash treatment and accessories,0.9988781738281249,1.0,3589,3589,0,304.52486187845307,12,3600,292.31491712707185,300
4346,Wash treatment and accessories,0.9988781738281249,1.0,2549,2549,0,450.64088397790056,4,2400,221.50828729281767,600
4347,Wash treatment and accessories,0.9988781738281249,1.0,12445,12445,0,1033.9060773480662,16,12288,851.1602209944751,768
4348,Cleaning products,0.9988781738281249,0.9920722713864307,5424,5381,43,157.31491712707182,47,5358,302.060773480663,114
4355,Drink & food To Go,0.9988781738281249,1.0,11928,11928,0,1067.4972375690609,16,12000,1571.8729281767955,750
4356,Personal care,0.9988781738281249,1.0,1187,1187,0,7303.751381215469,1267,1267,7349.099447513812,1
4362,Measuring and weighing,0.9988781738281249,0.9848556554661618,4226,4162,64,255.15469613259668,30,4200,341.878453038674,140
4363,Pan sets,0.9988781738281249,1.0,47,47,0,732.3149171270718,0,0,670.7127071823204,72
4384,Candles & Tealights,0.9988781738281249,1.0,1002,1002,0,9171.226519337017,0,0,778.5359116022099,9120
4389,Vases,0.9988781738281249,1.0,5005,5005,0,305.646408839779,26,4992,390.2209944751381,192
4402,Photo frames & albums,0.9988781738281249,1.0,3255,3255,0,222.44751381215468,20,3200,262.49171270718233,160
4404,Photo frames & albums,0.9988781738281249,1.0,24984,24984,0,1075.4475138121547,29,25056,1573.3922651933701,864
4409,Tableware,0.9988781738281249,1.0,3592,3592,0,3639.8950276243095,103,3708,5312.359116022099,36
4410,Tableware,0.9988781738281249,1.0,5282,5282,0,4753.370165745856,188,4512,6894.331491712707,24
4411,Construction,0.9988781738281249,1.0,204,204,0,134.50828729281767,0,0,49.07182320441989,200
4418,Hobby and creative,0.9988781738281249,1.0,1189,1189,0,323.1767955801105,16,1152,316.30939226519337,72
4422,Construction,0.9988781738281249,1.0,348,348,0,99.26519337016575,92,368,122.37569060773481,4
4425,Boys toys,0.9988781738281249,1.0,7473,7473,0,1094.6298342541436,1918,7672,1418.0386740331492,4
4429,Store kitchen,0.9988781738281249,1.0,5989,5989,0,365.292817679558,1605,6420,601.1933701657458,4
4433,Drink & food To Go,0.9988781738281249,0.979221996563037,12802,12536,266,804.4198895027624,10,12000,685.8674033149172,1200
4437,Wash treatment and accessories,0.9988781738281249,0.961913448232482,31796,30585,1211,895.7237569060774,32,30720,1597.2099447513813,960
4438,Racks and pockets,0.9988781738281249,1.0,1609,1609,0,201.93370165745856,1614,1614,257.8232044198895,1
4440,"Cloths, mops, sponges and brush",0.9988781738281249,0.9355780381493182,75021,70188,4833,3286.2154696132598,52,58240,9373.24861878453,1120
4441,Kitchen helpers,0.9988781738281249,0.9131108462455304,8390,7661,729,395.43646408839777,63,7560,447.56906077348066,120
4442,"Cloths, mops, sponges and brush",0.9988781738281249,0.9889778396565727,17238,17048,190,1027.767955801105,14,16800,1651.0773480662983,1200
4445,Vacuuming,0.9988781738281249,0.9823167239404352,13968,13721,247,934.7127071823204,19,12825,2010.3093922651933,675
4447,Store kitchen,0.9988781738281249,1.0,8777,8777,0,333.18232044198896,18,8640,223.8232044198895,480
4448,Bakeware,0.9988781738281249,0.9952324698337693,23702,23589,113,1267.6685082872928,18,21600,1606.0220994475137,1200
4452,Waste bins,0.9988781738281249,0.9160786402165713,22533,20642,1891,2117.6408839779006,43,20124,1862.0939226519338,468
4453,Window and squeegees,0.9988781738281249,0.9988886989228928,11698,11685,13,540.2265193370166,80,11520,904.4696132596686,144
4456,"Cloths, mops, sponges and brush",0.9988781738281249,1.0,7448,7448,0,603.8232044198895,7,6720,215.60773480662982,960
4471,Gift cards,0.9988781738281249,1.0,0,0,0,3078.0,0,0,78.0,3000
4474,Tableware,0.9988781738281249,1.0,5096,5096,0,784.8397790055249,214,5136,966.6906077348066,24
4477,Tableware,0.9988781738281249,1.0,6219,6219,0,6273.883977900552,5349,5349,6329.359116022099,1
4479,Bicycle accessories,0.9988781738281249,1.0,21,21,0,340.2486187845304,0,0,286.03867403314916,1
4480,Others,0.9988781738281249,1.0,1513,1513,0,626.3701657458563,2,1344,256.9889502762431,672
4481,"Glasses (drink, beer, wine etc)",0.9988781738281249,1.0,414,414,0,781.1988950276243,0,0,111.07734806629834,864
4482,Bed textile,0.9988781738281249,1.0,2211,2211,0,561.7900552486187,14,1960,1146.8011049723757,140
4485,Table textiles,0.9988781738281249,1.0,72505,72505,0,35033.02209944752,1,43776,25108.116022099446,43776
4489,Vehicles,0.9988781738281249,1.0,3311,3311,0,398.353591160221,3481,3481,657.3701657458563,1
4490,Construction,0.9988781738281249,1.0,1460,1460,0,270.2044198895028,31,1550,357.72375690607737,50
4492,Foods,0.9988781738281249,1.0,491,491,0,4914.03314917127,84,84,4868.03867403315,1
4496,Hobby and creative,0.9988781738281249,1.0,3126,3126,0,169.41988950276243,537,3222,281.8563535911602,6
4499,Cleaning products,0.9988781738281249,1.0,4420,4420,0,1589.513812154696,4168,4168,1747.5635359116022,1
4503,Games,0.9988781738281249,1.0,3000,3000,0,309.1325966850829,507,3042,527.2541436464088,6
4513,Measuring and weighing,0.9988781738281249,1.0,37116,37116,0,34039.325966850825,4884,29304,49355.93370165746,6
4516,Vacuuming,0.9988781738281249,1.0,30461,30461,0,6188.491712707182,5889,35334,18316.513812154695,6
4517,Knives,0.9988781738281249,0.9542370206722424,6337,6047,290,1935.1049723756905,2,4800,1964.5193370165746,2400
4518,Foodprep,0.9988781738281249,1.0,4625,4625,0,224.66298342541435,1189,4756,403.22651933701655,4
4520,Vacuuming,0.9988781738281249,1.0,3260,3260,0,486.3314917127072,278,3336,606.2872928176796,12
4526,Insecticides,0.9988781738281249,1.0,124,124,0,3350.0773480662983,0,0,2340.441988950276,1008
4527,Tea and coffee,0.9988781738281249,1.0,11301,11301,0,1841.232044198895,3,9600,505.50828729281767,3200
4531,Store kitchen,0.9988781738281249,0.9736891473595347,21322,20761,561,738.121546961326,79,21330,1407.0055248618785,270
4535,Laundry baskets,0.9988781738281249,1.0,10558,10558,0,554.646408839779,138,10350,682.3480662983426,75
4536,Drying racks,0.9988781738281249,0.9645624199959577,14843,14317,526,494.76795580110496,68,14280,926.5359116022099,210
4537,Small storage,0.9988781738281249,0.9387306185954182,18639,17497,1142,910.2044198895028,15,17550,965.2209944751381,1170
4539,Bathroom accessories,0.9988781738281249,1.0,4938,4938,0,5662.314917127072,1,3600,4806.187845303867,3600
4544,Bakeware,0.9988781738281249,1.0,503,503,0,74.99447513812154,25,500,83.7513812154696,20
4546,Wash treatment and accessories,0.9988781738281249,1.0,1144,1144,0,3169.1381215469614,1061,1061,3200.718232044199,1
4547,Cleaning products,0.9988781738281249,0.9918070356365303,17454,17311,143,1024.5745856353592,39,17550,2714.8729281767955,450
4548,Wash treatment and accessories,0.9988781738281249,1.0,2291,2291,0,223.56906077348066,38,2280,277.9944751381216,60
4552,Cleaning products,0.9988781738281249,0.8618522815158546,10344,8915,1429,409.646408839779,62,8928,677.7624309392265,144
4556,Euro articles,0.9988781738281249,1.0,5133,5133,0,2835.171270718232,1,3744,700.6022099447514,3744
4558,Cleaning products,0.9988781738281249,1.0,6892,6892,0,486.5414364640884,14,6720,540.0165745856353,480
4559,Cleaning products,0.9988781738281249,1.0,2921,2921,0,895.0055248618785,4,2400,670.3204419889503,600
4560,Waste bins,0.9988781738281249,1.0,11524,11524,0,849.7292817679559,758,12128,2142.817679558011,16
4562,Window and squeegees,0.9988781738281249,1.0,540,540,0,4952.740331491713,0,0,4399.1988950276245,104
4563,Stationary,0.9988781738281249,1.0,81457,81457,0,6650.563535911602,7,73920,6977.944751381216,10560
4564,Residential odors,0.9988781738281249,1.0,11759,11759,0,1393.3259668508288,5,9900,530.1602209944751,1980
4566,Personal care,0.9988781738281249,1.0,29339,29339,0,6162.016574585636,25,28800,6014.414364640884,1152
4567,Window and squeegees,0.9988781738281249,0.7987893396148895,36509,29163,7346,1082.7292817679559,93,29295,1296.171270718232,315
4576,Electric personal care,0.9988781738281249,0.9448811440477318,10559,9977,582,395.2044198895028,31,9920,442.23756906077347,320
4581,Measuring and weighing,0.9988781738281249,0.8150208623087621,5752,4688,1064,531.4088397790056,5,4000,300.7182320441989,800
4589,Other Holidays,0.9988781738281249,0.8436283415520374,15412,13002,2410,2611.1878453038676,6,13200,1602.375690607735,2200
4596,Personal care,0.9988781738281249,1.0,714,714,0,327.7182320441989,756,756,334.25414364640886,1
4620,Candles & Tealights,0.9988781738281249,1.0,39765,39765,0,19323.86740331492,3,21600,25722.18232044199,7200
4621,Candles & Tealights,0.9988781738281249,1.0,136,136,0,1589.9005524861877,0,0,641.6022099447514,1050
4628,Drinks,0.9988781738281249,1.0,1331,1331,0,3883.07182320442,701,701,3883.585635359116,1
4638,Residential odors,0.9988781738281249,0.9898384141262702,12006,11884,122,422.4640883977901,2112,12672,692.4751381215469,6
4652,Photo frames & albums,0.9988781738281249,1.0,29513,29513,0,1131.1823204419888,34,29376,1821.0165745856355,864
4654,Photo frames & albums,0.9988781738281249,0.9994621921049801,9297,9292,5,409.4475138121547,484,9680,764.9502762430939,20
4659,Gift cards,0.9988781738281249,1.0,0,0,0,3176.0,0,0,68.25966850828729,3000
4660,Gift cards,0.9988781738281249,1.0,0,0,0,3040.0,0,0,40.0,3000
4663,Gift cards,0.9988781738281249,1.0,0,0,0,3173.0,0,0,111.86187845303867,3000
4665,Window and squeegees,0.9988781738281249,1.0,2433,2433,0,355.89502762430936,5,2310,205.86187845303868,462
4683,Personal care,0.9988781738281249,0.9777553083923155,1978,1934,44,314.8839779005525,2264,2264,390.64088397790056,1
4685,Boys toys,0.9988781738281249,1.0,17,17,0,353.72375690607737,0,0,20.5414364640884,336
4687,Construction,0.9988781738281249,1.0,250,250,0,319.5966850828729,1,180,250.19337016574585,180
4690,Hobby and creative,0.9988781738281249,0.9311966430328462,13822,12871,951,158.79005524861878,13368,13368,659.6187845303867,1
4691,Tableware,0.9988781738281249,1.0,14790,14790,0,10058.806629834255,13592,13592,16523.276243093922,1
4692,Tableware,0.9988781738281249,1.0,5516,5516,0,7672.121546961326,5387,5387,10163.475138121546,1
4701,Residential odors,0.9988781738281249,0.9953192423023477,13673,13609,64,610.0994475138122,2390,14340,914.5303867403314,6
4706,Foils and bags,0.9988781738281249,0.9255782001373941,4367,4042,325,2105.160220994475,1,2800,550.9779005524862,2800
4707,Boys toys,0.9988781738281249,1.0,1379,1379,0,400.5359116022099,11,1320,393.6740331491713,120
4711,"Glasses (drink, beer, wine etc)",0.9988781738281249,1.0,5346,5346,0,458.6243093922652,879,5274,650.7292817679559,6
4715,Drink & food To Go,0.9988781738281249,1.0,6125,6125,0,710.4861878453039,9,5616,835.1491712707183,624
4716,Wash treatment and accessories,0.9988781738281249,1.0,5160,5160,0,288.8011049723757,16,5248,313.6022099447514,328
4718,Window and squeegees,0.9988781738281249,0.8473634204275534,21050,17837,3213,1452.8066298342542,71,18176,1823.8839779005525,256
4720,Wash treatment and accessories,0.9988781738281249,0.9723335560008907,17964,17467,497,458.4475138121547,91,17472,1033.4585635359117,192
4726,Drying racks,0.9988781738281249,0.9788091068301226,22840,22356,484,1210.6685082872928,80,20160,4098.066298342542,252
4729,Knives,0.9988781738281249,1.0,2520,2520,0,180.5303867403315,2515,2515,271.1988950276243,1
4730,Ironing board textiles,0.9988781738281249,1.0,2861,2861,0,254.6353591160221,30,2880,313.96685082872926,96
4731,Mugs and cups,0.9988781738281249,0.9760505116481603,27558,26898,660,7603.414364640884,6,12000,13286.116022099448,2000
4742,Light bulbs,0.9988781738281249,1.0,2813,2813,0,383.3204419889503,7,2618,289.30939226519337,374
4746,Hobby and creative,0.9988781738281249,1.0,135,135,0,84.20441988950276,1,72,47.370165745856355,72
4757,Games,0.9988781738281249,1.0,1912,1912,0,287.6077348066298,342,2052,428.72375690607737,6
4764,Construction,0.9988781738281249,1.0,1014,1014,0,240.87292817679557,4,960,188.95027624309392,240
4770,Vacuuming,0.9988781738281249,1.0,9202,9202,0,3253.8011049723755,1444,8664,6431.116022099448,6
4773,Tableware,0.9988781738281249,1.0,16644,16644,0,7387.425414364641,6,14688,12692.486187845303,2448
4776,Store kitchen,0.9988781738281249,1.0,19440,19440,0,673.646408839779,121,19360,906.1491712707183,160
4782,Thermos jugs,0.9988781738281249,0.9367991088005941,13465,12614,851,4879.734806629835,9,14040,10898.165745856353,1560
4783,Baskets,0.9988781738281249,1.0,12952,12952,0,367.1878453038674,54,12960,456.16574585635357,240
4784,Tools,0.9988781738281249,0.9915116056013812,20852,20675,177,591.828729281768,108,20736,1270.6408839779006,192
4785,Cleaning products,0.9988781738281249,0.9824318989340702,5066,4977,89,196.97790055248618,17,4794,242.1767955801105,282
4786,Personal care,0.9988781738281249,1.0,10404,10404,0,2910.243093922652,8296,8296,2658.033149171271,1
4787,Cleaning products,0.9988781738281249,0.9830787309048179,4255,4183,72,158.6353591160221,24,4176,239.91712707182322,174
4788,Cleaning products,0.9988781738281249,1.0,3152,3152,0,286.1767955801105,11,3036,273.27624309392263,276
4793,Personal care,0.9988781738281249,1.0,13829,13829,0,4009.425414364641,8,12240,3101.1160220994475,1530
4794,Wash treatment and accessories,0.9988781738281249,1.0,7814,7814,0,654.0055248618785,18,7776,742.9447513812155,432
4797,Cleaning products,0.9988781738281249,1.0,5054,5054,0,953.7292817679559,3,4320,287.0497237569061,1440
4798,Wash treatment and accessories,0.9988781738281249,0.9353341584158416,3232,3023,209,872.7403314917127,3221,3221,859.4696132596686,1
4806,Electric personal care,0.9988781738281249,0.9410501449586599,9313,8764,549,138.12707182320443,440,8800,318.62983425414365,20
4812,Cooking pans,0.9988781738281249,0.8612113918973124,2493,2147,346,159.939226519337,13,2496,146.0939226519337,192
4818,Other Holidays,0.9988781738281249,0.6240809931300471,8297,5178,3119,1687.2044198895028,574,6888,1310.1933701657458,12
4841,Stationary,0.9988781738281249,1.0,10586,10586,0,1513.9447513812154,3,8208,500.5193370165746,2736
4849,Kitchen tools,0.9988781738281249,1.0,1784,1784,0,161.9060773480663,74,1776,216.22651933701658,24
4850,Kitchen tools,0.9988781738281249,1.0,1093,1093,0,117.48618784530387,31,1116,141.4972375690608,36
4851,Kitchen tools,0.9988781738281249,1.0,803,803,0,149.8011049723757,4,768,82.74585635359117,192
4852,Hobby and creative,0.9988781738281249,1.0,519,519,0,2687.558011049724,1,288,2564.513812154696,288
4856,Vacuuming,0.9988781738281249,1.0,24,24,0,386.0828729281768,0,0,324.88950276243094,16
4857,Hobby and creative,0.9988781738281249,1.0,2225,2225,0,435.96132596685084,2279,2279,521.6187845303867,1
4858,Tableware,0.9988781738281249,1.0,2241,2241,0,328.45303867403317,18,2016,349.37016574585635,112
4859,Tableware,0.9988781738281249,1.0,2130,2130,0,385.89502762430936,4,1728,216.3314917127072,432
4864,"Glasses (drink, beer, wine etc)",0.9988781738281249,1.0,490,490,0,101.86740331491713,83,498,116.7182320441989,6
4866,Serve and present,0.9988781738281249,1.0,985,985,0,428.23204419889504,1,672,94.66850828729282,672
4873,Toilet cleaners and odors,0.9988781738281249,0.9566686404960117,28709,27465,1244,1924.5580110497237,29,27840,2333.817679558011,960
4875,Table paper,0.9988781738281249,1.0,4997,4997,0,683.6408839779006,5,5040,351.3922651933702,1008
4876,Moisture treatment and climate,0.9988781738281249,0.9947207456491662,27466,27321,145,2218.270718232044,8,25600,2532.723756906077,3200
4880,Window and squeegees,0.9988781738281249,0.9993208630859981,51536,51501,35,934.4861878453039,55,50820,1580.292817679558,924
4881,Window and squeegees,0.9988781738281249,0.9940041875515513,31522,31333,189,658.9060773480663,177,31860,1771.9723756906078,180
4882,Stairs,0.9988781738281249,1.0,5598,5598,0,186.7403314917127,276,5520,385.01657458563534,20
4886,Kitchen textile,0.9988781738281249,1.0,10402,10402,0,2607.6243093922653,24,11520,6328.314917127072,480
4887,Kitchen textile,0.9988781738281249,1.0,15698,15698,0,7022.629834254144,2,15980,6899.1270718232045,7990
4892,Ironing board textiles,0.9988781738281249,1.0,10387,10387,0,782.3038674033149,16,10560,1857.0165745856355,660
4894,Bed textile,0.9988781738281249,1.0,4659,4659,0,1077.3812154696132,166,3320,2160.6353591160223,20
4901,Serve and present,0.9988781738281249,1.0,3669,3669,0,179.5303867403315,157,3768,306.1436464088398,24
4902,Tea and coffee,0.9988781738281249,1.0,4644,4644,0,465.82872928176795,7,4410,329.76795580110496,630
4903,Tea and coffee,0.9988781738281249,1.0,259,259,0,490.4696132596685,3,72,456.7955801104972,24
4904,Light bulbs,0.9988781738281249,1.0,4044,4044,0,641.0331491712707,10,3850,602.110497237569,385
4906,Cleaning products,0.9988781738281249,1.0,643,643,0,50.89502762430939,660,660,73.76243093922652,1
4907,Tools,0.9988781738281249,1.0,26,26,0,32.28729281767956,20,20,31.54696132596685,1
4909,Drink & food To Go,0.9988781738281249,1.0,6575,6575,0,4969.950276243094,13183,13183,10670.220994475138,1
4915,Light bulbs,0.9988781738281249,1.0,6610,6610,0,828.5966850828729,14,6272,850.3370165745856,448
4917,Personal care,0.9988781738281249,1.0,227,227,0,3139.718232044199,0,0,2860.011049723757,1
4918,Tools,0.9988781738281249,1.0,72,72,0,135.82872928176795,0,0,17.43646408839779,150
4921,Baskets,0.9988781738281249,1.0,2689,2689,0,422.5359116022099,22,2816,912.0718232044198,128
4922,Light bulbs,0.9988781738281249,1.0,1322,1322,0,462.83425414364643,2,946,254.92265193370164,473
4930,Kitchen tools,0.9988781738281249,1.0,1419,1419,0,457.0,58,1392,498.0110497237569,24
4933,Puzzles,0.9988781738281249,1.0,174,174,0,183.00552486187846,1,160,61.89502762430939,160
4951,Games,0.9988781738281249,1.0,2569,2569,0,445.585635359116,2576,2576,625.4585635359116,1
4953,Puzzles,0.9988781738281249,0.999228593468758,3889,3886,3,127.17127071823204,325,3900,182.60773480662982,12
4962,"Glasses (drink, beer, wine etc)",0.9988781738281249,1.0,672,672,0,49.552486187845304,118,708,70.75690607734806,6
4965,"Glasses (drink, beer, wine etc)",0.9988781738281249,1.0,658,658,0,218.27624309392266,95,570,234.5635359116022,6
4966,Store kitchen,0.9988781738281249,1.0,7858,7858,0,261.83425414364643,2053,8212,568.6353591160221,4
4970,"Cloths, mops, sponges and brush",0.9988781738281249,0.9931411774312077,24494,24326,168,1407.0331491712707,13,20800,2993.950276243094,1600
4974,Kitchen tools,0.9988781738281249,0.9927433795118273,31833,31602,231,12764.900552486188,6,30000,23456.651933701658,5000
4978,Window and squeegees,0.9988781738281249,0.9937663956780344,38501,38261,240,865.889502762431,54,37800,1980.756906077348,700
4982,Ironing board textiles,0.9988781738281249,1.0,37696,37696,0,1346.0386740331492,177,38940,6698.740331491713,220
4985,Personal care,0.9988781738281249,1.0,14144,14144,0,5999.088397790055,17,15300,5891.867403314917,900
5001,Shopping bags and trolleys,0.9988781738281249,1.0,5129,5129,0,672.6795580110497,5265,5265,870.5138121546961,1
5008,Measuring and weighing,0.9988781738281249,0.8448637316561844,954,806,148,433.72375690607737,1,576,209.41436464088397,576
5015,Construction,0.9988781738281249,1.0,841,841,0,105.9171270718232,227,908,166.15469613259668,4
5025,Tea and coffee,0.9988781738281249,1.0,12603,12603,0,3757.707182320442,2,10080,3033.92817679558,5040
5027,Small storage,0.9988781738281249,0.9938065602357115,33261,33055,206,1002.6850828729282,24,32256,807.0497237569061,1344
5033,Bathroom accessories,0.9988781738281249,1.0,5936,5936,0,313.42541436464086,38,6156,459.17127071823205,162
5038,Storage boxes,0.9988781738281249,1.0,2197,2197,0,283.4088397790055,152,1824,288.23756906077347,12
5039,Baskets,0.9988781738281249,0.9981819559124309,13201,13177,24,358.7955801104972,37,13320,402.16574585635357,360
5040,Wash treatment and accessories,0.9988781738281249,0.8713259307642064,4593,4002,591,802.4530386740331,4,3456,487.8674033149171,864
5042,Personal care,0.9988781738281249,0.9762355237946035,82981,81009,1972,4078.6243093922653,70,80640,6388.911602209945,1152
5045,Cleaning products,0.9988781738281249,1.0,22896,22896,0,2668.7127071823206,21072,21072,3466.3370165745855,1
5047,Cleaning products,0.9988781738281249,1.0,7653,7653,0,481.4088397790055,16,7680,572.6906077348066,480
5051,Cleaning products,0.9988781738281249,1.0,5931,5931,0,2571.4475138121547,8,5520,2322.3646408839777,690
5052,Commercial non-trade goods,0.9988781738281249,1.0,72275,72275,0,6984.60773480663,6,63360,6435.9889502762435,10560
5057,Foodprep,0.9988781738281249,0.9769230769230769,7670,7493,177,238.14364640883977,378,7560,513.3425414364641,20
5062,Electric personal care,0.9988781738281249,0.9163893510815307,2404,2203,201,85.65193370165746,110,2200,121.28729281767956,20
5063,Pan sets,0.9988781738281249,0.9239698200812536,3446,3184,262,205.80662983425415,68,3264,284.51381215469615,48
5066,Bakeware,0.9988781738281249,1.0,13569,13569,0,9300.370165745857,5,12000,13468.419889502762,2400
5067,"BBQ, beach and camping",0.9988781738281249,0.6440642948638486,72603,46761,25842,17990.707182320442,11,52272,9013.309392265193,4752
5068,Other Holidays,0.9988781738281249,0.8289764145462996,8607,7135,1472,2925.3093922651933,2,5600,831.6132596685082,2800
5082,Candles & Tealights,0.9988781738281249,1.0,932,932,0,1066.6132596685084,0,0,703.5801104972376,1050
5088,Residential odors,0.9988781738281249,0.9907704392223604,15277,15136,141,620.9337016574585,2584,15504,955.5745856353591,6
5096,Vases,0.9988781738281249,0.9739442946990117,3339,3252,87,147.8950276243094,41,3280,232.5303867403315,80
5099,Tea and coffee,0.9988781738281249,1.0,5884,5884,0,3305.0939226519336,5789,5789,5984.889502762431,1
5101,Small garden,0.9988781738281249,1.0,1125,1125,0,605.828729281768,1142,1142,648.0386740331492,1
5106,Tableware,0.9988781738281249,1.0,5054,5054,0,4208.016574585636,332,3984,6138.591160220994,12
5108,Games,0.9988781738281249,0.9951020408163266,2450,2438,12,315.51381215469615,9,2592,350.3756906077348,288
5114,"Glasses (drink, beer, wine etc)",0.9988781738281249,1.0,902,902,0,401.6132596685083,2,600,242.13812154696132,300
5117,Store kitchen,0.9988781738281249,1.0,11318,11318,0,390.91160220994476,2985,11940,837.4640883977901,4
5119,Personal care,0.9988781738281249,1.0,6790,6790,0,1645.4696132596684,3,6750,577.7016574585635,2250
5121,Wash treatment and accessories,0.9988781738281249,0.9410653230160159,11114,10459,655,287.353591160221,95,10640,638.182320441989,112
5124,Bakeware,0.9988781738281249,0.9608361161601218,47314,45461,1853,1962.657458563536,268,44220,3670.292817679558,165
5125,Foils and bags,0.9988781738281249,0.9880626028011763,40126,39647,479,3452.596685082873,20,38400,3871.46408839779,1920
5126,Gift,0.9988781738281249,1.0,107362,107362,0,5472.552486187846,70,105000,8647.425414364641,1500
5128,Cutlery,0.9988781738281249,1.0,14997,14997,0,876.5138121546961,60,14400,1305.110497237569,240
5129,Cutlery,0.9988781738281249,0.9779155366137157,2581,2524,57,119.11049723756906,108,2592,203.38674033149172,24
5134,Kitchen helpers,0.9988781738281249,1.0,15008,15008,0,6732.182320441989,8,19584,13724.165745856353,2448
5139,Bed textile,0.9988781738281249,1.0,1500,1500,0,508.52486187845307,62,1116,833.4972375690608,18
5142,Bath textiles and bath mats,0.9988781738281249,1.0,47167,47167,0,7508.790055248619,54,68040,26212.93922651934,1260
5144,Bed textile,0.9988781738281249,1.0,2056,2056,0,1584.2707182320441,1,1200,1318.7900552486187,1200
5152,Gift cards,0.9988781738281249,1.0,0,0,0,3040.0,0,0,40.0,3000
5153,Planks,0.9988781738281249,1.0,929,929,0,1321.7624309392265,770,770,1350.1049723756905,1
5154,Hobby and creative,0.9988781738281249,1.0,0,0,0,60.0,0,0,50.110497237569064,6
5155,Cutlery,0.9988781738281249,1.0,4430,4430,0,510.2596685082873,38,4560,621.1381215469613,120
5156,Clocks,0.9988781738281249,1.0,133,133,0,555.8563535911602,68,68,555.0994475138122,1
5157,Tableware,0.9988781738281249,0.7910607356715141,4676,3699,977,441.47513812154693,51,3672,443.9944751381216,72
5159,Home decoration,0.9988781738281249,1.0,370,370,0,263.0,378,378,275.68508287292815,1
5160,Waste bins,0.9988781738281249,1.0,720,720,0,514.0718232044198,10,1600,642.2817679558011,160
5161,Light bulbs,0.9988781738281249,1.0,480,480,0,241.33701657458565,1,352,54.193370165745854,352
5162,Baby / Toddler,0.9988781738281249,1.0,583,583,0,190.78453038674033,579,579,211.79558011049724,1
5165,Personal care,0.9988781738281249,0.8083400160384924,1247,1008,239,557.1491712707183,1269,1269,422.08839779005524,1
5166,Euro articles,0.9988781738281249,1.0,0,0,0,2674.0,0,0,2668.2154696132598,1
5169,Foods,0.9988781738281249,1.0,0,0,0,3116.0,0,0,3104.303867403315,1
5174,Shopping bags and trolleys,0.9988781738281249,1.0,3765,3765,0,11256.950276243095,2014,2014,12317.475138121546,1
5175,Toilet cleaners and odors,0.9988781738281249,0.8876803026720265,4229,3754,475,331.30939226519337,12,3600,224.61878453038673,300
5179,Hobby and creative,0.9988781738281249,1.0,641,641,0,99.32596685082873,8,576,78.20994475138122,72
5181,Shopping bags and trolleys,0.9988781738281249,1.0,6174,6174,0,3069.182320441989,5950,5950,3278.232044198895,1
5186,Hobby and creative,0.9988781738281249,0.962884969728876,3799,3658,141,202.0939226519337,353,3530,396.43093922651934,10
5190,Wash treatment and accessories,0.9988781738281249,1.0,4126,4126,0,1038.7182320441989,4,3456,725.939226519337,864
5198,Hobby and creative,0.9988781738281249,1.0,190,190,0,625.3425414364641,2,160,589.232044198895,80
5200,Outdoor toys,0.9988781738281249,1.0,745,745,0,287.27624309392263,9,720,259.8453038674033,80
5204,Oven dishes,0.9988781738281249,1.0,314,314,0,82.13259668508287,14,336,114.95027624309392,24
5205,Coffee makers and kettles,0.9988781738281249,1.0,3772,3772,0,5781.386740331492,7,18774,11164.475138121546,2682
5206,"Glasses (drink, beer, wine etc)",0.9988781738281249,0.9864530225782957,6865,6772,93,721.5027624309392,10,6720,604.2099447513813,672
5210,Vacuuming,0.9988781738281249,1.0,4550,4550,0,563.4751381215469,283,4528,653.232044198895,16
5212,Batteries,0.9988781738281249,1.0,81361,81361,0,4283.292817679558,55,82500,6645.729281767955,1500
5213,Coffee makers and kettles,0.9988781738281249,1.0,3,3,0,12950.801104972375,16,16,12954.950276243095,1
5219,Drink & food To Go,0.9988781738281249,0.9844072673271922,43097,42425,672,1696.6906077348067,36,43200,2701.1381215469614,1200
5221,Toilet accessories,0.9988781738281249,1.0,14478,14478,0,1122.513812154696,58,13920,2930.5414364640883,240
5222,Toilet accessories,0.9988781738281249,1.0,34827,34827,0,18552.066298342543,2,14400,22133.618784530387,7200
5223,"Glasses (drink, beer, wine etc)",0.9988781738281249,1.0,765,765,0,353.6574585635359,170,680,424.25414364640886,4
5226,Wash treatment and accessories,0.9988781738281249,1.0,3171,3171,0,293.58011049723757,10,3000,268.7513812154696,300
5227,Wash treatment and accessories,0.9988781738281249,1.0,1921,1921,0,284.34806629834253,26,1872,318.5911602209945,72
5228,Toilet cleaners and odors,0.9988781738281249,0.76598469899955,57774,44254,13520,4302.03314917127,44,44352,4762.149171270718,1008
5236,Wash treatment and accessories,0.9988781738281249,1.0,274,274,0,1031.8011049723757,0,0,241.25414364640883,900
5239,Residential odors,0.9988781738281249,1.0,6530,6530,0,1452.5524861878453,2,5040,186.71270718232043,2520
5241,Phones,0.9988781738281249,1.0,12802,12802,0,607.1436464088398,32,12096,864.110497237569,378
5243,Electrical tools,0.9988781738281249,0.9070558617404912,14697,13331,1366,818.3812154696133,336,13440,1145.121546961326,40
5255,Cooking pans,0.9988781738281249,1.0,5253,5253,0,757.1988950276243,6,5040,994.1988950276243,840
5271,Candles & Tealights,0.9988781738281249,1.0,36006,36006,0,2407.9337016574586,56,36288,2895.8011049723755,648
5273,Candles & Tealights,0.9988781738281249,1.0,36715,36715,0,2400.685082872928,12,34560,1659.0497237569061,2880
5275,Candles & Tealights,0.9988781738281249,1.0,50,50,0,785.9337016574585,0,0,254.23756906077347,480
5276,Candles & Tealights,0.9988781738281249,0.946494349753387,16017,15160,857,1031.524861878453,20,15000,985.9502762430939,750
5283,Other Holidays,0.9988781738281249,0.6447851259887466,12263,7907,4356,2796.027624309392,10827,10827,2472.1878453038676,1
5293,Photo frames & albums,0.9988781738281249,0.9940649496080627,17860,17754,106,811.1767955801105,24,17280,1132.1546961325967,720
5294,Photo frames & albums,0.9988781738281249,1.0,24384,24384,0,964.9613259668508,28,24192,1479.011049723757,864
5303,Window and squeegees,0.9988781738281249,0.9916434540389972,1436,1424,12,191.646408839779,6,1296,126.96132596685082,216
5311,Drying racks,0.9988781738281249,1.0,6568,6568,0,304.35911602209944,1660,6640,409.3867403314917,4
5315,Hobby and creative,0.9988781738281249,1.0,401,401,0,466.5193370165746,0,0,201.707182320442,432
5316,Tea and coffee,0.9988781738281249,1.0,3075,3075,0,1548.5745856353592,3350,3350,3128.3701657458564,1
5318,Teletoys,0.9988781738281249,1.0,360,360,0,463.2209944751381,2,240,399.2817679558011,120
5320,"Cloths, mops, sponges and brush",0.9988781738281249,0.9663279645443735,18502,17879,623,2033.475138121547,7,16800,2116.0662983425414,2400
5321,Tableware,0.9988781738281249,1.0,6301,6301,0,4864.85635359116,5444,5444,7402.03314917127,1
5323,Construction,0.9988781738281249,1.0,2,2,0,309.1325966850829,0,0,79.43646408839778,210
5330,"Glasses (drink, beer, wine etc)",0.9988781738281249,1.0,887,887,0,310.43646408839777,4,768,237.8011049723757,192
5335,Commercial non-trade goods,0.9988781738281249,1.0,124,124,0,1171.2983425414366,0,0,311.68508287292815,630
5336,Table paper,0.9988781738281249,1.0,7275,7275,0,690.4475138121547,7,7056,450.1767955801105,1008
5337,Cutlery,0.9988781738281249,1.0,7965,7965,0,674.7237569060774,46,8280,895.5690607734807,180
5341,Drying racks,0.9988781738281249,1.0,9953,9953,0,1165.3480662983425,8,9600,437.30939226519337,1200
5343,Kitchen tools,0.9988781738281249,1.0,20206,20206,0,2442.232044198895,7,18816,3718.790055248619,2688
5346,Kitchen helpers,0.9988781738281249,1.0,243,243,0,1118.7348066298343,0,0,881.585635359116,1
5347,Kitchen helpers,0.9988781738281249,0.8496759453536625,21447,18223,3224,908.2762430939226,18227,18227,1548.110497237569,1
5349,Cutlery,0.9988781738281249,1.0,1834,1834,0,445.8618784530387,372,1860,510.3922651933702,5
5353,Bed textile,0.9988781738281249,1.0,3577,3577,0,1650.4419889502763,3,3024,2183.2154696132598,1008
5360,Mugs and cups,0.9988781738281249,0.9637014314928425,15648,15080,568,4258.580110497238,207,4968,6757.640883977901,24
5375,Tea and coffee,0.9988781738281249,1.0,2481,2481,0,83.22099447513813,634,2536,176.5745856353591,4
5376,Vehicles,0.9988781738281249,1.0,88368,88368,0,3300.3259668508285,1234,88848,5212.39226519337,72
5377,Boys toys,0.9988781738281249,1.0,1711,1711,0,968.1270718232045,304,1824,1093.779005524862,6
5394,Foodprep,0.9988781738281249,1.0,6430,6430,0,3430.171270718232,1284,5136,6196.591160220994,4
5397,Batteries,0.9988781738281249,1.0,60496,60496,0,2446.828729281768,49,61740,4087.414364640884,1260
5400,Coffee makers and kettles,0.9988781738281249,0.9227394589324884,32824,30288,2536,976.2541436464088,369,30996,2088.4309392265195,84
5401,Bakeware,0.9988781738281249,1.0,4209,4209,0,623.0165745856353,4,4000,297.72375690607737,1000
5403,Store kitchen,0.9988781738281249,1.0,370,370,0,422.72375690607737,364,364,435.1546961325967,1
5404,Store kitchen,0.9988781738281249,1.0,6919,6919,0,490.6795580110497,42,6720,877.8729281767955,160
5405,"Cloths, mops, sponges and brush",0.9988781738281249,0.9090688425415911,53557,48687,4870,3013.8674033149173,132,37620,7172.889502762431,285
5408,Others,0.9988781738281249,1.0,121,121,0,1634.4530386740332,9,9,1587.1767955801106,1
5411,Cleaning products,0.9988781738281249,0.994281045751634,6120,6085,35,196.26519337016575,53,6042,365.7790055248619,114
5414,Cleaning products,0.9988781738281249,0.9387905604719764,1356,1273,83,66.54143646408839,1277,1277,117.2486187845304,1
5415,"Cloths, mops, sponges and brush",0.9988781738281249,1.0,10826,10826,0,1008.0276243093923,9,10368,827.756906077348,1152
5423,Measuring and weighing,0.9988781738281249,1.0,1351,1351,0,288.1325966850829,5,1125,219.28729281767957,225
5424,Special pans,0.9988781738281249,0.9175676292139957,21921,20114,1807,684.9337016574585,207,19872,1379.1767955801106,96
5440,Candles & Tealights,0.9988781738281249,1.0,240,240,0,1217.232044198895,0,0,821.3204419889503,600
5441,Candles & Tealights,0.9988781738281249,0.9616592515048417,15284,14698,586,1085.524861878453,19,14250,1018.6685082872929,750
5451,Party lights,0.9988781738281249,1.0,10105,10105,0,6318.215469613259,1,3170,6008.585635359116,3170
5457,Photo frames & albums,0.9988781738281249,1.0,1960,1960,0,142.07734806629836,12,1872,140.3314917127072,156
5458,Stationary,0.9988781738281249,1.0,20388,20388,0,1493.4309392265193,8,21120,920.7900552486187,2640
5460,Coffee makers and kettles,0.9988781738281249,1.0,1066,1066,0,86.72375690607734,44,1056,113.9060773480663,24
5462,Ironing boards,0.9988781738281249,0.48959678576553306,6969,3412,3557,3184.3922651933703,5843,5843,880.5911602209944,1
5467,Teletoys,0.9988781738281249,1.0,442,442,0,588.0441988950276,3,360,535.8232044198895,120
5468,Tea and coffee,0.9988781738281249,1.0,2119,2119,0,391.43646408839777,4,1800,219.65745856353593,450
5469,Cooking books,0.9988781738281249,1.0,214,214,0,48.87292817679558,210,210,54.06629834254144,1
5470,Serve and present,0.9988781738281249,1.0,1526,1526,0,3816.0,325,325,3890.8729281767955,1
5472,Bath textiles and bath mats,0.9988781738281249,0.9391800162910671,3683,3459,224,1028.0386740331492,5,3800,1693.414364640884,760
5474,Hobby and creative,0.9988781738281249,0.9895974672094076,2211,2188,23,138.11602209944752,2272,2272,303.3922651933702,1
5484,Wash treatment and accessories,0.9988781738281249,0.7250855188141391,8770,6359,2411,754.2044198895028,12,6336,578.6961325966851,528
5488,Bakeware,0.9988781738281249,1.0,31413,31413,0,6000.994475138122,4,23232,8346.220994475138,5808
5491,Vacuuming,0.9988781738281249,1.0,251,251,0,5030.110497237569,0,0,3382.729281767956,675
5492,Bakeware,0.9988781738281249,0.9912892546044807,31111,30840,271,1351.3370165745857,20,30000,1947.0994475138123,1500
5494,Kitchen tools,0.9988781738281249,1.0,34433,34433,0,1620.6132596685084,23,33120,5642.546961325967,1440
5495,Kitchen tools,0.9988781738281249,1.0,95779,95779,0,4125.558011049724,63,95256,5438.834254143647,1512
5497,Racks and pockets,0.9988781738281249,1.0,15302,15302,0,7200.5690607734805,8,19200,14449.3591160221,2400
5498,Cutlery,0.9988781738281249,1.0,16818,16818,0,10550.580110497238,4,19584,14871.016574585636,4896
5499,Stairs,0.9988781738281249,1.0,4067,4067,0,182.66298342541435,196,3920,320.29834254143645,20
5508,Bath textiles and bath mats,0.9988781738281249,0.9553928095872171,18024,17220,804,4269.160220994475,14,25200,10051.806629834255,1800
5515,Tableware,0.9988781738281249,1.0,1032,1032,0,720.2817679558011,5,960,1001.8618784530387,192
5516,Mugs and cups,0.9988781738281249,0.9698781329041158,30443,29526,917,8415.828729281768,367,8808,10387.602209944751,24
5523,Oven dishes,0.9988781738281249,1.0,314,314,0,66.17127071823204,13,312,96.27624309392266,24
5524,Planks,0.9988781738281249,1.0,2666,2666,0,400.878453038674,2614,2614,498.69613259668506,1
5527,Tableware,0.9988781738281249,1.0,5551,5551,0,963.6906077348066,234,5616,1149.3093922651933,24
5530,Foods,0.9988781738281249,1.0,460,460,0,2446.839779005525,415,415,2461.5524861878453,1
5534,Kitchen tools,0.9988781738281249,1.0,469,469,0,406.81767955801104,488,488,423.8453038674033,1
5535,Stuffed animals,0.9988781738281249,1.0,143,143,0,371.878453038674,48,144,376.77348066298345,3
5536,"Glasses (drink, beer, wine etc)",0.9988781738281249,1.0,308,308,0,362.6685082872928,0,0,124.79005524861878,384
5537,Shopping bags and trolleys,0.9988781738281249,1.0,1947,1947,0,5354.171270718232,822,822,5790.613259668508,1
5540,Wash treatment and accessories,0.9988781738281249,1.0,1461,1461,0,2104.508287292818,1478,1478,2157.6187845303866,1
5547,Games,0.9988781738281249,1.0,0,0,0,21.0,0,0,20.0,1
5554,Baby / Toddler,0.9988781738281249,1.0,36,36,0,59.19889502762431,22,22,57.49171270718232,1
5562,"Glasses (drink, beer, wine etc)",0.9988781738281249,1.0,221,221,0,165.41436464088397,23,138,150.353591160221,6
5563,Electrical tools,0.9988781738281249,0.9658322056833559,5912,5710,202,407.50828729281767,5993,5993,623.4309392265193,1
5566,"Cloths, mops, sponges and brush",0.9988781738281249,0.9779657758123438,26005,25432,573,1199.4419889502763,148,22200,3653.276243093923,150
5568,"Cloths, mops, sponges and brush",0.9988781738281249,1.0,12087,12087,0,413.6685082872928,59,12744,1681.342541436464,216
5569,Small storage,0.9988781738281249,0.9535034602076125,13872,13227,645,538.8011049723757,19,12768,724.9337016574585,672
5573,Home decoration,0.9988781738281249,1.0,19584,19584,0,15872.027624309392,38,20900,23142.193370165747,550
5581,Puzzles,0.9988781738281249,1.0,1034,1034,0,788.9558011049724,41,984,788.4309392265193,24
5582,Puzzles,0.9988781738281249,1.0,3290,3290,0,175.1988950276243,278,3336,223.4585635359116,12
5583,Hobby and creative,0.9988781738281249,0.904729956390473,2981,2697,284,130.60773480662982,2723,2723,192.48618784530387,1
5588,Batteries,0.9988781738281249,0.9879621119281046,78336,77393,943,2645.3812154696134,26,78000,4117.50276243094,3000
5593,Foodprep,0.9988781738281249,0.9923225766181887,32042,31796,246,1821.7237569060774,1796,32328,2510.022099447514,18
5596,Kitchen tools,0.9988781738281249,0.880797669728882,8926,7862,1064,520.5414364640884,61,7320,679.0441988950276,120
5597,Buckets,0.9988781738281249,1.0,164,164,0,917.7790055248619,0,0,398.54696132596683,240
5598,Window and squeegees,0.9988781738281249,0.9995996339510409,17484,17477,7,454.22651933701655,48,17280,925.9337016574585,360
5599,Window and squeegees,0.9988781738281249,0.9860010565240359,15144,14932,212,621.8397790055249,20,14400,814.6906077348066,720
5602,Cleaning products,0.9988781738281249,1.0,14925,14925,0,1558.375690607735,17,14688,1359.0939226519338,864
5603,Bathroom accessories,0.9988781738281249,0.9822919533902192,10899,10706,193,366.31491712707185,24,10800,536.4475138121547,450
5604,Table textiles,0.9988781738281249,1.0,1746,1746,0,383.5193370165746,3,1728,162.80662983425415,576
5605,Foils and bags,0.9988781738281249,1.0,208,208,0,1240.4254143646408,119,119,1228.0441988950276,1
5606,Bathroom accessories,0.9988781738281249,0.9773188896411645,5908,5774,134,241.50828729281767,34,5712,373.4475138121547,168
5608,Laundry baskets,0.9988781738281249,0.7412682926829268,20500,15196,5304,574.4419889502763,239,15296,718.121546961326,64
5609,Storage boxes,0.9988781738281249,0.9796005880911541,16324,15991,333,1031.6795580110497,224,16128,1344.8508287292818,72
5610,Baskets,0.9988781738281249,1.0,13421,13421,0,646.8950276243094,13,12870,366.7182320441989,990
5611,Baskets,0.9988781738281249,0.9949931725079654,8788,8744,44,283.3646408839779,24,8640,251.8232044198895,360
5613,Baskets,0.9988781738281249,0.9960248206321505,10314,10273,41,290.64088397790056,43,10320,337.7955801104972,240
5614,Baskets,0.9988781738281249,1.0,8319,8319,0,265.4640883977901,21,8064,204.17127071823205,384
5615,Drink & food To Go,0.9988781738281249,0.8894596988485385,11290,10042,1248,1246.5469613259668,13,10192,1425.8950276243095,784
5616,Personal care,0.9988781738281249,0.9325160554149539,68357,63744,4613,2394.270718232044,62930,62930,4799.154696132597,1
5617,Cleaning products,0.9988781738281249,0.9671934043284095,11644,11262,382,568.7237569060774,25,11250,1571.6961325966852,450
5618,Others,0.9988781738281249,1.0,4868,4868,0,487.56353591160223,818,4908,668.243093922652,6
5620,Oven dishes,0.9988781738281249,1.0,184,184,0,1363.1436464088397,0,0,127.3646408839779,1296
5621,Personal care,0.9988781738281249,1.0,2795,2795,0,456.8674033149171,3041,3041,555.0662983425415,1
5622,Wash treatment and accessories,0.9988781738281249,1.0,4894,4894,0,221.91160220994476,21,4914,287.9502762430939,234
5624,Wash treatment and accessories,0.9988781738281249,1.0,20,20,0,10593.32044198895,1,1,9430.149171270717,1
5625,Wash treatment and accessories,0.9988781738281249,0.8444245610110725,8941,7550,1391,1975.342541436464,14,7392,1819.254143646409,528
5629,Cleaning products,0.9988781738281249,1.0,2749,2749,0,150.30939226519337,2862,2862,272.0552486187845,1
5634,Stationary,0.9988781738281249,1.0,10037,10037,0,1775.5027624309391,3,9600,511.707182320442,3200
5635,Window and squeegees,0.9988781738281249,0.875502812889188,69857,61160,8697,1536.635359116022,72,60840,2120.3867403314916,845
5638,Electric personal care,0.9988781738281249,0.9747249979007473,35727,34824,903,608.767955801105,96,34560,1185.6408839779006,360
5640,Electric personal care,0.9988781738281249,0.784932388924662,3106,2438,668,75.56353591160222,122,2440,102.07182320441989,20
5642,Electric personal care,0.9988781738281249,0.9895626242544732,16096,15928,168,371.76243093922653,78,16380,625.6132596685082,210
5644,Electric personal care,0.9988781738281249,1.0,17241,17241,0,503.292817679558,48,17280,684.6353591160221,360
5650,Pan sets,0.9988781738281249,0.6261160714285714,1792,1122,670,80.32044198895028,1738,1738,137.02209944751382,1
5652,Partyfun,0.9988781738281249,1.0,23400,23400,0,1261.4364640883978,1190,23800,1631.0220994475137,20
5653,Pan sets,0.9988781738281249,1.0,1992,1992,0,626.6187845303867,1993,1993,693.2651933701658,1
5660,Personal care,0.9988781738281249,1.0,1930,1930,0,451.1988950276243,15,1800,409.16022099447514,120
5677,Foods,0.9988781738281249,1.0,125,125,0,2618.729281767956,0,0,2054.027624309392,1
5707,Gift cards,0.9988781738281249,1.0,0,0,0,3157.0,0,0,111.3646408839779,3000
5709,"TV, Audio & Video",0.9988781738281249,0.9734729493891797,5730,5578,152,148.23204419889504,56,5600,185.76243093922653,100
5710,Drink & food To Go,0.9988781738281249,0.9284816490698844,7956,7387,569,393.98342541436466,371,7420,934.2541436464088,20
5713,Electric personal care,0.9988781738281249,0.8903555255804991,20758,18482,2276,503.0662983425414,941,18820,903.4419889502763,20
5725,"Cloths, mops, sponges and brush",0.9988781738281249,0.9740180531837034,16396,15970,426,1584.7182320441989,8,15360,1681.0165745856355,1920
5726,Kitchen helpers,0.9988781738281249,1.0,276,276,0,249.292817679558,0,0,47.28729281767956,324
5727,Hobby and creative,0.9988781738281249,1.0,806,806,0,149.18232044198896,766,766,172.30939226519337,1
5732,Tableware,0.9988781738281249,1.0,1820,1820,0,2223.1049723756905,1164,1164,2780.3259668508285,1
5736,Planks,0.9988781738281249,1.0,16247,16247,0,8988.67955801105,6,18000,14638.624309392266,3000
5739,Table textiles,0.9988781738281249,1.0,5792,5792,0,8079.546961325967,5663,5663,10689.165745856353,1
5742,Storage boxes,0.9988781738281249,1.0,3139,3139,0,219.9281767955801,161,2898,256.1491712707182,18
5746,Planks,0.9988781738281249,1.0,1069,1069,0,133.47513812154696,261,1044,170.67955801104972,4
5747,Wash treatment and accessories,0.9988781738281249,1.0,1501,1501,0,197.54696132596686,8,1392,155.23756906077347,174
5748,Personal care,0.9988781738281249,1.0,91,91,0,728.7624309392265,0,0,663.828729281768,1
5749,Cleaning products,0.9988781738281249,0.6681501260940513,20223,13512,6711,2033.5580110497237,30,13500,1520.707182320442,450
5751,Cleaning products,0.9988781738281249,1.0,2492,2492,0,374.3756906077348,10,2340,329.5911602209945,234
5753,Wash treatment and accessories,0.9988781738281249,1.0,15747,15747,0,592.8453038674033,66,15840,723.4198895027624,240
5757,Cleaning products,0.9988781738281249,0.7939955009517218,46232,36708,9524,5164.39226519337,41073,41073,5313.7569060773485,1
5761,Bathroom accessories,0.9988781738281249,0.9943355743098269,34955,34757,198,3145.9171270718234,8,35360,4519.806629834254,4420
5772,Foodprep,0.9988781738281249,1.0,5605,5605,0,494.28729281767954,185,5550,685.182320441989,30
5773,Electric personal care,0.9988781738281249,0.4173452369273031,10193,4254,5939,857.7734806629834,251,5020,458.4806629834254,20
5798,Candles & Tealights,0.9988781738281249,1.0,202,202,0,868.6408839779006,0,0,270.0220994475138,660
5799,Candles & Tealights,0.9988781738281249,1.0,340,340,0,779.1270718232045,0,0,313.23204419889504,750
5800,Candles & Tealights,0.9988781738281249,1.0,902,902,0,1319.254143646409,0,0,926.6187845303867,1050
5804,Others,0.9988781738281249,1.0,783,783,0,1098.1381215469614,0,0,587.646408839779,1050
5805,Candles & Tealights,0.9988781738281249,0.93719961550785,9363,8775,588,760.9116022099447,11,8250,522.8508287292817,750
5807,Drink & food To Go,0.9988781738281249,1.0,4519,4519,0,1718.7734806629835,4577,4577,1883.1160220994475,1
5815,Residential odors,0.9988781738281249,0.9287082044483723,20367,18915,1452,847.8121546961326,26,19968,881.3259668508288,768
5820,Photo frames & albums,0.9988781738281249,1.0,13267,13267,0,699.0165745856353,18,12960,849.1436464088398,720
5821,Photo frames & albums,0.9988781738281249,1.0,2988,2988,0,225.09944751381215,11,2904,206.18232044198896,264
5827,Foodprep,0.9988781738281249,1.0,2734,2734,0,473.0,2708,2708,545.9613259668508,1
5837,Drying racks,0.9988781738281249,0.8881646655231561,2915,2589,326,157.07734806629836,652,2608,193.86187845303868,4
5838,Hobby and creative,0.9988781738281249,1.0,10,10,0,411.1878453038674,0,0,11.784530386740332,396
5839,"Cloths, mops, sponges and brush",0.9988781738281249,1.0,20371,20371,0,1978.5027624309391,11,20592,2490.3314917127072,1872
5840,Construction,0.9988781738281249,1.0,406,406,0,231.06629834254144,1,240,122.70165745856353,240
5841,Construction,0.9988781738281249,1.0,0,0,0,256.0,0,0,128.0,128
5843,Kitchen tools,0.9988781738281249,1.0,1089,1089,0,318.90055248618785,2,960,83.90055248618785,480
5845,Kitchen tools,0.9988781738281249,1.0,1017,1017,0,243.4364640883978,3,864,118.6353591160221,288
5848,Bath textiles and bath mats,0.9988781738281249,0.9605633802816902,3905,3751,154,843.4033149171271,9,4536,1964.475138121547,504
5849,Tableware,0.9988781738281249,1.0,1811,1811,0,1124.292817679558,76,2736,2044.0,36
5850,Tableware,0.9988781738281249,1.0,1482,1482,0,1676.707182320442,1,1008,1343.220994475138,1008
5851,Hobby and creative,0.9988781738281249,0.989247311827957,930,920,10,148.05524861878453,3,864,53.83425414364641,288
5857,Bathroom accessories,0.9988781738281249,1.0,7208,7208,0,334.7513812154696,15,6840,215.4364640883978,456
5858,Racks and pockets,0.9988781738281249,1.0,19847,19847,0,318.5524861878453,182,19656,583.7845303867404,108
5859,Waste bags,0.9988781738281249,0.9389464673331499,32709,30712,1997,1093.3977900552486,21,30240,859.5193370165746,1440
5861,Construction,0.9988781738281249,1.0,694,694,0,392.56353591160223,1,392,224.5635359116022,392
5863,Baskets,0.9988781738281249,1.0,7560,7560,0,586.646408839779,7,6930,193.94475138121547,990
5864,Storage boxes,0.9988781738281249,0.7316187594553707,3305,2418,887,1197.9668508287293,14,2520,850.1049723756906,180
5866,Storage boxes,0.9988781738281249,1.0,140,140,0,439.55801104972375,0,0,270.41988950276243,20
5867,Storage boxes,0.9988781738281249,1.0,6104,6104,0,294.9779005524862,48,6144,326.2596685082873,128
5868,Cleaning products,0.9988781738281249,0.9782226637120807,13087,12802,285,365.0828729281768,45,12690,707.0165745856353,282
5869,Cleaning products,0.9988781738281249,1.0,3231,3231,0,618.8397790055249,4,2784,268.0718232044199,696
5870,Cleaning products,0.9988781738281249,0.8793402410657645,23645,20792,2853,1673.364640883978,76,21888,1297.3812154696132,288
5871,Cleaning products,0.9988781738281249,0.8269481674771676,16862,13944,2918,406.4475138121547,65,14040,831.0055248618785,216
5872,Baskets,0.9988781738281249,1.0,3880,3880,0,606.585635359116,48,3840,1343.7734806629835,80
5874,Cleaning products,0.9988781738281249,1.0,4646,4646,0,872.4254143646409,3,4320,191.5303867403315,1440
5878,Dishwashing articles,0.9988781738281249,1.0,88,88,0,809.9613259668508,0,0,193.77348066298342,468
5880,Residential odors,0.9988781738281249,1.0,8291,8291,0,896.6132596685082,5,7560,225.58563535911603,1512
5895,Electric personal care,0.9988781738281249,1.0,8199,8199,0,194.77900552486187,417,8340,366.70165745856355,20
5896,Electric personal care,0.9988781738281249,1.0,4295,4295,0,144.18232044198896,219,4380,228.3756906077348,20
5897,"TV, Audio & Video",0.9988781738281249,1.0,235,235,0,755.1657458563536,197,197,758.0662983425415,1
5899,Frying pans,0.9988781738281249,0.8631705846895721,16590,14320,2270,495.1160220994475,126,14112,946.5414364640884,112
5915,Candles & Tealights,0.9988781738281249,0.9987562189054726,18492,18469,23,941.6519337016574,24,18000,924.3425414364641,750
5918,Candles & Tealights,0.9988781738281249,0.987783048420299,22346,22073,273,918.0718232044198,37,21756,1109.585635359116,588
5919,Residential odors,0.9988781738281249,0.9086124401913875,2090,1899,191,87.87845303867404,352,2112,129.87292817679557,6
5922,Drinks,0.9988781738281249,1.0,1618,1618,0,4120.292817679558,925,925,4109.740331491713,1
5924,Cooking books,0.9988781738281249,1.0,103,103,0,1084.6519337016575,28,28,1063.635359116022,1
5931,Residential odors,0.9988781738281249,1.0,8151,8151,0,782.6906077348066,10,7800,574.6519337016574,780
5941,Kitchen helpers,0.9988781738281249,1.0,7753,7753,0,557.2099447513813,7909,7909,856.1160220994475,1
5943,Stationary,0.9988781738281249,1.0,40808,40808,0,1248.8618784530386,27,40500,2032.4696132596684,1500
5946,Clocks,0.9988781738281249,0.9876460767946578,5990,5916,74,173.24861878453038,56,6048,343.50828729281767,108
5947,Gift cards,0.9988781738281249,1.0,0,0,0,3504.0,0,0,422.50276243093924,3000
5948,Stationary,0.9988781738281249,1.0,11671,11671,0,9017.237569060773,1175,14100,13895.508287292818,12
5951,Stationary,0.9988781738281249,1.0,31596,31596,0,697.7237569060774,228,32832,1870.657458563536,144
5954,Foodprep,0.9988781738281249,1.0,140,140,0,304.0552486187845,0,0,229.13812154696132,80
5955,Racks and pockets,0.9988781738281249,0.5861163227016886,2665,1562,1103,491.3977900552486,27,1512,346.8508287292818,56
5956,Coffee makers and kettles,0.9988781738281249,1.0,78,78,0,1341.414364640884,1,1,1293.3038674033148,1
5959,Construction,0.9988781738281249,0.992798353909465,972,965,7,66.9060773480663,129,1032,135.86740331491714,8
5971,Construction,0.9988781738281249,1.0,340,340,0,123.40883977900552,4,336,92.70165745856353,84
5973,Tea and coffee,0.9988781738281249,1.0,794,794,0,469.89502762430936,1021,1021,940.1988950276243,1
5974,Girls toys,0.9988781738281249,1.0,657,657,0,126.49723756906077,673,673,139.9889502762431,1
5977,Cleaning products,0.9988781738281249,0.9053373999237514,26230,23747,2483,843.1546961325967,19,22800,595.9613259668508,1200
5981,Window and squeegees,0.9988781738281249,0.9865967953239948,9923,9790,133,242.8121546961326,262,9432,581.3314917127071,36
5982,"Glasses (drink, beer, wine etc)",0.9988781738281249,1.0,503,503,0,243.0939226519337,3,396,183.79005524861878,132
5983,"Glasses (drink, beer, wine etc)",0.9988781738281249,1.0,940,940,0,229.74585635359117,3,720,132.8232044198895,240
5987,Baskets,0.9988781738281249,1.0,8440,8440,0,294.8839779005525,23,8280,249.12707182320443,360
5989,Baskets,0.9988781738281249,0.9942358853088974,13532,13454,78,347.68508287292815,56,13440,449.22651933701655,240
5991,Cleaning products,0.9988781738281249,1.0,47876,47876,0,1493.0828729281768,42,48384,1680.5524861878453,1152
5992,Cleaning products,0.9988781738281249,1.0,28447,28447,0,1058.5635359116022,20,28000,1411.46408839779,1400
5993,Wash treatment and accessories,0.9988781738281249,1.0,589,589,0,16007.116022099448,0,0,8178.558011049724,1440
5994,Wash treatment and accessories,0.9988781738281249,1.0,3293,3293,0,198.1878453038674,18,3132,232.8342541436464,174
5995,Toilet cleaners and odors,0.9988781738281249,1.0,22789,22789,0,1211.0165745856355,82,23616,1964.9558011049724,288
5997,Cleaning products,0.9988781738281249,0.9788147724019467,6986,6838,148,204.1878453038674,59,6726,404.1878453038674,114
5998,Thermos jugs,0.9988781738281249,1.0,1755,1755,0,452.8839779005525,3,1530,317.0939226519337,510
5999,Cleaning products,0.9988781738281249,0.9783954683177447,7591,7427,164,237.46408839779005,77,7392,467.8121546961326,96
6000,Cleaning products,0.9988781738281249,1.0,26946,26946,0,4021.6022099447514,24289,24289,4877.5690607734805,1
6001,Wash treatment and accessories,0.9988781738281249,1.0,18385,18385,0,1167.878453038674,111,19314,1813.8342541436464,174
6003,Waste bins,0.9988781738281249,0.970498474059003,2949,2862,87,186.44751381215468,92,2944,277.0055248618784,32
6006,Residential odors,0.9988781738281249,1.0,3854,3854,0,952.121546961326,3,3600,415.6740331491713,1200
6009,Cleaning products,0.9988781738281249,0.9978879188960856,7102,7087,15,1127.5524861878453,3,5940,175.04419889502762,1980
6010,Personal care,0.9988781738281249,1.0,15172,15172,0,4502.883977900552,15948,15948,5061.740331491713,1
6015,Coffee makers and kettles,0.9988781738281249,0.9886544134331745,4407,4357,50,119.48618784530387,90,4500,263.96685082872926,50
6018,Coffee makers and kettles,0.9988781738281249,0.9943612497689037,10818,10757,61,301.8011049723757,367,11010,526.171270718232,30
6024,Measuring and weighing,0.9988781738281249,1.0,41584,41584,0,13055.160220994476,3,10800,16720.883977900554,3600
6029,Partyfun,0.9988781738281249,1.0,24657,24657,0,1261.3149171270718,1258,25160,1656.4972375690609,20
6040,Personal care,0.9988781738281249,1.0,1830,1830,0,366.04419889502765,17,2040,366.44198895027625,120
6041,Personal care,0.9988781738281249,1.0,23,23,0,3866.425414364641,0,0,3138.5524861878453,1
6052,Candles & Tealights,0.9988781738281249,0.9864064819617593,55909,55149,760,2603.513812154696,83,54780,3489.497237569061,660
6053,Candles & Tealights,0.9988781738281249,1.0,74177,74177,0,1601.9668508287293,123,73800,2540.314917127072,600
6069,Clocks,0.9988781738281249,0.9719525992973262,16793,16322,471,2673.9558011049726,40,16800,8982.0,420
6071,Photo frames & albums,0.9988781738281249,1.0,21370,21370,0,1196.2375690607735,25,21600,1581.9447513812154,864
6075,Stationary,0.9988781738281249,1.0,27641,27641,0,1022.4972375690608,23,27600,1448.7237569060774,1200
6077,Foodprep,0.9988781738281249,1.0,174,174,0,206.43093922651934,169,169,210.55248618784532,1
6078,Drink & food To Go,0.9988781738281249,1.0,9077,9077,0,644.5524861878453,28,9408,1179.8839779005525,336
6079,Ironing,0.9988781738281249,1.0,2,2,0,699.0386740331492,2,2,698.0055248618785,1
6080,Drink & food To Go,0.9988781738281249,0.931519464210967,11945,11127,818,814.3812154696133,11,10560,1105.5414364640883,960
6082,Electric personal care,0.9988781738281249,0.9974217311233886,5430,5416,14,134.02762430939225,276,5520,242.82872928176795,20
6095,Construction,0.9988781738281249,1.0,597,597,0,317.585635359116,73,584,356.121546961326,8
6096,"Cloths, mops, sponges and brush",0.9988781738281249,1.0,0,0,0,3713.0,0,0,1602.132596685083,2106
6098,Batteries,0.9988781738281249,1.0,309,309,0,37.790055248618785,15,300,38.97790055248619,20
6107,Ironing,0.9988781738281249,0.6710794297352343,982,659,323,58.889502762430936,27,648,53.69613259668508,24
6108,Ironing,0.9988781738281249,0.8966338993148645,3357,3010,347,71.23756906077348,314,3140,184.1657458563536,10
6109,Hobby and creative,0.9988781738281249,1.0,1146,1146,0,533.4475138121547,1,720,154.1988950276243,720
6139,Foods,0.9988781738281249,1.0,795,795,0,1025.3977900552486,674,674,1050.0,1
6140,Store kitchen,0.9988781738281249,1.0,6400,6400,0,380.121546961326,14,6272,616.8563535911602,448
6143,Drink & food To Go,0.9988781738281249,0.9502332814930016,12860,12220,640,820.5690607734807,28,12544,1061.635359116022,448
6144,Bathroom accessories,0.9988781738281249,1.0,79927,79927,0,26422.165745856353,22,79200,62562.6408839779,3600
6145,Cooking pans,0.9988781738281249,0.95864262990456,943,904,39,135.22099447513813,51,1020,266.52486187845307,20
6152,Storage boxes,0.9988781738281249,0.9620656894679696,14736,14177,559,1075.624309392265,263,14202,1357.767955801105,54
6154,Thermos jugs,0.9988781738281249,1.0,2099,2099,0,165.0,9,1944,90.92817679558011,216
6155,Storage boxes,0.9988781738281249,0.9998546511627907,6880,6879,1,321.43646408839777,142,6816,405.5966850828729,48
6157,Wash treatment and accessories,0.9988781738281249,0.9845026768103691,14196,13976,220,369.3646408839779,44,14080,740.7790055248619,320
6158,Personal care,0.9988781738281249,1.0,74272,74272,0,25178.403314917126,19,37620,16201.812154696132,1980
6159,Cleaning products,0.9988781738281249,0.9761073825503356,7450,7272,178,341.707182320442,17,7140,399.6629834254144,420
6162,Wash treatment and accessories,0.9988781738281249,0.6702296120348377,22734,15237,7497,1640.0441988950276,53,17808,1579.3480662983425,336
6168,"Cloths, mops, sponges and brush",0.9988781738281249,1.0,10657,10657,0,469.88950276243094,28,10752,657.0441988950276,384
6174,Coffee makers and kettles,0.9988781738281249,0.9896474753694581,25984,25715,269,671.110497237569,313,26292,1621.3314917127072,84
6184,Special pans,0.9988781738281249,0.8640718562874251,13360,11544,1816,570.3425414364641,178,11392,918.8397790055249,64
6190,Bags and backpacks,0.9988781738281249,1.0,18716,18716,0,1026.6022099447514,13,17784,612.5248618784531,1368
6215,Vases,0.9988781738281249,1.0,2031,2031,0,248.0939226519337,13,1872,244.8011049723757,144
6216,Candles & Tealights,0.9988781738281249,1.0,10442,10442,0,7674.436464088398,9,6462,10366.17679558011,718
6227,Clocks,0.9988781738281249,0.9972485768500948,10540,10511,29,323.939226519337,44,10560,600.8011049723757,240
6233,"Glasses (drink, beer, wine etc)",0.9988781738281249,1.0,205,205,0,291.22651933701655,30,180,293.96685082872926,6
6238,Batteries,0.9988781738281249,0.9188034188034188,234,215,19,33.04419889502763,10,200,25.80110497237569,20
6239,Cutlery,0.9988781738281249,1.0,2751,2751,0,1708.646408839779,2595,2595,2939.8453038674033,1
6245,Storage boxes,0.9988781738281249,1.0,410,410,0,374.5193370165746,12,384,366.8618784530387,32
6246,"Glasses (drink, beer, wine etc)",0.9988781738281249,1.0,548,548,0,217.34806629834253,128,512,232.97790055248618,4
6248,Storage boxes,0.9988781738281249,1.0,8281,8281,0,478.76795580110496,125,8000,621.0718232044198,64
6250,Cleaning products,0.9988781738281249,0.9951342584249414,5549,5522,27,250.02209944751382,31,5394,365.48618784530385,174
6251,Storage boxes,0.9988781738281249,1.0,884,884,0,288.3867403314917,795,795,313.3204419889503,1
6256,Light bulbs,0.9988781738281249,1.0,777,777,0,150.83977900552486,7,693,126.56353591160222,99
6257,Wash treatment and accessories,0.9988781738281249,0.6897974242017708,29816,20567,9249,2031.7127071823204,72,24192,2136.767955801105,336
6258,Cleaning products,0.9988781738281249,1.0,5109,5109,0,887.7237569060774,3,4320,235.32044198895028,1440
6259,Wash treatment and accessories,0.9988781738281249,0.8597550781576527,47852,41141,6711,2878.723756906077,95,41040,3178.3922651933703,432
6261,Cleaning products,0.9988781738281249,1.0,3273,3273,0,659.6795580110497,2,2232,107.93370165745857,1116
6264,Waste bins,0.9988781738281249,0.9848903330625508,6155,6062,93,143.61878453038673,228,6156,229.4972375690608,27
6266,Shoe maintenance,0.9988781738281249,1.0,2141,2141,0,1138.232044198895,1,1512,185.11602209944752,1512
6267,Residential odors,0.9988781738281249,1.0,4928,4928,0,1309.4696132596684,1,2520,120.07734806629834,2520
6268,Residential odors,0.9988781738281249,1.0,5989,5989,0,875.5248618784531,3,4536,161.77900552486187,1512
6269,Window and squeegees,0.9988781738281249,1.0,74367,74367,0,6606.176795580111,79,68256,13794.21546961326,864
6272,Foodprep,0.9988781738281249,0.9257472988172739,58678,54321,4357,1477.7127071823204,978,54768,2621.5524861878453,56
6273,Sockets and security,0.9988781738281249,1.0,7321,7321,0,881.8618784530387,9,7290,746.4751381215469,810
6274,Coffee makers and kettles,0.9988781738281249,1.0,162,162,0,3684.0773480662983,2,80,3661.9337016574586,40
6284,Construction,0.9988781738281249,1.0,440,440,0,202.11049723756906,2,360,131.0939226519337,180
6297,Candles & Tealights,0.9988781738281249,1.0,6563,6563,0,334.4475138121547,17,6460,289.50828729281767,380
6299,Candles & Tealights,0.9988781738281249,1.0,226,226,0,1810.2375690607735,0,0,251.22099447513813,1710
6300,Candles & Tealights,0.9988781738281249,1.0,447,447,0,9680.558011049723,0,0,887.5690607734807,9120
6301,Candles & Tealights,0.9988781738281249,1.0,784,784,0,1091.7127071823204,0,0,627.9447513812155,1050
6307,Foods,0.9988781738281249,1.0,4556,4556,0,1926.0939226519338,4215,4215,2069.574585635359,1
6308,Others,0.9988781738281249,0.9490860927152318,18875,17914,961,758.5580110497237,23,17250,738.6574585635359,750
6309,Other Holidays,0.9988781738281249,0.3169302480439487,30035,9519,20516,8650.629834254143,19865,19865,6188.972375690608,1
6332,Photo frames & albums,0.9988781738281249,1.0,1483,1483,0,146.02209944751382,10,1480,126.60220994475138,148
6334,Photo frames & albums,0.9988781738281249,1.0,16563,16563,0,816.0497237569061,23,16560,1079.1491712707182,720
6341,Gift cards,0.9988781738281249,1.0,0,0,0,3039.0,0,0,39.0,3000
6347,Window and squeegees,0.9988781738281249,1.0,2949,2949,0,184.19337016574585,150,3000,285.2099447513812,20
6348,Vacuuming,0.9988781738281249,1.0,541,541,0,384.1436464088398,27,432,385.1381215469613,16
6349,Store kitchen,0.9988781738281249,0.9297235023041475,868,807,61,102.39779005524862,7,840,103.45303867403315,120
6351,Tableware,0.9988781738281249,0.7896091362393437,6217,4909,1308,611.0718232044198,6982,6982,1073.0773480662983,1
6365,Tableware,0.9988781738281249,1.0,2116,2116,0,2185.033149171271,46,1656,2937.4309392265195,36
6367,Store kitchen,0.9988781738281249,0.9449838187702265,927,876,51,68.50828729281768,1045,1045,101.65745856353591,1
6369,Drink & food To Go,0.9988781738281249,1.0,450,450,0,1309.2983425414366,304,304,1318.220994475138,1
6371,Thermos jugs,0.9988781738281249,0.9975973089860644,2081,2076,5,123.61878453038673,13,2080,120.39226519337016,160
6375,Bathroom scales,0.9988781738281249,1.0,1323,1323,0,855.1933701657458,5,1120,765.5690607734807,224
6380,Hobby and creative,0.9988781738281249,0.999558693733451,4532,4530,2,175.65745856353593,763,4578,339.47513812154693,6
6387,Baby / Toddler,0.9988781738281249,0.7652,2500,1913,587,290.95580110497235,320,1920,324.28729281767954,6
6395,"Glasses (drink, beer, wine etc)",0.9988781738281249,1.0,1085,1085,0,101.50276243093923,184,1104,138.19337016574585,6
6403,Small storage,0.9988781738281249,1.0,32297,32297,0,844.5801104972376,26,31200,757.2044198895028,1200
6406,Foils and bags,0.9988781738281249,0.9647736078822097,45165,43574,1591,2986.425414364641,9,41400,1828.486187845304,4600
6407,Shoe maintenance,0.9988781738281249,1.0,16182,16182,0,7963.8011049723755,7,21000,14945.408839779006,3000
6408,Cleaning products,0.9988781738281249,1.0,9609,9609,0,1116.2375690607735,4,7920,243.71823204419888,1980
6411,Buckets,0.9988781738281249,0.9824037184594954,30120,29590,530,793.4475138121547,310,29760,1867.1657458563536,96
6414,Baskets,0.9988781738281249,1.0,4342,4342,0,186.51933701657458,37,4440,193.35911602209944,120
6417,Wash treatment and accessories,0.9988781738281249,0.9991935483870967,4960,4956,4,176.5027624309392,28,4872,275.44198895027625,174
6418,Cleaning products,0.9988781738281249,0.9871966253750408,33663,33232,431,665.5414364640884,79,33180,1720.2486187845304,420
6419,Personal care,0.9988781738281249,1.0,10361,10361,0,2920.8011049723755,8399,8399,2714.558011049724,1
6420,Cleaning products,0.9988781738281249,0.9849280043062845,22293,21957,336,681.6629834254144,18,21600,443.2707182320442,1200
6421,Cleaning products,0.9988781738281249,0.9448611659428873,7599,7180,419,177.1657458563536,62,7068,392.1988950276243,114
6423,Personal care,0.9988781738281249,1.0,8314,8314,0,1626.1546961325967,7,7560,1187.5469613259668,1080
6428,Cleaning products,0.9988781738281249,0.988848298404153,5201,5143,58,348.2596685082873,31,5394,445.68508287292815,174
6429,Wash treatment and accessories,0.9988781738281249,1.0,16387,16387,0,11447.828729281768,40,15360,11220.342541436465,384
6430,Waste bins,0.9988781738281249,0.9936639720340834,4577,4548,29,118.20441988950276,129,4644,174.66298342541435,36
6433,Shoe maintenance,0.9988781738281249,1.0,1581,1581,0,999.0331491712707,1,1440,179.04419889502762,1440
6434,Phones,0.9988781738281249,1.0,9897,9897,0,6291.723756906077,7874,7874,9613.767955801104,1
6437,Electric personal care,0.9988781738281249,0.9257481862152358,26464,24499,1965,1464.4088397790056,39,24570,2060.696132596685,630
6440,Electric personal care,0.9988781738281249,0.9942794878779624,3671,3650,21,160.61325966850828,57,3591,263.6740331491713,63
6442,Electric personal care,0.9988781738281249,0.8983013088276246,17955,16129,1826,524.7127071823204,53,16960,718.8121546961326,320
6498,Gift cards,0.9988781738281249,1.0,0,0,0,3032.0,0,0,32.0,3000
6503,"Glasses (drink, beer, wine etc)",0.9988781738281249,1.0,555,555,0,177.38674033149172,6,576,164.14917127071823,96
6511,Tableware,0.9988781738281249,1.0,3620,3620,0,3947.8011049723755,320,3840,5665.226519337017,12
6512,Construction,0.9988781738281249,1.0,1784,1784,0,646.5745856353591,3,1764,447.2099447513812,588
6513,Reading glasses,0.9988781738281249,1.0,2979,2979,0,3196.966850828729,1,2500,2067.475138121547,2500
6515,Construction,0.9988781738281249,1.0,393,393,0,311.4806629834254,1,224,187.32596685082873,224
6516,Tea and coffee,0.9988781738281249,1.0,6291,6291,0,6152.933701657458,2025,2025,7224.099447513812,1
6517,Ironing,0.9988781738281249,0.86453358802929,6282,5431,851,115.55801104972376,53,5724,274.7790055248619,108
6520,Insecticides,0.9988781738281249,1.0,46,46,0,54.41436464088398,2,40,35.08839779005525,20
6522,Kitchen tools,0.9988781738281249,1.0,801,801,0,98.23204419889503,50,800,119.20994475138122,16
6523,Bathroom accessories,0.9988781738281249,1.0,13412,13412,0,1102.171270718232,13168,13168,1606.3370165745857,1
6524,Foodprep,0.9988781738281249,1.0,13168,13168,0,6113.92817679558,7722,46332,24451.419889502762,6
6526,Batteries,0.9988781738281249,1.0,8920,8920,0,432.16022099447514,906,9060,771.9889502762431,10
6527,Batteries,0.9988781738281249,0.9933548741083948,32806,32588,218,1254.9060773480662,25,32500,1822.745856353591,1300
6528,Sockets and security,0.9988781738281249,0.9136801541425819,25950,23710,2240,943.9613259668508,40,23040,1550.4198895027625,576
6533,Bath textiles and bath mats,0.9988781738281249,0.9727846484987779,27411,26665,746,980.2872928176796,74,26640,1227.0165745856355,360
6534,Hobby and creative,0.9988781738281249,1.0,613,613,0,166.95027624309392,4,480,121.01104972375691,120
6538,Home decoration,0.9988781738281249,1.0,1097,1097,0,146.40883977900552,1217,1217,187.95027624309392,1
6540,Cleaning products,0.9988781738281249,0.9929372899698126,17557,17433,124,533.232044198895,25,17400,841.7734806629834,696
6541,Personal care,0.9988781738281249,1.0,314,314,0,3892.1988950276245,0,0,2829.281767955801,1
6544,Wash treatment and accessories,0.9988781738281249,1.0,10465,10465,0,705.9447513812155,18,10368,784.9723756906077,576
6545,Foods,0.9988781738281249,1.0,849,849,0,999.8342541436464,691,691,1025.0552486187846,1
6546,Cleaning products,0.9988781738281249,1.0,7365,7365,0,277.88950276243094,43,7482,473.0662983425414,174
6547,Cleaning products,0.9988781738281249,0.9395385639466974,79621,74807,4814,5706.110497237569,62,74400,7890.215469613259,1200
6548,Cleaning products,0.9988781738281249,1.0,3068,3068,0,315.55801104972375,10,2820,282.6132596685083,282
6549,Cleaning products,0.9988781738281249,0.993671231381963,18329,18213,116,686.9944751381215,15,17640,369.43093922651934,1176
6552,Cleaning products,0.9988781738281249,0.9985665137614679,3488,3483,5,135.26519337016575,3556,3556,288.72375690607737,1
6553,Cleaning products,0.9988781738281249,1.0,8772,8772,0,968.6187845303867,16,8640,1066.011049723757,540
6558,Cleaning products,0.9988781738281249,1.0,2632,2632,0,742.121546961326,4,2400,495.0828729281768,600
6559,Personal care,0.9988781738281249,0.9360621342069423,27167,25430,1737,3343.6132596685084,15,22950,3466.353591160221,1530
6562,Shoe maintenance,0.9988781738281249,1.0,4917,4917,0,1254.414364640884,15,3960,986.5966850828729,264
6563,Residential odors,0.9988781738281249,1.0,22580,22580,0,961.1160220994475,22,21780,826.2154696132596,990
6564,Sockets and security,0.9988781738281249,1.0,8203,8203,0,4610.944751381216,2,2000,5199.972375690608,1000
6565,Coffee makers and kettles,0.9988781738281249,1.0,151,151,0,2495.966850828729,0,0,2215.524861878453,40
6566,Electric personal care,0.9988781738281249,0.9815350389321468,8990,8824,166,337.353591160221,28,8960,371.91160220994476,320
6567,(Steam) cleaners,0.9988781738281249,1.0,369,369,0,70.74585635359117,11,352,67.34806629834254,32
6568,Electric personal care,0.9988781738281249,0.9989173974234059,9237,9227,10,418.5193370165746,53,9540,533.1381215469613,180
6578,Frying pans,0.9988781738281249,1.0,6815,6815,0,2221.033149171271,70,6720,2391.8453038674033,96
6583,Partyfun,0.9988781738281249,0.8472956257730799,8893,7535,1358,2133.022099447514,3,6600,827.3204419889503,2200
6587,Personal care,0.9988781738281249,1.0,93,93,0,2992.171270718232,0,0,2328.4198895027625,1
6603,Candles & Tealights,0.9988781738281249,1.0,605,605,0,1514.342541436464,3,576,1436.5193370165746,192
6604,Candles & Tealights,0.9988781738281249,1.0,1157,1157,0,1538.3093922651933,0,0,721.5580110497237,1650
6619,Candles & Tealights,0.9988781738281249,0.9901602759180361,39432,39044,388,1193.5303867403316,82,39360,1592.1160220994475,480
6625,Photo frames & albums,0.9988781738281249,0.9950272096078063,10658,10605,53,641.353591160221,16,10368,726.1436464088398,648
6628,Photo frames & albums,0.9988781738281249,0.9954780361757106,1548,1541,7,145.29834254143645,10,1480,128.69060773480663,148
6632,Stationary,0.9988781738281249,0.9877440622094498,11831,11686,145,367.10497237569064,595,11900,805.4309392265193,20
6633,Clocks,0.9988781738281249,1.0,2577,2577,0,2262.9226519337017,5,2880,2894.9447513812156,576
6636,Gift cards,0.9988781738281249,1.0,0,0,0,3039.0,0,0,39.0,3000
6651,Tableware,0.9988781738281249,1.0,2145,2145,0,1873.8950276243095,114,4104,3621.817679558011,36
6654,Hobby and creative,0.9988781738281249,1.0,395,395,0,266.30386740331494,1,336,114.1767955801105,336
6657,Serve and present,0.9988781738281249,1.0,4051,4051,0,2896.9447513812156,3913,3913,4666.093922651934,1
6658,Tableware,0.9988781738281249,1.0,5901,5901,0,5410.950276243094,4491,4491,7527.812154696133,1
6659,Tableware,0.9988781738281249,1.0,11140,11140,0,9203.011049723757,11622,11622,14714.569060773481,1
6661,Fans and electric blankets,0.9988781738281249,1.0,102,102,0,98.2486187845304,0,0,59.84530386740332,96
6662,Mugs and cups,0.9988781738281249,1.0,2036,2036,0,1289.9226519337017,45,2160,2065.0883977900553,48
6663,Others,0.9988781738281249,1.0,2163,2163,0,1767.9558011049724,2194,2194,1851.121546961326,1
6665,Tea and coffee,0.9988781738281249,1.0,12809,12809,0,567.1546961325967,24,12288,778.7182320441989,512
6668,Waste bags,0.9988781738281249,0.9952598767936848,54218,53961,257,1713.7127071823204,23,52992,2584.1381215469614,2304
6673,Baskets,0.9988781738281249,0.9949653166256434,8938,8893,45,275.8232044198895,23,8832,220.52486187845304,384
6674,Baskets,0.9988781738281249,1.0,6857,6857,0,357.9447513812155,12,6480,199.67955801104972,540
6675,Baskets,0.9988781738281249,1.0,6918,6918,0,290.22651933701655,19,6840,219.22099447513813,360
6677,Wash treatment and accessories,0.9988781738281249,1.0,915,915,0,578.2817679558011,15,900,581.2817679558011,60
6678,Baby / Toddler,0.9988781738281249,1.0,167,167,0,127.62430939226519,0,0,32.52486187845304,180
6682,Cleaning products,0.9988781738281249,1.0,15077,15077,0,942.5911602209944,8,13824,325.56353591160223,1728
6683,Cleaning products,0.9988781738281249,1.0,3182,3182,0,311.121546961326,7,3150,210.34254143646407,450
6684,Waste bins,0.9988781738281249,0.9997488699146158,7964,7962,2,346.9502762430939,348,8352,1233.6187845303868,24
6686,Waste bins,0.9988781738281249,0.9739993157714677,2923,2847,76,153.1767955801105,244,2928,258.0828729281768,12
6688,Drink & food To Go,0.9988781738281249,1.0,7695,7695,0,530.0,13,7280,529.5580110497237,560
6690,Cleaning products,0.9988781738281249,0.9978809568656998,21236,21191,45,2836.0939226519336,4,20160,522.3204419889503,5040
6692,Electric personal care,0.9988781738281249,1.0,39721,39721,0,3624.0441988950274,2140,42800,5203.436464088398,20
6700,Electric personal care,0.9988781738281249,1.0,91,91,0,1756.745856353591,0,0,1395.6850828729282,1
6703,Special pans,0.9988781738281249,1.0,152,152,0,2111.2265193370167,0,0,1915.4088397790056,1
6711,Personal care,0.9988781738281249,1.0,1354,1354,0,1240.4088397790056,1,1386,178.11049723756906,1386
6720,Candles & Tealights,0.9988781738281249,1.0,130,130,0,2354.6740331491715,0,0,809.2154696132596,1650
6721,Candles & Tealights,0.9988781738281249,1.0,128,128,0,1942.9392265193371,0,0,321.8066298342541,1710
6735,Vases,0.9988781738281249,1.0,51074,51074,0,14179.132596685084,13,42432,29543.39226519337,3264
6743,Wash treatment and accessories,0.9988781738281249,0.9983854692230071,4955,4947,8,417.9447513812155,5458,5458,616.2596685082873,1
6751,Cleaning products,0.9988781738281249,1.0,39370,39370,0,3775.6740331491715,68,39168,4972.458563535912,576
6752,Tableware,0.9988781738281249,1.0,3895,3895,0,2995.0828729281766,153,3672,4760.232044198895,24
6753,Hobby and creative,0.9988781738281249,1.0,1029,1029,0,554.6961325966851,1,720,169.7292817679558,720
6754,Reading glasses,0.9988781738281249,1.0,1613,1613,0,2714.8121546961324,0,0,1142.3812154696132,2500
6762,"Cloths, mops, sponges and brush",0.9988781738281249,1.0,21892,21892,0,1705.745856353591,11,22528,2296.259668508287,2048
6763,Planks,0.9988781738281249,1.0,1315,1315,0,362.2651933701657,2,960,147.4696132596685,480
6765,Tableware,0.9988781738281249,1.0,2417,2417,0,381.060773480663,50,2400,445.707182320442,48
6768,Store kitchen,0.9988781738281249,1.0,27003,27003,0,1354.8397790055249,22,26752,1156.364640883978,1216
6770,Cleaning products,0.9988781738281249,1.0,19013,19013,0,1531.2983425414366,22,19008,1396.2707182320441,864
6771,Cleaning products,0.9988781738281249,1.0,16897,16897,0,1608.6077348066299,17,16524,1395.9944751381215,972
6772,Thermometers,0.9988781738281249,1.0,12532,12532,0,11475.82320441989,1,8000,8068.138121546961,8000
6773,Measuring and weighing,0.9988781738281249,0.9928075924586117,23497,23328,169,824.0828729281768,30,23760,2170.220994475138,792
6775,Bathroom accessories,0.9988781738281249,1.0,1432,1432,0,373.1436464088398,2,1152,105.48618784530387,576
6776,"Cloths, mops, sponges and brush",0.9988781738281249,1.0,155,155,0,2956.182320441989,0,0,1153.0883977900553,1872
6777,Baby / Toddler,0.9988781738281249,1.0,215,215,0,328.9447513812155,152,152,330.16022099447514,1
6779,Waste bags,0.9988781738281249,0.9830457335824446,86173,84712,1461,10045.707182320442,5,76800,10716.419889502762,15360
6782,Storage boxes,0.9988781738281249,1.0,8082,8082,0,676.3756906077348,161,7728,820.243093922652,48
6784,Cleaning products,0.9988781738281249,0.9811625403659849,11148,10938,210,447.6132596685083,19,10716,562.6132596685082,564
6786,Cleaning products,0.9988781738281249,0.9998224116497958,5631,5630,1,246.44198895027625,19,5358,302.6795580110497,282
6787,Personal care,0.9988781738281249,0.940290521922902,74762,70298,4464,4517.911602209945,61,70272,6629.8011049723755,1152
6791,Cleaning products,0.9988781738281249,1.0,21107,21107,0,4275.204419889503,19879,19879,4905.149171270718,1
6792,Window and squeegees,0.9988781738281249,1.0,6671,6671,0,640.5193370165746,9,6048,532.8950276243094,672
6794,Cleaning products,0.9988781738281249,1.0,8492,8492,0,716.0386740331492,48,8352,952.7955801104972,174
6796,"Cloths, mops, sponges and brush",0.9988781738281249,1.0,1716,1716,0,3413.1546961325967,23,1702,3440.3591160220994,74
6798,Cleaning products,0.9988781738281249,1.0,2066,2066,0,953.7292817679559,3,1800,677.9613259668508,600
6801,Partyfun,0.9988781738281249,0.9959010321497358,40498,40332,166,758.2375690607735,72,40320,1126.7403314917126,560
6803,Residential odors,0.9988781738281249,1.0,13898,13898,0,878.6077348066299,16,12800,689.2044198895028,800
6815,Partyfun,0.9988781738281249,0.9941975206513903,84619,84128,491,2270.3922651933703,179,85920,3424.657458563536,480
6830,Candles & Tealights,0.9988781738281249,1.0,214,214,0,394.2486187845304,1,66,354.11049723756906,66
6833,Residential odors,0.9988781738281249,1.0,10611,10611,0,563.828729281768,536,10720,727.7127071823204,20
6838,Greeting cards,0.9988781738281249,1.0,3512,3512,0,1153.3038674033148,1,1920,157.07734806629836,1920
6846,Photo frames & albums,0.9988781738281249,0.983154296875,16384,16108,276,589.756906077348,36,15840,989.6961325966851,440
6848,Photo frames & albums,0.9988781738281249,1.0,12640,12640,0,481.6022099447514,28,12320,739.3093922651934,440
6850,Photo frames & albums,0.9988781738281249,1.0,2128,2128,0,165.65193370165747,13,2080,165.3314917127072,160
6852,Gift cards,0.9988781738281249,1.0,0,0,0,3066.0,0,0,30.132596685082873,3000
6860,Gift cards,0.9988781738281249,1.0,0,0,0,3152.0,0,0,86.04419889502762,3000
6864,"Glasses (drink, beer, wine etc)",0.9988781738281249,1.0,378,378,0,253.5745856353591,64,384,264.3922651933702,6
6872,Drink & food To Go,0.9988781738281249,1.0,892,892,0,1416.9558011049724,825,825,1446.6685082872928,1
6873,Reading glasses,0.9988781738281249,1.0,1216,1216,0,2612.8011049723755,0,0,845.0055248618785,2500
6874,Tea and coffee,0.9988781738281249,1.0,1887,1887,0,1829.5082872928176,2089,2089,2772.3480662983425,1
6875,Racks and pockets,0.9988781738281249,1.0,2126,2126,0,2430.1988950276245,2055,2055,2606.1657458563536,1
6879,"Glasses (drink, beer, wine etc)",0.9988781738281249,1.0,88,88,0,2277.475138121547,89,89,2277.734806629834,1
6882,Teletoys,0.9988781738281249,1.0,969,969,0,753.4530386740331,7,840,726.9281767955802,120
6883,Electric personal care,0.9988781738281249,0.9225150841536995,6298,5810,488,1058.3314917127072,6622,6622,1264.585635359116,1
6884,Batteries,0.9988781738281249,1.0,36242,36242,0,26185.96132596685,2,24000,29492.933701657457,12000
6887,Batteries,0.9988781738281249,0.987885462555066,29964,29601,363,990.4419889502763,33,29700,1647.1270718232045,900
6893,Serve and present,0.9988781738281249,0.9594446474241871,2737,2626,111,148.71270718232043,433,2598,234.14917127071823,6
6894,Foods,0.9988781738281249,1.0,2,2,0,2540.1988950276245,0,0,2531.3093922651933,1
6896,Store kitchen,0.9988781738281249,0.977355451763569,31045,30342,703,1603.7182320441989,38,29184,3358.049723756906,768
6897,Store kitchen,0.9988781738281249,0.9987374777000138,36435,36389,46,1047.6022099447514,60,36480,1333.0055248618785,608
6898,Shoe maintenance,0.9988781738281249,1.0,18709,18709,0,13189.381215469613,2,14400,13866.817679558011,7200
6899,Cleaning products,0.9988781738281249,0.9866135458167331,18825,18573,252,1608.5469613259668,19,18468,1401.7182320441989,972
6900,Dishwashing articles,0.9988781738281249,1.0,23249,23249,0,2259.0883977900553,8,23040,3266.696132596685,2880
6902,Shoe maintenance,0.9988781738281249,1.0,16731,16731,0,12680.806629834255,2,14400,14217.198895027625,7200
6905,Racks and pockets,0.9988781738281249,1.0,36135,36135,0,19520.08287292818,12,43200,36717.70718232044,3600
6908,Vacuuming,0.9988781738281249,1.0,561,561,0,1919.0883977900553,0,0,878.646408839779,675
6909,Storage boxes,0.9988781738281249,1.0,250,250,0,112.38674033149171,14,224,107.87292817679558,16
6910,Baskets,0.9988781738281249,1.0,9335,9335,0,394.5966850828729,17,9180,276.22651933701655,540
6911,Baskets,0.9988781738281249,0.9981052061716141,11083,11062,21,313.6022099447514,29,11136,301.49171270718233,384
6912,Storage boxes,0.9988781738281249,1.0,93,93,0,412.01657458563534,0,0,367.6243093922652,20
6913,Personal care,0.9988781738281249,0.726397009489121,20866,15157,5709,1395.4254143646408,16532,16532,1921.2651933701657,1
6915,Hobby and creative,0.9988781738281249,1.0,360,360,0,151.77900552486187,339,339,170.09944751381215,1
6916,Cleaning products,0.9988781738281249,1.0,2785,2785,0,946.3038674033149,3,2088,597.1657458563536,696
6921,Wash treatment and accessories,0.9988781738281249,1.0,23831,23831,0,1864.6961325966852,17,24480,2056.3812154696134,1440
6922,Wash treatment and accessories,0.9988781738281249,0.6326362316928354,30316,19179,11137,2505.6298342541436,69,23184,2353.767955801105,336
6924,Residential odors,0.9988781738281249,1.0,5146,5146,0,883.1491712707183,3,4536,144.81767955801104,1512
6932,Others,0.9988781738281249,1.0,1571,1571,0,409.1325966850829,1659,1659,468.6132596685083,1
6934,Cooking pans,0.9988781738281249,0.8597194388777555,1497,1287,210,100.77900552486187,13,1456,91.8232044198895,112
6954,Candles & Tealights,0.9988781738281249,0.9589213357552047,7157,6863,294,281.16574585635357,30,6840,306.9281767955801,228
6955,Candles & Tealights,0.9988781738281249,1.0,78,78,0,829.7955801104972,0,0,137.27624309392266,750
6956,Candles & Tealights,0.9988781738281249,1.0,194,194,0,295.3756906077348,0,0,195.50828729281767,228
6957,Candles & Tealights,0.9988781738281249,1.0,189,189,0,2206.6243093922653,0,0,691.8729281767955,1680
6964,Residential odors,0.9988781738281249,0.7860673772037603,34997,27510,7487,1485.2983425414366,35,27300,1462.0828729281768,780
6969,Gift,0.9988781738281249,1.0,22531,22531,0,2026.6077348066299,15,22500,2110.5801104972375,1500
6973,Gift,0.9988781738281249,1.0,56661,56661,0,3728.342541436464,39,58500,5168.823204419889,1500
6977,Photo frames & albums,0.9988781738281249,1.0,4362,4362,0,289.38121546961327,16,4224,318.77348066298345,264
6978,Vases,0.9988781738281249,0.9980090179773965,17077,17043,34,3983.8232044198894,8,15360,8583.78453038674,1920
6985,Storage boxes,0.9988781738281249,0.8624572805199171,35698,30788,4910,1198.6187845303868,333,31968,2252.5690607734805,96
6987,Store kitchen,0.9988781738281249,0.7973318194720409,3523,2809,714,1837.3591160220994,40,3840,1562.4972375690609,96
6994,Hobby and creative,0.9988781738281249,1.0,529,529,0,773.7016574585635,3,432,690.7182320441989,144
6995,Hobby and creative,0.9988781738281249,1.0,0,0,0,224.0,0,0,14.0,210
6996,Tableware,0.9988781738281249,1.0,5846,5846,0,3462.983425414365,155,5580,6100.2209944751385,36
6997,Tableware,0.9988781738281249,1.0,2832,2832,0,2984.806629834254,129,3096,4390.67955801105,24
7000,Hobby and creative,0.9988781738281249,1.0,357,357,0,356.4033149171271,0,0,73.0939226519337,480
7001,Hobby and creative,0.9988781738281249,1.0,454,454,0,340.7513812154696,1,420,150.47513812154696,420
7005,Kitchen tools,0.9988781738281249,1.0,1041,1041,0,140.58011049723757,21,1008,154.59116022099448,48
7006,Drinks,0.9988781738281249,1.0,3869,3869,0,3724.6353591160223,3153,3153,2455.6685082872928,1
7011,Others,0.9988781738281249,1.0,3066,3066,0,3314.723756906077,6,6000,5199.254143646409,1000
7020,Bathroom accessories,0.9988781738281249,1.0,7966,7966,0,268.1546961325967,27,8100,414.6132596685083,300
7027,Toilet cleaners and odors,0.9988781738281249,1.0,5782,5782,0,6138.171270718232,6,5520,5709.729281767955,920
7028,Light bulbs,0.9988781738281249,1.0,1793,1793,0,449.8453038674033,4,1496,322.58011049723757,374
7029,Cleaning products,0.9988781738281249,1.0,4738,4738,0,315.34806629834253,27,4698,405.35911602209944,174
7030,Cleaning products,0.9988781738281249,0.9994525547445255,5480,5477,3,257.23756906077347,31,5394,379.22651933701655,174
7036,"Cloths, mops, sponges and brush",0.9988781738281249,1.0,2667,2667,0,1132.635359116022,6118,6118,3812.734806629834,1
7050,Phones,0.9988781738281249,1.0,8354,8354,0,862.9005524861878,430,8600,1178.1049723756905,20
7055,Electric personal care,0.9988781738281249,0.9104887983706721,9820,8941,879,395.8618784530387,1503,9018,724.6740331491712,6
7080,Others,0.9988781738281249,0.9783139995180888,29051,28421,630,1349.8618784530386,17,28050,1139.7900552486187,1650
7089,Residential odors,0.9988781738281249,1.0,66,66,0,1722.9281767955802,0,0,97.2707182320442,1650
7091,Gift,0.9988781738281249,1.0,17523,17523,0,2955.403314917127,12,18000,3472.497237569061,1500
7093,Partyfun,0.9988781738281249,1.0,5855,5855,0,351.23204419889504,316,6320,789.3149171270718,20
7096,Others,0.9988781738281249,0.7222693659837556,8249,5958,2291,3451.6629834254145,8194,8194,3036.9558011049726,1
7103,Vases,0.9988781738281249,0.9728354263053536,15130,14719,411,429.5193370165746,46,14490,832.817679558011,315
7106,Gift cards,0.9988781738281249,1.0,0,0,0,3047.0,0,0,20.845303867403317,3000
7110,Gift cards,0.9988781738281249,1.0,0,0,0,3066.0,0,0,36.87292817679558,3000
7115,Window and squeegees,0.9988781738281249,1.0,1697,1697,0,105.19337016574586,87,1740,160.93370165745856,20
7128,Tableware,0.9988781738281249,1.0,3462,3462,0,3021.756906077348,104,3744,4756.237569060773,36
7130,Tea and coffee,0.9988781738281249,1.0,4878,4878,0,3707.353591160221,4571,4571,5820.867403314917,1
7133,Games,0.9988781738281249,1.0,138,138,0,27.23756906077348,11,132,22.994475138121548,12
7134,Tableware,0.9988781738281249,1.0,3004,3004,0,1545.0939226519338,77,2772,2619.254143646409,36
7135,"Cloths, mops, sponges and brush",0.9988781738281249,1.0,21985,21985,0,1524.5414364640883,20,21840,2603.038674033149,1092
7136,"Cloths, mops, sponges and brush",0.9988781738281249,1.0,12591,12591,0,1570.3867403314916,6,12096,1431.4530386740332,2016
7141,Laundry baskets,0.9988781738281249,0.8082974617782396,26948,21782,5166,986.5027624309392,455,21840,1205.585635359116,48
7142,Baskets,0.9988781738281249,1.0,8946,8946,0,577.2541436464088,9,8910,237.12707182320443,990
7143,Baskets,0.9988781738281249,1.0,12453,12453,0,379.8674033149171,32,12288,398.4033149171271,384
7144,Personal care,0.9988781738281249,0.8177689278682656,89392,73102,16290,5671.508287292818,21,70560,5174.0110497237565,3360
7145,Storage boxes,0.9988781738281249,1.0,6963,6963,0,337.939226519337,109,6976,416.76243093922653,64
7146,Storage boxes,0.9988781738281249,1.0,6513,6513,0,297.47513812154693,51,6528,337.6629834254144,128
7148,Wash treatment and accessories,0.9988781738281249,1.0,3033,3033,0,163.3646408839779,42,3024,242.6961325966851,72
7149,Wash treatment and accessories,0.9988781738281249,1.0,1917,1917,0,175.0939226519337,27,1944,210.77348066298342,72
7158,Cleaning products,0.9988781738281249,0.9415634250630414,18242,17176,1066,1499.5193370165746,17,16524,1229.7016574585634,972
7161,Bathroom accessories,0.9988781738281249,0.9953890725098952,24507,24394,113,9951.154696132597,8,28800,20520.74585635359,3600
7162,Measuring and weighing,0.9988781738281249,1.0,12537,12537,0,924.7624309392265,17,12240,1838.8618784530386,720
7163,Shoe maintenance,0.9988781738281249,1.0,16679,16679,0,1241.0,12,15360,2240.5801104972375,1280
7168,Electric personal care,0.9988781738281249,0.9970295559186099,6733,6713,20,147.12154696132598,337,6740,246.23756906077347,20
7177,Moisture treatment and climate,0.9988781738281249,0.9591778327045661,38435,36866,1569,1943.7403314917126,175,37800,3265.685082872928,216
7195,Candles & Tealights,0.9988781738281249,1.0,210,210,0,757.6850828729282,0,0,233.292817679558,600
7196,Candles & Tealights,0.9988781738281249,1.0,129,129,0,2047.9281767955802,0,0,504.0,1650
7216,Photo frames & albums,0.9988781738281249,1.0,13263,13263,0,580.2375690607735,30,13200,859.7403314917127,440
7222,Gift cards,0.9988781738281249,1.0,0,0,0,3043.0,0,0,15.806629834254144,3000
7224,Gift cards,0.9988781738281249,1.0,0,0,0,3299.0,0,0,294.1988950276243,3000
7225,Storage boxes,0.9988781738281249,0.9952441459430024,27545,27414,131,840.9779005524862,398,28656,1887.0331491712707,72
7228,Kitchen helpers,0.9988781738281249,1.0,2376,2376,0,110.24309392265194,124,2480,190.58011049723757,20
7230,Construction,0.9988781738281249,1.0,1465,1465,0,197.6961325966851,39,1560,283.57458563535914,40
7235,Tableware,0.9988781738281249,1.0,3628,3628,0,3338.5911602209944,233,2796,4585.005524861878,12
7236,Boys toys,0.9988781738281249,1.0,18,18,0,481.7513812154696,0,0,5.723756906077348,480
7239,"Cloths, mops, sponges and brush",0.9988781738281249,1.0,13469,13469,0,1569.4198895027625,14028,14028,2611.513812154696,1
7240,Hobby and creative,0.9988781738281249,1.0,226,226,0,145.88950276243094,1,216,65.96132596685082,216
7242,Batteries,0.9988781738281249,1.0,6646,6646,0,515.1988950276243,335,6700,759.5524861878453,20
7244,Cleaning products,0.9988781738281249,1.0,2,2,0,187.28176795580112,0,0,11.657458563535911,174
7246,"Cloths, mops, sponges and brush",0.9988781738281249,1.0,0,0,0,3946.0,0,0,2820.182320441989,1120
