article_id,article_name,target_fill_rate,realized_fill_rate,total_demand,filled_demand,lost_sales,avg_on_hand,orders_placed,units_ordered,avg_R,Q
1111,Puzzles,0.998902587890625,1.0,92,92,0,34.79558011049724,96,96,30.430939226519335,1
1126,Table paper,0.998902587890625,1.0,3940,3940,0,3924.657458563536,3,3024,3615.3922651933703,1008
1127,Table paper,0.998902587890625,1.0,16478,16478,0,794.7790055248619,16,16128,895.232044198895,1008
1129,Kitchen tools,0.998902587890625,0.9968168872507958,5969,5950,19,314.1491712707182,11,5720,143.93370165745856,520
1131,Bicycle accessories,0.998902587890625,1.0,5319,5319,0,610.1933701657458,5,4800,314.1325966850829,960
1134,Ironing boards,0.998902587890625,1.0,4323,4323,0,387.5911602209945,198,4356,537.9558011049724,22
1135,"Cloths, mops, sponges and brush",0.998902587890625,1.0,9812,9812,0,1279.342541436464,8,8000,1348.121546961326,1000
1136,Kitchen textile,0.998902587890625,1.0,9291,9291,0,1876.8121546961327,26,12480,6368.1270718232045,480
1137,Table textiles,0.998902587890625,1.0,2134,2134,0,198.5303867403315,7,2016,124.32596685082873,288
1138,Table textiles,0.998902587890625,1.0,1839,1839,0,189.65193370165747,6,1728,118.08839779005525,288
1139,Table textiles,0.998902587890625,1.0,1671,1671,0,200.81767955801104,6,1728,119.65193370165746,288
1141,Bath textiles and bath mats,0.998902587890625,1.0,40275,40275,0,8776.342541436465,23,41400,21632.005524861877,1800
1151,Outdoor toys,0.998902587890625,1.0,1211,1211,0,559.3314917127071,1319,1319,601.5082872928177,1
1162,Light bulbs,0.998902587890625,1.0,3278,3278,0,397.58011049723757,22,3300,449.09944751381215,150
1164,Batteries,0.998902587890625,0.944035609944325,72564,68503,4061,1538.292817679558,107,69550,3831.1436464088397,650
1166,Batteries,0.998902587890625,0.9982426060865838,23330,23289,41,710.5027624309392,39,23400,1299.8397790055249,600
1167,Batteries,0.998902587890625,0.9877032588894137,59284,58555,729,1267.5414364640883,108,60480,3279.038674033149,560
1170,Tableware,0.998902587890625,1.0,2968,2968,0,480.11049723756906,62,2976,562.7900552486187,48
1171,Stairs,0.998902587890625,0.7089206604913412,9932,7041,2891,294.49171270718233,212,6996,375.71270718232046,33
1172,"Cloths, mops, sponges and brush",0.998902587890625,0.9829259525521208,22256,21876,380,685.414364640884,61,20496,2792.038674033149,336
1173,Racks and pockets,0.998902587890625,1.0,14647,14647,0,12223.756906077348,1,7200,10250.955801104972,7200
1174,Store kitchen,0.998902587890625,1.0,3367,3367,0,1353.132596685083,28,3024,1495.8508287292818,108
1178,Baskets,0.998902587890625,0.9980901451489687,7854,7839,15,269.83977900552486,22,7920,208.48066298342542,360
1180,Construction,0.998902587890625,1.0,744,744,0,246.09944751381215,777,777,296.10497237569064,1
1182,Laundry baskets,0.998902587890625,0.7722207991803278,15616,12059,3557,421.9226519337017,190,12160,544.9668508287293,64
1183,Baskets,0.998902587890625,1.0,6644,6644,0,264.37016574585635,18,6480,183.00552486187846,360
1184,Baskets,0.998902587890625,1.0,7237,7237,0,988.6077348066299,26,7280,2329.2983425414363,280
1185,Table textiles,0.998902587890625,1.0,8800,8800,0,12169.132596685084,10341,10341,16679.016574585636,1
1186,Cleaning products,0.998902587890625,1.0,612,612,0,886.9337016574585,0,0,171.15469613259668,864
1187,Suitcases,0.998902587890625,0.9971056439942113,691,689,2,76.1878453038674,31,651,89.22099447513813,21
1188,Cleaning products,0.998902587890625,0.98380195599022,6544,6438,106,383.7955801104972,12,5976,364.03867403314916,498
1189,Wash treatment and accessories,0.998902587890625,1.0,308,308,0,8329.729281767955,0,0,7757.50276243094,480
1191,Cleaning products,0.998902587890625,0.8788131734709365,39534,34743,4791,1453.1270718232045,74,35520,1752.1049723756905,480
1201,Electric personal care,0.998902587890625,0.9833546734955185,10934,10752,182,163.8342541436464,539,10780,330.4806629834254,20
1202,Kitchen appliances,0.998902587890625,1.0,308,308,0,1385.220994475138,98,98,1297.5027624309391,1
1205,Kitchen tools,0.998902587890625,0.9835361927829046,32617,32080,537,3425.3204419889503,5,30240,957.414364640884,6048
1209,Cooking pans,0.998902587890625,0.8284914998924037,13941,11550,2391,827.4198895027624,116,12992,1234.878453038674,112
1218,Personal care,0.998902587890625,1.0,7639,7639,0,1455.0828729281768,596,7152,1714.3812154696132,12
1243,Photo frames & albums,0.998902587890625,1.0,17610,17610,0,700.7624309392265,40,17600,1143.524861878453,440
1245,Clocks,0.998902587890625,1.0,11810,11810,0,4844.674033149171,3,11340,6639.613259668508,3780
1247,Gift cards,0.998902587890625,1.0,0,0,0,3049.0,0,0,49.0,3000
1248,Coffee makers and kettles,0.998902587890625,0.9893339333933393,22220,21983,237,907.4033149171271,81,22680,1634.121546961326,280
1253,Frying pans,0.998902587890625,1.0,5926,5926,0,540.9116022099447,25,6000,642.6353591160221,240
1258,Reading glasses,0.998902587890625,1.0,553,553,0,2616.441988950276,0,0,402.54696132596683,2500
1259,Serve and present,0.998902587890625,1.0,3574,3574,0,2587.232044198895,3932,3932,4398.453038674033,1
1260,Serve and present,0.998902587890625,1.0,1373,1373,0,1956.4088397790056,1988,1988,2856.1215469613257,1
1261,Reading glasses,0.998902587890625,1.0,3676,3676,0,2914.480662983425,1,2500,2515.53591160221,2500
1262,Construction,0.998902587890625,1.0,274,274,0,93.77348066298343,284,284,113.17127071823204,1
1263,Tableware,0.998902587890625,1.0,2850,2850,0,2256.6187845303866,107,2568,3424.209944751381,24
1264,Tableware,0.998902587890625,1.0,2657,2657,0,1902.8839779005525,1483,2966,3445.314917127072,2
1272,Hobby and creative,0.998902587890625,0.9573442583443789,16598,15890,708,556.1878453038674,1973,15784,1244.7237569060774,8
1282,Table paper,0.998902587890625,1.0,17848,17848,0,6422.458563535912,48,15840,8429.707182320442,330
1283,Measuring and weighing,0.998902587890625,1.0,17922,17922,0,9393.883977900552,6,13824,13998.972375690608,2304
1284,Ironing boards,0.998902587890625,0.9948700410396717,5848,5818,30,123.40331491712708,164,5904,201.18232044198896,36
1286,Ironing boards,0.998902587890625,1.0,16453,16453,0,4498.0,4,13440,6381.812154696133,3360
1288,Drying racks,0.998902587890625,1.0,4537,4537,0,5130.226519337017,4,4800,6529.099447513812,1200
1289,Bicycle accessories,0.998902587890625,0.9996186117467581,5244,5242,2,433.0773480662983,8,4800,315.9281767955801,600
1290,Window and squeegees,0.998902587890625,0.9409843162721137,50817,47818,2999,3300.977900552486,93,37200,7365.67955801105,400
1293,Table textiles,0.998902587890625,1.0,904,904,0,184.1988950276243,3,864,67.6353591160221,288
1294,Bed textile,0.998902587890625,1.0,3886,3886,0,565.0386740331492,3376,3376,1297.0220994475137,1
1296,Bath textiles and bath mats,0.998902587890625,0.7738467261904762,26880,20801,6079,4480.696132596685,137,69048,21131.39779005525,504
1304,Tableware,0.998902587890625,1.0,5563,5563,0,584.3756906077348,260,6240,796.9613259668508,24
1307,Suitcases,0.998902587890625,1.0,491,491,0,74.39226519337016,17,391,74.05524861878453,23
1311,Table textiles,0.998902587890625,1.0,8480,8480,0,10399.779005524862,8242,8242,14179.585635359115,1
1314,Dishwashing articles,0.998902587890625,1.0,284,284,0,13246.729281767955,0,0,12514.839779005524,1
1316,Cutlery,0.998902587890625,1.0,2105,2105,0,300.56353591160223,9,2160,255.12707182320443,240
1318,Foods,0.998902587890625,1.0,634,634,0,2553.3977900552486,147,147,2471.817679558011,1
1321,Vases,0.998902587890625,1.0,434,434,0,251.7403314917127,1,252,126.88950276243094,252
1322,"Glasses (drink, beer, wine etc)",0.998902587890625,1.0,417,417,0,233.11049723756906,98,392,269.10497237569064,4
1325,Drink & food To Go,0.998902587890625,1.0,49,49,0,517.707182320442,2,2,476.44198895027625,1
1327,Tableware,0.998902587890625,1.0,4841,4841,0,653.0552486187845,207,4968,827.9116022099447,24
1329,"Cloths, mops, sponges and brush",0.998902587890625,1.0,21,21,0,5408.790055248619,9,9,5406.922651933702,1
1330,Cutlery,0.998902587890625,1.0,2487,2487,0,231.86187845303868,69,2484,306.4640883977901,36
1333,Cutlery,0.998902587890625,1.0,418,418,0,43.15469613259668,11,396,40.353591160220994,36
1334,Hobby and creative,0.998902587890625,0.9994553376906318,1836,1835,1,67.10497237569061,118,1888,169.21546961325967,16
1337,Hobby and creative,0.998902587890625,1.0,6390,6390,0,429.0939226519337,645,6450,657.292817679558,10
1340,Games,0.998902587890625,1.0,5073,5073,0,676.2044198895028,10,4800,559.8121546961326,480
1347,Stuffed animals,0.998902587890625,1.0,3581,3581,0,214.02762430939225,617,3702,387.0220994475138,6
1352,Hobby and creative,0.998902587890625,1.0,252,252,0,569.9337016574585,0,0,353.35911602209944,336
1356,"Glasses (drink, beer, wine etc)",0.998902587890625,0.9871559633027523,8720,8608,112,751.5580110497237,12,8064,728.2154696132596,672
1357,"Glasses (drink, beer, wine etc)",0.998902587890625,1.0,1325,1325,0,1341.5303867403316,1,756,914.6187845303867,756
1361,Light bulbs,0.998902587890625,1.0,1538,1538,0,331.8729281767956,3,1155,194.12154696132598,385
1362,Batteries,0.998902587890625,0.999510138385906,114318,114262,56,4282.049723756906,58,118320,7678.994475138122,2040
1368,"Glasses (drink, beer, wine etc)",0.998902587890625,1.0,5144,5144,0,354.16574585635357,873,5238,546.2762430939226,6
1369,"Glasses (drink, beer, wine etc)",0.998902587890625,0.9748221127531472,1827,1781,46,177.93370165745856,436,1744,222.5303867403315,4
1373,Wash treatment and accessories,0.998902587890625,0.9608073222248299,8522,8188,334,406.83977900552486,23,8142,532.585635359116,354
1378,Drink & food To Go,0.998902587890625,1.0,7829,7829,0,529.0331491712707,25,8000,660.5138121546961,320
1379,Window and squeegees,0.998902587890625,0.8652602381682647,74989,64885,10104,1196.46408839779,304,65664,2133.07182320442,216
1380,Window and squeegees,0.998902587890625,0.8202887471985267,115118,94430,20688,2675.220994475138,164,94464,3745.3591160220994,576
1382,Others,0.998902587890625,1.0,3977,3977,0,1151.110497237569,2,3456,643.5745856353591,1728
1383,Table textiles,0.998902587890625,1.0,36285,36285,0,7118.950276243094,6,34200,10873.303867403314,5700
1384,Baskets,0.998902587890625,1.0,2516,2516,0,304.96132596685084,65,2600,381.1381215469613,40
1389,Tea and coffee,0.998902587890625,1.0,2698,2698,0,90.37016574585635,461,2766,190.7403314917127,6
1393,Kitchen helpers,0.998902587890625,0.9417518408616331,9099,8569,530,439.0110497237569,13,8424,433.0552486187845,648
1397,Tableware,0.998902587890625,1.0,8845,8845,0,3824.8618784530386,9273,9273,8101.314917127072,1
1399,Store kitchen,0.998902587890625,1.0,40,40,0,221.61325966850828,0,0,91.4475138121547,1
1403,Mugs and cups,0.998902587890625,0.9914741900480546,25804,25584,220,7193.237569060773,10,8280,8729.966850828729,828
1433,Puzzles,0.998902587890625,0.6410311035364294,9388,6018,3370,571.0718232044198,5976,5976,504.2817679558011,1
1438,Measuring and weighing,0.998902587890625,1.0,45133,45133,0,13069.016574585636,4,12000,18544.773480662985,3000
1440,"TV, Audio & Video",0.998902587890625,0.9871702981651376,13952,13773,179,272.98342541436466,139,13900,449.4088397790055,100
1444,Planks,0.998902587890625,1.0,19061,19061,0,13222.016574585636,2,14400,14569.806629834255,7200
1445,Kitchen tools,0.998902587890625,1.0,8382,8382,0,880.2762430939226,31,8928,1952.867403314917,288
1446,Cutlery trays,0.998902587890625,0.9997134733640431,45371,45358,13,633.0386740331492,285,45600,1304.0883977900553,160
1448,Store kitchen,0.998902587890625,1.0,9369,9369,0,418.49171270718233,29,9280,962.0497237569061,320
1449,Drying racks,0.998902587890625,0.9794419970631424,2043,2001,42,219.3646408839779,9,1800,103.38674033149171,200
1451,Foils and bags,0.998902587890625,1.0,165,165,0,1358.8563535911603,85,85,1346.7182320441989,1
1453,Bathroom accessories,0.998902587890625,0.9519326488239143,35159,33469,1690,12389.729281767955,14,50400,34149.31491712707,3600
1456,Baskets,0.998902587890625,1.0,2884,2884,0,528.8011049723757,17,2720,1014.2486187845304,160
1458,Baskets,0.998902587890625,1.0,8054,8054,0,1100.4585635359117,19,7980,2526.707182320442,420
1460,Baskets,0.998902587890625,1.0,10458,10458,0,404.95580110497235,19,10260,304.9502762430939,540
1461,Baskets,0.998902587890625,1.0,12061,12061,0,348.47513812154693,31,11904,335.1878453038674,384
1462,Storage boxes,0.998902587890625,1.0,6753,6753,0,497.1436464088398,137,6576,604.6906077348066,48
1463,Bed textile,0.998902587890625,1.0,734,734,0,299.55801104972375,51,1020,590.182320441989,20
1466,Cleaning products,0.998902587890625,0.9624962496249625,6666,6416,250,169.01657458563537,57,6498,355.5966850828729,114
1468,Cleaning products,0.998902587890625,1.0,5087,5087,0,465.23204419889504,31,5394,581.5248618784531,174
1469,Cleaning products,0.998902587890625,0.5794851128389911,84368,48890,35478,13895.983425414364,738,70848,7650.563535911602,96
1470,Cleaning products,0.998902587890625,1.0,7796,7796,0,817.9226519337017,9,7200,685.7403314917127,800
1471,Window and squeegees,0.998902587890625,0.9400904295403165,10616,9980,636,483.6132596685083,568,10224,850.3314917127071,18
1474,Ironing,0.998902587890625,0.7410322385348872,6607,4896,1711,860.6408839779006,212,5088,828.1933701657458,24
1477,Frying pans,0.998902587890625,0.7030411449016101,1118,786,332,89.84530386740332,1166,1166,112.8121546961326,1
1490,Easter,0.998902587890625,0.7990289964812258,22451,17939,4512,3681.558011049724,18062,18062,3149.3922651933703,1
1506,Tea and coffee,0.998902587890625,1.0,4085,4085,0,4566.9889502762435,394,4728,6537.900552486188,12
1507,Boys toys,0.998902587890625,1.0,49,49,0,828.0331491712707,0,0,773.1049723756906,6
1508,Teletoys,0.998902587890625,1.0,946,946,0,533.767955801105,7,840,502.76243093922653,120
1512,Hobby and creative,0.998902587890625,1.0,304,304,0,57.70165745856354,24,312,61.54696132596685,13
1513,Serve and present,0.998902587890625,1.0,2770,2770,0,2620.8839779005525,6516,6516,5403.171270718232,1
1514,Tableware,0.998902587890625,1.0,2077,2077,0,366.69060773480663,5,1920,244.8232044198895,384
1527,Wash treatment and accessories,0.998902587890625,0.6826440353813052,8366,5711,2655,738.9834254143647,10,5280,529.182320441989,528
1531,Drink & food To Go,0.998902587890625,1.0,1940,1940,0,1117.2486187845304,3,1872,921.2154696132596,624
1533,"Cloths, mops, sponges and brush",0.998902587890625,1.0,12046,12046,0,1006.3646408839779,9,10800,1234.4254143646408,1200
1537,Cutlery,0.998902587890625,1.0,3376,3376,0,155.3756906077348,145,3480,275.82872928176795,24
1538,Drying racks,0.998902587890625,1.0,26,26,0,7334.67955801105,0,0,2187.060773480663,3200
1540,Bicycle accessories,0.998902587890625,0.897156684815487,1653,1483,170,471.1878453038674,22,1452,430.6132596685083,66
1545,Table textiles,0.998902587890625,1.0,759,759,0,285.9171270718232,2,576,140.353591160221,288
1548,Ironing board textiles,0.998902587890625,1.0,33710,33710,0,1267.5911602209944,103,33990,5900.712707182321,330
1559,Tea and coffee,0.998902587890625,0.9247575521123621,17942,16592,1350,846.2707182320441,21,16380,1011.0110497237569,780
1561,Tea and coffee,0.998902587890625,1.0,502,502,0,1002.7734806629834,0,0,531.5469613259669,432
1564,Tableware,0.998902587890625,1.0,6517,6517,0,3989.9447513812156,1,3024,2597.502762430939,3024
1570,Kitchen tools,0.998902587890625,1.0,523,523,0,403.01657458563534,10,480,395.9281767955801,48
1571,Tableware,0.998902587890625,1.0,3657,3657,0,465.8618784530387,50,3600,564.2872928176796,72
1575,"Cloths, mops, sponges and brush",0.998902587890625,1.0,2108,2108,0,796.9889502762431,2,1260,575.9060773480663,630
1582,Light bulbs,0.998902587890625,1.0,7425,7425,0,1101.121546961326,19,7315,1185.3149171270718,385
1584,Light bulbs,0.998902587890625,1.0,845,845,0,278.0552486187845,2,748,110.04419889502762,374
1585,Boys toys,0.998902587890625,1.0,1697,1697,0,483.23204419889504,4,1440,384.0497237569061,360
1589,Planks,0.998902587890625,1.0,346,346,0,2305.983425414365,136,136,2302.022099447514,1
1593,Puzzles,0.998902587890625,1.0,510,510,0,490.17127071823205,4,480,436.8729281767956,120
1597,Hobby and creative,0.998902587890625,1.0,3078,3078,0,209.83977900552486,312,3120,384.9281767955801,10
1605,Puzzles,0.998902587890625,1.0,4065,4065,0,128.53591160220995,343,4116,189.35911602209944,12
1606,Games,0.998902587890625,0.9838833461243285,5212,5128,84,252.61325966850828,434,5208,377.2707182320442,12
1607,Hobby and creative,0.998902587890625,1.0,3304,3304,0,161.03867403314916,45,3330,248.43093922651934,74
1612,Foodprep,0.998902587890625,1.0,20935,20935,0,10047.563535911602,9,23220,18265.955801104974,2580
1613,Reading glasses,0.998902587890625,1.0,1497,1497,0,2776.2154696132598,0,0,1009.5469613259669,2500
1617,"Glasses (drink, beer, wine etc)",0.998902587890625,1.0,1191,1191,0,656.3977900552486,1,624,370.23756906077347,624
1618,"Glasses (drink, beer, wine etc)",0.998902587890625,0.9748929257125979,13542,13202,340,1133.9668508287293,19,12768,1263.292817679558,672
1619,Residential odors,0.998902587890625,1.0,233,233,0,600.6408839779006,106,106,584.2486187845304,1
1621,Waste bins,0.998902587890625,1.0,2342,2342,0,243.15469613259668,5,2160,70.49723756906077,432
1623,Kitchen helpers,0.998902587890625,1.0,15885,15885,0,6445.674033149171,7,16884,12817.082872928177,2412
1624,Cutlery,0.998902587890625,1.0,24225,24225,0,9704.972375690608,7,25200,19247.209944751383,3600
1626,Drying racks,0.998902587890625,1.0,13613,13613,0,544.4198895027624,570,13680,1048.9281767955802,24
1631,Tea and coffee,0.998902587890625,1.0,22966,22966,0,5434.618784530387,16,13056,10516.668508287294,816
1636,Tableware,0.998902587890625,1.0,195,195,0,63.53591160220994,7,168,54.81767955801105,24
1637,Tea and coffee,0.998902587890625,1.0,12599,12599,0,6363.552486187846,6,7776,9374.773480662983,1296
1643,Light bulbs,0.998902587890625,1.0,9442,9442,0,871.3093922651934,26,9360,1052.475138121547,360
1646,Tea and coffee,0.998902587890625,0.8037402351455851,63365,50929,12436,3089.232044198895,37,49950,3620.1491712707184,1350
1650,Hobby and creative,0.998902587890625,1.0,11074,11074,0,603.9944751381215,309,11124,1008.2541436464088,36
1655,Puzzles,0.998902587890625,1.0,57,57,0,1419.2651933701657,0,0,1279.3977900552486,120
1661,Coffee makers and kettles,0.998902587890625,0.6138467234357645,2701,1658,1043,478.121546961326,1976,1976,212.52486187845304,1
1662,Batteries,0.998902587890625,0.9816088440572622,19629,19268,361,488.9447513812155,1975,19750,1233.3093922651933,10
1663,Hobby and creative,0.998902587890625,1.0,389,389,0,47.25414364640884,66,396,54.19889502762431,6
1665,Bakeware,0.998902587890625,0.9908315395041059,25086,24856,230,1816.2044198895028,35,23520,3261.2375690607737,672
1666,Electric personal care,0.998902587890625,1.0,74624,74624,0,4056.7734806629833,51,74256,4942.298342541437,1456
1668,"Cloths, mops, sponges and brush",0.998902587890625,0.9127504070890294,132035,120515,11520,7490.85635359116,48,92160,16901.2817679558,1920
1669,Store kitchen,0.998902587890625,1.0,8023,8023,0,415.50828729281767,35,8400,900.060773480663,240
1670,Bathroom accessories,0.998902587890625,0.9895348837209302,3440,3404,36,510.8508287292818,3533,3533,635.4696132596686,1
1672,Watering cans,0.998902587890625,0.9797739667687927,78661,77070,1591,11636.801104972375,5,69840,22092.342541436465,13968
1675,Baskets,0.998902587890625,1.0,14826,14826,0,668.1933701657458,15,14850,387.7348066298343,990
1678,Wash treatment and accessories,0.998902587890625,1.0,3277,3277,0,184.00552486187846,45,3240,272.3646408839779,72
1679,Cleaning products,0.998902587890625,0.9936746101794646,6798,6755,43,245.08287292817678,38,6612,414.81767955801104,174
1680,Cleaning products,0.998902587890625,0.8895986861049197,93767,83415,10352,3379.2983425414363,103,82400,4256.939226519337,800
1681,Cleaning products,0.998902587890625,0.9907657190288441,9638,9549,89,864.817679558011,11,9504,1460.1602209944751,864
1688,Personal care,0.998902587890625,0.7084432051880544,158518,112301,46217,6668.292817679558,76,111872,6970.2430939226515,1472
1689,Personal care,0.998902587890625,0.8291920487335684,174664,144830,29834,6569.016574585636,99,145728,7645.712707182321,1472
1693,Coffee makers and kettles,0.998902587890625,0.9656145300652442,11342,10952,390,478.0220994475138,375,11250,881.585635359116,30
1694,Electric personal care,0.998902587890625,0.6368746251586538,71697,45662,26035,7899.187845303867,62,46872,5322.563535911602,756
1711,Small garden,0.998902587890625,1.0,7132,7132,0,3625.2983425414363,25,7200,3992.475138121547,288
1724,Candles & Tealights,0.998902587890625,1.0,366,366,0,9620.502762430939,0,0,738.5690607734807,9120
1738,Partyfun,0.998902587890625,1.0,38737,38737,0,1138.707182320442,73,39420,1522.657458563536,540
1739,Vases,0.998902587890625,0.9647458840372226,5588,5391,197,237.08287292817678,66,5280,398.54696132596683,80
1751,Tools,0.998902587890625,1.0,0,0,0,46.0,0,0,40.0,6
1752,Reading glasses,0.998902587890625,1.0,3151,3151,0,2978.685082872928,1,2500,2151.0828729281766,2500
1753,Others,0.998902587890625,1.0,1373,1373,0,741.6795580110497,1,784,266.2044198895028,784
1756,Serve and present,0.998902587890625,1.0,7237,7237,0,3442.8784530386743,23156,23156,13201.182320441989,1
1760,Kitchen tools,0.998902587890625,1.0,172,172,0,96.74585635359117,1,128,26.055248618784532,128
1762,Teletoys,0.998902587890625,1.0,337,337,0,95.48618784530387,2,240,43.65745856353591,120
1763,Hobby and creative,0.998902587890625,1.0,16,16,0,510.3922651933702,0,0,8.535911602209945,504
1764,Hobby and creative,0.998902587890625,1.0,235,235,0,12192.502762430939,0,0,11346.53038674033,1
1766,Puzzles,0.998902587890625,1.0,37,37,0,32.348066298342545,2,24,26.740331491712706,12
1771,Cleaning products,0.998902587890625,1.0,7304,7304,0,1092.9502762430939,6940,6940,1324.0331491712707,1
1772,Window and squeegees,0.998902587890625,0.9858048388536738,22402,22084,318,1043.5911602209944,469,22512,1869.5027624309391,48
1773,Cleaning products,0.998902587890625,0.9965437788018433,2604,2595,9,1101.0165745856355,1,1986,132.1657458563536,1986
1774,"Cloths, mops, sponges and brush",0.998902587890625,1.0,6943,6943,0,507.08839779005524,124,7440,1280.3314917127072,60
1783,Personal care,0.998902587890625,0.9872952766159551,261084,257767,3317,9341.149171270717,763,256368,13351.07182320442,336
1784,Cutlery,0.998902587890625,0.996875,4160,4147,13,185.4972375690608,182,4368,334.6629834254144,24
1786,Racks and pockets,0.998902587890625,1.0,26438,26438,0,8693.988950276243,3,25452,7566.419889502762,8484
1787,Stairs,0.998902587890625,0.9820177731312075,9565,9393,172,483.43646408839777,274,9316,821.6961325966851,34
1795,"Cloths, mops, sponges and brush",0.998902587890625,1.0,2776,2776,0,1230.46408839779,2,2340,792.5359116022099,1170
1797,Kitchen textile,0.998902587890625,1.0,4896,4896,0,368.2044198895028,10,4800,293.0552486187845,480
1798,Umbrellas,0.998902587890625,1.0,32,32,0,2420.4585635359117,0,0,2030.171270718232,1
1799,Bath textiles and bath mats,0.998902587890625,0.8221923027342911,69817,57403,12414,11623.662983425414,228,237120,68788.26519337017,1040
1806,Mugs and cups,0.998902587890625,1.0,54526,54526,0,13887.767955801104,59,48852,34879.82320441989,828
1813,Tea and coffee,0.998902587890625,0.9685437997724687,17580,17027,553,1968.1878453038673,21,16128,2046.6132596685084,768
1815,Light bulbs,0.998902587890625,1.0,1805,1805,0,374.74585635359114,6,1650,288.9226519337017,275
1821,"Glasses (drink, beer, wine etc)",0.998902587890625,1.0,24,24,0,30.54696132596685,1,6,24.314917127071823,6
1823,Drinks,0.998902587890625,1.0,467,467,0,1969.7734806629835,303,303,1977.513812154696,1
1826,"Cloths, mops, sponges and brush",0.998902587890625,1.0,691,691,0,3076.497237569061,0,0,1027.7734806629835,2340
1828,Foods,0.998902587890625,1.0,79,79,0,2076.9337016574586,54,54,2076.486187845304,1
1829,"Glasses (drink, beer, wine etc)",0.998902587890625,1.0,1635,1635,0,211.65193370165747,5,1440,125.07182320441989,288
1831,Bakeware,0.998902587890625,1.0,417,417,0,51.14364640883978,423,423,65.98342541436465,1
1832,Tableware,0.998902587890625,1.0,5985,5985,0,1029.657458563536,251,6024,1240.342541436464,24
1833,Special pans,0.998902587890625,0.995850622406639,482,480,2,44.68508287292818,23,460,50.94475138121547,20
1842,Baby / Toddler,0.998902587890625,1.0,0,0,0,93.0,0,0,92.0,1
1850,Girls toys,0.998902587890625,0.9891956782713085,833,824,9,35.98342541436464,142,852,49.54696132596685,6
1862,Coffee makers and kettles,0.998902587890625,1.0,210,210,0,6512.817679558011,177,177,6485.132596685083,1
1868,Small storage,0.998902587890625,1.0,26244,26244,0,1161.4972375690609,13,26208,570.1436464088398,2016
1872,Toilet accessories,0.998902587890625,1.0,11682,11682,0,648.2486187845304,57,11400,2154.7624309392263,200
1874,Serve and present,0.998902587890625,1.0,619,619,0,200.85635359116023,604,604,209.51381215469613,1
1876,Bathroom accessories,0.998902587890625,1.0,635,635,0,160.82872928176795,637,637,182.62983425414365,1
1878,Bathroom accessories,0.998902587890625,1.0,1466,1466,0,248.51933701657458,1461,1461,301.878453038674,1
1879,Travel accessories,0.998902587890625,1.0,565,565,0,317.24309392265195,0,0,90.14917127071823,528
1880,Laundry baskets,0.998902587890625,0.8158940397350993,20385,16632,3753,664.6132596685082,348,16704,858.7845303867404,48
1881,Gift cards,0.998902587890625,1.0,0,0,0,3036.0,0,0,36.0,3000
1882,Baskets,0.998902587890625,1.0,17633,17633,0,696.3591160220994,18,17820,491.68508287292815,990
1883,Baskets,0.998902587890625,1.0,10058,10058,0,314.81767955801104,26,9984,280.5193370165746,384
1884,Storage boxes,0.998902587890625,1.0,28789,28789,0,3425.022099447514,250,30000,4498.674033149171,120
1886,Personal care,0.998902587890625,0.9791037087912088,58240,57023,1217,2038.6740331491712,56211,56211,4195.580110497238,1
1887,Foods,0.998902587890625,1.0,976,976,0,1493.2375690607735,430,430,1462.2375690607735,1
1889,Tools,0.998902587890625,0.868541530412034,4587,3984,603,371.8618784530387,4801,4801,550.7237569060774,1
1891,Toilet cleaners and odors,0.998902587890625,1.0,5007,5007,0,286.97237569060775,14,4872,294.88950276243094,348
1892,Wash treatment and accessories,0.998902587890625,1.0,11153,11153,0,1199.7016574585634,14,10752,975.4696132596686,768
1893,Cleaning products,0.998902587890625,1.0,5100,5100,0,319.6740331491713,12,5040,297.2651933701657,420
1894,Cleaning products,0.998902587890625,1.0,3566,3566,0,438.6740331491713,8,3360,330.9337016574586,420
1898,Cleaning products,0.998902587890625,0.930692667072923,24615,22909,1706,927.7513812154696,26,23296,828.1933701657458,896
1903,Residential odors,0.998902587890625,1.0,5082,5082,0,467.6077348066298,10,4800,304.76243093922653,480
1904,Dishwashing articles,0.998902587890625,0.9784245491932932,47415,46392,1023,1695.1381215469614,61,40992,5955.016574585636,672
1905,Stationary,0.998902587890625,0.9978501147484766,75818,75655,163,6935.287292817679,6,63360,6328.53591160221,10560
1906,Drink & food To Go,0.998902587890625,1.0,15968,15968,0,2081.232044198895,11,16456,2493.988950276243,1496
1908,Drink & food To Go,0.998902587890625,0.920664785199122,9567,8808,759,629.3370165745856,19,9120,973.756906077348,480
1917,Frying pans,0.998902587890625,0.891136556403732,23580,21013,2567,900.2651933701658,217,20832,1506.5524861878453,96
1944,Candles & Tealights,0.998902587890625,1.0,14263,14263,0,11158.668508287294,16747,16747,18917.524861878454,1
1945,Candles & Tealights,0.998902587890625,1.0,217,217,0,1847.635359116022,0,0,263.75690607734805,1710
1947,Candles & Tealights,0.998902587890625,0.9470829474798254,15118,14318,800,741.8397790055249,19,14250,673.1602209944751,750
1948,Candles & Tealights,0.998902587890625,0.9607064287460279,16364,15721,643,849.1436464088398,26,15288,887.1270718232045,588
1965,Residential odors,0.998902587890625,0.9261552499511178,15343,14210,1133,778.6685082872929,2606,15636,1112.3314917127072,6
1970,Photo frames & albums,0.998902587890625,1.0,2322,2322,0,219.19337016574585,8,2112,162.28176795580112,264
1979,Gift cards,0.998902587890625,1.0,0,0,0,3087.0,0,0,62.72375690607735,3000
1981,Foodprep,0.998902587890625,1.0,1007,1007,0,263.31491712707185,26,1040,283.30939226519337,40
1982,Drink & food To Go,0.998902587890625,0.9070386663579533,17276,15670,1606,1147.6961325966852,15,14400,1643.2872928176796,960
1997,"Glasses (drink, beer, wine etc)",0.998902587890625,0.8640776699029126,2163,1869,294,49.67955801104972,2079,2079,124.6353591160221,1
1998,Thermos jugs,0.998902587890625,1.0,1510,1510,0,2404.2983425414363,1593,1593,3157.4364640883978,1
2003,Tableware,0.998902587890625,1.0,11069,11069,0,9513.06629834254,344,12384,15133.756906077348,36
2004,Knives,0.998902587890625,1.0,215,215,0,106.26519337016575,1,128,36.0828729281768,128
2006,Fans and electric blankets,0.998902587890625,1.0,778,778,0,401.7513812154696,660,660,415.38121546961327,1
2007,Table textiles,0.998902587890625,1.0,296,296,0,165.21546961325967,1,216,50.78453038674033,216
2009,Hobby and creative,0.998902587890625,1.0,414,414,0,106.76795580110497,397,397,120.65193370165746,1
2011,Boys toys,0.998902587890625,1.0,9799,9799,0,507.939226519337,35,10080,743.6298342541437,288
2014,"Glasses (drink, beer, wine etc)",0.998902587890625,1.0,2430,2430,0,761.4088397790056,551,2204,826.8453038674033,4
2019,Shoe maintenance,0.998902587890625,1.0,1403,1403,0,215.72375690607734,8,1344,148.04972375690608,168
2021,Baskets,0.998902587890625,1.0,4366,4366,0,386.95580110497235,62,4464,519.9502762430939,72
2023,Vacuuming,0.998902587890625,1.0,140,140,0,51476.03314917127,0,0,38565.756906077346,675
2024,Toilet accessories,0.998902587890625,0.96682945392275,15767,15244,523,397.6353591160221,45,15120,465.2707182320442,336
2025,Knives,0.998902587890625,0.9932589641434263,62750,62327,423,9641.9226519337,9,54000,23576.265193370167,6000
2030,Ironing board textiles,0.998902587890625,1.0,18520,18520,0,1044.8618784530386,29,19140,3347.7624309392263,660
2035,Bed textile,0.998902587890625,1.0,660,660,0,826.4696132596686,5,240,712.9944751381215,48
2045,Shopping bags and trolleys,0.998902587890625,1.0,6342,6342,0,2822.524861878453,5945,5945,3018.033149171271,1
2049,Hobby and creative,0.998902587890625,1.0,10656,10656,0,487.30386740331494,335,10720,880.0828729281768,32
2050,Boys toys,0.998902587890625,1.0,2569,2569,0,251.02762430939225,52,2496,410.2486187845304,48
2055,Hobby and creative,0.998902587890625,1.0,5984,5984,0,281.3646408839779,1002,6012,502.5193370165746,6
2062,Hobby and creative,0.998902587890625,1.0,2094,2094,0,388.95580110497235,354,2124,508.03867403314916,6
2069,Hobby and creative,0.998902587890625,0.9938295410721172,2593,2577,16,194.12707182320443,441,2646,284.74585635359114,6
2072,Foodprep,0.998902587890625,1.0,3883,3883,0,738.0441988950276,3834,3834,871.6132596685082,1
2077,Small storage,0.998902587890625,1.0,41641,41641,0,2187.46408839779,10,37800,923.1933701657458,3780
2078,Racks and pockets,0.998902587890625,1.0,23620,23620,0,819.3370165745856,24,23040,1225.364640883978,960
2082,Waste bins,0.998902587890625,0.9951295538671342,5133,5108,25,106.8121546961326,57,5130,143.75138121546962,90
2085,"Cloths, mops, sponges and brush",0.998902587890625,0.9948942902344312,13906,13835,71,598.8508287292817,29,13920,1879.745856353591,480
2086,Cutlery,0.998902587890625,1.0,2392,2392,0,820.3977900552486,2,2400,260.82872928176795,1200
2087,Cleaning products,0.998902587890625,1.0,11109,11109,0,398.56353591160223,32,11136,643.1160220994475,348
2088,Cleaning products,0.998902587890625,0.9991503823279524,3531,3528,3,139.8950276243094,20,3480,182.3038674033149,174
2092,Cleaning products,0.998902587890625,1.0,2657,2657,0,120.95027624309392,2820,2820,240.4696132596685,1
2093,Cleaning products,0.998902587890625,1.0,4446,4446,0,562.7458563535912,11,4356,550.0386740331492,396
2094,Wash treatment and accessories,0.998902587890625,1.0,22885,22885,0,16243.093922651933,21455,21455,16220.414364640885,1
2097,Shoe maintenance,0.998902587890625,1.0,6599,6599,0,1465.596685082873,21,5544,1251.4806629834254,264
2099,Store kitchen,0.998902587890625,1.0,2182,2182,0,909.414364640884,1,1152,243.54696132596686,1152
2101,Coffee makers and kettles,0.998902587890625,0.9683383233532934,13360,12937,423,416.8121546961326,222,13320,890.5635359116022,60
2102,Electric personal care,0.998902587890625,0.88048990310604,44172,38893,5279,2635.1657458563536,1927,38540,4065.0994475138123,20
2103,Coffee makers and kettles,0.998902587890625,0.9808510638297873,1880,1844,36,62.5414364640884,38,1900,106.90055248618785,50
2109,Pan sets,0.998902587890625,1.0,3333,3333,0,171.1049723756906,85,3400,279.353591160221,40
2114,Construction,0.998902587890625,1.0,382,382,0,296.4088397790055,0,0,165.32596685082873,392
2135,Watering cans,0.998902587890625,1.0,6662,6662,0,422.83977900552486,44,6600,598.6298342541437,150
2143,Gift cards,0.998902587890625,1.0,0,0,0,461655.0,0,0,461654.0,1
2150,Construction,0.998902587890625,1.0,81,81,0,1228.232044198895,0,0,829.121546961326,336
2151,Tableware,0.998902587890625,1.0,2146,2146,0,2383.7624309392263,61,1464,3049.4364640883978,24
2152,Tableware,0.998902587890625,1.0,1109,1109,0,899.5082872928177,86,1548,1402.9226519337017,18
2153,Teletoys,0.998902587890625,1.0,446,446,0,434.121546961326,3,360,384.16574585635357,120
2159,Phones,0.998902587890625,1.0,35,35,0,7.45303867403315,35,35,7.6464088397790055,1
2161,Boys toys,0.998902587890625,1.0,830,830,0,260.25414364640886,808,808,290.0662983425414,1
2163,Boys toys,0.998902587890625,0.97781217750258,1938,1895,43,396.56353591160223,2,1440,74.29281767955801,720
2164,Foods,0.998902587890625,1.0,794,794,0,880.6022099447514,500,500,884.414364640884,1
2165,Games,0.998902587890625,1.0,404,404,0,988.8232044198895,1,288,836.3314917127071,288
2167,Games,0.998902587890625,1.0,1476,1476,0,128.08287292817678,251,1506,229.1767955801105,6
2170,"Glasses (drink, beer, wine etc)",0.998902587890625,1.0,895,895,0,377.2707182320442,4,864,296.55801104972375,216
2179,Window and squeegees,0.998902587890625,0.971234978266428,7822,7597,225,446.11049723756906,321,7704,714.2154696132596,24
2182,Cleaning products,0.998902587890625,0.9673618882897548,49145,47541,1604,2489.972375690608,59,46728,2867.75138121547,792
2183,"Cloths, mops, sponges and brush",0.998902587890625,1.0,8299,8299,0,484.7900552486188,45,8640,1008.5635359116022,192
2185,Special pans,0.998902587890625,1.0,23039,23039,0,9145.977900552487,9,21708,17704.6408839779,2412
2188,Cutlery,0.998902587890625,1.0,4779,4779,0,468.0718232044199,6,4320,277.9889502762431,720
2189,Toilet accessories,0.998902587890625,0.9951184946067239,12701,12639,62,384.01657458563534,36,12096,409.3204419889503,336
2190,Window and squeegees,0.998902587890625,0.9985376206017156,56073,55991,82,991.3149171270718,70,55440,1807.707182320442,792
2192,Clothes hangers,0.998902587890625,1.0,51913,51913,0,25488.955801104974,10,80640,55573.09392265193,8064
2194,Wash treatment and accessories,0.998902587890625,1.0,24294,24294,0,15709.790055248619,3,28800,19973.850828729283,9600
2195,Table textiles,0.998902587890625,1.0,885,885,0,171.28729281767957,3,864,61.06077348066298,288
2196,Table textiles,0.998902587890625,1.0,3060,3060,0,286.2099447513812,10,2880,248.03867403314916,288
2200,Bath textiles and bath mats,0.998902587890625,1.0,14253,14253,0,2916.232044198895,9,11340,5912.138121546961,1260
2202,Bed textile,0.998902587890625,1.0,2926,2926,0,1651.5801104972375,2,2304,1949.3591160220994,1152
2212,Thermos jugs,0.998902587890625,1.0,1159,1159,0,300.70165745856355,2,896,75.91160220994475,448
2218,Tableware,0.998902587890625,1.0,1039,1039,0,126.5303867403315,88,1056,159.71823204419888,12
2219,Thermos jugs,0.998902587890625,0.9519519519519519,1998,1902,96,166.93370165745856,10,1800,102.11049723756906,180
2221,Planks,0.998902587890625,1.0,2424,2424,0,1083.3977900552486,2426,2426,1089.2817679558011,1
2223,Cutlery,0.998902587890625,1.0,1504,1504,0,517.6850828729282,1,756,125.57458563535911,756
2224,Personal care,0.998902587890625,1.0,121,121,0,2437.6906077348067,3,3,2395.5801104972375,1
2225,Personal care,0.998902587890625,1.0,167,167,0,129.08287292817678,112,112,130.49171270718233,1
2228,Tableware,0.998902587890625,1.0,7343,7343,0,6590.149171270718,6642,6642,6794.403314917127,1
2230,"Cloths, mops, sponges and brush",0.998902587890625,1.0,775,775,0,823.767955801105,1,720,515.1933701657458,720
2232,"Cloths, mops, sponges and brush",0.998902587890625,1.0,380,380,0,2045.5027624309391,0,0,1033.8397790055249,1170
2246,Baby / Toddler,0.998902587890625,1.0,479,479,0,225.3756906077348,485,485,242.18232044198896,1
2256,Baby / Toddler,0.998902587890625,1.0,1235,1235,0,146.70165745856355,206,1236,232.4696132596685,6
2264,Personal care,0.998902587890625,1.0,6516,6516,0,1368.2707182320441,2,4448,537.0939226519337,2224
2265,Drink & food To Go,0.998902587890625,0.9670138888888888,13824,13368,456,967.8232044198895,10,12960,837.5966850828729,1296
2269,Baskets,0.998902587890625,1.0,4362,4362,0,386.44198895027625,63,4536,517.9668508287293,72
2270,Euro articles,0.998902587890625,1.0,1960,1960,0,902.8232044198895,1935,1935,974.6077348066299,1
2271,"Cloths, mops, sponges and brush",0.998902587890625,0.9857255463991401,69775,68779,996,3302.646408839779,38,57000,9016.513812154697,1500
2273,Tea and coffee,0.998902587890625,1.0,3785,3785,0,184.38674033149172,16,3840,208.32044198895028,240
2282,"Cloths, mops, sponges and brush",0.998902587890625,1.0,1592,1592,0,6443.629834254144,0,0,1542.8563535911603,2880
2283,Ironing board textiles,0.998902587890625,1.0,50860,50860,0,1891.8011049723757,145,52200,9054.055248618784,360
2288,Bed textile,0.998902587890625,0.9575483140616156,12367,11842,525,3035.966850828729,12,12096,7315.519337016574,1008
2291,Mugs and cups,0.998902587890625,0.9839619435949711,29430,28958,472,8131.7569060773485,13,10764,9303.895027624309,828
2330,Store kitchen,0.998902587890625,1.0,3359,3359,0,114.96132596685082,878,3512,240.84530386740332,4
2336,Vacuuming,0.998902587890625,1.0,12394,12394,0,3211.950276243094,2403,14418,8195.232044198896,6
2337,Light bulbs,0.998902587890625,1.0,4048,4048,0,585.9613259668508,14,3850,597.0276243093923,275
2341,Store kitchen,0.998902587890625,1.0,338,338,0,418.43093922651934,326,326,429.2651933701657,1
2342,Drink & food To Go,0.998902587890625,0.9764205839194454,19763,19297,466,1119.2099447513813,23,19872,1390.1767955801106,864
2344,"Cloths, mops, sponges and brush",0.998902587890625,0.9609131043393991,46435,44620,1815,2048.779005524862,113,36612,6055.541436464088,324
2345,Kitchen tools,0.998902587890625,0.9514898688915375,8390,7983,407,276.83977900552486,41,8036,476.414364640884,196
2349,Foods,0.998902587890625,1.0,0,0,0,1867.0,0,0,1862.1160220994475,1
2350,Baskets,0.998902587890625,1.0,11259,11259,0,629.7127071823204,11,10890,316.3425414364641,990
2353,Cleaning products,0.998902587890625,0.9959419385047604,12814,12762,52,382.0497237569061,53,13038,746.6629834254144,246
2354,Cleaning products,0.998902587890625,0.9884419787332409,6489,6414,75,233.04972375690608,37,6438,387.5303867403315,174
2355,Suitcases,0.998902587890625,1.0,367,367,0,57.86187845303867,34,340,64.29281767955801,10
2356,Cleaning products,0.998902587890625,0.9993825890100844,4859,4856,3,149.23756906077347,28,4872,248.01657458563537,174
2359,Foods,0.998902587890625,1.0,466,466,0,3142.4475138121547,0,0,2904.740331491713,1
2361,Cleaning products,0.998902587890625,1.0,34,34,0,922.3977900552486,0,0,323.7513812154696,480
2363,Residential odors,0.998902587890625,1.0,7433,7433,0,1394.171270718232,2,5040,186.38674033149172,2520
2364,Personal care,0.998902587890625,1.0,67167,67167,0,2420.8950276243095,77,66528,3397.0883977900553,864
2369,Window and squeegees,0.998902587890625,0.6664759725400458,1748,1165,583,420.49723756906076,69,1380,242.24309392265192,20
2370,Ironing,0.998902587890625,0.8244809921811809,18545,15290,3255,1377.779005524862,188,16920,1655.2375690607735,90
2379,Pan sets,0.998902587890625,1.0,5909,5909,0,527.3425414364641,205,6150,740.7292817679559,30
2391,Foods,0.998902587890625,1.0,638,638,0,1336.8508287292818,394,394,1343.9944751381215,1
2392,Foods,0.998902587890625,1.0,29,29,0,3534.1270718232045,0,0,2806.795580110497,1
2394,Residential odors,0.998902587890625,1.0,10216,10216,0,599.1767955801105,13,9750,446.939226519337,750
2401,Gift cards,0.998902587890625,1.0,0,0,0,3025.0,0,0,25.0,3000
2402,Baby / Toddler,0.998902587890625,1.0,86,86,0,68.10497237569061,2,72,46.07734806629834,36
2403,Tea and coffee,0.998902587890625,1.0,3035,3035,0,1992.5027624309391,19,2736,3168.53591160221,144
2406,Partyfun,0.998902587890625,1.0,2088,2088,0,2926.8729281767955,0,0,146.38121546961327,3564
2408,Construction,0.998902587890625,1.0,324,324,0,111.4696132596685,34,272,126.38674033149171,8
2410,Construction,0.998902587890625,1.0,446,446,0,179.1878453038674,5,360,164.92265193370164,72
2412,Electric personal care,0.998902587890625,1.0,242,242,0,30.569060773480665,40,240,35.574585635359114,6
2415,Batteries,0.998902587890625,1.0,1114,1114,0,73.77348066298343,56,1120,105.49171270718232,20
2416,Construction,0.998902587890625,1.0,379,379,0,258.2486187845304,1,192,165.23204419889504,192
2417,Tableware,0.998902587890625,1.0,4012,4012,0,4487.447513812154,195,3510,6112.624309392265,18
2421,Ironing,0.998902587890625,0.7598784194528876,1645,1250,395,72.39226519337016,48,1344,96.5303867403315,28
2423,Store kitchen,0.998902587890625,1.0,13821,13821,0,619.9613259668508,3581,14324,1148.4088397790056,4
2430,Baskets,0.998902587890625,1.0,3902,3902,0,351.54696132596683,57,4104,472.2044198895028,72
2435,Vacuuming,0.998902587890625,1.0,258,258,0,39797.441988950275,0,0,29363.193370165747,675
2436,Bakeware,0.998902587890625,0.9922685202393785,53806,53390,416,1508.3038674033148,36,51840,4671.265193370165,1440
2437,Knives,0.998902587890625,0.9527561825025503,56854,54168,2686,24369.193370165747,3,34992,33798.07182320442,11664
2441,Window and squeegees,0.998902587890625,1.0,28572,28572,0,1371.745856353591,40,25200,3879.4309392265195,630
2443,Drying racks,0.998902587890625,0.9981892690365005,20986,20948,38,6367.922651933702,3,18000,5145.077348066298,6000
2445,Partyfun,0.998902587890625,1.0,45597,45597,0,3507.027624309392,71,45440,3939.8121546961324,640
2449,Tableware,0.998902587890625,0.9908680142687277,42050,41666,384,16670.24861878453,19,38000,34486.580110497234,2000
2451,Mugs and cups,0.998902587890625,0.9788553895410885,14992,14675,317,4050.0662983425414,121,4356,6105.585635359116,36
2454,Tableware,0.998902587890625,0.9888400405816706,11828,11696,132,3529.8121546961324,151,5436,5945.386740331492,36
2463,Tableware,0.998902587890625,0.7296482412060301,995,726,269,262.52486187845307,1245,1245,293.121546961326,1
2465,Tableware,0.998902587890625,0.9379474940334129,7123,6681,442,300.4640883977901,318,7632,564.4640883977901,24
2471,Vases,0.998902587890625,1.0,270,270,0,293.49723756906076,0,0,106.44198895027624,324
2474,Tableware,0.998902587890625,1.0,2818,2818,0,2731.403314917127,52,1872,3537.9558011049726,36
2476,Tableware,0.998902587890625,1.0,0,0,0,4827.0,0,0,4755.0,72
2478,Kitchen tools,0.998902587890625,1.0,935,935,0,428.69613259668506,1,648,79.85082872928177,648
2486,Dishwashing articles,0.998902587890625,1.0,169,169,0,3206.497237569061,0,0,1523.8066298342542,1760
2494,Oven dishes,0.998902587890625,1.0,1096,1096,0,1549.8839779005525,0,0,569.121546961326,1536
2495,Drinks,0.998902587890625,1.0,707,707,0,3253.1381215469614,654,654,3275.9944751381217,1
2497,Table paper,0.998902587890625,1.0,1154,1154,0,336.3646408839779,2,1080,108.12154696132596,540
2498,Thermos jugs,0.998902587890625,0.970722781335773,1093,1061,32,123.04972375690608,5,900,39.425414364640886,180
2499,Foils and bags,0.998902587890625,1.0,133,133,0,1482.9723756906078,8,8,1430.4917127071824,1
2501,Hobby and creative,0.998902587890625,1.0,199,199,0,158.66298342541435,207,207,169.73480662983425,1
2505,Pan sets,0.998902587890625,1.0,102,102,0,25.92817679558011,3,96,11.2707182320442,32
2511,Games,0.998902587890625,0.9993889398105713,3273,3271,2,237.70165745856355,856,3424,379.90055248618785,4
2518,Games,0.998902587890625,1.0,1849,1849,0,437.18232044198896,25,1800,478.78453038674036,72
2519,"Glasses (drink, beer, wine etc)",0.998902587890625,1.0,1498,1498,0,4912.53591160221,366,366,4745.03867403315,1
2525,Table paper,0.998902587890625,0.9824704443538524,7359,7230,129,662.0220994475138,7,7056,405.49171270718233,1008
2526,Table paper,0.998902587890625,1.0,10145,10145,0,658.646408839779,10,10080,542.7016574585635,1008
2529,Store kitchen,0.998902587890625,0.9553270397842212,5932,5667,265,144.41988950276243,78,5616,201.22651933701658,72
2531,Drying racks,0.998902587890625,0.9923175416133163,7029,6975,54,220.14364640883977,48,6912,400.6353591160221,144
2532,Ironing boards,0.998902587890625,1.0,209,209,0,657.3867403314918,5,190,640.6408839779006,38
2544,Mugs and cups,0.998902587890625,0.9886308338863083,22605,22348,257,6566.983425414364,183,6588,8311.701657458563,36
2549,Serve and present,0.998902587890625,0.9784457188056159,10114,9896,218,443.0552486187845,23,9936,591.9447513812155,432
2579,Coffee makers and kettles,0.998902587890625,0.9917176809506661,16662,16524,138,400.22651933701655,282,16920,1005.1767955801105,60
2580,Vacuuming,0.998902587890625,1.0,35919,35919,0,8008.613259668508,6827,40962,22272.160220994476,6
2584,Store kitchen,0.998902587890625,0.9810753269575209,59182,58062,1120,1598.7348066298343,65,58240,2124.6795580110497,896
2585,Store kitchen,0.998902587890625,0.9870601715994523,35781,35318,463,1585.342541436464,22,35200,1361.6906077348067,1600
2587,Bathroom accessories,0.998902587890625,1.0,27717,27717,0,1438.2265193370165,11,25344,719.5469613259669,2304
2588,Watering cans,0.998902587890625,1.0,37586,37586,0,935.4364640883978,232,37120,2255.6022099447514,160
2589,Bathroom accessories,0.998902587890625,1.0,4163,4163,0,253.0,16,3840,199.06629834254144,240
2591,Tea and coffee,0.998902587890625,0.9956933677863911,15093,15028,65,7501.049723756906,5,12000,11960.944751381216,2400
2592,Storage boxes,0.998902587890625,1.0,1447,1447,0,500.2596685082873,45,1440,513.0441988950276,32
2594,Cleaning products,0.998902587890625,1.0,4592,4592,0,321.04419889502765,10,4200,280.81767955801104,420
2596,Cleaning products,0.998902587890625,1.0,7201,7201,0,936.2872928176796,5,6800,440.121546961326,1360
2597,Cleaning products,0.998902587890625,1.0,3028,3028,0,312.3425414364641,6,2988,149.32044198895028,498
2599,Wash treatment and accessories,0.998902587890625,0.9307179836231256,48483,45124,3359,7782.50276243094,100,48000,8741.243093922652,480
2600,Cleaning products,0.998902587890625,1.0,2342,2342,0,766.0883977900553,3,2160,471.6629834254144,720
2601,Wash treatment and accessories,0.998902587890625,0.765980265980266,4662,3571,1091,1049.3867403314916,10,3450,754.3812154696133,345
2602,Foils and bags,0.998902587890625,1.0,15789,15789,0,2092.6022099447514,16,15360,2178.016574585635,960
2604,Cleaning products,0.998902587890625,0.8809213158672999,57483,50638,6845,2659.558011049724,63,49896,3020.75138121547,792
2605,Vacuuming,0.998902587890625,1.0,124528,124528,0,5616.397790055249,30,129600,17496.651933701658,4320
2606,Personal care,0.998902587890625,0.7535447070153345,134990,101721,33269,5884.187845303867,69,101568,6226.469613259668,1472
2608,Coffee makers and kettles,0.998902587890625,0.9948599601384663,9533,9484,49,342.76795580110496,410,9840,702.939226519337,24
2613,Cooking pans,0.998902587890625,0.904814609850581,1807,1635,172,117.22099447513813,14,1792,117.09944751381215,128
2634,Candles & Tealights,0.998902587890625,0.9611624834874505,7570,7276,294,620.8674033149172,12,7200,459.21546961325964,600
2637,Vases,0.998902587890625,1.0,1740,1740,0,197.2596685082873,7,1470,154.11602209944752,210
2645,Partyfun,0.998902587890625,0.9825177494465226,13099,12870,229,519.817679558011,721,14420,1539.1657458563536,20
2646,Photo frames & albums,0.998902587890625,1.0,12645,12645,0,720.0497237569061,17,12240,817.6685082872929,720
2649,Gift cards,0.998902587890625,1.0,0,0,0,3148.0,0,0,114.98895027624309,3000
2652,Construction,0.998902587890625,1.0,345,345,0,272.121546961326,1,288,139.3977900552486,288
2654,Tableware,0.998902587890625,0.6271676300578035,3460,2170,1290,284.6132596685083,4607,4607,557.767955801105,1
2655,Tableware,0.998902587890625,1.0,3563,3563,0,3818.2154696132598,70,3360,5378.049723756906,48
2658,Fans and electric blankets,0.998902587890625,1.0,536,536,0,231.6022099447514,477,477,245.82872928176795,1
2660,Electric personal care,0.998902587890625,1.0,1660,1660,0,448.16574585635357,1713,1713,510.77348066298345,1
2661,Phones,0.998902587890625,1.0,48,48,0,12.513812154696133,49,49,13.154696132596685,1
2665,Others,0.998902587890625,1.0,1759,1759,0,1366.3812154696132,1,1680,308.88950276243094,1680
2667,Store kitchen,0.998902587890625,1.0,688,688,0,91.09944751381215,9,675,72.13812154696133,75
2668,Tableware,0.998902587890625,1.0,3558,3558,0,2833.1160220994475,143,3432,4406.508287292818,24
2671,Games,0.998902587890625,1.0,10032,10032,0,1577.0276243093922,55,10560,1869.4696132596684,192
2672,Tea and coffee,0.998902587890625,1.0,13687,13687,0,1208.9060773480662,14,13440,1226.243093922652,960
2674,Stuffed animals,0.998902587890625,1.0,2175,2175,0,439.83977900552486,360,2160,514.4419889502763,6
2677,"Glasses (drink, beer, wine etc)",0.998902587890625,0.9492635024549918,1833,1740,93,311.3314917127072,2100,2100,378.292817679558,1
2680,Drink & food To Go,0.998902587890625,1.0,16441,16441,0,1853.7348066298343,5,15000,876.5303867403314,3000
2686,Kitchen tools,0.998902587890625,0.9815573770491803,4880,4790,90,211.67955801104972,22,4752,281.21546961325964,216
2688,Foils and bags,0.998902587890625,0.9844015882019286,70520,69420,1100,1291.2817679558011,62,71424,3391.497237569061,1152
2689,Vacuuming,0.998902587890625,1.0,150,150,0,26765.28729281768,0,0,19979.31491712707,675
2690,Gift,0.998902587890625,1.0,37683,37683,0,11357.381215469613,4,33600,12959.193370165745,8400
2691,Toilet accessories,0.998902587890625,1.0,3832,3832,0,257.7513812154696,11,3696,148.16022099447514,336
2694,Bathroom accessories,0.998902587890625,1.0,8885,8885,0,336.3922651933702,29,8352,325.4806629834254,288
2698,Kitchen helpers,0.998902587890625,1.0,5042,5042,0,324.1325966850829,93,5022,674.6850828729282,54
2699,Window and squeegees,0.998902587890625,1.0,26092,26092,0,4089.8232044198894,36,20160,5344.3370165745855,560
2701,Ironing board textiles,0.998902587890625,1.0,23297,23297,0,1092.2154696132598,36,23760,4042.033149171271,660
2702,Table textiles,0.998902587890625,1.0,533,533,0,189.939226519337,1,288,47.29281767955801,288
2715,Tea and coffee,0.998902587890625,1.0,0,0,0,810.0,0,0,50.0,760
2718,Bathroom accessories,0.998902587890625,1.0,1192,1192,0,163.07734806629836,6,1152,107.52486187845304,192
2719,Light bulbs,0.998902587890625,1.0,4294,4294,0,755.4419889502763,11,4114,736.8342541436464,374
2720,Cleaning products,0.998902587890625,1.0,4467,4467,0,362.6353591160221,10,4320,312.88950276243094,432
2730,Kitchen tools,0.998902587890625,0.9486772486772487,1890,1793,97,640.9226519337017,1,1080,154.12154696132598,1080
2732,Cutlery,0.998902587890625,1.0,2954,2954,0,385.89502762430936,12,2880,368.3259668508287,240
2736,Oven dishes,0.998902587890625,1.0,886,886,0,93.42541436464089,12,864,122.42541436464089,72
2745,Stuffed animals,0.998902587890625,0.9767820773930753,2455,2398,57,141.14917127071823,419,2514,255.77348066298342,6
2747,Games,0.998902587890625,1.0,144,144,0,132.80662983425415,124,124,133.1878453038674,1
2748,Stuffed animals,0.998902587890625,1.0,79,79,0,177.47513812154696,0,0,101.34254143646409,96
2758,Baby / Toddler,0.998902587890625,1.0,165,165,0,137.95027624309392,0,0,43.353591160220994,180
2761,Kitchen helpers,0.998902587890625,0.8618090452261307,1990,1715,275,231.1988950276243,8,1680,198.1767955801105,210
2763,Dishwashing articles,0.998902587890625,0.9226092512633841,103294,95300,7994,5991.8011049723755,57,71820,13512.254143646409,1260
2764,"Cloths, mops, sponges and brush",0.998902587890625,0.991554974392503,18354,18199,155,1172.6740331491712,17,17952,2561.0055248618783,1056
2772,Euro articles,0.998902587890625,1.0,15,15,0,694.3480662983426,1,1,610.4972375690608,1
2773,Foils and bags,0.998902587890625,1.0,18944,18944,0,812.2541436464088,22,19008,1105.745856353591,864
2777,Ironing board textiles,0.998902587890625,1.0,8787,8787,0,1286.8563535911603,5,9000,1533.3314917127072,1800
2778,Kitchen tools,0.998902587890625,1.0,73547,73547,0,31756.138121546963,11,52800,53595.49723756906,4800
2781,Ironing boards,0.998902587890625,0.9640583281988088,9738,9388,350,1197.5911602209944,306,9180,1488.0828729281768,30
2783,Drying racks,0.998902587890625,1.0,10981,10981,0,1724.1436464088397,6,10224,1220.2762430939226,1704
2784,Table textiles,0.998902587890625,1.0,1154,1154,0,186.3646408839779,4,1152,76.97237569060773,288
2786,Bed textile,0.998902587890625,0.7831717781662164,12586,9857,2729,2701.790055248619,16,8064,4951.96685082873,504
2787,Bath textiles and bath mats,0.998902587890625,1.0,8616,8616,0,1990.6077348066299,435,12180,5081.635359116022,28
2791,Table textiles,0.998902587890625,1.0,7090,7090,0,4300.099447513812,5,10000,7614.92817679558,2000
2793,Baskets,0.998902587890625,1.0,5909,5909,0,903.8342541436464,14,5880,1871.5027624309391,420
2794,Fans and electric blankets,0.998902587890625,1.0,1860,1860,0,910.3204419889503,1877,1877,949.0994475138122,1
2796,Tableware,0.998902587890625,1.0,5092,5092,0,542.5138121546961,14,5040,568.4751381215469,360
2805,Light bulbs,0.998902587890625,1.0,6226,6226,0,665.2707182320441,11,6006,599.3591160220994,546
2817,Foodprep,0.998902587890625,1.0,10476,10476,0,7657.7569060773485,3,10296,10321.75138121547,3432
2823,Batteries,0.998902587890625,1.0,120724,120724,0,61580.60773480663,7,84000,94491.0497237569,12000
2826,Wash treatment and accessories,0.998902587890625,1.0,7714,7714,0,668.2099447513813,18,7776,740.4475138121547,432
2828,Store kitchen,0.998902587890625,0.9940122267816766,23882,23739,143,1162.5580110497237,61,23424,2699.281767955801,384
2829,"Cloths, mops, sponges and brush",0.998902587890625,0.9257467827514437,136452,126320,10132,6935.6629834254145,55,99000,17302.53591160221,1800
2832,Window and squeegees,0.998902587890625,0.9892453064776825,16086,15913,173,836.878453038674,15,15120,880.7127071823204,1008
2833,Racks and pockets,0.998902587890625,0.9955368863218692,34281,34128,153,948.5414364640884,28,33600,1077.5414364640883,1200
2835,Clothes hangers,0.998902587890625,0.9784483605430149,50901,49804,1097,3404.6408839779006,43,51600,9869.303867403314,1200
2838,Thermos jugs,0.998902587890625,0.9845449923741739,9835,9683,152,4300.7569060773485,6,9360,7847.469613259668,1560
2839,Thermos jugs,0.998902587890625,1.0,8942,8942,0,3907.9226519337017,1,4002,3799.5690607734805,4002
2842,Baskets,0.998902587890625,1.0,9006,9006,0,384.64088397790056,16,8640,263.31491712707185,540
2844,Cleaning products,0.998902587890625,0.9940320775829914,10724,10660,64,368.8453038674033,37,10656,625.8618784530387,288
2845,Cleaning products,0.998902587890625,1.0,4523,4523,0,199.67403314917127,16,4512,223.67955801104972,282
2846,Cleaning products,0.998902587890625,0.9681236877266653,5239,5072,167,125.80662983425414,44,5016,262.49723756906076,114
2847,Personal care,0.998902587890625,1.0,11466,11466,0,2511.0441988950274,9411,9411,2695.0883977900553,1
2853,Cleaning products,0.998902587890625,1.0,71,71,0,1548.4198895027625,0,0,942.0773480662983,648
2854,"Cloths, mops, sponges and brush",0.998902587890625,1.0,15206,15206,0,6423.46408839779,10,17280,6012.707182320442,1728
2855,Window and squeegees,0.998902587890625,1.0,52599,52599,0,4254.729281767955,28,50400,8903.06629834254,1800
2894,Residential odors,0.998902587890625,0.9873605947955391,13450,13280,170,466.18232044198896,2311,13866,761.8563535911602,6
2905,Pan sets,0.998902587890625,0.9075081610446137,2757,2502,255,178.61878453038673,45,2880,343.4475138121547,64
2908,Tableware,0.998902587890625,1.0,5736,5736,0,4176.093922651934,334,6012,7036.933701657458,18
2909,Kitchen tools,0.998902587890625,1.0,490,490,0,552.4033149171271,0,0,57.51933701657459,768
2911,Teletoys,0.998902587890625,1.0,241,241,0,89.74033149171271,1,120,35.07734806629834,120
2912,Construction,0.998902587890625,1.0,84,84,0,132.38121546961327,0,0,35.20441988950276,128
2916,"Glasses (drink, beer, wine etc)",0.998902587890625,1.0,717,717,0,1797.4198895027625,755,755,2073.2154696132598,1
2917,Construction,0.998902587890625,1.0,140,140,0,283.23204419889504,0,0,81.81767955801105,258
2918,Batteries,0.998902587890625,1.0,143,143,0,1733.2486187845304,0,0,405.3867403314917,1400
2922,Pan sets,0.998902587890625,1.0,1219,1219,0,573.1436464088398,16,1152,579.3149171270718,72
2923,Tableware,0.998902587890625,1.0,2811,2811,0,2480.1878453038676,3696,3696,4133.618784530387,1
2925,Kitchen helpers,0.998902587890625,1.0,765,765,0,5536.67955801105,0,0,1307.6629834254143,4800
2928,Serve and present,0.998902587890625,1.0,5638,5638,0,9647.977900552487,1537,1537,10480.016574585636,1
2929,Thermos jugs,0.998902587890625,0.985995085995086,4070,4013,57,123.33701657458563,33,3960,219.7403314917127,120
2934,"Glasses (drink, beer, wine etc)",0.998902587890625,1.0,1255,1255,0,112.11049723756906,217,1302,155.91160220994476,6
2938,Personal care,0.998902587890625,1.0,35090,35090,0,1608.8453038674033,185,33300,2057.961325966851,180
2940,Ironing boards,0.998902587890625,0.8257725180802103,1521,1256,265,171.1049723756906,34,1428,198.8121546961326,42
2943,Knives,0.998902587890625,0.9855643588999046,24107,23759,348,2895.779005524862,10,24000,7850.419889502762,2400
2947,Kitchen helpers,0.998902587890625,1.0,19958,19958,0,5825.591160220994,11,21120,13203.773480662983,1920
2949,Kitchen textile,0.998902587890625,1.0,6536,6536,0,1746.8950276243095,17,7650,4113.447513812154,450
2950,Kitchen textile,0.998902587890625,1.0,3369,3369,0,1806.1988950276243,2,3072,1947.342541436464,1536
2951,Racks and pockets,0.998902587890625,1.0,16599,16599,0,1608.1988950276243,5,14400,370.17127071823205,2880
2952,Table textiles,0.998902587890625,1.0,419,419,0,206.13812154696132,1,288,38.005524861878456,288
2953,Bath textiles and bath mats,0.998902587890625,0.8587982832618025,32620,28014,4606,6346.685082872928,99,102960,30851.933701657457,1040
2957,Mugs and cups,0.998902587890625,0.9683306494900698,14904,14432,472,3848.4696132596687,300,10800,8248.055248618784,36
2968,Tea and coffee,0.998902587890625,0.9422760290556901,72275,68103,4172,2424.9005524861877,369,66420,9705.54143646409,180
2969,Tea and coffee,0.998902587890625,0.9675792890591741,75168,72731,2437,1965.9613259668508,78,74880,4305.519337016574,960
2974,Foils and bags,0.998902587890625,1.0,542,542,0,232.95027624309392,25,500,241.39226519337018,20
2977,Drink & food To Go,0.998902587890625,1.0,377,377,0,792.0220994475138,330,330,798.7458563535912,1
2978,Tools,0.998902587890625,1.0,1633,1633,0,300.50828729281767,5,1590,200.939226519337,318
2979,Tableware,0.998902587890625,1.0,1158,1158,0,122.14917127071823,49,1176,152.9060773480663,24
2980,Light bulbs,0.998902587890625,1.0,6031,6031,0,571.5248618784531,16,5984,604.3149171270718,374
2985,Cutlery,0.998902587890625,1.0,3224,3224,0,891.8563535911602,2,2400,305.9944751381216,1200
2987,Tableware,0.998902587890625,1.0,4401,4401,0,372.8508287292818,186,4464,527.7403314917127,24
2988,Tableware,0.998902587890625,1.0,14,14,0,6317.651933701657,0,0,4834.7569060773485,960
2996,Baby / Toddler,0.998902587890625,1.0,4645,4645,0,999.0220994475138,15,4320,1076.878453038674,288
2997,Games,0.998902587890625,1.0,1296,1296,0,118.00552486187846,216,1296,148.09944751381215,6
3014,Phones,0.998902587890625,1.0,9792,9792,0,571.0883977900553,69,9936,872.3977900552486,144
3015,Batteries,0.998902587890625,0.992740259360089,34161,33913,248,1080.0773480662983,26,33800,1696.0441988950276,1300
3021,"Glasses (drink, beer, wine etc)",0.998902587890625,1.0,668,668,0,319.1381215469613,2,480,191.32044198895028,240
3027,Kitchen helpers,0.998902587890625,0.930977931477058,28049,26113,1936,7018.436464088398,2,20000,6850.298342541437,10000
3030,Vacuuming,0.998902587890625,1.0,183,183,0,2337.6740331491715,0,0,1105.0883977900553,675
3031,Vacuuming,0.998902587890625,1.0,105,105,0,16683.89502762431,0,0,11470.386740331493,675
3033,Kitchen helpers,0.998902587890625,1.0,17842,17842,0,3771.4088397790056,3,14400,2694.1381215469614,4800
3034,Measuring and weighing,0.998902587890625,1.0,39713,39713,0,12414.508287292818,6,9000,17025.60773480663,1500
3036,Ironing boards,0.998902587890625,1.0,20693,20693,0,4467.138121546961,7,21840,7946.1049723756905,3120
3037,Drying racks,0.998902587890625,0.8558041466557339,8537,7306,1231,816.9171270718232,64,7168,795.6519337016574,112
3042,Bed textile,0.998902587890625,1.0,3261,3261,0,756.2596685082873,216,2592,1697.220994475138,12
3046,Others,0.998902587890625,1.0,548,548,0,175.9060773480663,556,556,177.4972375690608,1
3047,Bath textiles and bath mats,0.998902587890625,0.780411491419361,21094,16462,4632,3320.734806629834,83,63080,18219.57458563536,760
3055,Tea and coffee,0.998902587890625,1.0,342,342,0,509.10497237569064,5,120,463.3756906077348,24
3058,"Glasses (drink, beer, wine etc)",0.998902587890625,1.0,7658,7658,0,1276.0386740331492,21,8820,1381.0883977900553,420
3059,Games,0.998902587890625,1.0,2181,2181,0,146.6243093922652,183,2196,175.61325966850828,12
3063,Games,0.998902587890625,1.0,94,94,0,49.552486187845304,82,82,49.5414364640884,1
3075,Boys toys,0.998902587890625,1.0,1226,1226,0,105.43093922651934,212,1272,191.6243093922652,6
3080,Batteries,0.998902587890625,0.9944179578863727,50340,50059,281,3625.9944751381217,5153,51530,5526.359116022099,10
3082,Batteries,0.998902587890625,0.9891368607744605,13532,13385,147,341.4640883977901,690,13800,849.121546961326,20
3083,"Cloths, mops, sponges and brush",0.998902587890625,1.0,57325,57325,0,3300.276243093923,157,60288,7567.983425414364,384
3087,Coffee makers and kettles,0.998902587890625,1.0,9201,9201,0,3865.4198895027625,550,11000,9064.138121546961,20
3090,Personal care,0.998902587890625,0.8152816797279314,27052,22055,4997,4939.718232044199,118,22656,4477.187845303867,192
3091,"Cloths, mops, sponges and brush",0.998902587890625,1.0,27805,27805,0,1170.8176795580112,27,27540,3716.939226519337,1020
3092,Cutlery,0.998902587890625,1.0,2866,2866,0,909.5745856353591,2,2400,334.9060773480663,1200
3093,Bathroom accessories,0.998902587890625,0.9881432297842068,8434,8334,100,249.7292817679558,28,8400,422.23204419889504,300
3097,Laundry baskets,0.998902587890625,0.7848645742321393,14879,11678,3201,533.3314917127071,183,11712,653.8397790055249,64
3098,Baskets,0.998902587890625,0.9965300368683583,13833,13785,48,392.76795580110496,36,13824,424.98342541436466,384
3104,Cleaning products,0.998902587890625,0.9978787878787879,6600,6586,14,261.0220994475138,23,6486,360.0773480662983,282
3106,Baskets,0.998902587890625,1.0,3698,3698,0,554.0828729281768,48,3840,1290.4530386740332,80
3108,Light bulbs,0.998902587890625,1.0,8382,8382,0,825.7292817679559,23,8280,956.0331491712707,360
3110,Ironing boards,0.998902587890625,0.8270223752151463,2324,1922,402,702.6574585635359,47,1974,631.2817679558011,42
3112,Dishwashing articles,0.998902587890625,0.5231665342864708,11331,5928,5403,526.0055248618785,30,10800,703.7624309392265,360
3114,"Cloths, mops, sponges and brush",0.998902587890625,0.9915138242540378,21918,21732,186,13314.110497237569,3,24000,19812.491712707182,8000
3120,Electric personal care,0.998902587890625,0.9525531731680014,11613,11062,551,356.30386740331494,46,11040,479.22651933701655,240
3121,Electric personal care,0.998902587890625,0.9565978298914946,8571,8199,372,211.03867403314916,416,8320,378.28729281767954,20
3123,Alarm clocks,0.998902587890625,1.0,18502,18502,0,8720.558011049723,6,18000,15444.602209944751,3000
3128,Stationary,0.998902587890625,1.0,32283,32283,0,776.9668508287293,55,33000,1721.9834254143645,600
3159,Pan sets,0.998902587890625,0.8449135150982117,3411,2882,529,444.76795580110496,3110,3110,531.353591160221,1
3161,Tableware,0.998902587890625,1.0,4710,4710,0,5178.939226519337,259,3108,6629.160220994475,12
3162,Kitchen tools,0.998902587890625,1.0,244,244,0,566.3591160220994,0,0,26.093922651933703,672
3163,Tea and coffee,0.998902587890625,1.0,1833,1833,0,1013.7403314917127,1,1800,124.30939226519337,1800
3165,Construction,0.998902587890625,1.0,448,448,0,173.75138121546962,2,400,92.35911602209944,200
3169,Serve and present,0.998902587890625,1.0,1845,1845,0,2116.8784530386743,1487,1487,2734.7016574585637,1
3170,Stationary,0.998902587890625,1.0,4116,4116,0,320.1933701657459,4084,4084,475.6795580110497,1
3171,Batteries,0.998902587890625,1.0,1515,1515,0,125.32596685082873,76,1520,172.2596685082873,20
3172,Toilet cleaners and odors,0.998902587890625,1.0,78,78,0,6361.3370165745855,0,0,5776.165745856353,1
3173,Construction,0.998902587890625,1.0,296,296,0,73.25966850828729,38,304,90.06077348066299,8
3176,Girls toys,0.998902587890625,1.0,8,8,0,282.9889502762431,0,0,10.497237569060774,270
3179,Baby / Toddler,0.998902587890625,1.0,12321,12321,0,1059.756906077348,508,12192,1309.5193370165746,24
3185,Kitchen appliances,0.998902587890625,1.0,8227,8227,0,6828.138121546961,23552,23552,17732.883977900554,1
3188,Personal care,0.998902587890625,1.0,12110,12110,0,6104.486187845304,12072,12072,6538.154696132597,1
3189,Wash treatment and accessories,0.998902587890625,0.7495654692931634,13808,10350,3458,871.8397790055249,19,10032,768.9613259668508,528
3196,"Cloths, mops, sponges and brush",0.998902587890625,1.0,8363,8363,0,582.6740331491712,15,7920,919.0110497237569,528
3201,Oven dishes,0.998902587890625,1.0,2419,2419,0,2651.6740331491715,0,0,529.3480662983426,3360
3205,Partyfun,0.998902587890625,0.9878809481375869,28055,27715,340,1357.5414364640883,23,27600,1194.403314917127,1200
3210,Knives,0.998902587890625,1.0,57,57,0,40.248618784530386,2,48,21.320441988950275,24
3212,Table textiles,0.998902587890625,1.0,1724,1724,0,200.52486187845304,6,1728,117.8232044198895,288
3218,Mugs and cups,0.998902587890625,0.9939764984694381,20254,20132,122,5524.027624309392,265,6360,8858.154696132597,24
3228,Vases,0.998902587890625,0.9982398239823982,9090,9074,16,388.0828729281768,49,8820,641.4806629834254,180
3229,Tea and coffee,0.998902587890625,0.9602960296029603,9999,9602,397,1675.5082872928176,16,9216,1713.988950276243,576
3230,Hobby and creative,0.998902587890625,1.0,195,195,0,65.95027624309392,3,180,37.14364640883978,60
3235,Cutlery,0.998902587890625,1.0,2192,2192,0,210.30939226519337,61,2196,273.4696132596685,36
3237,Oven dishes,0.998902587890625,1.0,855,855,0,194.3314917127072,11,792,216.41988950276243,72
3238,Large garden,0.998902587890625,1.0,242,242,0,179.2707182320442,2,144,136.14364640883977,72
3244,Serve and present,0.998902587890625,1.0,709,709,0,260.30939226519337,572,572,244.44198895027625,1
3246,Kitchen helpers,0.998902587890625,1.0,779,779,0,314.0552486187845,1,480,62.24309392265194,480
3247,Cutlery,0.998902587890625,1.0,1348,1348,0,129.73480662983425,36,1296,159.03867403314916,36
3249,Shopping bags and trolleys,0.998902587890625,1.0,6110,6110,0,4381.07182320442,5835,5835,6544.32044198895,1
3250,Gift cards,0.998902587890625,1.0,0,0,0,3049.0,0,0,49.0,3000
3251,Laundry baskets,0.998902587890625,1.0,167,167,0,504.4585635359116,0,0,384.88950276243094,180
3252,Thermos jugs,0.998902587890625,1.0,1068,1068,0,185.84530386740332,4,992,90.96132596685082,248
3259,Hobby and creative,0.998902587890625,1.0,5394,5394,0,573.4475138121547,19,5472,745.2707182320441,288
3264,Hobby and creative,0.998902587890625,1.0,3170,3170,0,165.08287292817678,549,3294,282.9502762430939,6
3279,Table textiles,0.998902587890625,1.0,6665,6665,0,757.5690607734807,6,6048,456.8729281767956,1008
3281,Vacuuming,0.998902587890625,1.0,396,396,0,4922.187845303867,0,0,3085.3701657458564,675
3285,Knives,0.998902587890625,0.9999265300124899,13611,13610,1,4634.795580110497,14,16800,11618.674033149171,1200
3286,Knives,0.998902587890625,1.0,24629,24629,0,8289.298342541437,24,28800,21111.436464088398,1200
3287,Drying racks,0.998902587890625,1.0,10459,10459,0,3670.685082872928,8,11088,3934.2265193370167,1386
3288,Bicycle accessories,0.998902587890625,1.0,1823,1823,0,237.34254143646407,27,1782,240.1049723756906,66
3291,Kitchen textile,0.998902587890625,1.0,11083,11083,0,6977.49723756906,1,7990,4979.972375690608,7990
3293,Bed textile,0.998902587890625,1.0,3772,3772,0,1980.7955801104972,3,3600,2324.9944751381217,1200
3295,Mugs and cups,0.998902587890625,0.9837695366688246,21626,21275,351,6192.414364640884,181,6516,8516.850828729283,36
3296,Mugs and cups,0.998902587890625,0.990862505402235,16197,16049,148,4928.839779005525,169,4056,6658.193370165746,24
3297,Mugs and cups,0.998902587890625,0.9697454986149584,23104,22405,699,6504.685082872928,8,6528,8616.53038674033,816
3298,Mugs and cups,0.998902587890625,0.9794385432473445,13180,12909,271,3417.0883977900553,124,4464,5578.8729281767955,36
3321,Puzzles,0.998902587890625,1.0,1176,1176,0,108.45303867403315,1128,1128,187.17127071823205,1
3322,Foodprep,0.998902587890625,1.0,7318,7318,0,4049.353591160221,6,7296,6871.381215469613,1216
3329,Baby / Toddler,0.998902587890625,1.0,273,273,0,365.27624309392263,4,240,341.3922651933702,60
3330,Moisture treatment and climate,0.998902587890625,1.0,14282,14282,0,1325.171270718232,40,14000,2178.9558011049726,350
3332,Cleaning products,0.998902587890625,1.0,88246,88246,0,4251.353591160221,14,84000,7592.005524861878,6000
3333,Bathroom accessories,0.998902587890625,1.0,3072,3072,0,233.74585635359117,12,2880,149.30939226519337,240
3335,Bathroom accessories,0.998902587890625,1.0,634,634,0,1620.0331491712707,0,0,213.4696132596685,864
3336,Thermos jugs,0.998902587890625,1.0,4674,4674,0,549.6243093922652,58,4872,687.9281767955802,84
3337,Cleaning products,0.998902587890625,0.9369711621481609,11582,10852,730,333.8839779005525,51,11016,635.9723756906077,216
3339,Baskets,0.998902587890625,1.0,7856,7856,0,313.1988950276243,22,7920,256.414364640884,360
3341,Cleaning products,0.998902587890625,0.9616953762466002,4412,4243,169,215.4972375690608,24,4176,288.74585635359114,174
3342,Cleaning products,0.998902587890625,1.0,6561,6561,0,394.2817679558011,13,6474,388.55801104972375,498
3343,Cleaning products,0.998902587890625,0.9513729977116705,10488,9978,510,327.6353591160221,57,9918,618.9060773480663,174
3346,Window and squeegees,0.998902587890625,1.0,1143,1143,0,337.23756906077347,2,924,99.87845303867404,462
3348,Wash treatment and accessories,0.998902587890625,0.4763412934693102,31574,15040,16534,9323.878453038675,31,20832,3473.9944751381217,672
3349,Waste bins,0.998902587890625,1.0,2949,2949,0,194.21546961325967,53,2968,277.70165745856355,56
3350,Cleaning products,0.998902587890625,1.0,1938,1938,0,796.0220994475138,3,1800,553.5690607734807,600
3352,Cleaning products,0.998902587890625,0.9760289461781999,4422,4316,106,407.292817679558,6,4104,127.01104972375691,684
3353,Bathroom accessories,0.998902587890625,1.0,42047,42047,0,3895.5303867403313,7,36400,5495.2430939226515,5200
3354,Bathroom accessories,0.998902587890625,0.9979425528481524,24788,24737,51,9878.011049723757,7,25200,19603.56906077348,3600
3355,Toilet accessories,0.998902587890625,0.9703437761274775,40666,39460,1206,15953.740331491712,4,28800,25297.524861878454,7200
3356,Residential odors,0.998902587890625,1.0,12863,12863,0,585.1160220994475,29,12528,576.0,432
3359,Electric personal care,0.998902587890625,0.9856367698691351,6266,6176,90,1094.5469613259668,14,5880,904.9558011049724,420
3363,Electric personal care,0.998902587890625,0.9747474747474747,2970,2895,75,90.40883977900552,148,2960,128.07734806629836,20
3366,"TV, Audio & Video",0.998902587890625,1.0,245,245,0,1336.0220994475137,128,128,1332.9226519337017,1
3368,Bathroom scales,0.998902587890625,0.99030512550729,13306,13177,129,1676.0939226519338,13317,13317,2173.3370165745855,1
3370,Special pans,0.998902587890625,1.0,7773,7773,0,2046.8011049723757,7333,7333,2304.3480662983425,1
3387,Candles & Tealights,0.998902587890625,1.0,845,845,0,9086.419889502762,0,0,590.5801104972376,9120
3388,Candles & Tealights,0.998902587890625,1.0,804,804,0,1504.353591160221,0,0,470.8563535911602,1650
3409,Tea and coffee,0.998902587890625,1.0,1730,1730,0,860.414364640884,39,1872,1730.2486187845304,48
3410,Foods,0.998902587890625,1.0,950,950,0,602.9834254143647,659,659,622.4033149171271,1
3411,Construction,0.998902587890625,1.0,393,393,0,194.88397790055248,5,360,180.41436464088397,72
3413,Boys toys,0.998902587890625,1.0,1082,1082,0,317.3259668508287,2,768,161.292817679558,384
3414,Electric personal care,0.998902587890625,1.0,1671,1671,0,285.0552486187845,1727,1727,349.292817679558,1
3416,Construction,0.998902587890625,1.0,511,511,0,210.90055248618785,8,576,205.7292817679558,72
3419,Serve and present,0.998902587890625,1.0,966,966,0,1030.5690607734807,920,920,1445.867403314917,1
3420,Tableware,0.998902587890625,1.0,4055,4055,0,3490.972375690608,153,3672,5165.182320441989,24
3421,Reading glasses,0.998902587890625,1.0,1720,1720,0,2671.9558011049726,0,0,1227.1381215469614,2500
3422,Reading glasses,0.998902587890625,1.0,1068,1068,0,2757.3480662983425,0,0,672.060773480663,2500
3428,Store kitchen,0.998902587890625,0.5208787592051672,24307,12661,11646,12388.165745856353,21562,21562,6040.270718232045,1
3429,Sockets and security,0.998902587890625,1.0,1249,1249,0,177.85082872928177,1226,1226,223.44198895027625,1
3436,Toilet cleaners and odors,0.998902587890625,0.8095367109184503,3691,2988,703,523.3259668508288,3033,3033,548.9944751381215,1
3438,Cooking books,0.998902587890625,1.0,9539,9539,0,887.0718232044198,9346,9346,1229.0441988950276,1
3441,"Glasses (drink, beer, wine etc)",0.998902587890625,1.0,4202,4202,0,392.03867403314916,14,4368,552.3591160220994,312
3442,Window and squeegees,0.998902587890625,0.9767204757858964,29425,28740,685,625.0055248618785,161,28980,1613.2817679558011,180
3443,Window and squeegees,0.998902587890625,0.90393619913603,33103,29923,3180,1643.7348066298343,255,29070,2673.204419889503,114
3444,Kitchen tools,0.998902587890625,0.9953539361035707,19156,19067,89,7260.2430939226515,9,21600,15978.0,2400
3445,Cutlery,0.998902587890625,0.9639419818354344,7377,7111,266,437.5911602209945,39,7020,610.3038674033149,180
3453,Ironing board textiles,0.998902587890625,1.0,51921,51921,0,2167.92817679558,158,52140,9354.85635359116,330
3457,Bath textiles and bath mats,0.998902587890625,0.9067030530445165,35178,31896,3282,6912.85635359116,209,105336,32968.132596685085,504
3465,Tableware,0.998902587890625,1.0,37656,37656,0,1604.3977900552486,104,37440,5524.254143646409,360
3467,Cutlery,0.998902587890625,1.0,687,687,0,451.9889502762431,0,0,60.773480662983424,756
3468,Tableware,0.998902587890625,1.0,698,698,0,130.24309392265192,58,696,150.55801104972375,12
3469,Baby / Toddler,0.998902587890625,0.831764705882353,850,707,143,107.12707182320442,5,600,34.48066298342541,120
3471,Cutlery,0.998902587890625,1.0,3263,3263,0,362.1767955801105,27,3240,422.4696132596685,120
3473,Serve and present,0.998902587890625,0.98896499238965,2628,2599,29,135.60773480662982,108,2592,214.24861878453038,24
3474,Cutlery,0.998902587890625,1.0,3624,3624,0,926.0276243093923,3,3600,348.22651933701655,1200
3476,Light bulbs,0.998902587890625,1.0,5182,5182,0,643.2099447513813,13,5005,641.9447513812155,385
3477,Tableware,0.998902587890625,1.0,5323,5323,0,821.9116022099447,223,5352,1012.1767955801105,24
3478,Baskets,0.998902587890625,1.0,2631,2631,0,365.16022099447514,34,2720,872.9337016574585,80
3482,Drink & food To Go,0.998902587890625,1.0,4388,4388,0,1753.889502762431,4,3744,1349.292817679558,936
3483,Light bulbs,0.998902587890625,1.0,4844,4844,0,613.353591160221,10,4480,570.1933701657458,448
3485,Frying pans,0.998902587890625,1.0,1675,1675,0,711.1381215469613,1741,1741,730.8342541436464,1
3490,Hobby and creative,0.998902587890625,1.0,5656,5656,0,247.27624309392266,95,5700,430.69613259668506,60
3499,Hobby and creative,0.998902587890625,1.0,62,62,0,113.85635359116021,5,50,109.01104972375691,10
3504,Games,0.998902587890625,1.0,2890,2890,0,188.55801104972375,247,2964,228.61878453038673,12
3514,Drink & food To Go,0.998902587890625,1.0,5723,5723,0,1187.5580110497237,2,3888,394.72375690607737,1944
3517,Measuring and weighing,0.998902587890625,1.0,22004,22004,0,1018.8729281767955,19,21888,1256.3922651933701,1152
3519,"Glasses (drink, beer, wine etc)",0.998902587890625,1.0,411,411,0,264.8618784530387,94,376,275.97237569060775,4
3526,Window and squeegees,0.998902587890625,1.0,2399,2399,0,891.9281767955802,14,2352,884.2486187845304,168
3528,Toilet cleaners and odors,0.998902587890625,0.8072233724407637,4347,3509,838,513.939226519337,3549,3549,556.9944751381215,1
3529,Kitchen helpers,0.998902587890625,0.9736062876987753,54710,53266,1444,8526.46961325967,6,57600,13991.187845303868,9600
3531,Vacuuming,0.998902587890625,1.0,141,141,0,4265.03867403315,0,0,2516.646408839779,675
3532,Kitchen tools,0.998902587890625,1.0,39401,39401,0,3533.696132596685,8,36000,6284.414364640884,4500
3533,Tea and coffee,0.998902587890625,1.0,8223,8223,0,3694.3867403314916,11895,11895,9244.917127071823,1
3541,"Cloths, mops, sponges and brush",0.998902587890625,1.0,123,123,0,5564.386740331492,0,0,1636.8950276243095,2340
3543,Bath textiles and bath mats,0.998902587890625,0.9765494137353434,7761,7579,182,2094.9116022099447,16,12160,4630.861878453039,760
3546,Bed textile,0.998902587890625,1.0,1544,1544,0,1423.8397790055249,1,1152,1049.6022099447514,1152
3549,Mugs and cups,0.998902587890625,0.9701715769274184,35436,34379,1057,9721.386740331493,14,11424,15457.475138121546,816
3556,Tea and coffee,0.998902587890625,1.0,11594,11594,0,1267.9005524861877,467,11208,1662.0055248618785,24
3558,Kitchen helpers,0.998902587890625,1.0,1919,1919,0,1681.0497237569061,0,0,296.69060773480663,2400
3560,Oven dishes,0.998902587890625,1.0,81,81,0,388.3867403314917,0,0,57.0,360
3561,Oven dishes,0.998902587890625,1.0,408,408,0,116.69060773480663,2,288,61.408839779005525,144
3570,Foods,0.998902587890625,1.0,0,0,0,2989.0,0,0,2980.24861878453,1
3576,Hobby and creative,0.998902587890625,0.9972206781545303,1799,1794,5,79.79005524861878,302,1812,122.58563535911603,6
3579,Batteries,0.998902587890625,1.0,9980,9980,0,1408.7348066298343,10152,10152,1787.364640883978,1
3583,Baby / Toddler,0.998902587890625,1.0,962,962,0,89.1657458563536,166,996,156.3038674033149,6
3587,Bakeware,0.998902587890625,1.0,25737,25737,0,17475.093922651933,2,19200,20089.68508287293,9600
3588,Drink & food To Go,0.998902587890625,1.0,27154,27154,0,1138.2872928176796,47,27072,2851.232044198895,576
3589,Dishwashing articles,0.998902587890625,1.0,98839,98839,0,4611.977900552486,385,110880,26977.42541436464,288
3591,Dishwashing articles,0.998902587890625,0.9310952385976388,94783,88252,6531,32434.381215469613,15,108000,81062.29281767955,7200
3592,"Glasses (drink, beer, wine etc)",0.998902587890625,1.0,1868,1868,0,188.4254143646409,8,1680,142.91160220994476,210
3593,Cleaning products,0.998902587890625,1.0,17337,17337,0,2015.6740331491712,5,15360,2145.8563535911603,3072
3594,Clothes hangers,0.998902587890625,1.0,112663,112663,0,14010.99447513812,371,118720,37259.68508287293,320
3596,Waste bins,0.998902587890625,1.0,0,0,0,857.0,0,0,692.1270718232045,160
3597,Oven dishes,0.998902587890625,1.0,807,807,0,182.00552486187846,4,768,133.85635359116023,192
3601,Personal care,0.998902587890625,1.0,74,74,0,562.9558011049724,0,0,503.0828729281768,1
3602,Wash treatment and accessories,0.998902587890625,1.0,1980,1980,0,1651.9558011049724,1464,1464,1693.5524861878453,1
3603,Cleaning products,0.998902587890625,0.9704565141266887,54259,52656,1603,1098.475138121547,123,53136,2893.585635359116,432
3605,Baskets,0.998902587890625,1.0,2813,2813,0,466.11049723756906,21,2688,966.6574585635359,128
3607,Cleaning products,0.998902587890625,1.0,1537,1537,0,366.0,6,1404,303.02762430939225,234
3611,Wash treatment and accessories,0.998902587890625,1.0,16452,16452,0,614.9281767955802,69,16560,762.5469613259669,240
3612,Dishwashing articles,0.998902587890625,1.0,5264,5264,0,1424.4475138121547,4,5184,784.8950276243094,1296
3616,Cleaning products,0.998902587890625,1.0,7345,7345,0,807.5966850828729,6,6696,354.70165745856355,1116
3619,Ironing,0.998902587890625,1.0,11892,11892,0,1067.6629834254143,520,12480,1517.3038674033148,24
3622,Alarm clocks,0.998902587890625,1.0,20563,20563,0,11203.28729281768,2,6000,11129.39226519337,3000
3623,Electric personal care,0.998902587890625,0.9130824372759857,2232,2038,194,184.38121546961327,2096,2096,181.9281767955801,1
3641,Candles & Tealights,0.998902587890625,1.0,1049,1049,0,1654.1436464088397,0,0,760.4861878453039,1650
3646,Party lights,0.998902587890625,1.0,12601,12601,0,5137.281767955801,7,5586,7855.740331491713,798
3647,Residential odors,0.998902587890625,1.0,9449,9449,0,547.6353591160221,12,9000,369.1325966850829,750
3651,Vases,0.998902587890625,0.9302712005222242,16851,15676,1175,720.9779005524862,130,15600,1235.4309392265193,120
3652,Gift cards,0.998902587890625,1.0,0,0,0,3026.0,0,0,18.23204419889503,3000
3661,Kitchen tools,0.998902587890625,1.0,8058,8058,0,2065.718232044199,7136,7136,2066.9171270718234,1
3662,Serve and present,0.998902587890625,1.0,8111,8111,0,7492.60773480663,7644,7644,11093.861878453039,1
3663,Tea and coffee,0.998902587890625,1.0,1580,1580,0,1830.5911602209944,1534,1534,2506.4364640883978,1
3670,Construction,0.998902587890625,1.0,279,279,0,268.30939226519337,0,0,137.72375690607734,258
3671,Hobby and creative,0.998902587890625,1.0,327,327,0,84.75690607734806,331,331,96.20994475138122,1
3674,Puzzles,0.998902587890625,1.0,231,231,0,788.3314917127071,0,0,614.6685082872929,324
3675,Construction,0.998902587890625,1.0,549,549,0,278.23756906077347,8,576,286.38121546961327,72
3678,Boys toys,0.998902587890625,1.0,34,34,0,490.6353591160221,0,0,16.524861878453038,480
3687,"Glasses (drink, beer, wine etc)",0.998902587890625,1.0,2020,2020,0,652.7624309392265,460,1840,709.9005524861878,4
3690,"Glasses (drink, beer, wine etc)",0.998902587890625,1.0,1354,1354,0,380.6077348066298,105,1260,417.6795580110497,12
3691,"Glasses (drink, beer, wine etc)",0.998902587890625,0.9919935948759008,1249,1239,10,78.7513812154696,214,1284,117.17127071823204,6
3692,Cleaning products,0.998902587890625,1.0,7893,7893,0,724.9226519337017,7,7812,282.64088397790056,1116
3696,Drink & food To Go,0.998902587890625,1.0,453,453,0,668.8232044198895,0,0,87.20994475138122,832
3698,Cooking books,0.998902587890625,1.0,146,146,0,1730.3370165745857,0,0,794.7955801104972,1
3700,Clocks,0.998902587890625,1.0,3076,3076,0,175.8121546961326,259,3108,287.4088397790055,12
3705,Ironing,0.998902587890625,1.0,156,156,0,1654.364640883978,0,0,1518.9337016574586,40
3719,Mugs and cups,0.998902587890625,0.9483402280294622,9911,9399,512,2838.950276243094,95,3420,4447.0110497237565,36
3720,Mugs and cups,0.998902587890625,1.0,11289,11289,0,3552.7016574585637,166,5976,6135.022099447514,36
3721,Mugs and cups,0.998902587890625,0.981072298943948,24620,24154,466,6429.292817679558,261,6264,9341.292817679558,24
3722,Mugs and cups,0.998902587890625,0.9660953019571686,23861,23052,809,6486.160220994475,277,6648,8688.160220994476,24
3733,Oven dishes,0.998902587890625,1.0,163,163,0,238.12154696132598,0,0,78.18232044198895,240
3735,Tableware,0.998902587890625,1.0,1036,1036,0,100.04972375690608,43,1032,127.65193370165746,24
3736,"Cloths, mops, sponges and brush",0.998902587890625,1.0,11383,11383,0,1798.1602209944751,5,11700,1377.8011049723757,2340
3738,Puzzles,0.998902587890625,0.9980713596914176,3111,3105,6,111.64088397790056,129,3096,149.9668508287293,24
3741,Kitchen helpers,0.998902587890625,0.8188976377952756,762,624,138,90.74033149171271,650,650,85.39779005524862,1
3746,Cutlery,0.998902587890625,1.0,2515,2515,0,323.0552486187845,10,2400,290.0939226519337,240
3752,Cooking books,0.998902587890625,1.0,537,537,0,1237.6408839779006,481,481,1254.767955801105,1
3753,Light bulbs,0.998902587890625,1.0,2303,2303,0,501.57458563535914,3,1800,268.7403314917127,600
3754,Special pans,0.998902587890625,0.9522240527182867,607,578,29,124.77348066298343,33,660,205.060773480663,20
3755,Personal care,0.998902587890625,1.0,462,462,0,449.56906077348066,444,444,464.585635359116,1
3756,Wash treatment and accessories,0.998902587890625,1.0,3081,3081,0,948.9889502762431,2483,2483,841.6795580110497,1
3757,Cutlery,0.998902587890625,1.0,1565,1565,0,453.45303867403317,2,1512,147.31491712707182,756
3758,Light bulbs,0.998902587890625,1.0,5072,5072,0,703.232044198895,13,5005,693.2044198895028,385
3759,Personal care,0.998902587890625,1.0,762,762,0,210.23204419889504,628,628,206.93370165745856,1
3772,"Glasses (drink, beer, wine etc)",0.998902587890625,1.0,773,773,0,570.939226519337,1,624,276.3204419889503,624
3779,Vacuuming,0.998902587890625,1.0,368,368,0,6246.50276243094,0,0,3941.4696132596687,675
3782,Ironing boards,0.998902587890625,1.0,4727,4727,0,548.9226519337017,130,4680,603.8453038674033,36
3783,Clothes hangers,0.998902587890625,0.9502603287856144,82972,78845,4127,31187.513812154695,9,72576,64601.79005524862,8064
3788,Bath textiles and bath mats,0.998902587890625,0.9740375248824701,47222,45996,1226,6644.259668508287,45,81000,28330.56906077348,1800
3797,Vehicles,0.998902587890625,0.9942614770459082,4008,3985,23,155.15469613259668,676,4056,238.67403314917127,6
3803,Hobby and creative,0.998902587890625,1.0,1932,1932,0,251.52486187845304,2002,2002,363.76795580110496,1
3815,Tea and coffee,0.998902587890625,0.9763567974207416,3722,3634,88,579.6850828729282,6,3456,348.1436464088398,576
3819,Coffee makers and kettles,0.998902587890625,1.0,391,391,0,676.2983425414365,0,0,392.69613259668506,40
3822,Batteries,0.998902587890625,1.0,93369,93369,0,3415.0883977900553,146,94900,6690.674033149171,650
3827,Personal care,0.998902587890625,1.0,482,482,0,136.6243093922652,418,418,138.55248618784532,1
3828,Drink & food To Go,0.998902587890625,0.9681576083843996,17461,16905,556,752.2596685082873,31,17360,1135.1823204419888,560
3831,Baskets,0.998902587890625,0.9925979563923083,12429,12337,92,330.707182320442,52,12480,416.2044198895028,240
3832,Tools,0.998902587890625,1.0,7314,7314,0,601.6906077348066,407,7326,868.2983425414365,18
3835,Personal care,0.998902587890625,0.959383145091225,13812,13251,561,860.2099447513813,11,12320,499.9337016574586,1120
3836,Personal care,0.998902587890625,1.0,114,114,0,6303.077348066298,0,0,4256.591160220994,1
3837,Wash treatment and accessories,0.998902587890625,1.0,2881,2881,0,432.56353591160223,4,2400,221.23756906077347,600
3844,Wash treatment and accessories,0.998902587890625,0.7993571930764337,29869,23876,5993,3797.966850828729,35,23520,3183.9447513812156,672
3845,Personal care,0.998902587890625,1.0,19686,19686,0,2870.6408839779006,15,19440,2585.292817679558,1296
3886,Gift,0.998902587890625,1.0,3367,3367,0,15547.243093922652,0,0,115.74585635359117,17640
3891,Residential odors,0.998902587890625,1.0,6970,6970,0,1114.220994475138,4,6600,417.2651933701657,1650
3909,Construction,0.998902587890625,1.0,226,226,0,193.14917127071823,1,144,106.14917127071823,144
3910,Kitchen tools,0.998902587890625,1.0,1981,1981,0,173.5745856353591,82,1968,236.12154696132598,24
3911,Teletoys,0.998902587890625,1.0,585,585,0,591.8342541436464,4,480,541.6353591160221,120
3912,Hobby and creative,0.998902587890625,1.0,505,505,0,85.47513812154696,511,511,92.74033149171271,1
3913,Serve and present,0.998902587890625,1.0,794,794,0,1474.867403314917,1312,1312,2012.0276243093922,1
3915,Construction,0.998902587890625,1.0,305,305,0,328.1491712707182,1,120,276.96132596685084,120
3918,Special pans,0.998902587890625,1.0,4185,4185,0,398.55801104972375,37,4144,500.6077348066298,112
3920,Games,0.998902587890625,1.0,1919,1919,0,377.25414364640886,6,1728,258.9171270718232,288
3921,Teletoys,0.998902587890625,1.0,355,355,0,98.20994475138122,2,240,46.07734806629834,120
3922,Vehicles,0.998902587890625,1.0,4419,4419,0,302.1933701657459,370,4440,391.9281767955801,12
3923,Games,0.998902587890625,1.0,1944,1944,0,140.68508287292818,25,2000,147.90055248618785,80
3925,"Glasses (drink, beer, wine etc)",0.998902587890625,1.0,3405,3405,0,208.85635359116023,577,3462,333.2044198895028,6
3947,Bath textiles and bath mats,0.998902587890625,1.0,13253,13253,0,539.0994475138122,30,12960,806.171270718232,432
3948,Bath textiles and bath mats,0.998902587890625,1.0,14811,14811,0,650.585635359116,34,14280,973.1767955801105,420
3951,Window and squeegees,0.998902587890625,1.0,60373,60373,0,5477.491712707182,36,69120,17824.486187845305,1920
3959,Special pans,0.998902587890625,1.0,36,36,0,540.3646408839779,0,0,455.6685082872928,84
3965,Oven dishes,0.998902587890625,1.0,248,248,0,64.56906077348066,11,264,86.0939226519337,24
3967,Ironing boards,0.998902587890625,1.0,127,127,0,400.1933701657459,51,51,398.7790055248619,1
3970,Foods,0.998902587890625,1.0,124,124,0,1541.4696132596684,0,0,1446.1270718232045,1
3971,Cleaning products,0.998902587890625,1.0,656,656,0,340.0220994475138,2,576,172.646408839779,288
3973,Light bulbs,0.998902587890625,1.0,2433,2433,0,480.90055248618785,8,2200,420.3204419889503,275
3975,Table paper,0.998902587890625,1.0,1674,1674,0,668.0165745856353,1,1008,146.7292817679558,1008
3979,Special pans,0.998902587890625,0.9088235294117647,680,618,62,165.95580110497238,5,630,194.28729281767957,126
3980,Drying racks,0.998902587890625,1.0,1,1,0,1253.0607734806629,0,0,1027.8508287292818,1
3984,Drying racks,0.998902587890625,1.0,2,2,0,886.3701657458563,0,0,714.4198895027624,1
3986,Bath textiles and bath mats,0.998902587890625,1.0,0,0,0,702.0,0,0,701.0,1
3987,Travel accessories,0.998902587890625,1.0,1130,1130,0,323.6740331491713,2,1008,81.22651933701657,504
3989,Tea and coffee,0.998902587890625,1.0,13674,13674,0,6878.055248618784,6,9000,10674.508287292818,1500
4006,Hobby and creative,0.998902587890625,1.0,5386,5386,0,579.9834254143647,455,5460,979.292817679558,12
4016,Hobby and creative,0.998902587890625,1.0,510,510,0,416.41988950276243,511,511,434.6629834254144,1
4028,Window and squeegees,0.998902587890625,0.862948009736332,68609,59206,9403,1310.7513812154696,208,59904,2107.6243093922653,288
4029,Shoe maintenance,0.998902587890625,1.0,3407,3407,0,2133.1104972375692,0,0,167.22099447513813,3570
4036,Vacuuming,0.998902587890625,1.0,164,164,0,3811.292817679558,0,0,2122.8839779005525,675
4040,Kitchen textile,0.998902587890625,1.0,12795,12795,0,4916.314917127072,2,6336,6067.751381215469,3168
4042,Window and squeegees,0.998902587890625,0.9676364379641617,14677,14202,475,476.28729281767954,116,13920,1955.7016574585634,120
4043,Table textiles,0.998902587890625,1.0,2570,2570,0,208.9668508287293,9,2592,163.3038674033149,288
4046,Tableware,0.998902587890625,1.0,12066,12066,0,4357.8011049723755,195,4680,6155.14364640884,24
4047,Tableware,0.998902587890625,1.0,15264,15264,0,4272.939226519337,20,16320,10767.895027624309,816
4054,Light bulbs,0.998902587890625,1.0,7689,7689,0,825.8121546961326,17,7616,881.1160220994475,448
4055,Thermos jugs,0.998902587890625,0.9964267483409903,1959,1952,7,181.65193370165747,9,1944,107.04972375690608,216
4059,Foods,0.998902587890625,1.0,300,300,0,1966.9005524861877,0,0,1685.635359116022,1
4068,Baby / Toddler,0.998902587890625,1.0,744,744,0,99.44198895027624,733,733,126.35911602209944,1
4073,Hobby and creative,0.998902587890625,0.9981507165973186,6489,6477,12,168.34806629834253,90,6480,305.54696132596683,72
4074,Puzzles,0.998902587890625,1.0,4263,4263,0,135.3756906077348,358,4296,198.5027624309392,12
4076,Vehicles,0.998902587890625,1.0,162,162,0,127.99447513812154,21,126,132.86740331491714,6
4077,Puzzles,0.998902587890625,1.0,4444,4444,0,231.71270718232043,4616,4616,401.7790055248619,1
4079,Foodprep,0.998902587890625,1.0,7093,7093,0,7489.723756906077,1,3024,7024.375690607735,3024
4080,Coffee makers and kettles,0.998902587890625,1.0,2875,2875,0,3182.07182320442,2,2488,3715.232044198895,1244
4085,Vacuuming,0.998902587890625,0.9031586911291848,5287,4775,512,311.65193370165747,302,4832,479.121546961326,16
4086,Fans and electric blankets,0.998902587890625,0.9363896416741945,13284,12439,845,2303.0,152,10944,2774.5414364640883,72
4091,Store kitchen,0.998902587890625,1.0,725,725,0,399.96685082872926,746,746,426.6022099447514,1
4094,Bathroom accessories,0.998902587890625,1.0,2958,2958,0,136.707182320442,19,2850,103.0828729281768,150
4097,Cleaning products,0.998902587890625,0.9988221436984688,26319,26288,31,1003.5027624309392,33,26400,3440.4198895027625,800
4098,Cooking pans,0.998902587890625,1.0,79,79,0,37.28176795580111,68,68,40.70718232044199,1
4103,Wash treatment and accessories,0.998902587890625,1.0,2154,2154,0,355.17127071823205,9,2106,313.45303867403317,234
4104,Cleaning products,0.998902587890625,0.9942581959622152,5399,5368,31,238.2596685082873,30,5220,345.0552486187845,174
4105,(Steam) cleaners,0.998902587890625,1.0,156,156,0,79.49171270718232,1,96,22.944751381215468,96
4108,Wash treatment and accessories,0.998902587890625,0.456747581489139,39177,17894,21283,9760.502762430939,37,24864,3259.9005524861877,672
4113,Residential odors,0.998902587890625,1.0,5318,5318,0,1426.6519337016575,2,5040,138.41988950276243,2520
4114,Window and squeegees,0.998902587890625,0.777122641509434,78016,60628,17388,2470.265193370166,133,59850,2932.182320441989,450
4116,Shoe maintenance,0.998902587890625,1.0,2629,2629,0,496.2099447513812,3,1980,204.34806629834253,660
4117,Coffee makers and kettles,0.998902587890625,0.9744197063003316,37998,37026,972,612.5414364640884,780,37440,1408.232044198895,48
4122,Electric personal care,0.998902587890625,0.9539336086233711,18647,17788,859,557.5082872928177,127,18288,870.6574585635359,144
4123,Electric personal care,0.998902587890625,0.9898486441995519,21869,21647,222,1144.414364640884,40,21600,1625.475138121547,540
4133,Special pans,0.998902587890625,0.969702253803566,22939,22244,695,660.0220994475138,308,22176,1467.2044198895028,72
4134,Frying pans,0.998902587890625,1.0,8230,8230,0,2049.1381215469614,9185,9185,2381.1657458563536,1
4153,Stationary,0.998902587890625,1.0,37286,37286,0,1045.7955801104972,1924,38480,2491.171270718232,20
4160,Hobby and creative,0.998902587890625,1.0,7105,7105,0,2682.767955801105,104,6240,4424.563535911602,60
4164,Kitchen tools,0.998902587890625,1.0,821,821,0,346.3370165745856,1,480,76.55801104972376,480
4166,Girls toys,0.998902587890625,1.0,161,161,0,199.1049723756906,0,0,21.022099447513813,192
4168,Vehicles,0.998902587890625,0.7978572747983499,16241,12958,3283,786.6795580110497,1235,14820,1100.4419889502763,12
4171,"Glasses (drink, beer, wine etc)",0.998902587890625,1.0,2323,2323,0,1400.3038674033148,1,1026,848.6740331491712,1026
4172,Tea and coffee,0.998902587890625,0.9828259172521467,21777,21403,374,969.7513812154696,30,21600,1390.1988950276243,720
4176,Window and squeegees,0.998902587890625,0.8701391731477691,68404,59521,8883,1253.767955801105,222,59940,2059.0773480662983,270
4187,Knives,0.998902587890625,0.9908024973351607,32835,32533,302,7993.232044198895,3,23760,11960.353591160221,7920
4191,Cutlery,0.998902587890625,1.0,22975,22975,0,10213.171270718232,5,20000,17477.32044198895,4000
4192,Window and squeegees,0.998902587890625,0.9864385946942538,48815,48153,662,1721.0276243093922,37,47952,2110.1381215469614,1296
4194,Stairs,0.998902587890625,1.0,3218,3218,0,98.77900552486187,159,3180,208.79558011049724,20
4203,Bed textile,0.998902587890625,1.0,842,842,0,301.35911602209944,2,500,303.5524861878453,250
4206,Mugs and cups,0.998902587890625,1.0,12408,12408,0,3450.1215469613257,344,12384,8847.370165745857,36
4215,Tea and coffee,0.998902587890625,1.0,15330,15330,0,4789.265193370165,33,11880,9858.806629834255,360
4216,Tea and coffee,0.998902587890625,1.0,16,16,0,388.02762430939225,0,0,259.21546961325964,24
4217,Tableware,0.998902587890625,1.0,4585,4585,0,590.6243093922652,66,4752,733.3149171270718,72
4221,Large garden,0.998902587890625,1.0,57,57,0,192.19337016574585,0,0,88.87292817679558,72
4223,"Glasses (drink, beer, wine etc)",0.998902587890625,1.0,559,559,0,258.62983425414365,5,480,227.91712707182322,96
4224,Cutlery,0.998902587890625,1.0,628,628,0,459.9944751381216,0,0,48.668508287292816,756
4227,Special pans,0.998902587890625,0.9682249817384952,2738,2651,87,595.8674033149172,2638,2638,693.7513812154696,1
4233,Bakeware,0.998902587890625,1.0,548,548,0,83.95580110497238,28,560,93.9171270718232,20
4239,Baby / Toddler,0.998902587890625,1.0,4329,4329,0,175.0110497237569,371,4452,335.8729281767956,12
4242,Stuffed animals,0.998902587890625,1.0,2371,2371,0,210.11602209944752,13,2496,229.54696132596686,192
4255,Boys toys,0.998902587890625,1.0,7956,7956,0,770.2596685082873,41,8200,1270.9944751381215,200
4261,Foodprep,0.998902587890625,1.0,9502,9502,0,4465.657458563536,11,12408,9438.353591160221,1128
4262,Batteries,0.998902587890625,0.9476059230436662,37008,35069,1939,1212.3370165745857,3614,36140,2569.977900552486,10
4264,Cooking pans,0.998902587890625,1.0,1274,1274,0,147.55248618784532,6,1152,96.35911602209944,192
4265,Window and squeegees,0.998902587890625,0.9406340809179644,53684,50497,3187,1270.8232044198894,132,50688,2985.5690607734805,384
4266,Kitchen helpers,0.998902587890625,1.0,38994,38994,0,16824.11049723757,7,34272,29652.795580110498,4896
4267,Hobby and creative,0.998902587890625,1.0,531,531,0,111.88950276243094,527,527,119.39779005524862,1
4268,"Cloths, mops, sponges and brush",0.998902587890625,1.0,0,0,0,2080.0,0,0,1114.1491712707182,960
4279,"Cloths, mops, sponges and brush",0.998902587890625,0.973441781820302,34302,33391,911,1303.53591160221,54,29160,4344.8011049723755,540
4281,Wash treatment and accessories,0.998902587890625,1.0,3710,3710,0,2077.502762430939,9,3456,1966.7955801104972,384
4282,Bakeware,0.998902587890625,1.0,17999,17999,0,918.1049723756906,21,16800,1246.4364640883978,800
4283,Tea and coffee,0.998902587890625,1.0,8061,8061,0,3415.0773480662983,5671,5671,6254.480662983426,1
4284,Cutlery,0.998902587890625,0.8888795776418336,11933,10607,1326,458.0828729281768,135,12150,842.8397790055249,90
4286,Bathroom accessories,0.998902587890625,1.0,11458,11458,0,239.12707182320443,40,11520,282.95580110497235,288
4287,Kitchen textile,0.998902587890625,1.0,5286,5286,0,382.9226519337017,11,5280,346.02762430939225,480
4303,"Cloths, mops, sponges and brush",0.998902587890625,1.0,24399,24399,0,1840.7845303867402,29,25056,3286.513812154696,864
4309,Vehicles,0.998902587890625,0.9787340255591054,10016,9803,213,294.0773480662983,138,9936,632.2044198895028,72
4312,Hobby and creative,0.998902587890625,0.9948963968561805,9797,9747,50,294.8066298342541,1661,9966,670.2154696132596,6
4317,Puzzles,0.998902587890625,0.9126519585772175,2221,2027,194,110.18232044198895,168,2016,130.81767955801104,12
4323,Vacuuming,0.998902587890625,1.0,162,162,0,1586.4198895027625,0,0,1471.1160220994475,24
4326,Foodprep,0.998902587890625,0.9974243061396131,19024,18975,49,308.6795580110497,341,19096,700.7900552486187,56
4329,Small storage,0.998902587890625,1.0,47997,47997,0,1605.1933701657458,20,47520,1150.707182320442,2376
4331,Window and squeegees,0.998902587890625,0.9408306112925805,32145,30243,1902,876.6795580110497,78,29952,1802.9613259668508,384
4332,Tableware,0.998902587890625,1.0,4676,4676,0,708.232044198895,8,4608,907.8066298342542,576
4336,Racks and pockets,0.998902587890625,1.0,25511,25511,0,14429.21546961326,3,18000,18786.64640883978,6000
4337,Racks and pockets,0.998902587890625,1.0,135898,135898,0,52482.97237569061,14,84000,92744.50276243094,6000
4341,Baskets,0.998902587890625,1.0,8912,8912,0,328.76243093922653,23,8832,283.55801104972375,384
4343,Baskets,0.998902587890625,0.998539435248296,10270,10255,15,314.2044198895028,28,10080,301.5193370165746,360
4345,Wash treatment and accessories,0.998902587890625,1.0,3589,3589,0,304.52486187845307,12,3600,292.88950276243094,300
4346,Wash treatment and accessories,0.998902587890625,1.0,2549,2549,0,451.64088397790056,4,2400,222.1049723756906,600
4347,Wash treatment and accessories,0.998902587890625,1.0,12445,12445,0,1035.9060773480662,16,12288,853.1933701657458,768
4348,Cleaning products,0.998902587890625,0.9920722713864307,5424,5381,43,157.31491712707182,47,5358,302.43093922651934,114
4355,Drink & food To Go,0.998902587890625,1.0,11928,11928,0,1069.4972375690609,16,12000,1574.0773480662983,750
4356,Personal care,0.998902587890625,1.0,1187,1187,0,7311.099447513812,1267,1267,7356.375690607735,1
4362,Measuring and weighing,0.998902587890625,0.9848556554661618,4226,4162,64,255.9281767955801,30,4200,342.44198895027625,140
4363,Pan sets,0.998902587890625,1.0,47,47,0,733.3149171270718,0,0,671.9944751381215,72
4384,Candles & Tealights,0.998902587890625,1.0,1002,1002,0,9175.226519337017,0,0,782.9060773480663,9120
4389,Vases,0.998902587890625,1.0,5005,5005,0,306.646408839779,26,4992,390.9171270718232,192
4402,Photo frames & albums,0.998902587890625,1.0,3255,3255,0,223.44751381215468,20,3200,262.9502762430939,160
4404,Photo frames & albums,0.998902587890625,1.0,24984,24984,0,1077.4475138121547,29,25056,1575.596685082873,864
4409,Tableware,0.998902587890625,1.0,3592,3592,0,3643.8950276243095,103,3708,5316.408839779006,36
4410,Tableware,0.998902587890625,1.0,5282,5282,0,4758.50276243094,188,4512,6899.453038674033,24
4411,Construction,0.998902587890625,1.0,204,204,0,134.50828729281767,0,0,49.187845303867405,200
4418,Hobby and creative,0.998902587890625,1.0,1189,1189,0,323.57458563535914,16,1152,316.9944751381216,72
4422,Construction,0.998902587890625,1.0,348,348,0,99.41988950276243,92,368,122.56906077348066,4
4425,Boys toys,0.998902587890625,1.0,7473,7473,0,1096.0055248618785,1919,7676,1419.5801104972375,4
4429,Store kitchen,0.998902587890625,1.0,5989,5989,0,365.96132596685084,1605,6420,601.8508287292817,4
4433,Drink & food To Go,0.998902587890625,0.9793001093579128,12802,12537,265,805.243093922652,10,12000,687.0110497237569,1200
4437,Wash treatment and accessories,0.998902587890625,0.9619763492263178,31796,30587,1209,901.0939226519337,32,30720,1599.0662983425414,960
4438,Racks and pockets,0.998902587890625,1.0,1609,1609,0,202.11602209944752,1614,1614,258.0497237569061,1
4440,"Cloths, mops, sponges and brush",0.998902587890625,0.9356446861545434,75021,70193,4828,3292.9005524861877,52,58240,9378.696132596686,1120
4441,Kitchen helpers,0.998902587890625,0.9132300357568534,8390,7662,728,396.45303867403317,63,7560,448.4088397790055,120
4442,"Cloths, mops, sponges and brush",0.998902587890625,0.9890358510268012,17238,17049,189,1034.9447513812154,14,16800,1652.8121546961327,1200
4445,Vacuuming,0.998902587890625,0.9824599083619702,13968,13723,245,935.1325966850828,19,12825,2012.1767955801106,675
4447,Store kitchen,0.998902587890625,1.0,8777,8777,0,334.18232044198896,18,8640,224.13812154696132,480
4448,Bakeware,0.998902587890625,0.9953168508986583,23702,23591,111,1268.232044198895,18,21600,1608.254143646409,1200
4452,Waste bins,0.998902587890625,0.916256157635468,22533,20646,1887,2117.9944751381217,43,20124,1865.7182320441989,468
4453,Window and squeegees,0.998902587890625,0.9989741836211318,11698,11686,12,541.4861878453039,80,11520,905.7127071823204,144
4456,"Cloths, mops, sponges and brush",0.998902587890625,1.0,7448,7448,0,604.8232044198895,7,6720,216.12154696132598,960
4471,Gift cards,0.998902587890625,1.0,0,0,0,3078.0,0,0,78.0,3000
4474,Tableware,0.998902587890625,1.0,5096,5096,0,786.1049723756906,214,5136,968.0718232044198,24
4477,Tableware,0.998902587890625,1.0,6219,6219,0,6279.9889502762435,5350,5350,6335.574585635359,1
4479,Bicycle accessories,0.998902587890625,1.0,21,21,0,340.2486187845304,0,0,286.47513812154693,1
4480,Others,0.998902587890625,1.0,1513,1513,0,627.3701657458563,2,1344,257.83425414364643,672
4481,"Glasses (drink, beer, wine etc)",0.998902587890625,1.0,414,414,0,781.1988950276243,0,0,111.59116022099448,864
4482,Bed textile,0.998902587890625,1.0,2211,2211,0,562.7900552486187,14,1960,1147.6408839779006,140
4485,Table textiles,0.998902587890625,1.0,72505,72505,0,35058.02209944752,1,43776,25133.46408839779,43776
4489,Vehicles,0.998902587890625,1.0,3311,3311,0,398.9337016574586,3481,3481,657.9834254143647,1
4490,Construction,0.998902587890625,1.0,1460,1460,0,271.2044198895028,31,1550,358.2596685082873,50
4492,Foods,0.998902587890625,1.0,491,491,0,4919.03314917127,84,84,4873.03867403315,1
4496,Hobby and creative,0.998902587890625,1.0,3126,3126,0,169.51933701657458,537,3222,282.1436464088398,6
4499,Cleaning products,0.998902587890625,1.0,4420,4420,0,1591.3480662983425,4169,4169,1749.4475138121547,1
4503,Games,0.998902587890625,1.0,3000,3000,0,309.3646408839779,507,3042,527.767955801105,6
4513,Measuring and weighing,0.998902587890625,1.0,37116,37116,0,34067.25966850829,4884,29304,49383.674033149175,6
4516,Vacuuming,0.998902587890625,1.0,30461,30461,0,6194.425414364641,5889,35334,18322.32596685083,6
4517,Knives,0.998902587890625,0.9543948240492347,6337,6048,289,1935.7845303867402,2,4800,1965.9116022099447,2400
4518,Foodprep,0.998902587890625,1.0,4625,4625,0,225.14917127071823,1189,4756,403.6353591160221,4
4520,Vacuuming,0.998902587890625,1.0,3260,3260,0,486.9944751381216,278,3336,607.1160220994475,12
4526,Insecticides,0.998902587890625,1.0,124,124,0,3356.0773480662983,0,0,2346.4585635359117,1008
4527,Tea and coffee,0.998902587890625,1.0,11301,11301,0,1842.232044198895,3,9600,506.50276243093924,3200
4531,Store kitchen,0.998902587890625,0.973782947190695,21322,20763,559,738.1767955801105,79,21330,1408.707182320442,270
4535,Laundry baskets,0.998902587890625,1.0,10558,10558,0,555.646408839779,138,10350,683.5248618784531,75
4536,Drying racks,0.998902587890625,0.9646297918210605,14843,14318,525,495.6685082872928,68,14280,927.6132596685082,210
4537,Small storage,0.998902587890625,0.9387842695423574,18639,17498,1141,910.232044198895,15,17550,966.5524861878453,1170
4539,Bathroom accessories,0.998902587890625,1.0,4938,4938,0,5666.314917127072,1,3600,4810.629834254144,3600
4544,Bakeware,0.998902587890625,1.0,503,503,0,75.21546961325967,25,500,83.97237569060773,20
4546,Wash treatment and accessories,0.998902587890625,1.0,1144,1144,0,3172.491712707182,1061,1061,3204.1436464088397,1
4547,Cleaning products,0.998902587890625,0.9919789160077919,17454,17314,140,1025.9171270718232,39,17550,2717.353591160221,450
4548,Wash treatment and accessories,0.998902587890625,1.0,2291,2291,0,223.9060773480663,38,2280,278.49723756906076,60
4552,Cleaning products,0.998902587890625,0.8619489559164734,10344,8916,1428,410.1160220994475,62,8928,678.6519337016574,144
4556,Euro articles,0.998902587890625,1.0,5133,5133,0,2837.171270718232,1,3744,703.110497237569,3744
4558,Cleaning products,0.998902587890625,1.0,6892,6892,0,489.1933701657459,14,6720,540.9226519337017,480
4559,Cleaning products,0.998902587890625,1.0,2921,2921,0,897.0055248618785,4,2400,672.0552486187845,600
4560,Waste bins,0.998902587890625,1.0,11524,11524,0,851.2596685082873,758,12128,2144.403314917127,16
4562,Window and squeegees,0.998902587890625,1.0,540,540,0,4959.740331491713,0,0,4406.475138121547,104
4563,Stationary,0.998902587890625,1.0,81457,81457,0,6657.563535911602,7,73920,6984.5690607734805,10560
4564,Residential odors,0.998902587890625,1.0,11759,11759,0,1395.3259668508288,5,9900,531.6519337016574,1980
4566,Personal care,0.998902587890625,1.0,29339,29339,0,6175.016574585636,25,28800,6027.116022099448,1152
4567,Window and squeegees,0.998902587890625,0.7988441206277904,36509,29165,7344,1083.2817679558011,93,29295,1298.2486187845304,315
4576,Electric personal care,0.998902587890625,0.9449758499857941,10559,9978,581,397.0939226519337,31,9920,442.96132596685084,320
4581,Measuring and weighing,0.998902587890625,0.8151947148817803,5752,4689,1063,532.1602209944751,5,4000,301.3204419889503,800
4589,Other Holidays,0.998902587890625,0.8438878795743576,15412,13006,2406,2613.574585635359,6,13200,1606.3204419889503,2200
4596,Personal care,0.998902587890625,1.0,714,714,0,328.0662983425414,756,756,334.7182320441989,1
4620,Candles & Tealights,0.998902587890625,1.0,39765,39765,0,19343.86740331492,3,21600,25742.187845303866,7200
4621,Candles & Tealights,0.998902587890625,1.0,136,136,0,1591.9005524861877,0,0,643.6961325966851,1050
4628,Drinks,0.998902587890625,1.0,1331,1331,0,3887.0773480662983,701,701,3887.5911602209944,1
4638,Residential odors,0.998902587890625,0.9899217058137598,12006,11885,121,423.0718232044199,2113,12678,693.2265193370166,6
4652,Photo frames & albums,0.998902587890625,1.0,29513,29513,0,1133.1823204419888,34,29376,1823.4364640883978,864
4654,Photo frames & albums,0.998902587890625,0.999569753683984,9297,9293,4,410.1546961325967,484,9680,765.756906077348,20
4659,Gift cards,0.998902587890625,1.0,0,0,0,3176.0,0,0,69.21546961325967,3000
4660,Gift cards,0.998902587890625,1.0,0,0,0,3040.0,0,0,40.0,3000
4663,Gift cards,0.998902587890625,1.0,0,0,0,3174.0,0,0,112.83977900552486,3000
4665,Window and squeegees,0.998902587890625,1.0,2433,2433,0,356.89502762430936,5,2310,206.38674033149172,462
4683,Personal care,0.998902587890625,0.9777553083923155,1978,1934,44,315.2651933701657,2265,2265,391.0828729281768,1
4685,Boys toys,0.998902587890625,1.0,17,17,0,354.72375690607737,0,0,20.58011049723757,336
4687,Construction,0.998902587890625,1.0,250,250,0,319.5966850828729,1,180,250.83977900552486,180
4690,Hobby and creative,0.998902587890625,0.9311966430328462,13822,12871,951,159.08287292817678,13368,13368,659.8839779005525,1
4691,Tableware,0.998902587890625,1.0,14790,14790,0,10066.773480662983,13591,13591,16531.01104972376,1
4692,Tableware,0.998902587890625,1.0,5516,5516,0,7678.226519337017,5387,5387,10169.92817679558,1
4701,Residential odors,0.998902587890625,0.9953923791413735,13673,13610,63,611.1546961325967,2391,14346,915.4585635359116,6
4706,Foils and bags,0.998902587890625,0.9258071902908175,4367,4043,324,2105.9447513812156,1,2800,551.767955801105,2800
4707,Boys toys,0.998902587890625,1.0,1379,1379,0,401.5359116022099,11,1320,394.50276243093924,120
4711,"Glasses (drink, beer, wine etc)",0.998902587890625,1.0,5346,5346,0,459.35911602209944,879,5274,651.4364640883978,6
4715,Drink & food To Go,0.998902587890625,1.0,6125,6125,0,711.4861878453039,9,5616,836.5690607734807,624
4716,Wash treatment and accessories,0.998902587890625,1.0,5160,5160,0,288.8011049723757,16,5248,314.08839779005524,328
4718,Window and squeegees,0.998902587890625,0.8475059382422803,21050,17840,3210,1455.132596685083,71,18176,1826.4585635359117,256
4720,Wash treatment and accessories,0.998902587890625,0.9723892228902249,17964,17468,496,458.4696132596685,91,17472,1034.5082872928176,192
4726,Drying racks,0.998902587890625,0.9788966725043783,22840,22358,482,1211.8453038674033,80,20160,4100.265193370165,252
4729,Knives,0.998902587890625,1.0,2520,2520,0,180.8011049723757,2516,2516,271.4696132596685,1
4730,Ironing board textiles,0.998902587890625,1.0,2861,2861,0,255.6961325966851,30,2880,314.49723756906076,96
4731,Mugs and cups,0.998902587890625,0.976304521373104,27558,26905,653,7608.751381215469,6,12000,13293.171270718232,2000
4742,Light bulbs,0.998902587890625,1.0,2813,2813,0,385.3867403314917,7,2618,289.9779005524862,374
4746,Hobby and creative,0.998902587890625,1.0,135,135,0,84.20441988950276,1,72,47.530386740331494,72
4757,Games,0.998902587890625,1.0,1912,1912,0,287.707182320442,342,2052,429.1988950276243,6
4764,Construction,0.998902587890625,1.0,1014,1014,0,241.87292817679557,4,960,189.32596685082873,240
4770,Vacuuming,0.998902587890625,1.0,9202,9202,0,3257.1325966850827,1444,8664,6434.552486187846,6
4773,Tableware,0.998902587890625,1.0,16644,16644,0,7393.425414364641,6,14688,12698.303867403314,2448
4776,Store kitchen,0.998902587890625,1.0,19440,19440,0,674.646408839779,121,19360,907.6685082872929,160
4782,Thermos jugs,0.998902587890625,0.9370961752692165,13465,12618,847,4882.939226519337,9,14040,10901.900552486188,1560
4783,Baskets,0.998902587890625,1.0,12952,12952,0,368.1878453038674,54,12960,456.9281767955801,240
4784,Tools,0.998902587890625,0.9916075196623825,20852,20677,175,591.6629834254144,108,20736,1272.0773480662983,192
4785,Cleaning products,0.998902587890625,0.9824318989340702,5066,4977,89,196.97790055248618,17,4794,242.51381215469613,282
4786,Personal care,0.998902587890625,1.0,10404,10404,0,2913.038674033149,8296,8296,2660.5524861878453,1
4787,Cleaning products,0.998902587890625,0.9833137485311398,4255,4184,71,158.04419889502762,24,4176,240.24861878453038,174
4788,Cleaning products,0.998902587890625,1.0,3152,3152,0,286.1767955801105,11,3036,273.8011049723757,276
4793,Personal care,0.998902587890625,1.0,13829,13829,0,4016.425414364641,8,12240,3108.265193370166,1530
4794,Wash treatment and accessories,0.998902587890625,1.0,7814,7814,0,655.0055248618785,18,7776,744.3149171270718,432
4797,Cleaning products,0.998902587890625,1.0,5054,5054,0,954.7292817679559,3,4320,288.0828729281768,1440
4798,Wash treatment and accessories,0.998902587890625,0.9353341584158416,3232,3023,209,873.6795580110497,3221,3221,860.3591160220994,1
4806,Electric personal care,0.998902587890625,0.9421239128100505,9313,8774,539,138.292817679558,440,8800,318.97237569060775,20
4812,Cooking pans,0.998902587890625,0.8612113918973124,2493,2147,346,161.0,13,2496,146.34254143646407,192
4818,Other Holidays,0.998902587890625,0.6252862480414608,8297,5188,3109,1689.292817679558,575,6900,1311.7900552486187,12
4841,Stationary,0.998902587890625,1.0,10586,10586,0,1514.9447513812154,3,8208,501.3922651933702,2736
4849,Kitchen tools,0.998902587890625,1.0,1784,1784,0,162.03867403314916,74,1776,216.55801104972375,24
4850,Kitchen tools,0.998902587890625,1.0,1093,1093,0,117.49171270718232,31,1116,141.71823204419888,36
4851,Kitchen tools,0.998902587890625,1.0,803,803,0,150.86187845303868,4,768,82.96132596685082,192
4852,Hobby and creative,0.998902587890625,1.0,519,519,0,2692.558011049724,1,288,2569.508287292818,288
4856,Vacuuming,0.998902587890625,1.0,24,24,0,386.0828729281768,0,0,325.69060773480663,16
4857,Hobby and creative,0.998902587890625,1.0,2225,2225,0,436.48618784530385,2280,2280,522.171270718232,1
4858,Tableware,0.998902587890625,1.0,2241,2241,0,329.45303867403317,18,2016,349.9060773480663,112
4859,Tableware,0.998902587890625,1.0,2130,2130,0,385.89502762430936,4,1728,216.87292817679557,432
4864,"Glasses (drink, beer, wine etc)",0.998902587890625,1.0,490,490,0,102.0,83,498,116.92265193370166,6
4866,Serve and present,0.998902587890625,1.0,985,985,0,429.23204419889504,1,672,95.01657458563535,672
4873,Toilet cleaners and odors,0.998902587890625,0.9568079696262496,28709,27469,1240,1927.7403314917126,29,27840,2337.723756906077,960
4875,Table paper,0.998902587890625,1.0,4997,4997,0,684.6408839779006,5,5040,352.24309392265195,1008
4876,Moisture treatment and climate,0.998902587890625,0.9948299716012524,27466,27324,142,2219.049723756906,8,25600,2535.779005524862,3200
4880,Window and squeegees,0.998902587890625,0.9993596709096554,51536,51503,33,934.8508287292817,55,50820,1582.2707182320441,924
4881,Window and squeegees,0.998902587890625,0.9940676353023286,31522,31335,187,658.9944751381215,177,31860,1773.4585635359117,180
4882,Stairs,0.998902587890625,1.0,5598,5598,0,187.40883977900552,276,5520,385.4033149171271,20
4886,Kitchen textile,0.998902587890625,1.0,10402,10402,0,2610.6243093922653,24,11520,6331.50276243094,480
4887,Kitchen textile,0.998902587890625,1.0,15698,15698,0,7028.629834254144,2,15980,6905.093922651934,7990
4892,Ironing board textiles,0.998902587890625,1.0,10387,10387,0,783.3038674033149,16,10560,1858.3259668508288,660
4894,Bed textile,0.998902587890625,1.0,4659,4659,0,1078.4917127071824,166,3320,2161.8618784530386,20
4901,Serve and present,0.998902587890625,1.0,3669,3669,0,180.060773480663,157,3768,306.5303867403315,24
4902,Tea and coffee,0.998902587890625,1.0,4644,4644,0,466.82872928176795,7,4410,330.44198895027625,630
4903,Tea and coffee,0.998902587890625,1.0,259,259,0,491.4696132596685,3,72,457.6022099447514,24
4904,Light bulbs,0.998902587890625,1.0,4044,4044,0,643.0331491712707,10,3850,603.4364640883978,385
4906,Cleaning products,0.998902587890625,1.0,643,643,0,50.95580110497237,660,660,73.83977900552486,1
4907,Tools,0.998902587890625,1.0,26,26,0,32.29834254143646,20,20,31.585635359116022,1
4909,Drink & food To Go,0.998902587890625,1.0,6575,6575,0,4973.933701657458,13183,13183,10674.171270718232,1
4915,Light bulbs,0.998902587890625,1.0,6610,6610,0,830.5966850828729,14,6272,852.0662983425415,448
4917,Personal care,0.998902587890625,1.0,227,227,0,3143.718232044199,0,0,2863.060773480663,1
4918,Tools,0.998902587890625,1.0,72,72,0,135.82872928176795,0,0,17.46961325966851,150
4921,Baskets,0.998902587890625,1.0,2689,2689,0,423.5359116022099,22,2816,912.9337016574585,128
4922,Light bulbs,0.998902587890625,1.0,1322,1322,0,461.2209944751381,2,946,255.67955801104972,473
4930,Kitchen tools,0.998902587890625,1.0,1419,1419,0,458.0,58,1392,498.878453038674,24
4933,Puzzles,0.998902587890625,1.0,174,174,0,184.00552486187846,1,160,62.08839779005525,160
4951,Games,0.998902587890625,1.0,2569,2569,0,446.3259668508287,2576,2576,626.0386740331492,1
4953,Puzzles,0.998902587890625,0.999228593468758,3889,3886,3,127.30386740331491,325,3900,182.83977900552486,12
4962,"Glasses (drink, beer, wine etc)",0.998902587890625,1.0,672,672,0,49.58563535911602,118,708,70.85082872928177,6
4965,"Glasses (drink, beer, wine etc)",0.998902587890625,1.0,658,658,0,218.60773480662982,95,570,234.94475138121547,6
4966,Store kitchen,0.998902587890625,1.0,7858,7858,0,262.1878453038674,2054,8216,569.0662983425415,4
4970,"Cloths, mops, sponges and brush",0.998902587890625,0.9932228300808361,24494,24328,166,1407.4309392265193,13,20800,2995.9005524861877,1600
4974,Kitchen tools,0.998902587890625,0.9929632771023781,31833,31609,224,12771.32044198895,6,30000,23463.75138121547,5000
4978,Window and squeegees,0.998902587890625,0.9938183423807174,38501,38263,238,866.4751381215469,54,37800,1982.7348066298343,700
4982,Ironing board textiles,0.998902587890625,1.0,37696,37696,0,1349.0386740331492,177,38940,6701.906077348066,220
4985,Personal care,0.998902587890625,1.0,14144,14144,0,6012.088397790055,17,15300,5904.359116022099,900
5001,Shopping bags and trolleys,0.998902587890625,1.0,5129,5129,0,673.5469613259669,5264,5264,871.353591160221,1
5008,Measuring and weighing,0.998902587890625,0.8459119496855346,954,807,147,434.6243093922652,1,576,209.85082872928177,576
5015,Construction,0.998902587890625,1.0,841,841,0,106.11602209944752,227,908,166.35911602209944,4
5025,Tea and coffee,0.998902587890625,1.0,12603,12603,0,3759.707182320442,2,10080,3035.92817679558,5040
5027,Small storage,0.998902587890625,0.9938666907188599,33261,33057,204,1003.0718232044198,24,32256,808.2596685082873,1344
5033,Bathroom accessories,0.998902587890625,1.0,5936,5936,0,314.42541436464086,38,6156,459.83977900552486,162
5038,Storage boxes,0.998902587890625,1.0,2197,2197,0,284.0773480662983,152,1824,288.69060773480663,12
5039,Baskets,0.998902587890625,0.9981819559124309,13201,13177,24,362.77348066298345,37,13320,402.89502762430936,360
5040,Wash treatment and accessories,0.998902587890625,0.8717613760069671,4593,4004,589,804.0883977900553,4,3456,489.0828729281768,864
5042,Personal care,0.998902587890625,0.9763439823574072,82981,81018,1963,4082.502762430939,70,80640,6397.812154696133,1152
5045,Cleaning products,0.998902587890625,1.0,22896,22896,0,2671.5303867403313,21072,21072,3469.1657458563536,1
5047,Cleaning products,0.998902587890625,1.0,7653,7653,0,482.4088397790055,16,7680,573.6353591160221,480
5051,Cleaning products,0.998902587890625,1.0,5931,5931,0,2580.259668508287,8,5520,2327.9337016574586,690
5052,Commercial non-trade goods,0.998902587890625,1.0,72275,72275,0,6991.60773480663,6,63360,6443.1988950276245,10560
5057,Foodprep,0.998902587890625,0.9769230769230769,7670,7493,177,238.58563535911603,378,7560,513.8674033149172,20
5062,Electric personal care,0.998902587890625,0.9163893510815307,2404,2203,201,85.65193370165746,110,2200,121.40331491712708,20
5063,Pan sets,0.998902587890625,0.9239698200812536,3446,3184,262,206.33701657458565,68,3264,284.95580110497235,48
5066,Bakeware,0.998902587890625,1.0,13569,13569,0,9312.370165745857,5,12000,13479.950276243095,2400
5067,"BBQ, beach and camping",0.998902587890625,0.6442433508257235,72603,46774,25829,17992.790055248617,11,52272,9026.497237569061,4752
5068,Other Holidays,0.998902587890625,0.8292087835482747,8607,7137,1470,2926.5690607734805,2,5600,834.0994475138122,2800
5082,Candles & Tealights,0.998902587890625,1.0,932,932,0,1068.6132596685084,0,0,705.7955801104972,1050
5088,Residential odors,0.998902587890625,0.990835897100216,15277,15137,140,621.9226519337017,2584,15504,956.5690607734807,6
5096,Vases,0.998902587890625,0.9742437855645403,3339,3253,86,148.21546961325967,41,3280,232.87845303867402,80
5099,Tea and coffee,0.998902587890625,1.0,5884,5884,0,3307.966850828729,5789,5789,5987.4309392265195,1
5101,Small garden,0.998902587890625,1.0,1125,1125,0,606.5745856353591,1141,1141,648.7734806629834,1
5106,Tableware,0.998902587890625,1.0,5054,5054,0,4212.016574585636,332,3984,6142.911602209945,12
5108,Games,0.998902587890625,0.9955102040816326,2450,2439,11,315.76243093922653,9,2592,350.9447513812155,288
5114,"Glasses (drink, beer, wine etc)",0.998902587890625,1.0,902,902,0,402.6132596685083,2,600,242.78453038674033,300
5117,Store kitchen,0.998902587890625,1.0,11318,11318,0,391.81767955801104,2985,11940,838.1160220994475,4
5119,Personal care,0.998902587890625,1.0,6790,6790,0,1646.4696132596684,3,6750,579.4364640883978,2250
5121,Wash treatment and accessories,0.998902587890625,0.9410653230160159,11114,10459,655,288.5911602209945,95,10640,638.8618784530387,112
5124,Bakeware,0.998902587890625,0.9609206577334404,47314,45465,1849,1965.4309392265193,268,44220,3673.9226519337017,165
5125,Foils and bags,0.998902587890625,0.9882370532821612,40126,39654,472,3458.3204419889503,20,38400,3878.8011049723755,1920
5126,Gift,0.998902587890625,1.0,107362,107362,0,5484.552486187846,70,105000,8659.430939226519,1500
5128,Cutlery,0.998902587890625,1.0,14997,14997,0,878.5138121546961,60,14400,1307.0276243093922,240
5129,Cutlery,0.998902587890625,0.9779155366137157,2581,2524,57,119.64088397790056,108,2592,203.62983425414365,24
5134,Kitchen helpers,0.998902587890625,1.0,15008,15008,0,6737.182320441989,8,19584,13728.790055248619,2448
5139,Bed textile,0.998902587890625,1.0,1500,1500,0,509.3259668508287,62,1116,834.2486187845304,18
5142,Bath textiles and bath mats,0.998902587890625,1.0,47167,47167,0,7517.790055248619,54,68040,26221.46408839779,1260
5144,Bed textile,0.998902587890625,1.0,2056,2056,0,1585.2707182320441,1,1200,1320.1767955801106,1200
5152,Gift cards,0.998902587890625,1.0,0,0,0,3040.0,0,0,40.0,3000
5153,Planks,0.998902587890625,1.0,929,929,0,1323.2817679558011,769,769,1351.5745856353592,1
5154,Hobby and creative,0.998902587890625,1.0,0,0,0,60.0,0,0,50.110497237569064,6
5155,Cutlery,0.998902587890625,1.0,4430,4430,0,511.2596685082873,38,4560,622.2817679558011,120
5156,Clocks,0.998902587890625,1.0,133,133,0,556.3922651933701,68,68,555.7458563535912,1
5157,Tableware,0.998902587890625,0.7912745936698032,4676,3700,976,443.1381215469613,51,3672,444.62983425414365,72
5159,Home decoration,0.998902587890625,1.0,370,370,0,263.4088397790055,377,377,276.03314917127074,1
5160,Waste bins,0.998902587890625,1.0,720,720,0,515.0718232044198,10,1600,643.3038674033149,160
5161,Light bulbs,0.998902587890625,1.0,480,480,0,241.33701657458565,1,352,54.41988950276243,352
5162,Baby / Toddler,0.998902587890625,1.0,583,583,0,191.0718232044199,578,578,212.02209944751382,1
5165,Personal care,0.998902587890625,0.8083400160384924,1247,1008,239,557.1657458563536,1269,1269,422.5359116022099,1
5166,Euro articles,0.998902587890625,1.0,0,0,0,2677.0,0,0,2671.1767955801106,1
5169,Foods,0.998902587890625,1.0,0,0,0,3119.0,0,0,3107.3314917127072,1
5174,Shopping bags and trolleys,0.998902587890625,1.0,3765,3765,0,11266.944751381216,2014,2014,12327.397790055249,1
5175,Toilet cleaners and odors,0.998902587890625,0.9172381177583353,4229,3879,350,342.91160220994476,12,3600,225.13812154696132,300
5179,Hobby and creative,0.998902587890625,1.0,641,641,0,99.32596685082873,8,576,78.43646408839778,72
5181,Shopping bags and trolleys,0.998902587890625,1.0,6174,6174,0,3072.5635359116022,5950,5950,3281.513812154696,1
5186,Hobby and creative,0.998902587890625,0.962884969728876,3799,3658,141,202.37016574585635,354,3540,396.8011049723757,10
5190,Wash treatment and accessories,0.998902587890625,1.0,4126,4126,0,1040.7182320441989,4,3456,727.8397790055249,864
5198,Hobby and creative,0.998902587890625,1.0,190,190,0,626.3425414364641,2,160,590.4530386740331,80
5200,Outdoor toys,0.998902587890625,1.0,745,745,0,287.3922651933702,9,720,260.43646408839777,80
5204,Oven dishes,0.998902587890625,1.0,314,314,0,82.26519337016575,14,336,115.12154696132596,24
5205,Coffee makers and kettles,0.998902587890625,1.0,3772,3772,0,5789.386740331492,7,18774,11172.331491712706,2682
5206,"Glasses (drink, beer, wine etc)",0.998902587890625,0.986598689002185,6865,6773,92,721.8011049723757,10,6720,605.4475138121547,672
5210,Vacuuming,0.998902587890625,1.0,4550,4550,0,564.4751381215469,283,4528,654.1878453038674,16
5212,Batteries,0.998902587890625,1.0,81361,81361,0,4293.292817679558,55,82500,6655.613259668508,1500
5213,Coffee makers and kettles,0.998902587890625,1.0,3,3,0,12962.801104972375,17,17,12967.281767955801,1
5219,Drink & food To Go,0.998902587890625,0.9845000812121494,43097,42429,668,1699.9834254143645,36,43200,2704.9116022099447,1200
5221,Toilet accessories,0.998902587890625,1.0,14478,14478,0,1125.8397790055249,58,13920,2932.8011049723755,240
5222,Toilet accessories,0.998902587890625,1.0,34827,34827,0,18565.066298342543,2,14400,22146.331491712706,7200
5223,"Glasses (drink, beer, wine etc)",0.998902587890625,1.0,765,765,0,354.30386740331494,170,680,424.8508287292818,4
5226,Wash treatment and accessories,0.998902587890625,1.0,3171,3171,0,292.9226519337017,10,3000,269.29834254143645,300
5227,Wash treatment and accessories,0.998902587890625,1.0,1921,1921,0,284.5524861878453,26,1872,319.2596685082873,72
5228,Toilet cleaners and odors,0.998902587890625,0.777425831688995,57774,44915,12859,4158.480662983426,45,45360,4769.193370165746,1008
5236,Wash treatment and accessories,0.998902587890625,1.0,274,274,0,1032.8011049723757,0,0,242.18232044198896,900
5239,Residential odors,0.998902587890625,1.0,6530,6530,0,1453.5524861878453,2,5040,187.5414364640884,2520
5241,Phones,0.998902587890625,1.0,12802,12802,0,608.1436464088398,32,12096,865.3812154696133,378
5243,Electrical tools,0.998902587890625,0.9071239028373137,14697,13332,1365,820.0552486187845,336,13440,1146.6298342541436,40
5255,Cooking pans,0.998902587890625,1.0,5253,5253,0,758.1988950276243,6,5040,995.2762430939226,840
5271,Candles & Tealights,0.998902587890625,1.0,36006,36006,0,2412.9337016574586,56,36288,2901.0773480662983,648
5273,Candles & Tealights,0.998902587890625,1.0,36715,36715,0,2404.685082872928,12,34560,1662.7734806629835,2880
5275,Candles & Tealights,0.998902587890625,1.0,50,50,0,785.9337016574585,0,0,255.19337016574585,480
5276,Candles & Tealights,0.998902587890625,0.9466192170818505,16017,15162,855,1035.7237569060774,20,15000,987.9779005524862,750
5283,Other Holidays,0.998902587890625,0.6451113104460573,12263,7911,4352,2797.8729281767955,10831,10831,2474.204419889503,1
5293,Photo frames & albums,0.998902587890625,0.9941769316909295,17860,17756,104,815.2541436464088,24,17280,1133.8508287292818,720
5294,Photo frames & albums,0.998902587890625,1.0,24384,24384,0,966.9613259668508,28,24192,1481.1049723756905,864
5303,Window and squeegees,0.998902587890625,0.9916434540389972,1436,1424,12,191.646408839779,6,1296,127.20994475138122,216
5311,Drying racks,0.998902587890625,1.0,6568,6568,0,304.939226519337,1660,6640,409.83425414364643,4
5315,Hobby and creative,0.998902587890625,1.0,401,401,0,467.5193370165746,0,0,202.40331491712706,432
5316,Tea and coffee,0.998902587890625,1.0,3075,3075,0,1548.745856353591,3351,3351,3129.1325966850827,1
5318,Teletoys,0.998902587890625,1.0,360,360,0,464.2209944751381,2,240,400.22651933701655,120
5320,"Cloths, mops, sponges and brush",0.998902587890625,0.9664901091773862,18502,17882,620,2036.110497237569,7,16800,2119.4585635359117,2400
5321,Tableware,0.998902587890625,1.0,6301,6301,0,4868.790055248619,5444,5444,7405.817679558011,1
5323,Construction,0.998902587890625,1.0,2,2,0,309.1325966850829,0,0,80.34254143646409,210
5330,"Glasses (drink, beer, wine etc)",0.998902587890625,1.0,887,887,0,311.43646408839777,4,768,238.4696132596685,192
5335,Commercial non-trade goods,0.998902587890625,1.0,124,124,0,1172.2983425414366,0,0,312.74585635359114,630
5336,Table paper,0.998902587890625,1.0,7275,7275,0,691.4475138121547,7,7056,451.0662983425414,1008
5337,Cutlery,0.998902587890625,1.0,7965,7965,0,675.7237569060774,46,8280,897.0,180
5341,Drying racks,0.998902587890625,1.0,9953,9953,0,1166.3480662983425,8,9600,438.42541436464086,1200
5343,Kitchen tools,0.998902587890625,1.0,20206,20206,0,2445.232044198895,7,18816,3722.027624309392,2688
5346,Kitchen helpers,0.998902587890625,1.0,243,243,0,1119.7348066298343,0,0,882.6187845303867,1
5347,Kitchen helpers,0.998902587890625,0.8497691984892992,21447,18225,3222,909.2044198895028,18229,18229,1549.1270718232045,1
5349,Cutlery,0.998902587890625,1.0,1834,1834,0,446.47513812154693,372,1860,511.0773480662983,5
5353,Bed textile,0.998902587890625,1.0,3577,3577,0,1652.4419889502763,3,3024,2185.016574585635,1008
5360,Mugs and cups,0.998902587890625,0.9638931492842536,15648,15083,565,4260.171270718232,207,4968,6760.165745856353,24
5375,Tea and coffee,0.998902587890625,1.0,2481,2481,0,83.30939226519337,634,2536,176.6961325966851,4
5376,Vehicles,0.998902587890625,1.0,88368,88368,0,3306.9171270718234,1234,88848,5218.049723756906,72
5377,Boys toys,0.998902587890625,1.0,1711,1711,0,969.4254143646409,304,1824,1095.232044198895,6
5394,Foodprep,0.998902587890625,1.0,6430,6430,0,3432.3701657458564,1284,5136,6199.182320441989,4
5397,Batteries,0.998902587890625,1.0,60496,60496,0,2452.828729281768,49,61740,4093.1381215469614,1260
5400,Coffee makers and kettles,0.998902587890625,0.922800389958567,32824,30290,2534,977.7348066298342,369,30996,2090.425414364641,84
5401,Bakeware,0.998902587890625,1.0,4209,4209,0,624.0165745856353,4,4000,298.43646408839777,1000
5403,Store kitchen,0.998902587890625,1.0,370,370,0,423.2486187845304,364,364,435.7182320441989,1
5404,Store kitchen,0.998902587890625,1.0,6919,6919,0,491.6795580110497,42,6720,878.7955801104972,160
5405,"Cloths, mops, sponges and brush",0.998902587890625,0.9091435293238979,53557,48691,4866,3025.243093922652,132,37620,7177.138121546961,285
5408,Others,0.998902587890625,1.0,121,121,0,1636.4530386740332,9,9,1588.9834254143645,1
5411,Cleaning products,0.998902587890625,0.9944444444444445,6120,6086,34,196.93370165745856,53,6042,366.29834254143645,114
5414,Cleaning products,0.998902587890625,0.9387905604719764,1356,1273,83,66.6353591160221,1277,1277,117.35911602209944,1
5415,"Cloths, mops, sponges and brush",0.998902587890625,1.0,10826,10826,0,1003.6629834254144,9,10368,829.4806629834254,1152
5423,Measuring and weighing,0.998902587890625,1.0,1351,1351,0,288.1325966850829,5,1125,219.88950276243094,225
5424,Special pans,0.998902587890625,0.9176588659276493,21921,20116,1805,685.2541436464088,207,19872,1380.5524861878453,96
5440,Candles & Tealights,0.998902587890625,1.0,240,240,0,1219.232044198895,0,0,823.6574585635359,600
5441,Candles & Tealights,0.998902587890625,0.9618555352002094,15284,14701,583,1098.0220994475137,19,14250,1020.9668508287293,750
5451,Party lights,0.998902587890625,1.0,10105,10105,0,6324.215469613259,1,3170,6014.552486187846,3170
5457,Photo frames & albums,0.998902587890625,1.0,1960,1960,0,142.939226519337,12,1872,140.56906077348066,156
5458,Stationary,0.998902587890625,1.0,20388,20388,0,1495.4309392265193,8,21120,922.0994475138122,2640
5460,Coffee makers and kettles,0.998902587890625,1.0,1066,1066,0,86.85635359116021,44,1056,114.07182320441989,24
5462,Ironing boards,0.998902587890625,0.48974027837566364,6969,3413,3556,3184.4585635359117,5843,5843,881.2651933701658,1
5467,Teletoys,0.998902587890625,1.0,442,442,0,589.0441988950276,3,360,537.0220994475138,120
5468,Tea and coffee,0.998902587890625,1.0,2119,2119,0,391.43646408839777,4,1800,220.24861878453038,450
5469,Cooking books,0.998902587890625,1.0,214,214,0,48.94475138121547,210,210,54.09944751381215,1
5470,Serve and present,0.998902587890625,1.0,1526,1526,0,3819.022099447514,326,326,3894.502762430939,1
5472,Bath textiles and bath mats,0.998902587890625,0.939451534075482,3683,3460,223,1028.6077348066299,5,3800,1693.9171270718232,760
5474,Hobby and creative,0.998902587890625,0.9900497512437811,2211,2189,22,138.32044198895028,2272,2272,303.6022099447514,1
5484,Wash treatment and accessories,0.998902587890625,0.7253135689851767,8770,6361,2409,757.7845303867404,12,6336,580.0662983425415,528
5488,Bakeware,0.998902587890625,1.0,31413,31413,0,6007.994475138122,4,23232,8353.453038674033,5808
5491,Vacuuming,0.998902587890625,1.0,251,251,0,5038.110497237569,0,0,3390.270718232044,675
5492,Bakeware,0.998902587890625,0.9913535405483591,31111,30842,269,1351.878453038674,20,30000,1949.4475138121547,1500
5494,Kitchen tools,0.998902587890625,1.0,34433,34433,0,1624.6132596685084,23,33120,5645.834254143647,1440
5495,Kitchen tools,0.998902587890625,1.0,95779,95779,0,4134.558011049724,63,95256,5447.944751381216,1512
5497,Racks and pockets,0.998902587890625,1.0,15302,15302,0,7206.5690607734805,8,19200,14454.441988950277,2400
5498,Cutlery,0.998902587890625,1.0,16818,16818,0,10558.580110497238,4,19584,14879.414364640885,4896
5499,Stairs,0.998902587890625,1.0,4067,4067,0,183.1049723756906,196,3920,320.72375690607737,20
5508,Bath textiles and bath mats,0.998902587890625,0.955670217487794,18024,17225,799,4271.618784530387,14,25200,10056.364640883978,1800
5515,Tableware,0.998902587890625,1.0,1032,1032,0,721.2817679558011,5,960,1003.0939226519337,192
5516,Mugs and cups,0.998902587890625,0.9700095259994087,30443,29530,913,8417.707182320442,367,8808,10391.93370165746,24
5523,Oven dishes,0.998902587890625,1.0,314,314,0,66.17127071823204,13,312,96.39226519337016,24
5524,Planks,0.998902587890625,1.0,2666,2666,0,401.4033149171271,2614,2614,499.2209944751381,1
5527,Tableware,0.998902587890625,1.0,5551,5551,0,964.9558011049724,234,5616,1150.9613259668508,24
5530,Foods,0.998902587890625,1.0,460,460,0,2449.5690607734805,415,415,2464.220994475138,1
5534,Kitchen tools,0.998902587890625,1.0,469,469,0,407.2707182320442,487,487,424.3259668508287,1
5535,Stuffed animals,0.998902587890625,1.0,143,143,0,372.4585635359116,48,144,377.2817679558011,3
5536,"Glasses (drink, beer, wine etc)",0.998902587890625,1.0,308,308,0,362.6685082872928,0,0,125.22099447513813,384
5537,Shopping bags and trolleys,0.998902587890625,1.0,1947,1947,0,5359.160220994475,822,822,5795.558011049724,1
5540,Wash treatment and accessories,0.998902587890625,1.0,1461,1461,0,2106.839779005525,1477,1477,2159.9171270718234,1
5547,Games,0.998902587890625,1.0,0,0,0,21.0,0,0,20.0,1
5554,Baby / Toddler,0.998902587890625,1.0,36,36,0,59.392265193370164,22,22,57.53591160220994,1
5562,"Glasses (drink, beer, wine etc)",0.998902587890625,1.0,221,221,0,165.58011049723757,23,138,150.6243093922652,6
5563,Electrical tools,0.998902587890625,0.9658322056833559,5912,5710,202,408.0662983425414,5993,5993,623.9502762430939,1
5566,"Cloths, mops, sponges and brush",0.998902587890625,0.9780426840992117,26005,25434,571,1202.9668508287293,148,22200,3655.486187845304,150
5568,"Cloths, mops, sponges and brush",0.998902587890625,1.0,12087,12087,0,414.6685082872928,59,12744,1682.353591160221,216
5569,Small storage,0.998902587890625,0.9535034602076125,13872,13227,645,538.8011049723757,19,12768,725.8342541436464,672
5573,Home decoration,0.998902587890625,1.0,19584,19584,0,15898.027624309392,38,20900,23167.878453038673,550
5581,Puzzles,0.998902587890625,1.0,1034,1034,0,790.4254143646409,41,984,789.5966850828729,24
5582,Puzzles,0.998902587890625,1.0,3290,3290,0,175.46408839779005,278,3336,223.90055248618785,12
5583,Hobby and creative,0.998902587890625,0.9050654142905066,2981,2698,283,130.7403314917127,2724,2724,192.71823204419888,1
5588,Batteries,0.998902587890625,0.9880259395424836,78336,77398,938,2650.353591160221,26,78000,4122.674033149171,3000
5593,Foodprep,0.998902587890625,0.992416203732601,32042,31799,243,1824.6906077348067,1796,32328,2512.8618784530386,18
5596,Kitchen tools,0.998902587890625,0.8809097019941743,8926,7863,1063,521.7513812154696,61,7320,679.9502762430939,120
5597,Buckets,0.998902587890625,1.0,164,164,0,918.7790055248619,0,0,399.6132596685083,240
5598,Window and squeegees,0.998902587890625,0.9996568291008923,17484,17478,6,454.6795580110497,48,17280,926.8674033149172,360
5599,Window and squeegees,0.998902587890625,0.9860670892762811,15144,14933,211,622.292817679558,20,14400,815.7182320441989,720
5602,Cleaning products,0.998902587890625,1.0,14925,14925,0,1561.375690607735,17,14688,1362.4254143646408,864
5603,Bathroom accessories,0.998902587890625,0.9822919533902192,10899,10706,193,366.31491712707185,24,10800,537.0055248618785,450
5604,Table textiles,0.998902587890625,1.0,1746,1746,0,383.5193370165746,3,1728,163.20994475138122,576
5605,Foils and bags,0.998902587890625,1.0,208,208,0,1241.828729281768,119,119,1229.475138121547,1
5606,Bathroom accessories,0.998902587890625,0.9773188896411645,5908,5774,134,241.50828729281767,34,5712,373.91160220994476,168
5608,Laundry baskets,0.998902587890625,0.7413170731707317,20500,15197,5303,575.6685082872929,239,15296,719.0718232044198,64
5609,Storage boxes,0.998902587890625,0.9797231070815976,16324,15993,331,1033.513812154696,224,16128,1346.8232044198894,72
5610,Baskets,0.998902587890625,1.0,13421,13421,0,647.8950276243094,13,12870,367.51381215469615,990
5611,Baskets,0.998902587890625,0.9949931725079654,8788,8744,44,283.3646408839779,24,8640,252.1988950276243,360
5613,Baskets,0.998902587890625,0.9961217762264882,10314,10274,40,290.6685082872928,43,10320,338.30939226519337,240
5614,Baskets,0.998902587890625,1.0,8319,8319,0,265.4640883977901,21,8064,204.55248618784532,384
5615,Drink & food To Go,0.998902587890625,0.8896368467670505,11290,10044,1246,1247.0441988950276,13,10192,1427.9613259668508,784
5616,Personal care,0.998902587890625,0.9325892008133768,68357,63749,4608,2396.718232044199,62935,62935,4801.812154696133,1
5617,Cleaning products,0.998902587890625,0.9672792854689111,11644,11263,381,569.1657458563536,25,11250,1572.7734806629835,450
5618,Others,0.998902587890625,1.0,4868,4868,0,488.3977900552486,818,4908,669.0110497237569,6
5620,Oven dishes,0.998902587890625,1.0,184,184,0,1364.1436464088397,0,0,128.01657458563537,1296
5621,Personal care,0.998902587890625,1.0,2795,2795,0,457.414364640884,3041,3041,555.6519337016574,1
5622,Wash treatment and accessories,0.998902587890625,1.0,4894,4894,0,221.91160220994476,21,4914,288.37016574585635,234
5624,Wash treatment and accessories,0.998902587890625,1.0,20,20,0,10602.32044198895,1,1,9439.132596685084,1
5625,Wash treatment and accessories,0.998902587890625,0.8447600939492227,8941,7553,1388,1976.353591160221,14,7392,1822.9447513812154,528
5629,Cleaning products,0.998902587890625,1.0,2749,2749,0,150.51933701657458,2862,2862,272.2707182320442,1
5634,Stationary,0.998902587890625,1.0,10037,10037,0,1776.5027624309391,3,9600,512.8066298342542,3200
5635,Window and squeegees,0.998902587890625,0.8755457577622858,69857,61163,8694,1537.4806629834254,72,60840,2123.6353591160223,845
5638,Electric personal care,0.998902587890625,0.974780977971842,35727,34826,901,608.8121546961326,96,34560,1186.9668508287293,360
5640,Electric personal care,0.998902587890625,0.784932388924662,3106,2438,668,75.56353591160222,122,2440,102.18232044198895,20
5642,Electric personal care,0.998902587890625,0.9896247514910537,16096,15929,167,374.1160220994475,78,16380,626.5193370165746,210
5644,Electric personal care,0.998902587890625,1.0,17241,17241,0,504.292817679558,48,17280,685.7182320441989,360
5650,Pan sets,0.998902587890625,0.6261160714285714,1792,1122,670,80.34806629834254,1738,1738,137.11602209944752,1
5652,Partyfun,0.998902587890625,1.0,23400,23400,0,1263.5469613259668,1190,23800,1633.0994475138123,20
5653,Pan sets,0.998902587890625,1.0,1992,1992,0,627.3259668508288,1993,1993,694.0994475138122,1
5660,Personal care,0.998902587890625,1.0,1930,1930,0,451.8618784530387,15,1800,410.03314917127074,120
5677,Foods,0.998902587890625,1.0,125,125,0,2620.729281767956,0,0,2056.3701657458564,1
5707,Gift cards,0.998902587890625,1.0,0,0,0,3157.0,0,0,112.34254143646409,3000
5709,"TV, Audio & Video",0.998902587890625,0.9734729493891797,5730,5578,152,148.78453038674033,56,5600,186.0718232044199,100
5710,Drink & food To Go,0.998902587890625,0.9286073403720463,7956,7388,568,394.48618784530385,371,7420,935.0386740331492,20
5713,Electric personal care,0.998902587890625,0.8904036997783987,20758,18483,2275,503.8011049723757,941,18820,904.3314917127071,20
5725,"Cloths, mops, sponges and brush",0.998902587890625,0.9741400341546719,16396,15972,424,1585.9668508287293,8,15360,1683.2872928176796,1920
5726,Kitchen helpers,0.998902587890625,1.0,276,276,0,249.292817679558,0,0,47.45303867403315,324
5727,Hobby and creative,0.998902587890625,1.0,806,806,0,149.3314917127072,766,766,172.49171270718233,1
5732,Tableware,0.998902587890625,1.0,1820,1820,0,2225.1049723756905,1164,1164,2782.3701657458564,1
5736,Planks,0.998902587890625,1.0,16247,16247,0,8995.67955801105,6,18000,14645.961325966851,3000
5739,Table textiles,0.998902587890625,1.0,5792,5792,0,8086.469613259668,5662,5662,10695.806629834255,1
5742,Storage boxes,0.998902587890625,1.0,3139,3139,0,220.0331491712707,161,2898,256.38121546961327,18
5746,Planks,0.998902587890625,1.0,1069,1069,0,133.71823204419888,261,1044,170.84530386740332,4
5747,Wash treatment and accessories,0.998902587890625,1.0,1501,1501,0,197.58563535911603,8,1392,155.5635359116022,174
5748,Personal care,0.998902587890625,1.0,91,91,0,729.7624309392265,0,0,664.6850828729282,1
5749,Cleaning products,0.998902587890625,0.6682984720367898,20223,13515,6708,2034.4364640883978,30,13500,1523.707182320442,450
5751,Cleaning products,0.998902587890625,1.0,2492,2492,0,374.3756906077348,10,2340,330.353591160221,234
5753,Wash treatment and accessories,0.998902587890625,1.0,15747,15747,0,593.8453038674033,66,15840,724.707182320442,240
5757,Cleaning products,0.998902587890625,0.7941685412701159,46232,36716,9516,5168.165745856353,41081,41081,5317.795580110497,1
5761,Bathroom accessories,0.998902587890625,0.9944213989414962,34955,34760,195,3147.6906077348067,8,35360,4523.618784530387,4420
5772,Foodprep,0.998902587890625,1.0,5605,5605,0,494.61878453038673,185,5550,686.0939226519337,30
5773,Electric personal care,0.998902587890625,0.41744334347100953,10193,4255,5938,858.2817679558011,251,5020,459.03867403314916,20
5798,Candles & Tealights,0.998902587890625,1.0,202,202,0,869.6408839779006,0,0,271.01657458563534,660
5799,Candles & Tealights,0.998902587890625,1.0,340,340,0,780.1270718232045,0,0,314.38121546961327,750
5800,Candles & Tealights,0.998902587890625,1.0,902,902,0,1322.254143646409,0,0,929.5193370165746,1050
5804,Others,0.998902587890625,1.0,783,783,0,1100.1381215469614,0,0,589.6353591160221,1050
5805,Candles & Tealights,0.998902587890625,0.9373064188828367,9363,8776,587,760.939226519337,11,8250,524.121546961326,750
5807,Drink & food To Go,0.998902587890625,1.0,4519,4519,0,1720.745856353591,4577,4577,1885.0607734806629,1
5815,Residential odors,0.998902587890625,0.9288064025138705,20367,18917,1450,849.6685082872929,26,19968,882.9116022099447,768
5820,Photo frames & albums,0.998902587890625,1.0,13267,13267,0,700.0165745856353,18,12960,850.5027624309392,720
5821,Photo frames & albums,0.998902587890625,1.0,2988,2988,0,226.09944751381215,11,2904,206.58563535911603,264
5827,Foodprep,0.998902587890625,1.0,2734,2734,0,473.72375690607737,2709,2709,546.5303867403314,1
5837,Drying racks,0.998902587890625,0.8881646655231561,2915,2589,326,157.5635359116022,652,2608,194.1878453038674,4
5838,Hobby and creative,0.998902587890625,1.0,10,10,0,411.1878453038674,0,0,11.828729281767956,396
5839,"Cloths, mops, sponges and brush",0.998902587890625,1.0,20371,20371,0,1982.5027624309391,11,20592,2494.049723756906,1872
5840,Construction,0.998902587890625,1.0,406,406,0,232.06629834254144,1,240,123.07182320441989,240
5841,Construction,0.998902587890625,1.0,0,0,0,256.0,0,0,128.0,128
5843,Kitchen tools,0.998902587890625,1.0,1089,1089,0,321.5524861878453,2,960,84.17127071823204,480
5845,Kitchen tools,0.998902587890625,1.0,1017,1017,0,244.4364640883978,3,864,118.95580110497238,288
5848,Bath textiles and bath mats,0.998902587890625,0.9608194622279129,3905,3752,153,843.9226519337017,9,4536,1964.9834254143645,504
5849,Tableware,0.998902587890625,1.0,1811,1811,0,1126.0939226519338,76,2736,2045.6906077348067,36
5850,Tableware,0.998902587890625,1.0,1482,1482,0,1678.707182320442,1,1008,1345.342541436464,1008
5851,Hobby and creative,0.998902587890625,0.989247311827957,930,920,10,148.05524861878453,3,864,53.972375690607734,288
5857,Bathroom accessories,0.998902587890625,1.0,7208,7208,0,334.7513812154696,15,6840,215.8950276243094,456
5858,Racks and pockets,0.998902587890625,1.0,19847,19847,0,318.35911602209944,182,19656,584.4585635359116,108
5859,Waste bags,0.998902587890625,0.9389770399584212,32709,30713,1996,1093.7127071823204,21,30240,861.0718232044198,1440
5861,Construction,0.998902587890625,1.0,694,694,0,393.56353591160223,1,392,225.29834254143645,392
5863,Baskets,0.998902587890625,1.0,7560,7560,0,586.646408839779,7,6930,194.38121546961327,990
5864,Storage boxes,0.998902587890625,0.7319213313161876,3305,2419,886,1197.988950276243,14,2520,851.3812154696133,180
5866,Storage boxes,0.998902587890625,1.0,140,140,0,439.55801104972375,0,0,270.939226519337,20
5867,Storage boxes,0.998902587890625,1.0,6104,6104,0,295.68508287292815,48,6144,326.9337016574586,128
5868,Cleaning products,0.998902587890625,0.9782990754183541,13087,12803,284,365.56353591160223,45,12690,707.7900552486187,282
5869,Cleaning products,0.998902587890625,1.0,3231,3231,0,619.8397790055249,4,2784,268.75690607734805,696
5870,Cleaning products,0.998902587890625,0.8793825333051385,23645,20793,2852,1673.3812154696132,76,21888,1298.4972375690609,288
5871,Cleaning products,0.998902587890625,0.8269481674771676,16862,13944,2918,406.4475138121547,65,14040,831.817679558011,216
5872,Baskets,0.998902587890625,1.0,3880,3880,0,607.585635359116,48,3840,1344.9558011049724,80
5874,Cleaning products,0.998902587890625,1.0,4646,4646,0,872.4254143646409,3,4320,192.23756906077347,1440
5878,Dishwashing articles,0.998902587890625,1.0,88,88,0,810.9613259668508,0,0,194.38121546961327,468
5880,Residential odors,0.998902587890625,1.0,8291,8291,0,897.6132596685082,5,7560,226.18232044198896,1512
5895,Electric personal care,0.998902587890625,1.0,8199,8199,0,195.11602209944752,417,8340,367.2044198895028,20
5896,Electric personal care,0.998902587890625,1.0,4295,4295,0,144.40331491712706,219,4380,228.7292817679558,20
5897,"TV, Audio & Video",0.998902587890625,1.0,235,235,0,756.1325966850828,197,197,758.9944751381215,1
5899,Frying pans,0.998902587890625,0.8632308619650392,16590,14321,2269,495.27624309392263,126,14112,947.4475138121547,112
5915,Candles & Tealights,0.998902587890625,0.9988643737832577,18492,18471,21,941.707182320442,24,18000,926.1988950276243,750
5918,Candles & Tealights,0.998902587890625,0.9878277991586861,22346,22074,272,921.3480662983426,37,21756,1111.5635359116022,588
5919,Residential odors,0.998902587890625,0.9086124401913875,2090,1899,191,88.1767955801105,352,2112,130.12154696132598,6
5922,Drinks,0.998902587890625,1.0,1618,1618,0,4124.453038674033,925,925,4113.96132596685,1
5924,Cooking books,0.998902587890625,1.0,103,103,0,1085.7016574585634,29,29,1064.867403314917,1
5931,Residential odors,0.998902587890625,1.0,8151,8151,0,784.6906077348066,10,7800,575.9834254143647,780
5941,Kitchen helpers,0.998902587890625,1.0,7753,7753,0,557.939226519337,7909,7909,856.8342541436464,1
5943,Stationary,0.998902587890625,1.0,40808,40808,0,1259.1491712707182,27,40500,2034.745856353591,1500
5946,Clocks,0.998902587890625,0.9876460767946578,5990,5916,74,174.44198895027625,56,6048,343.8232044198895,108
5947,Gift cards,0.998902587890625,1.0,0,0,0,3506.0,0,0,424.50276243093924,3000
5948,Stationary,0.998902587890625,1.0,11671,11671,0,9026.171270718232,1175,14100,13904.45856353591,12
5951,Stationary,0.998902587890625,1.0,31596,31596,0,699.7237569060774,228,32832,1872.4917127071824,144
5954,Foodprep,0.998902587890625,1.0,140,140,0,304.0552486187845,0,0,229.7403314917127,80
5955,Racks and pockets,0.998902587890625,0.5861163227016886,2665,1562,1103,491.707182320442,27,1512,347.49171270718233,56
5956,Coffee makers and kettles,0.998902587890625,1.0,78,78,0,1342.414364640884,1,1,1294.9723756906078,1
5959,Construction,0.998902587890625,0.992798353909465,972,965,7,66.95027624309392,129,1032,135.9668508287293,8
5971,Construction,0.998902587890625,1.0,340,340,0,123.40883977900552,4,336,92.96685082872928,84
5973,Tea and coffee,0.998902587890625,1.0,794,794,0,469.96685082872926,1022,1022,940.6243093922652,1
5974,Girls toys,0.998902587890625,1.0,657,657,0,126.7182320441989,674,674,140.24309392265192,1
5977,Cleaning products,0.998902587890625,0.9053755242089211,26230,23748,2482,843.2983425414365,19,22800,596.8563535911602,1200
5981,Window and squeegees,0.998902587890625,0.9865967953239948,9923,9790,133,243.0110497237569,262,9432,581.8232044198895,36
5982,"Glasses (drink, beer, wine etc)",0.998902587890625,1.0,503,503,0,243.8232044198895,3,396,184.32044198895028,132
5983,"Glasses (drink, beer, wine etc)",0.998902587890625,1.0,940,940,0,229.74585635359117,3,720,133.20441988950276,240
5987,Baskets,0.998902587890625,1.0,8440,8440,0,294.8839779005525,23,8280,249.67403314917127,360
5989,Baskets,0.998902587890625,0.9943097842151937,13532,13455,77,349.03867403314916,56,13440,450.0497237569061,240
5991,Cleaning products,0.998902587890625,1.0,47876,47876,0,1496.0828729281768,42,48384,1683.7016574585634,1152
5992,Cleaning products,0.998902587890625,1.0,28447,28447,0,1059.5635359116022,20,28000,1413.1602209944751,1400
5993,Wash treatment and accessories,0.998902587890625,1.0,589,589,0,16025.116022099448,0,0,8196.265193370165,1440
5994,Wash treatment and accessories,0.998902587890625,1.0,3293,3293,0,198.1878453038674,18,3132,233.20441988950276,174
5995,Toilet cleaners and odors,0.998902587890625,1.0,22789,22789,0,1214.0165745856355,82,23616,1967.756906077348,288
5997,Cleaning products,0.998902587890625,0.9788147724019467,6986,6838,148,204.1878453038674,59,6726,404.6243093922652,114
5998,Thermos jugs,0.998902587890625,1.0,1755,1755,0,453.8839779005525,3,1530,317.8232044198895,510
5999,Cleaning products,0.998902587890625,0.9783954683177447,7591,7427,164,237.46408839779005,77,7392,468.34806629834253,96
6000,Cleaning products,0.998902587890625,1.0,26946,26946,0,4025.6408839779006,24289,24289,4881.613259668508,1
6001,Wash treatment and accessories,0.998902587890625,1.0,18385,18385,0,1170.878453038674,111,19314,1816.4364640883978,174
6003,Waste bins,0.998902587890625,0.970498474059003,2949,2862,87,187.3314917127072,92,2944,277.3867403314917,32
6006,Residential odors,0.998902587890625,1.0,3854,3854,0,953.121546961326,3,3600,417.0939226519337,1200
6009,Cleaning products,0.998902587890625,0.9980287243030133,7102,7088,14,1128.1160220994475,3,5940,175.61878453038673,1980
6010,Personal care,0.998902587890625,1.0,15172,15172,0,4507.624309392265,15947,15947,5066.453038674033,1
6015,Coffee makers and kettles,0.998902587890625,0.9886544134331745,4407,4357,50,119.76243093922652,90,4500,264.30939226519337,50
6018,Coffee makers and kettles,0.998902587890625,0.9944536882972823,10818,10758,60,302.3204419889503,367,11010,526.756906077348,30
6024,Measuring and weighing,0.998902587890625,1.0,41584,41584,0,13067.160220994476,3,10800,16732.67403314917,3600
6029,Partyfun,0.998902587890625,1.0,24657,24657,0,1263.4254143646408,1258,25160,1658.5801104972375,20
6040,Personal care,0.998902587890625,1.0,1830,1830,0,367.04419889502765,17,2040,367.292817679558,120
6041,Personal care,0.998902587890625,1.0,23,23,0,3870.425414364641,0,0,3141.8121546961324,1
6052,Candles & Tealights,0.998902587890625,0.9864959130014845,55909,55154,755,2610.9447513812156,83,54780,3495.303867403315,660
6053,Candles & Tealights,0.998902587890625,1.0,74177,74177,0,1605.9668508287293,123,73800,2544.022099447514,600
6069,Clocks,0.998902587890625,0.9721312451616745,16793,16325,468,2675.480662983425,40,16800,8985.209944751381,420
6071,Photo frames & albums,0.998902587890625,1.0,21370,21370,0,1194.46408839779,25,21600,1584.5027624309391,864
6075,Stationary,0.998902587890625,1.0,27641,27641,0,1024.4972375690609,23,27600,1450.585635359116,1200
6077,Foodprep,0.998902587890625,1.0,174,174,0,206.54696132596686,169,169,210.75138121546962,1
6078,Drink & food To Go,0.998902587890625,1.0,9077,9077,0,646.5524861878453,28,9408,1181.4254143646408,336
6079,Ironing,0.998902587890625,1.0,2,2,0,699.9226519337017,2,2,699.0,1
6080,Drink & food To Go,0.998902587890625,0.9316031812473838,11945,11128,817,814.4696132596686,11,10560,1106.7845303867402,960
6082,Electric personal care,0.998902587890625,0.9974217311233886,5430,5416,14,134.58011049723757,276,5520,243.04419889502762,20
6095,Construction,0.998902587890625,1.0,597,597,0,318.0110497237569,72,576,356.62983425414365,8
6096,"Cloths, mops, sponges and brush",0.998902587890625,1.0,0,0,0,3719.0,0,0,1607.1436464088397,2106
6098,Batteries,0.998902587890625,1.0,309,309,0,37.790055248618785,15,300,39.06077348066298,20
6107,Ironing,0.998902587890625,0.6710794297352343,982,659,323,58.889502762430936,27,648,53.75690607734806,24
6108,Ironing,0.998902587890625,0.8966338993148645,3357,3010,347,71.45856353591161,314,3140,184.30939226519337,10
6109,Hobby and creative,0.998902587890625,1.0,1146,1146,0,534.4475138121547,1,720,154.70165745856355,720
6139,Foods,0.998902587890625,1.0,795,795,0,1026.6022099447514,674,674,1051.2154696132598,1
6140,Store kitchen,0.998902587890625,1.0,6400,6400,0,381.121546961326,14,6272,617.5966850828729,448
6143,Drink & food To Go,0.998902587890625,0.9503888024883359,12860,12222,638,822.2154696132596,28,12544,1063.3867403314916,448
6144,Bathroom accessories,0.998902587890625,1.0,79927,79927,0,26441.165745856353,22,79200,62582.331491712706,3600
6145,Cooking pans,0.998902587890625,0.9597030752916225,943,905,38,135.8011049723757,51,1020,266.8121546961326,20
6152,Storage boxes,0.998902587890625,0.9622014115092291,14736,14179,557,1077.6795580110497,263,14202,1359.7292817679559,54
6154,Thermos jugs,0.998902587890625,1.0,2099,2099,0,166.19337016574585,9,1944,91.25414364640883,216
6155,Storage boxes,0.998902587890625,0.9998546511627907,6880,6879,1,323.55801104972375,142,6816,406.1491712707182,48
6157,Wash treatment and accessories,0.998902587890625,0.9845026768103691,14196,13976,220,369.3646408839779,44,14080,741.5524861878453,320
6158,Personal care,0.998902587890625,1.0,74272,74272,0,25205.403314917126,19,37620,16229.342541436465,1980
6159,Cleaning products,0.998902587890625,0.976241610738255,7450,7273,177,342.1767955801105,17,7140,400.1933701657459,420
6162,Wash treatment and accessories,0.998902587890625,0.6703175859945456,22734,15239,7495,1640.707182320442,53,17808,1581.4475138121547,336
6168,"Cloths, mops, sponges and brush",0.998902587890625,1.0,10657,10657,0,470.88950276243094,28,10752,657.9723756906077,384
6174,Coffee makers and kettles,0.998902587890625,0.989685960591133,25984,25716,268,671.6022099447514,313,26292,1622.7845303867402,84
6184,Special pans,0.998902587890625,0.8641467065868264,13360,11545,1815,571.060773480663,178,11392,919.8342541436464,64
6190,Bags and backpacks,0.998902587890625,1.0,18716,18716,0,1027.6022099447514,13,17784,614.060773480663,1368
6215,Vases,0.998902587890625,1.0,2031,2031,0,248.0939226519337,13,1872,245.23204419889504,144
6216,Candles & Tealights,0.998902587890625,1.0,10442,10442,0,7685.436464088398,9,6462,10377.209944751381,718
6227,Clocks,0.998902587890625,0.9973434535104364,10540,10512,28,323.9944751381216,44,10560,601.6353591160221,240
6233,"Glasses (drink, beer, wine etc)",0.998902587890625,1.0,205,205,0,291.29834254143645,30,180,294.43646408839777,6
6238,Batteries,0.998902587890625,0.9188034188034188,234,215,19,33.04419889502763,10,200,25.83977900552486,20
6239,Cutlery,0.998902587890625,1.0,2751,2751,0,1709.7513812154696,2596,2596,2941.254143646409,1
6245,Storage boxes,0.998902587890625,1.0,410,410,0,375.5193370165746,12,384,367.54696132596683,32
6246,"Glasses (drink, beer, wine etc)",0.998902587890625,1.0,548,548,0,217.74585635359117,128,512,233.33701657458565,4
6248,Storage boxes,0.998902587890625,1.0,8281,8281,0,479.76795580110496,125,8000,622.0497237569061,64
6250,Cleaning products,0.998902587890625,0.9953144710758696,5549,5523,26,250.50828729281767,31,5394,366.04419889502765,174
6251,Storage boxes,0.998902587890625,1.0,884,884,0,288.72375690607737,794,794,313.69060773480663,1
6256,Light bulbs,0.998902587890625,1.0,777,777,0,150.1988950276243,7,693,126.82872928176796,99
6257,Wash treatment and accessories,0.998902587890625,0.6898980413200966,29816,20570,9246,2034.5635359116022,72,24192,2139.414364640884,336
6258,Cleaning products,0.998902587890625,1.0,5109,5109,0,888.7237569060774,3,4320,236.20441988950276,1440
6259,Wash treatment and accessories,0.998902587890625,0.8598804647663629,47852,41147,6705,2885.3204419889503,95,41040,3183.950276243094,432
6261,Cleaning products,0.998902587890625,1.0,3273,3273,0,659.6795580110497,2,2232,108.26519337016575,1116
6264,Waste bins,0.998902587890625,0.9848903330625508,6155,6062,93,143.91712707182322,228,6156,229.75690607734808,27
6266,Shoe maintenance,0.998902587890625,1.0,2141,2141,0,1139.232044198895,1,1512,185.91712707182322,1512
6267,Residential odors,0.998902587890625,1.0,4928,4928,0,1309.4696132596684,1,2520,120.39779005524862,2520
6268,Residential odors,0.998902587890625,1.0,5989,5989,0,875.5248618784531,3,4536,162.25414364640883,1512
6269,Window and squeegees,0.998902587890625,1.0,74367,74367,0,6618.176795580111,79,68256,13807.160220994476,864
6272,Foodprep,0.998902587890625,0.9257813831418931,58678,54323,4355,1480.5524861878453,978,54768,2624.0939226519336,56
6273,Sockets and security,0.998902587890625,1.0,7321,7321,0,882.8618784530387,9,7290,748.2044198895028,810
6274,Coffee makers and kettles,0.998902587890625,1.0,162,162,0,3689.519337016575,2,80,3667.5414364640883,40
6284,Construction,0.998902587890625,1.0,440,440,0,202.11049723756906,2,360,131.44751381215468,180
6297,Candles & Tealights,0.998902587890625,1.0,6563,6563,0,335.4475138121547,17,6460,289.9502762430939,380
6299,Candles & Tealights,0.998902587890625,1.0,226,226,0,1812.2375690607735,0,0,252.51933701657458,1710
6300,Candles & Tealights,0.998902587890625,1.0,447,447,0,9684.558011049723,0,0,892.3425414364641,9120
6301,Candles & Tealights,0.998902587890625,1.0,784,784,0,1093.7127071823204,0,0,630.0441988950276,1050
6307,Foods,0.998902587890625,1.0,4556,4556,0,1928.1546961325967,4215,4215,2071.685082872928,1
6308,Others,0.998902587890625,0.9491920529801324,18875,17916,959,758.5911602209944,23,17250,740.0165745856353,750
6309,Other Holidays,0.998902587890625,0.31709672049275844,30035,9524,20511,8656.193370165745,19870,19870,6194.508287292818,1
6332,Photo frames & albums,0.998902587890625,1.0,1483,1483,0,146.02209944751382,10,1480,126.85635359116021,148
6334,Photo frames & albums,0.998902587890625,1.0,16563,16563,0,818.0497237569061,23,16560,1080.8453038674033,720
6341,Gift cards,0.998902587890625,1.0,0,0,0,3039.0,0,0,39.0,3000
6347,Window and squeegees,0.998902587890625,1.0,2949,2949,0,184.3038674033149,150,3000,285.49723756906076,20
6348,Vacuuming,0.998902587890625,1.0,541,541,0,384.8508287292818,27,432,385.8066298342541,16
6349,Store kitchen,0.998902587890625,0.9297235023041475,868,807,61,102.39779005524862,7,840,103.58011049723757,120
6351,Tableware,0.998902587890625,0.7897699855235644,6217,4910,1307,611.8232044198895,6984,6984,1073.9171270718232,1
6365,Tableware,0.998902587890625,1.0,2116,2116,0,2188.033149171271,46,1656,2940.0662983425414,36
6367,Store kitchen,0.998902587890625,0.9449838187702265,927,876,51,68.56353591160222,1045,1045,101.73480662983425,1
6369,Drink & food To Go,0.998902587890625,1.0,450,450,0,1310.707182320442,304,304,1319.7292817679559,1
6371,Thermos jugs,0.998902587890625,0.9975973089860644,2081,2076,5,123.61878453038673,13,2080,120.60773480662984,160
6375,Bathroom scales,0.998902587890625,1.0,1323,1323,0,857.1933701657458,5,1120,767.3370165745856,224
6380,Hobby and creative,0.998902587890625,0.999558693733451,4532,4530,2,175.9889502762431,763,4578,339.75690607734805,6
6387,Baby / Toddler,0.998902587890625,0.7652,2500,1913,587,291.0552486187845,320,1920,324.6243093922652,6
6395,"Glasses (drink, beer, wine etc)",0.998902587890625,1.0,1085,1085,0,101.60220994475138,185,1110,138.40883977900552,6
6403,Small storage,0.998902587890625,1.0,32297,32297,0,845.5801104972376,26,31200,758.4033149171271,1200
6406,Foils and bags,0.998902587890625,0.9648400309974537,45165,43577,1588,2988.1657458563536,9,41400,1831.3701657458564,4600
6407,Shoe maintenance,0.998902587890625,1.0,16182,16182,0,7967.8011049723755,7,21000,14950.370165745857,3000
6408,Cleaning products,0.998902587890625,1.0,9609,9609,0,1117.2375690607735,4,7920,244.41436464088397,1980
6411,Buckets,0.998902587890625,0.9824701195219123,30120,29592,528,796.1546961325967,310,29760,1868.9116022099447,96
6414,Baskets,0.998902587890625,1.0,4342,4342,0,186.51933701657458,37,4440,193.77348066298342,120
6417,Wash treatment and accessories,0.998902587890625,0.9993951612903226,4960,4957,3,176.02209944751382,29,5046,275.7955801104972,174
6418,Cleaning products,0.998902587890625,0.9872263315806672,33663,33233,430,668.2265193370166,79,33180,1721.7348066298343,420
6419,Personal care,0.998902587890625,1.0,10361,10361,0,2923.022099447514,8399,8399,2717.1160220994475,1
6420,Cleaning products,0.998902587890625,0.9849728614363253,22293,21958,335,681.9502762430939,18,21600,443.91160220994476,1200
6421,Cleaning products,0.998902587890625,0.9448611659428873,7599,7180,419,177.1657458563536,62,7068,392.58011049723757,114
6423,Personal care,0.998902587890625,1.0,8314,8314,0,1630.1546961325967,7,7560,1190.7955801104972,1080
6428,Cleaning products,0.998902587890625,0.988848298404153,5201,5143,58,348.2596685082873,31,5394,446.3646408839779,174
6429,Wash treatment and accessories,0.998902587890625,1.0,16387,16387,0,11466.828729281768,40,15360,11239.17679558011,384
6430,Waste bins,0.998902587890625,0.9936639720340834,4577,4548,29,118.8011049723757,129,4644,175.060773480663,36
6433,Shoe maintenance,0.998902587890625,1.0,1581,1581,0,1000.0331491712707,1,1440,179.87845303867402,1440
6434,Phones,0.998902587890625,1.0,9897,9897,0,6294.723756906077,7874,7874,9616.817679558011,1
6437,Electric personal care,0.998902587890625,0.9258615477629988,26464,24502,1962,1464.7900552486187,39,24570,2063.8342541436464,630
6440,Electric personal care,0.998902587890625,0.9942794878779624,3671,3650,21,161.30939226519337,57,3591,264.02762430939225,63
6442,Electric personal care,0.998902587890625,0.8983570036201615,17955,16130,1825,525.0773480662983,53,16960,720.0718232044198,320
6498,Gift cards,0.998902587890625,1.0,0,0,0,3032.0,0,0,32.0,3000
6503,"Glasses (drink, beer, wine etc)",0.998902587890625,1.0,555,555,0,177.38674033149172,6,576,164.47513812154696,96
6511,Tableware,0.998902587890625,1.0,3620,3620,0,3951.8011049723755,320,3840,5669.237569060773,12
6512,Construction,0.998902587890625,1.0,1784,1784,0,654.0718232044198,3,1764,448.4475138121547,588
6513,Reading glasses,0.998902587890625,1.0,2979,2979,0,3199.966850828729,1,2500,2069.7016574585637,2500
6515,Construction,0.998902587890625,1.0,393,393,0,312.4806629834254,1,224,187.85082872928177,224
6516,Tea and coffee,0.998902587890625,1.0,6291,6291,0,6157.933701657458,2025,2025,7229.116022099448,1
6517,Ironing,0.998902587890625,0.8646927730022286,6282,5432,850,115.54696132596685,53,5724,275.0055248618784,108
6520,Insecticides,0.998902587890625,1.0,46,46,0,54.41436464088398,2,40,35.09944751381215,20
6522,Kitchen tools,0.998902587890625,1.0,801,801,0,98.40883977900552,50,800,119.42541436464089,16
6523,Bathroom accessories,0.998902587890625,1.0,13412,13412,0,1103.5082872928176,13167,13167,1607.6519337016575,1
6524,Foodprep,0.998902587890625,1.0,13168,13168,0,6118.92817679558,7722,46332,24456.624309392264,6
6526,Batteries,0.998902587890625,1.0,8920,8920,0,433.0497237569061,906,9060,772.8011049723757,10
6527,Batteries,0.998902587890625,0.9934158385661159,32806,32590,216,1255.0165745856355,25,32500,1825.0828729281768,1300
6528,Sockets and security,0.998902587890625,0.913757225433526,25950,23712,2238,943.9944751381215,40,23040,1552.2707182320441,576
6533,Bath textiles and bath mats,0.998902587890625,0.9728940936120536,27411,26668,743,981.9281767955802,74,26640,1229.171270718232,360
6534,Hobby and creative,0.998902587890625,1.0,613,613,0,167.28729281767957,4,480,121.353591160221,120
6538,Home decoration,0.998902587890625,1.0,1097,1097,0,146.77348066298342,1217,1217,188.27624309392266,1
6540,Cleaning products,0.998902587890625,0.9929942473087657,17557,17434,123,537.3591160220994,25,17400,842.7127071823204,696
6541,Personal care,0.998902587890625,1.0,314,314,0,3895.1988950276245,0,0,2832.2872928176794,1
6544,Wash treatment and accessories,0.998902587890625,1.0,10465,10465,0,706.9447513812155,18,10368,786.292817679558,576
6545,Foods,0.998902587890625,1.0,849,849,0,1000.9779005524862,692,692,1026.2596685082874,1
6546,Cleaning products,0.998902587890625,1.0,7365,7365,0,278.88950276243094,43,7482,473.68508287292815,174
6547,Cleaning products,0.998902587890625,0.9397018374549428,79621,74820,4801,5723.53591160221,62,74400,7902.309392265193,1200
6548,Cleaning products,0.998902587890625,1.0,3068,3068,0,316.55801104972375,10,2820,283.1767955801105,282
6549,Cleaning products,0.998902587890625,0.9937257897321184,18329,18214,115,687.0441988950276,15,17640,370.0055248618784,1176
6552,Cleaning products,0.998902587890625,0.9985665137614679,3488,3483,5,135.5303867403315,3557,3557,289.0,1
6553,Cleaning products,0.998902587890625,1.0,8772,8772,0,970.6187845303867,16,8640,1068.0939226519338,540
6558,Cleaning products,0.998902587890625,1.0,2632,2632,0,743.121546961326,4,2400,496.4033149171271,600
6559,Personal care,0.998902587890625,0.9363197997570581,27167,25437,1730,3346.3591160220994,15,22950,3473.270718232044,1530
6562,Shoe maintenance,0.998902587890625,1.0,4917,4917,0,1256.414364640884,15,3960,988.7182320441989,264
6563,Residential odors,0.998902587890625,1.0,22580,22580,0,963.1160220994475,22,21780,828.0110497237569,990
6564,Sockets and security,0.998902587890625,1.0,8203,8203,0,4617.944751381216,2,2000,5206.364640883978,1000
6565,Coffee makers and kettles,0.998902587890625,1.0,151,151,0,2499.966850828729,0,0,2219.0883977900553,40
6566,Electric personal care,0.998902587890625,0.9815350389321468,8990,8824,166,337.353591160221,28,8960,372.50276243093924,320
6567,(Steam) cleaners,0.998902587890625,1.0,369,369,0,70.74585635359117,11,352,67.49723756906077,32
6568,Electric personal care,0.998902587890625,0.9990256576810653,9237,9228,9,418.7403314917127,53,9540,534.0828729281768,180
6578,Frying pans,0.998902587890625,1.0,6815,6815,0,2225.033149171271,70,6720,2395.767955801105,96
6583,Partyfun,0.998902587890625,0.8476329697514899,8893,7538,1355,2134.828729281768,3,6600,829.6629834254144,2200
6587,Personal care,0.998902587890625,1.0,93,93,0,2994.171270718232,0,0,2330.966850828729,1
6603,Candles & Tealights,0.998902587890625,1.0,605,605,0,1517.342541436464,3,576,1439.5580110497237,192
6604,Candles & Tealights,0.998902587890625,1.0,1157,1157,0,1541.3093922651933,0,0,724.0994475138122,1650
6619,Candles & Tealights,0.998902587890625,0.9902363562588761,39432,39047,385,1196.2486187845304,82,39360,1594.8397790055249,480
6625,Photo frames & albums,0.998902587890625,0.9951210358416214,10658,10606,52,642.1602209944751,16,10368,727.4364640883978,648
6628,Photo frames & albums,0.998902587890625,0.9954780361757106,1548,1541,7,145.29834254143645,10,1480,128.90055248618785,148
6632,Stationary,0.998902587890625,0.9878285859183501,11831,11687,144,368.24309392265195,595,11900,806.171270718232,20
6633,Clocks,0.998902587890625,1.0,2577,2577,0,2266.9226519337017,5,2880,2899.0,576
6636,Gift cards,0.998902587890625,1.0,0,0,0,3039.0,0,0,39.0,3000
6651,Tableware,0.998902587890625,1.0,2145,2145,0,1876.6906077348067,114,4104,3624.1878453038676,36
6654,Hobby and creative,0.998902587890625,1.0,395,395,0,266.30386740331494,1,336,114.60220994475138,336
6657,Serve and present,0.998902587890625,1.0,4051,4051,0,2899.0055248618783,3914,3914,4668.325966850829,1
6658,Tableware,0.998902587890625,1.0,5901,5901,0,5415.845303867403,4491,4491,7532.2430939226515,1
6659,Tableware,0.998902587890625,1.0,11140,11140,0,9210.082872928177,11622,11622,14721.845303867403,1
6661,Fans and electric blankets,0.998902587890625,1.0,102,102,0,98.2486187845304,0,0,59.994475138121544,96
6662,Mugs and cups,0.998902587890625,1.0,2036,2036,0,1291.9226519337017,45,2160,2067.0441988950274,48
6663,Others,0.998902587890625,1.0,2163,2163,0,1769.9723756906078,2194,2194,1853.1381215469614,1
6665,Tea and coffee,0.998902587890625,1.0,12809,12809,0,569.1546961325967,24,12288,779.8674033149172,512
6668,Waste bags,0.998902587890625,0.9953152089711904,54218,53964,254,1716.1491712707182,23,52992,2587.1049723756905,2304
6673,Baskets,0.998902587890625,0.9949653166256434,8938,8893,45,277.9447513812155,23,8832,220.8342541436464,384
6674,Baskets,0.998902587890625,1.0,6857,6857,0,358.9447513812155,12,6480,199.97237569060775,540
6675,Baskets,0.998902587890625,1.0,6918,6918,0,290.22651933701655,19,6840,219.6353591160221,360
6677,Wash treatment and accessories,0.998902587890625,1.0,915,915,0,579.2817679558011,15,900,582.3756906077348,60
6678,Baby / Toddler,0.998902587890625,1.0,167,167,0,127.62430939226519,0,0,32.646408839779006,180
6682,Cleaning products,0.998902587890625,1.0,15077,15077,0,943.5911602209944,8,13824,326.3259668508287,1728
6683,Cleaning products,0.998902587890625,1.0,3182,3182,0,307.1491712707182,7,3150,210.71270718232043,450
6684,Waste bins,0.998902587890625,0.9998744349573079,7964,7963,1,347.42541436464086,348,8352,1234.375690607735,24
6686,Waste bins,0.998902587890625,0.9743414300376325,2923,2848,75,153.4254143646409,244,2928,258.44198895027625,12
6688,Drink & food To Go,0.998902587890625,1.0,7695,7695,0,531.0,13,7280,530.5248618784531,560
6690,Cleaning products,0.998902587890625,0.9979751365605576,21236,21193,43,2837.0,4,20160,523.8011049723757,5040
6692,Electric personal care,0.998902587890625,1.0,39721,39721,0,3629.7127071823206,2140,42800,5208.900552486188,20
6700,Electric personal care,0.998902587890625,1.0,91,91,0,1758.745856353591,0,0,1397.3038674033148,1
6703,Special pans,0.998902587890625,1.0,152,152,0,2113.2265193370167,0,0,1917.5193370165746,1
6711,Personal care,0.998902587890625,1.0,1354,1354,0,1241.4088397790056,1,1386,178.84530386740332,1386
6720,Candles & Tealights,0.998902587890625,1.0,130,130,0,2356.6740331491715,0,0,812.0994475138122,1650
6721,Candles & Tealights,0.998902587890625,1.0,128,128,0,1944.9392265193371,0,0,323.16022099447514,1710
6735,Vases,0.998902587890625,1.0,51074,51074,0,14204.132596685084,13,42432,29567.92817679558,3264
6743,Wash treatment and accessories,0.998902587890625,0.9983854692230071,4955,4947,8,418.56906077348066,5458,5458,616.889502762431,1
6751,Cleaning products,0.998902587890625,1.0,39370,39370,0,3783.6740331491715,68,39168,4980.4309392265195,576
6752,Tableware,0.998902587890625,1.0,3895,3895,0,2998.2154696132598,153,3672,4763.375690607735,24
6753,Hobby and creative,0.998902587890625,1.0,1029,1029,0,554.6961325966851,1,720,170.30939226519337,720
6754,Reading glasses,0.998902587890625,1.0,1613,1613,0,2715.8121546961324,0,0,1143.486187845304,2500
6762,"Cloths, mops, sponges and brush",0.998902587890625,1.0,21892,21892,0,1707.745856353591,11,22528,2299.07182320442,2048
6763,Planks,0.998902587890625,1.0,1315,1315,0,362.2651933701657,2,960,147.9281767955801,480
6765,Tableware,0.998902587890625,1.0,2417,2417,0,381.3259668508287,50,2400,446.49723756906076,48
6768,Store kitchen,0.998902587890625,1.0,27003,27003,0,1356.8397790055249,22,26752,1158.8839779005525,1216
6770,Cleaning products,0.998902587890625,1.0,19013,19013,0,1534.2983425414366,22,19008,1399.4917127071824,864
6771,Cleaning products,0.998902587890625,1.0,16897,16897,0,1611.6077348066299,17,16524,1399.3591160220994,972
6772,Thermometers,0.998902587890625,1.0,12532,12532,0,11480.82320441989,1,8000,8073.232044198895,8000
6773,Measuring and weighing,0.998902587890625,0.9928927097076222,23497,23330,167,825.8950276243094,30,23760,2171.8950276243095,792
6775,Bathroom accessories,0.998902587890625,1.0,1432,1432,0,374.1436464088398,2,1152,105.77348066298343,576
6776,"Cloths, mops, sponges and brush",0.998902587890625,1.0,155,155,0,2960.182320441989,0,0,1156.9447513812154,1872
6777,Baby / Toddler,0.998902587890625,1.0,215,215,0,329.414364640884,153,153,330.61878453038673,1
6779,Waste bags,0.998902587890625,0.9831501746486718,86173,84721,1452,10049.038674033149,5,76800,10725.281767955801,15360
6782,Storage boxes,0.998902587890625,1.0,8082,8082,0,677.6408839779006,161,7728,821.4696132596686,48
6784,Cleaning products,0.998902587890625,0.9812522425547183,11148,10939,209,444.97237569060775,19,10716,563.3867403314918,564
6786,Cleaning products,0.998902587890625,0.9998224116497958,5631,5630,1,246.44198895027625,19,5358,303.03867403314916,282
6787,Personal care,0.998902587890625,0.9404242797142933,74762,70308,4454,4518.298342541437,61,70272,6639.806629834254,1152
6791,Cleaning products,0.998902587890625,1.0,21107,21107,0,4279.718232044199,19878,19878,4909.458563535912,1
6792,Window and squeegees,0.998902587890625,1.0,6671,6671,0,641.5193370165746,9,6048,533.9558011049724,672
6794,Cleaning products,0.998902587890625,1.0,8492,8492,0,718.0386740331492,48,8352,954.3370165745856,174
6796,"Cloths, mops, sponges and brush",0.998902587890625,1.0,1716,1716,0,3418.1546961325967,23,1702,3445.9447513812156,74
6798,Cleaning products,0.998902587890625,1.0,2066,2066,0,955.7292817679559,3,1800,679.8066298342542,600
6801,Partyfun,0.998902587890625,0.9959504173045582,40498,40334,164,759.828729281768,72,40320,1128.3204419889503,560
6803,Residential odors,0.998902587890625,1.0,13898,13898,0,879.6077348066299,16,12800,690.767955801105,800
6815,Partyfun,0.998902587890625,0.9942684267126768,84619,84134,485,2275.1988950276245,179,85920,3429.8563535911603,480
6830,Candles & Tealights,0.998902587890625,1.0,214,214,0,395.2486187845304,1,66,354.8563535911602,66
6833,Residential odors,0.998902587890625,1.0,10611,10611,0,564.828729281768,536,10720,728.7127071823204,20
6838,Greeting cards,0.998902587890625,1.0,3512,3512,0,1153.3038674033148,1,1920,157.48618784530387,1920
6846,Photo frames & albums,0.998902587890625,0.9832763671875,16384,16110,274,589.8453038674033,36,15840,991.0828729281768,440
6848,Photo frames & albums,0.998902587890625,1.0,12640,12640,0,482.6022099447514,28,12320,740.3204419889503,440
6850,Photo frames & albums,0.998902587890625,1.0,2128,2128,0,166.53591160220995,13,2080,165.646408839779,160
6852,Gift cards,0.998902587890625,1.0,0,0,0,3067.0,0,0,31.07182320441989,3000
6860,Gift cards,0.998902587890625,1.0,0,0,0,3153.0,0,0,87.0,3000
6864,"Glasses (drink, beer, wine etc)",0.998902587890625,1.0,378,378,0,253.94475138121547,64,384,264.7955801104972,6
6872,Drink & food To Go,0.998902587890625,1.0,892,892,0,1418.646408839779,824,824,1448.292817679558,1
6873,Reading glasses,0.998902587890625,1.0,1216,1216,0,2613.8011049723755,0,0,845.8839779005525,2500
6874,Tea and coffee,0.998902587890625,1.0,1887,1887,0,1830.6022099447514,2089,2089,2773.8950276243095,1
6875,Racks and pockets,0.998902587890625,1.0,2126,2126,0,2432.685082872928,2056,2056,2608.707182320442,1
6879,"Glasses (drink, beer, wine etc)",0.998902587890625,1.0,88,88,0,2279.5524861878453,90,90,2280.016574585635,1
6882,Teletoys,0.998902587890625,1.0,969,969,0,755.4530386740331,7,840,728.5082872928177,120
6883,Electric personal care,0.998902587890625,0.9226738647189584,6298,5811,487,1059.4696132596684,6623,6623,1265.8232044198894,1
6884,Batteries,0.998902587890625,1.0,36242,36242,0,26213.96132596685,2,24000,29520.81767955801,12000
6887,Batteries,0.998902587890625,0.9879522093178481,29964,29603,361,995.5027624309392,33,29700,1649.1933701657458,900
6893,Serve and present,0.998902587890625,0.9594446474241871,2737,2626,111,148.97790055248618,433,2598,234.33701657458565,6
6894,Foods,0.998902587890625,1.0,2,2,0,2543.1988950276245,0,0,2533.480662983425,1
6896,Store kitchen,0.998902587890625,0.9774520856820744,31045,30345,700,1608.7403314917126,38,29184,3361.1878453038676,768
6897,Store kitchen,0.998902587890625,0.9987923699739262,36435,36391,44,1054.8508287292818,60,36480,1335.3701657458564,608
6898,Shoe maintenance,0.998902587890625,1.0,18709,18709,0,13196.381215469613,2,14400,13874.116022099448,7200
6899,Cleaning products,0.998902587890625,0.9868260292164674,18825,18577,248,1606.2265193370165,19,18468,1405.0718232044198,972
6900,Dishwashing articles,0.998902587890625,1.0,23249,23249,0,2263.0883977900553,8,23040,3269.9060773480664,2880
6902,Shoe maintenance,0.998902587890625,1.0,16731,16731,0,12688.806629834255,2,14400,14224.668508287294,7200
6905,Racks and pockets,0.998902587890625,1.0,36135,36135,0,19540.08287292818,12,43200,36737.51933701657,3600
6908,Vacuuming,0.998902587890625,1.0,561,561,0,1921.0883977900553,0,0,880.9889502762431,675
6909,Storage boxes,0.998902587890625,1.0,250,250,0,112.65193370165746,14,224,108.09944751381215,16
6910,Baskets,0.998902587890625,1.0,9335,9335,0,395.5966850828729,17,9180,276.8563535911602,540
6911,Baskets,0.998902587890625,0.9981954344491564,11083,11063,20,313.6353591160221,29,11136,302.0828729281768,384
6912,Storage boxes,0.998902587890625,1.0,93,93,0,413.01657458563534,0,0,368.2099447513812,20
6913,Personal care,0.998902587890625,0.7264928591967794,20866,15159,5707,1397.0055248618785,16534,16534,1922.9005524861877,1
6915,Hobby and creative,0.998902587890625,1.0,360,360,0,151.98342541436463,339,339,170.32044198895028,1
6916,Cleaning products,0.998902587890625,1.0,2785,2785,0,947.3038674033149,3,2088,598.7955801104972,696
6921,Wash treatment and accessories,0.998902587890625,1.0,23831,23831,0,1868.6961325966852,17,24480,2060.276243093923,1440
6922,Wash treatment and accessories,0.998902587890625,0.6327351893389629,30316,19182,11134,2506.6243093922653,69,23184,2356.795580110497,336
6924,Residential odors,0.998902587890625,1.0,5146,5146,0,884.1491712707183,3,4536,145.20994475138122,1512
6932,Others,0.998902587890625,1.0,1571,1571,0,409.70165745856355,1659,1659,469.1436464088398,1
6934,Cooking pans,0.998902587890625,0.8597194388777555,1497,1287,210,102.6353591160221,13,1456,91.94475138121547,112
6954,Candles & Tealights,0.998902587890625,0.9589213357552047,7157,6863,294,281.16574585635357,30,6840,307.5524861878453,228
6955,Candles & Tealights,0.998902587890625,1.0,78,78,0,829.7955801104972,0,0,137.8011049723757,750
6956,Candles & Tealights,0.998902587890625,1.0,194,194,0,296.3756906077348,0,0,196.09944751381215,228
6957,Candles & Tealights,0.998902587890625,1.0,189,189,0,2209.6243093922653,0,0,694.3646408839779,1680
6964,Residential odors,0.998902587890625,0.7861245249592822,34997,27512,7485,1485.8508287292818,35,27300,1464.4475138121547,780
6969,Gift,0.998902587890625,1.0,22531,22531,0,2030.6077348066299,15,22500,2114.806629834254,1500
6973,Gift,0.998902587890625,1.0,56661,56661,0,3736.342541436464,39,58500,5177.403314917127,1500
6977,Photo frames & albums,0.998902587890625,1.0,4362,4362,0,290.38121546961327,16,4224,319.414364640884,264
6978,Vases,0.998902587890625,0.9982432511565263,17077,17047,30,3985.790055248619,8,15360,8588.24861878453,1920
6985,Storage boxes,0.998902587890625,0.8625133060675668,35698,30790,4908,1200.9944751381215,333,31968,2254.729281767956,96
6987,Store kitchen,0.998902587890625,0.7978995174567131,3523,2811,712,1839.0055248618785,40,3840,1565.0220994475137,96
6994,Hobby and creative,0.998902587890625,1.0,529,529,0,775.7016574585635,3,432,692.2099447513813,144
6995,Hobby and creative,0.998902587890625,1.0,0,0,0,224.0,0,0,14.0,210
6996,Tableware,0.998902587890625,1.0,5846,5846,0,3466.983425414365,155,5580,6104.2209944751385,36
6997,Tableware,0.998902587890625,1.0,2832,2832,0,2987.806629834254,129,3096,4394.055248618784,24
7000,Hobby and creative,0.998902587890625,1.0,357,357,0,356.4033149171271,0,0,73.33149171270718,480
7001,Hobby and creative,0.998902587890625,1.0,454,454,0,341.7513812154696,1,420,150.9889502762431,420
7005,Kitchen tools,0.998902587890625,1.0,1041,1041,0,140.84530386740332,21,1008,154.9060773480663,48
7006,Drinks,0.998902587890625,1.0,3869,3869,0,3727.5690607734805,3154,3154,2458.1160220994475,1
7011,Others,0.998902587890625,1.0,3066,3066,0,3319.723756906077,6,6000,5204.403314917127,1000
7020,Bathroom accessories,0.998902587890625,1.0,7966,7966,0,267.49723756906076,27,8100,415.10497237569064,300
7027,Toilet cleaners and odors,0.998902587890625,1.0,5782,5782,0,6151.171270718232,6,5520,5721.85635359116,920
7028,Light bulbs,0.998902587890625,1.0,1793,1793,0,451.91160220994476,4,1496,323.414364640884,374
7029,Cleaning products,0.998902587890625,1.0,4738,4738,0,315.3867403314917,27,4698,406.0828729281768,174
7030,Cleaning products,0.998902587890625,0.9994525547445255,5480,5477,3,257.23756906077347,31,5394,379.7790055248619,174
7036,"Cloths, mops, sponges and brush",0.998902587890625,1.0,2667,2667,0,1133.596685082873,6118,6118,3813.6243093922653,1
7050,Phones,0.998902587890625,1.0,8354,8354,0,864.4530386740331,430,8600,1179.5801104972375,20
7055,Electric personal care,0.998902587890625,0.9105906313645621,9820,8942,878,396.24309392265195,1503,9018,725.2707182320441,6
7080,Others,0.998902587890625,0.9783828439640632,29051,28423,628,1350.3701657458564,17,28050,1142.0662983425414,1650
7089,Residential odors,0.998902587890625,1.0,66,66,0,1723.9281767955802,0,0,97.96132596685082,1650
7091,Gift,0.998902587890625,1.0,17523,17523,0,2962.403314917127,12,18000,3478.839779005525,1500
7093,Partyfun,0.998902587890625,1.0,5855,5855,0,351.6795580110497,316,6320,790.060773480663,20
7096,Others,0.998902587890625,0.7226330464298703,8249,5961,2288,3454.53591160221,8197,8197,3039.9447513812156,1
7103,Vases,0.998902587890625,0.9729015201586253,15130,14720,410,429.54696132596683,46,14490,833.8066298342542,315
7106,Gift cards,0.998902587890625,1.0,0,0,0,3047.0,0,0,21.76243093922652,3000
7110,Gift cards,0.998902587890625,1.0,0,0,0,3066.0,0,0,36.94475138121547,3000
7115,Window and squeegees,0.998902587890625,1.0,1697,1697,0,105.30386740331491,87,1740,161.19337016574585,20
7128,Tableware,0.998902587890625,1.0,3462,3462,0,3025.756906077348,104,3744,4759.823204419889,36
7130,Tea and coffee,0.998902587890625,1.0,4878,4878,0,3709.502762430939,4572,4572,5823.552486187846,1
7133,Games,0.998902587890625,1.0,138,138,0,27.044198895027623,11,132,23.03314917127072,12
7134,Tableware,0.998902587890625,1.0,3004,3004,0,1547.0939226519338,77,2772,2621.342541436464,36
7135,"Cloths, mops, sponges and brush",0.998902587890625,1.0,21985,21985,0,1527.5414364640883,20,21840,2606.46408839779,1092
7136,"Cloths, mops, sponges and brush",0.998902587890625,1.0,12591,12591,0,1572.3867403314916,6,12096,1433.624309392265,2016
7141,Laundry baskets,0.998902587890625,0.8083716787887784,26948,21784,5164,987.6519337016574,455,21840,1207.2265193370165,48
7142,Baskets,0.998902587890625,1.0,8946,8946,0,572.7845303867404,9,8910,237.55248618784532,990
7143,Baskets,0.998902587890625,1.0,12453,12453,0,380.8674033149171,32,12288,399.0718232044199,384
7144,Personal care,0.998902587890625,0.8178584213352426,89392,73110,16282,5673.408839779006,21,70560,5181.325966850829,3360
7145,Storage boxes,0.998902587890625,1.0,6963,6963,0,338.939226519337,109,6976,417.5193370165746,64
7146,Storage boxes,0.998902587890625,1.0,6513,6513,0,297.060773480663,51,6528,338.2044198895028,128
7148,Wash treatment and accessories,0.998902587890625,1.0,3033,3033,0,164.16022099447514,42,3024,243.0331491712707,72
7149,Wash treatment and accessories,0.998902587890625,1.0,1917,1917,0,175.49171270718233,27,1944,211.17127071823205,72
7158,Cleaning products,0.998902587890625,0.9417278807148339,18242,17179,1063,1501.7734806629835,17,16524,1232.657458563536,972
7161,Bathroom accessories,0.998902587890625,0.9956339005182193,24507,24400,107,9956.624309392266,8,28800,20526.972375690606,3600
7162,Measuring and weighing,0.998902587890625,1.0,12537,12537,0,925.7624309392265,17,12240,1840.5745856353592,720
7163,Shoe maintenance,0.998902587890625,1.0,16679,16679,0,1242.0,12,15360,2242.3370165745855,1280
7168,Electric personal care,0.998902587890625,0.9970295559186099,6733,6713,20,147.34254143646407,337,6740,246.4696132596685,20
7177,Moisture treatment and climate,0.998902587890625,0.9592819045141148,38435,36870,1565,1948.624309392265,175,37800,3269.6519337016575,216
7195,Candles & Tealights,0.998902587890625,1.0,210,210,0,758.6850828729282,0,0,234.15469613259668,600
7196,Candles & Tealights,0.998902587890625,1.0,129,129,0,2049.92817679558,0,0,505.9944751381216,1650
7216,Photo frames & albums,0.998902587890625,1.0,13263,13263,0,579.8066298342542,30,13200,861.121546961326,440
7222,Gift cards,0.998902587890625,1.0,0,0,0,3043.0,0,0,15.834254143646408,3000
7224,Gift cards,0.998902587890625,1.0,0,0,0,3301.0,0,0,296.1325966850829,3000
7225,Storage boxes,0.998902587890625,0.9953167544018878,27545,27416,129,842.6243093922652,398,28656,1888.9226519337017,72
7228,Kitchen helpers,0.998902587890625,1.0,2376,2376,0,110.02762430939227,124,2480,190.82872928176795,20
7230,Construction,0.998902587890625,1.0,1465,1465,0,197.14917127071823,39,1560,283.9447513812155,40
7235,Tableware,0.998902587890625,1.0,3628,3628,0,3341.5911602209944,233,2796,4588.022099447514,12
7236,Boys toys,0.998902587890625,1.0,18,18,0,481.7513812154696,0,0,5.723756906077348,480
7239,"Cloths, mops, sponges and brush",0.998902587890625,1.0,13469,13469,0,1571.2983425414366,14027,14027,2613.3480662983425,1
7240,Hobby and creative,0.998902587890625,1.0,226,226,0,145.88950276243094,1,216,66.17127071823204,216
7242,Batteries,0.998902587890625,1.0,6646,6646,0,516.1988950276243,335,6700,760.5138121546961,20
7244,Cleaning products,0.998902587890625,1.0,2,2,0,187.28176795580112,0,0,11.662983425414364,174
7246,"Cloths, mops, sponges and brush",0.998902587890625,1.0,0,0,0,3953.0,0,0,2828.1215469613257,1120
