article_id,article_name,target_fill_rate,realized_fill_rate,total_demand,filled_demand,lost_sales,avg_on_hand,orders_placed,units_ordered,avg_R,Q
1111,Puzzles,0.998951416015625,1.0,92,92,0,34.87292817679558,95,95,30.486187845303867,1
1126,Table paper,0.998951416015625,1.0,3940,3940,0,3942.657458563536,3,3024,3632.6685082872928,1008
1127,Table paper,0.998951416015625,1.0,16478,16478,0,797.7790055248619,16,16128,898.0386740331492,1008
1129,Kitchen tools,0.998951416015625,0.9969844195007539,5969,5951,18,314.6795580110497,11,5720,144.4585635359116,520
1131,Bicycle accessories,0.998951416015625,1.0,5319,5319,0,611.1933701657458,5,4800,315.38121546961327,960
1134,Ironing boards,0.998951416015625,1.0,4323,4323,0,389.10497237569064,198,4356,539.4088397790056,22
1135,"Cloths, mops, sponges and brush",0.998951416015625,1.0,9812,9812,0,1284.342541436464,8,8000,1352.767955801105,1000
1136,Kitchen textile,0.998951416015625,1.0,9291,9291,0,1882.8121546961327,26,12480,6374.149171270718,480
1137,Table textiles,0.998951416015625,1.0,2134,2134,0,198.5303867403315,7,2016,124.77900552486187,288
1138,Table textiles,0.998951416015625,1.0,1839,1839,0,187.4696132596685,6,1728,118.59116022099448,288
1139,Table textiles,0.998951416015625,1.0,1671,1671,0,200.81767955801104,6,1728,120.16022099447514,288
1141,Bath textiles and bath mats,0.998951416015625,1.0,40275,40275,0,8805.342541436465,23,41400,21660.651933701658,1800
1151,Outdoor toys,0.998951416015625,1.0,1211,1211,0,560.6519337016574,1319,1319,602.9668508287293,1
1162,Light bulbs,0.998951416015625,1.0,3278,3278,0,399.58011049723757,22,3300,450.91160220994476,150
1164,Batteries,0.998951416015625,0.9441458574499751,72564,68511,4053,1538.513812154696,107,69550,3838.6187845303866,650
1166,Batteries,0.998951416015625,0.9984140591513073,23330,23293,37,714.0386740331492,39,23400,1303.2707182320441,600
1167,Batteries,0.998951416015625,0.9878044666351798,59284,58561,723,1270.867403314917,108,60480,3285.745856353591,560
1170,Tableware,0.998951416015625,1.0,2968,2968,0,482.11049723756906,62,2976,564.7734806629834,48
1171,Stairs,0.998951416015625,0.7090213451469995,9932,7042,2890,295.4088397790055,212,6996,376.7292817679558,33
1172,"Cloths, mops, sponges and brush",0.998951416015625,0.9830607476635514,22256,21879,377,685.7624309392265,61,20496,2795.1215469613257,336
1173,Racks and pockets,0.998951416015625,1.0,14647,14647,0,12233.756906077348,1,7200,10261.337016574586,7200
1174,Store kitchen,0.998951416015625,1.0,3367,3367,0,1358.132596685083,28,3024,1500.9171270718232,108
1178,Baskets,0.998951416015625,0.9980901451489687,7854,7839,15,269.83977900552486,22,7920,209.15469613259668,360
1180,Construction,0.998951416015625,1.0,744,744,0,246.86740331491714,777,777,296.76243093922653,1
1182,Laundry baskets,0.998951416015625,0.7764472336065574,15616,12125,3491,424.3867403314917,191,12224,546.5966850828729,64
1183,Baskets,0.998951416015625,1.0,6644,6644,0,265.37016574585635,18,6480,183.5414364640884,360
1184,Baskets,0.998951416015625,1.0,7237,7237,0,992.6077348066299,26,7280,2333.3646408839777,280
1185,Table textiles,0.998951416015625,1.0,8800,8800,0,12189.209944751381,10341,10341,16699.32044198895,1
1186,Cleaning products,0.998951416015625,1.0,612,612,0,887.9337016574585,0,0,172.22651933701658,864
1187,Suitcases,0.998951416015625,0.9971056439942113,691,689,2,76.65193370165746,31,651,89.56353591160222,21
1188,Cleaning products,0.998951416015625,0.9839547677261614,6544,6439,105,383.8453038674033,12,5976,365.27624309392263,498
1189,Wash treatment and accessories,0.998951416015625,1.0,308,308,0,8359.729281767955,0,0,7787.795580110497,480
1191,Cleaning products,0.998951416015625,0.8789649415692822,39534,34749,4785,1457.5690607734807,74,35520,1758.6629834254143,480
1201,Electric personal care,0.998951416015625,0.9834461313334553,10934,10753,181,164.6243093922652,539,10780,331.1436464088398,20
1202,Kitchen appliances,0.998951416015625,1.0,308,308,0,1388.2265193370165,98,98,1300.5580110497237,1
1205,Kitchen tools,0.998951416015625,0.983689487077291,32617,32085,532,3426.232044198895,5,30240,961.8342541436464,6048
1209,Cooking pans,0.998951416015625,0.82877842335557,13941,11554,2387,831.3093922651934,116,12992,1238.5414364640883,112
1218,Personal care,0.998951416015625,1.0,7639,7639,0,1459.4198895027625,596,7152,1718.8453038674033,12
1243,Photo frames & albums,0.998951416015625,1.0,17610,17610,0,704.7624309392265,40,17600,1146.745856353591,440
1245,Clocks,0.998951416015625,1.0,11810,11810,0,4853.674033149171,3,11340,6648.4309392265195,3780
1247,Gift cards,0.998951416015625,1.0,0,0,0,3049.0,0,0,49.0,3000
1248,Coffee makers and kettles,0.998951416015625,0.9895589558955895,22220,21988,232,913.1491712707183,81,22680,1638.5414364640883,280
1253,Frying pans,0.998951416015625,1.0,5926,5926,0,543.9116022099447,25,6000,645.1602209944751,240
1258,Reading glasses,0.998951416015625,1.0,553,553,0,2617.441988950276,0,0,403.6574585635359,2500
1259,Serve and present,0.998951416015625,1.0,3574,3574,0,2591.265193370166,3932,3932,4402.519337016574,1
1260,Serve and present,0.998951416015625,1.0,1373,1373,0,1960.3867403314916,1988,1988,2860.060773480663,1
1261,Reading glasses,0.998951416015625,1.0,3676,3676,0,2918.480662983425,1,2500,2519.1049723756905,2500
1262,Construction,0.998951416015625,1.0,274,274,0,94.05524861878453,284,284,113.49723756906077,1
1263,Tableware,0.998951416015625,1.0,2850,2850,0,2261.6187845303866,107,2568,3429.0055248618783,24
1264,Tableware,0.998951416015625,1.0,2657,2657,0,1906.8176795580112,1483,2966,3449.1546961325967,2
1272,Hobby and creative,0.998951416015625,0.9574647547897337,16598,15892,706,558.707182320442,1973,15784,1246.6408839779006,8
1282,Table paper,0.998951416015625,1.0,17848,17848,0,6446.458563535912,48,15840,8452.883977900552,330
1283,Measuring and weighing,0.998951416015625,1.0,17922,17922,0,9412.883977900552,6,13824,14017.447513812154,2304
1284,Ironing boards,0.998951416015625,0.9948700410396717,5848,5818,30,124.0,164,5904,201.78453038674033,36
1286,Ironing boards,0.998951416015625,1.0,16453,16453,0,4511.0,4,13440,6394.281767955801,3360
1288,Drying racks,0.998951416015625,1.0,4537,4537,0,5145.226519337017,4,4800,6543.419889502762,1200
1289,Bicycle accessories,0.998951416015625,0.9998093058733791,5244,5243,1,440.25414364640886,8,4800,316.9889502762431,600
1290,Window and squeegees,0.998951416015625,0.9411811008127201,50817,47828,2989,3310.8121546961324,93,37200,7376.292817679558,400
1293,Table textiles,0.998951416015625,1.0,904,904,0,184.1988950276243,3,864,67.96685082872928,288
1294,Bed textile,0.998951416015625,1.0,3886,3886,0,566.4475138121547,3376,3376,1298.4364640883978,1
1296,Bath textiles and bath mats,0.998951416015625,0.7743303571428571,26880,20814,6066,4493.3370165745855,137,69048,21144.342541436465,504
1304,Tableware,0.998951416015625,1.0,5563,5563,0,586.6408839779006,260,6240,799.1657458563536,24
1307,Suitcases,0.998951416015625,1.0,491,491,0,73.35911602209944,17,391,74.30386740331491,23
1311,Table textiles,0.998951416015625,1.0,8480,8480,0,10416.773480662983,8242,8242,14196.497237569061,1
1314,Dishwashing articles,0.998951416015625,1.0,284,284,0,13270.729281767955,0,0,12539.430939226519,1
1316,Cutlery,0.998951416015625,1.0,2105,2105,0,301.56353591160223,9,2160,256.3259668508287,240
1318,Foods,0.998951416015625,1.0,634,634,0,2558.6132596685084,147,147,2477.3480662983425,1
1321,Vases,0.998951416015625,1.0,434,434,0,253.13259668508286,1,252,127.71270718232044,252
1322,"Glasses (drink, beer, wine etc)",0.998951416015625,1.0,417,417,0,233.8011049723757,98,392,269.8729281767956,4
1325,Drink & food To Go,0.998951416015625,1.0,49,49,0,518.707182320442,2,2,477.48618784530385,1
1327,Tableware,0.998951416015625,1.0,4841,4841,0,655.8508287292817,207,4968,830.292817679558,24
1329,"Cloths, mops, sponges and brush",0.998951416015625,1.0,21,21,0,5419.823204419889,9,9,5418.060773480663,1
1330,Cutlery,0.998951416015625,1.0,2487,2487,0,232.86187845303868,69,2484,307.4640883977901,36
1333,Cutlery,0.998951416015625,1.0,418,418,0,43.15469613259668,11,396,40.54696132596685,36
1334,Hobby and creative,0.998951416015625,1.0,1836,1836,0,69.5524861878453,118,1888,169.5745856353591,16
1337,Hobby and creative,0.998951416015625,1.0,6390,6390,0,430.70165745856355,645,6450,658.8618784530387,10
1340,Games,0.998951416015625,1.0,5073,5073,0,678.2044198895028,10,4800,562.4861878453039,480
1347,Stuffed animals,0.998951416015625,1.0,3581,3581,0,214.72375690607734,617,3702,387.89502762430936,6
1352,Hobby and creative,0.998951416015625,1.0,252,252,0,571.9337016574585,0,0,355.48618784530385,336
1356,"Glasses (drink, beer, wine etc)",0.998951416015625,0.9875,8720,8611,109,752.4364640883978,12,8064,731.1160220994475,672
1357,"Glasses (drink, beer, wine etc)",0.998951416015625,1.0,1325,1325,0,1346.5303867403316,1,756,919.878453038674,756
1361,Light bulbs,0.998951416015625,1.0,1538,1538,0,332.8729281767956,3,1155,195.22651933701658,385
1362,Batteries,0.998951416015625,0.9996938364911913,114318,114283,35,4305.834254143647,58,118320,7700.066298342542,2040
1368,"Glasses (drink, beer, wine etc)",0.998951416015625,1.0,5144,5144,0,355.10497237569064,873,5238,547.4530386740331,6
1369,"Glasses (drink, beer, wine etc)",0.998951416015625,0.9748221127531472,1827,1781,46,178.30939226519337,436,1744,223.0,4
1373,Wash treatment and accessories,0.998951416015625,0.9610420089180943,8522,8190,332,410.8066298342541,23,8142,534.232044198895,354
1378,Drink & food To Go,0.998951416015625,1.0,7829,7829,0,531.0331491712707,25,8000,662.8232044198895,320
1379,Window and squeegees,0.998951416015625,0.8653269146141435,74989,64890,10099,1202.6740331491712,304,65664,2138.2265193370167,216
1380,Window and squeegees,0.998951416015625,0.8303914244514324,115118,95593,19525,2681.441988950276,166,95616,3756.281767955801,576
1382,Others,0.998951416015625,1.0,3977,3977,0,1153.110497237569,2,3456,645.9171270718232,1728
1383,Table textiles,0.998951416015625,1.0,36285,36285,0,7139.950276243094,6,34200,10894.734806629835,5700
1384,Baskets,0.998951416015625,1.0,2516,2516,0,306.8453038674033,65,2600,382.3922651933702,40
1389,Tea and coffee,0.998951416015625,1.0,2698,2698,0,90.86740331491713,461,2766,191.08287292817678,6
1393,Kitchen helpers,0.998951416015625,0.9418617430486866,9099,8570,529,439.0552486187845,13,8424,434.22651933701655,648
1397,Tableware,0.998951416015625,1.0,8845,8845,0,3829.718232044199,9272,9272,8105.618784530387,1
1399,Store kitchen,0.998951416015625,1.0,40,40,0,221.61325966850828,0,0,91.72375690607734,1
1403,Mugs and cups,0.998951416015625,0.9919004805456518,25804,25595,209,7199.922651933702,10,8280,8740.872928176796,828
1433,Puzzles,0.998951416015625,0.6412441414571793,9388,6020,3368,572.0386740331492,5978,5978,505.2817679558011,1
1438,Measuring and weighing,0.998951416015625,1.0,45133,45133,0,13094.016574585636,4,12000,18569.60773480663,3000
1440,"TV, Audio & Video",0.998951416015625,0.9872419724770642,13952,13774,178,273.0,139,13900,450.6132596685083,100
1444,Planks,0.998951416015625,1.0,19061,19061,0,13236.016574585636,2,14400,14583.685082872928,7200
1445,Kitchen tools,0.998951416015625,1.0,8382,8382,0,884.2762430939226,31,8928,1956.8453038674033,288
1446,Cutlery trays,0.998951416015625,0.999801635405876,45371,45362,9,634.9171270718232,285,45600,1307.2265193370165,160
1448,Store kitchen,0.998951416015625,1.0,9369,9369,0,420.49171270718233,29,9280,963.9613259668508,320
1449,Drying racks,0.998951416015625,0.9799314733235438,2043,2002,41,219.9060773480663,9,1800,103.88397790055248,200
1451,Foils and bags,0.998951416015625,1.0,165,165,0,1361.9558011049724,85,85,1349.9281767955802,1
1453,Bathroom accessories,0.998951416015625,0.9524730509968998,35159,33488,1671,12406.0,14,50400,34168.42541436464,3600
1456,Baskets,0.998951416015625,1.0,2884,2884,0,531.6850828729282,17,2720,1016.3922651933701,160
1458,Baskets,0.998951416015625,1.0,8054,8054,0,1105.4585635359117,19,7980,2531.1215469613257,420
1460,Baskets,0.998951416015625,1.0,10458,10458,0,405.95580110497235,19,10260,306.24309392265195,540
1461,Baskets,0.998951416015625,1.0,12061,12061,0,349.47513812154693,31,11904,336.30939226519337,384
1462,Storage boxes,0.998951416015625,1.0,6753,6753,0,499.1436464088398,137,6576,606.6408839779006,48
1463,Bed textile,0.998951416015625,1.0,734,734,0,300.55801104972375,51,1020,591.1657458563536,20
1466,Cleaning products,0.998951416015625,0.9626462646264626,6666,6417,249,169.04419889502762,57,6498,356.3314917127072,114
1468,Cleaning products,0.998951416015625,1.0,5087,5087,0,467.23204419889504,31,5394,583.6685082872929,174
1469,Cleaning products,0.998951416015625,0.5796629053669637,84368,48905,35463,13904.701657458563,738,70848,7666.209944751381,96
1470,Cleaning products,0.998951416015625,1.0,7796,7796,0,820.9226519337017,9,7200,688.7292817679559,800
1471,Window and squeegees,0.998951416015625,0.9402788244159759,10616,9982,634,484.8839779005525,568,10224,852.0718232044198,18
1474,Ironing,0.998951416015625,0.7413349477826547,6607,4898,1709,861.8674033149172,212,5088,830.2872928176796,24
1477,Frying pans,0.998951416015625,0.7030411449016101,1118,786,332,90.00552486187846,1165,1165,113.02209944751381,1
1490,Easter,0.998951416015625,0.7992962451561177,22451,17945,4506,3686.46408839779,18069,18069,3154.8232044198894,1
1506,Tea and coffee,0.998951416015625,1.0,4085,4085,0,4577.055248618784,394,4728,6548.353591160221,12
1507,Boys toys,0.998951416015625,1.0,49,49,0,830.0331491712707,0,0,775.3977900552486,6
1508,Teletoys,0.998951416015625,1.0,946,946,0,535.767955801105,7,840,505.03314917127074,120
1512,Hobby and creative,0.998951416015625,1.0,304,304,0,57.773480662983424,24,312,61.75690607734806,13
1513,Serve and present,0.998951416015625,1.0,2770,2770,0,2625.92817679558,6516,6516,5408.508287292818,1
1514,Tableware,0.998951416015625,1.0,2077,2077,0,367.69060773480663,5,1920,246.12154696132598,384
1527,Wash treatment and accessories,0.998951416015625,0.6828830982548411,8366,5713,2653,739.646408839779,10,5280,531.889502762431,528
1531,Drink & food To Go,0.998951416015625,1.0,1940,1940,0,1121.2486187845304,3,1872,925.9171270718232,624
1533,"Cloths, mops, sponges and brush",0.998951416015625,1.0,12046,12046,0,1009.3646408839779,9,10800,1237.5193370165746,1200
1537,Cutlery,0.998951416015625,1.0,3376,3376,0,155.97790055248618,145,3480,276.55801104972375,24
1538,Drying racks,0.998951416015625,1.0,26,26,0,7348.67955801105,0,0,2201.6629834254145,3200
1540,Bicycle accessories,0.998951416015625,0.8983666061705989,1653,1485,168,472.3922651933702,22,1452,432.45303867403317,66
1545,Table textiles,0.998951416015625,1.0,759,759,0,286.9171270718232,2,576,141.23756906077347,288
1548,Ironing board textiles,0.998951416015625,1.0,33710,33710,0,1273.5911602209944,103,33990,5907.07182320442,330
1559,Tea and coffee,0.998951416015625,0.9249247575521123,17942,16595,1347,847.1491712707183,21,16380,1013.9944751381215,780
1561,Tea and coffee,0.998951416015625,1.0,502,502,0,1005.7734806629834,0,0,534.5690607734807,432
1564,Tableware,0.998951416015625,1.0,6517,6517,0,4005.9447513812156,1,3024,2612.966850828729,3024
1570,Kitchen tools,0.998951416015625,1.0,523,523,0,405.01657458563534,10,480,397.6243093922652,48
1571,Tableware,0.998951416015625,1.0,3657,3657,0,467.8618784530387,50,3600,566.3093922651934,72
1575,"Cloths, mops, sponges and brush",0.998951416015625,1.0,2108,2108,0,799.9889502762431,2,1260,579.1436464088398,630
1582,Light bulbs,0.998951416015625,1.0,7425,7425,0,1105.121546961326,19,7315,1190.1491712707182,385
1584,Light bulbs,0.998951416015625,1.0,845,845,0,279.0552486187845,2,748,110.73480662983425,374
1585,Boys toys,0.998951416015625,1.0,1697,1697,0,485.23204419889504,4,1440,385.9502762430939,360
1589,Planks,0.998951416015625,1.0,346,346,0,2311.0441988950274,136,136,2307.1988950276245,1
1593,Puzzles,0.998951416015625,1.0,510,510,0,492.17127071823205,4,480,438.9889502762431,120
1597,Hobby and creative,0.998951416015625,1.0,3078,3078,0,210.67403314917127,312,3120,385.8066298342541,10
1605,Puzzles,0.998951416015625,1.0,4065,4065,0,129.3977900552486,343,4116,189.98342541436463,12
1606,Games,0.998951416015625,0.9840752110514198,5212,5129,83,253.707182320442,434,5208,378.2486187845304,12
1607,Hobby and creative,0.998951416015625,1.0,3304,3304,0,161.62983425414365,45,3330,249.17127071823205,74
1612,Foodprep,0.998951416015625,1.0,20935,20935,0,10066.563535911602,9,23220,18284.729281767955,2580
1613,Reading glasses,0.998951416015625,1.0,1497,1497,0,2779.2154696132598,0,0,1012.0055248618785,2500
1617,"Glasses (drink, beer, wine etc)",0.998951416015625,1.0,1191,1191,0,654.9502762430939,1,624,372.1436464088398,624
1618,"Glasses (drink, beer, wine etc)",0.998951416015625,0.975262147393295,13542,13207,335,1142.8839779005525,19,12768,1268.0828729281768,672
1619,Residential odors,0.998951416015625,1.0,233,233,0,601.817679558011,106,106,585.707182320442,1
1621,Waste bins,0.998951416015625,1.0,2342,2342,0,243.15469613259668,5,2160,70.99447513812154,432
1623,Kitchen helpers,0.998951416015625,1.0,15885,15885,0,6454.674033149171,7,16884,12826.232044198896,2412
1624,Cutlery,0.998951416015625,1.0,24225,24225,0,9721.972375690608,7,25200,19264.491712707182,3600
1626,Drying racks,0.998951416015625,1.0,13613,13613,0,546.4198895027624,570,13680,1050.9944751381215,24
1631,Tea and coffee,0.998951416015625,1.0,22966,22966,0,5446.618784530387,16,13056,10528.740331491712,816
1636,Tableware,0.998951416015625,1.0,195,195,0,63.53591160220994,7,168,55.08839779005525,24
1637,Tea and coffee,0.998951416015625,1.0,12599,12599,0,6375.552486187846,6,7776,9386.044198895028,1296
1643,Light bulbs,0.998951416015625,1.0,9442,9442,0,875.3093922651934,26,9360,1056.46408839779,360
1646,Tea and coffee,0.998951416015625,0.8038980509745127,63365,50939,12426,3099.2872928176794,37,49950,3629.3591160220994,1350
1650,Hobby and creative,0.998951416015625,1.0,11074,11074,0,606.7900552486187,309,11124,1010.6408839779006,36
1655,Puzzles,0.998951416015625,1.0,57,57,0,1424.2651933701657,0,0,1284.7845303867402,120
1661,Coffee makers and kettles,0.998951416015625,0.6142169566827101,2701,1659,1042,479.0,1977,1977,212.8232044198895,1
1662,Batteries,0.998951416015625,0.9816597890875745,19629,19269,360,490.68508287292815,1975,19750,1235.132596685083,10
1663,Hobby and creative,0.998951416015625,1.0,389,389,0,47.45303867403315,66,396,54.392265193370164,6
1665,Bakeware,0.998951416015625,0.9911504424778761,25086,24864,222,1827.5635359116022,35,23520,3269.524861878453,672
1666,Electric personal care,0.998951416015625,1.0,74624,74624,0,4074.7734806629833,51,74256,4960.596685082873,1456
1668,"Cloths, mops, sponges and brush",0.998951416015625,0.9129321770742607,132035,120539,11496,7492.977900552486,48,92160,16924.701657458565,1920
1669,Store kitchen,0.998951416015625,1.0,8023,8023,0,417.50828729281767,35,8400,902.0497237569061,240
1670,Bathroom accessories,0.998951416015625,0.9898255813953488,3440,3405,35,512.060773480663,3535,3535,636.828729281768,1
1672,Watering cans,0.998951416015625,0.9800663607124241,78661,77093,1568,11646.331491712706,5,69840,22115.906077348067,13968
1675,Baskets,0.998951416015625,1.0,14826,14826,0,669.1933701657458,15,14850,389.414364640884,990
1678,Wash treatment and accessories,0.998951416015625,1.0,3277,3277,0,185.00552486187846,45,3240,273.2651933701657,72
1679,Cleaning products,0.998951416015625,0.9938217122683142,6798,6756,42,247.49171270718233,38,6612,415.9447513812155,174
1680,Cleaning products,0.998951416015625,0.8897586570968464,93767,83430,10337,3390.403314917127,103,82400,4271.602209944751,800
1681,Cleaning products,0.998951416015625,0.9911807428927163,9638,9553,85,866.7845303867404,11,9504,1463.475138121547,864
1688,Personal care,0.998951416015625,0.7086009159843046,158518,112326,46192,6680.4309392265195,76,111872,6994.740331491713,1472
1689,Personal care,0.998951416015625,0.82934090596803,174664,144856,29808,6581.314917127072,99,145728,7671.806629834254,1472
1693,Coffee makers and kettles,0.998951416015625,0.9657026979368718,11342,10953,389,480.64088397790056,375,11250,883.4917127071823,30
1694,Electric personal care,0.998951416015625,0.637069891348313,71697,45676,26021,7902.513812154696,62,46872,5336.508287292818,756
1711,Small garden,0.998951416015625,1.0,7132,7132,0,3639.2983425414363,25,7200,4006.6519337016575,288
1724,Candles & Tealights,0.998951416015625,1.0,366,366,0,9629.502762430939,0,0,747.0828729281768,9120
1738,Partyfun,0.998951416015625,1.0,38737,38737,0,1144.707182320442,73,39420,1528.2707182320441,540
1739,Vases,0.998951416015625,0.964924838940587,5588,5392,196,237.83977900552486,66,5280,399.64088397790056,80
1751,Tools,0.998951416015625,1.0,0,0,0,46.0,0,0,40.0,6
1752,Reading glasses,0.998951416015625,1.0,3151,3151,0,2982.685082872928,1,2500,2154.988950276243,2500
1753,Others,0.998951416015625,1.0,1373,1373,0,743.6795580110497,1,784,268.16022099447514,784
1756,Serve and present,0.998951416015625,1.0,7237,7237,0,3448.0,23156,23156,13206.762430939227,1
1760,Kitchen tools,0.998951416015625,1.0,172,172,0,96.74585635359117,1,128,26.204419889502763,128
1762,Teletoys,0.998951416015625,1.0,337,337,0,95.8232044198895,2,240,43.87845303867403,120
1763,Hobby and creative,0.998951416015625,1.0,16,16,0,510.3922651933702,0,0,8.552486187845304,504
1764,Hobby and creative,0.998951416015625,1.0,235,235,0,12214.502762430939,0,0,11369.088397790056,1
1766,Puzzles,0.998951416015625,1.0,37,37,0,32.348066298342545,2,24,26.80110497237569,12
1771,Cleaning products,0.998951416015625,1.0,7304,7304,0,1095.5745856353592,6940,6940,1326.6022099447514,1
1772,Window and squeegees,0.998951416015625,0.9859833943397911,22402,22088,314,1046.6408839779006,469,22512,1873.524861878453,48
1773,Cleaning products,0.998951416015625,0.9969278033794163,2604,2596,8,1101.878453038674,1,1986,132.98342541436463,1986
1774,"Cloths, mops, sponges and brush",0.998951416015625,1.0,6943,6943,0,509.41988950276243,124,7440,1282.7624309392265,60
1783,Personal care,0.998951416015625,0.9874293330882015,261084,257802,3282,9374.486187845303,763,256368,13385.629834254143,336
1784,Cutlery,0.998951416015625,0.9971153846153846,4160,4148,12,185.93370165745856,182,4368,335.49171270718233,24
1786,Racks and pockets,0.998951416015625,1.0,26438,26438,0,8720.988950276243,3,25452,7593.541436464088,8484
1787,Stairs,0.998951416015625,0.9822268687924726,9565,9395,170,484.83977900552486,274,9316,823.6685082872929,34
1795,"Cloths, mops, sponges and brush",0.998951416015625,1.0,2776,2776,0,1235.46408839779,2,2340,796.8453038674033,1170
1797,Kitchen textile,0.998951416015625,1.0,4896,4896,0,369.2044198895028,10,4800,294.1325966850829,480
1798,Umbrellas,0.998951416015625,1.0,32,32,0,2424.4585635359117,0,0,2034.7513812154696,1
1799,Bath textiles and bath mats,0.998951416015625,0.8226649669851183,69817,57436,12381,11655.569060773481,228,237120,68821.11602209945,1040
1806,Mugs and cups,0.998951416015625,1.0,54526,54526,0,13919.767955801104,59,48852,34911.65745856354,828
1813,Tea and coffee,0.998951416015625,0.9689988623435722,17580,17035,545,1973.9337016574586,21,16128,2054.585635359116,768
1815,Light bulbs,0.998951416015625,1.0,1805,1805,0,375.74585635359114,6,1650,290.50276243093924,275
1821,"Glasses (drink, beer, wine etc)",0.998951416015625,1.0,24,24,0,30.54696132596685,1,6,24.39779005524862,6
1823,Drinks,0.998951416015625,1.0,467,467,0,1974.3038674033148,302,302,1981.9944751381215,1
1826,"Cloths, mops, sponges and brush",0.998951416015625,1.0,691,691,0,3084.497237569061,0,0,1035.1602209944751,2340
1828,Foods,0.998951416015625,1.0,79,79,0,2081.8342541436464,54,54,2081.254143646409,1
1829,"Glasses (drink, beer, wine etc)",0.998951416015625,1.0,1635,1635,0,213.24309392265192,5,1440,125.66850828729282,288
1831,Bakeware,0.998951416015625,1.0,417,417,0,51.348066298342545,423,423,66.13812154696133,1
1832,Tableware,0.998951416015625,1.0,5985,5985,0,1033.1270718232045,251,6024,1243.9558011049724,24
1833,Special pans,0.998951416015625,0.995850622406639,482,480,2,44.9060773480663,23,460,51.0939226519337,20
1842,Baby / Toddler,0.998951416015625,1.0,0,0,0,93.0,0,0,92.0,1
1850,Girls toys,0.998951416015625,0.9891956782713085,833,824,9,36.049723756906076,142,852,49.75690607734806,6
1862,Coffee makers and kettles,0.998951416015625,1.0,210,210,0,6525.817679558011,177,177,6498.314917127072,1
1868,Small storage,0.998951416015625,1.0,26244,26244,0,1163.4972375690609,13,26208,572.3259668508288,2016
1872,Toilet accessories,0.998951416015625,1.0,11682,11682,0,651.2486187845304,57,11400,2157.817679558011,200
1874,Serve and present,0.998951416015625,1.0,619,619,0,201.59116022099448,604,604,210.09944751381215,1
1876,Bathroom accessories,0.998951416015625,1.0,635,635,0,161.353591160221,637,637,183.14364640883977,1
1878,Bathroom accessories,0.998951416015625,1.0,1466,1466,0,249.27624309392266,1460,1460,302.56906077348066,1
1879,Travel accessories,0.998951416015625,1.0,565,565,0,317.24309392265195,0,0,90.84530386740332,528
1880,Laundry baskets,0.998951416015625,0.8159921510914888,20385,16634,3751,666.8121546961326,348,16704,861.1270718232045,48
1881,Gift cards,0.998951416015625,1.0,0,0,0,3036.0,0,0,36.0,3000
1882,Baskets,0.998951416015625,1.0,17633,17633,0,698.3591160220994,18,17820,493.77348066298345,990
1883,Baskets,0.998951416015625,1.0,10058,10058,0,315.81767955801104,26,9984,281.56353591160223,384
1884,Storage boxes,0.998951416015625,1.0,28789,28789,0,3438.022099447514,250,30000,4511.491712707182,120
1886,Personal care,0.998951416015625,0.9792754120879121,58240,57033,1207,2043.3149171270718,56221,56221,4200.613259668508,1
1887,Foods,0.998951416015625,1.0,976,976,0,1496.4364640883978,430,430,1465.53591160221,1
1889,Tools,0.998951416015625,0.868759537824286,4587,3985,602,372.8729281767956,4802,4802,551.7790055248619,1
1891,Toilet cleaners and odors,0.998951416015625,1.0,5007,5007,0,287.97237569060775,14,4872,295.7955801104972,348
1892,Wash treatment and accessories,0.998951416015625,1.0,11153,11153,0,1204.7016574585634,14,10752,980.4696132596686,768
1893,Cleaning products,0.998951416015625,1.0,5100,5100,0,320.6740331491713,12,5040,298.31491712707185,420
1894,Cleaning products,0.998951416015625,1.0,3566,3566,0,440.6740331491713,8,3360,332.42541436464086,420
1898,Cleaning products,0.998951416015625,0.9308551696120252,24615,22913,1702,945.5635359116022,26,23296,831.8232044198895,896
1903,Residential odors,0.998951416015625,1.0,5082,5082,0,469.6077348066298,10,4800,306.47513812154693,480
1904,Dishwashing articles,0.998951416015625,0.9785721817990087,47415,46399,1016,1703.2983425414366,61,40992,5961.546961325967,672
1905,Stationary,0.998951416015625,0.9980083885093249,75818,75667,151,6938.469613259668,6,63360,6340.519337016574,10560
1906,Drink & food To Go,0.998951416015625,1.0,15968,15968,0,2090.232044198895,11,16456,2502.9558011049726,1496
1908,Drink & food To Go,0.998951416015625,0.9208738371485314,9567,8810,757,632.4640883977901,19,9120,975.9502762430939,480
1917,Frying pans,0.998951416015625,0.8953350296861747,23580,21112,2468,900.6519337016574,218,20928,1509.5082872928176,96
1944,Candles & Tealights,0.998951416015625,1.0,14263,14263,0,11176.651933701658,16747,16747,18935.441988950275,1
1945,Candles & Tealights,0.998951416015625,1.0,217,217,0,1849.635359116022,0,0,266.30939226519337,1710
1947,Candles & Tealights,0.998951416015625,0.9472813864267761,15118,14321,797,741.9060773480663,19,14250,675.9502762430939,750
1948,Candles & Tealights,0.998951416015625,0.9609508677584943,16364,15725,639,852.5027624309392,26,15288,890.828729281768,588
1965,Residential odors,0.998951416015625,0.9266766603662908,15343,14218,1125,780.8453038674033,2607,15642,1114.8508287292818,6
1970,Photo frames & albums,0.998951416015625,1.0,2322,2322,0,220.19337016574585,8,2112,163.02209944751382,264
1979,Gift cards,0.998951416015625,1.0,0,0,0,3088.0,0,0,63.74033149171271,3000
1981,Foodprep,0.998951416015625,1.0,1007,1007,0,264.43093922651934,26,1040,284.4088397790055,40
1982,Drink & food To Go,0.998951416015625,0.9072123176661264,17276,15673,1603,1147.8950276243095,15,14400,1646.745856353591,960
1997,"Glasses (drink, beer, wine etc)",0.998951416015625,0.864539990753583,2163,1870,293,49.850828729281766,2080,2080,124.8342541436464,1
1998,Thermos jugs,0.998951416015625,1.0,1510,1510,0,2409.2375690607737,1593,1593,3162.209944751381,1
2003,Tableware,0.998951416015625,1.0,11069,11069,0,9534.06629834254,344,12384,15154.502762430939,36
2004,Knives,0.998951416015625,1.0,215,215,0,106.26519337016575,1,128,36.370165745856355,128
2006,Fans and electric blankets,0.998951416015625,1.0,778,778,0,402.77348066298345,660,660,416.4033149171271,1
2007,Table textiles,0.998951416015625,1.0,296,296,0,165.21546961325967,1,216,51.12707182320442,216
2009,Hobby and creative,0.998951416015625,1.0,414,414,0,107.15469613259668,397,397,120.96685082872928,1
2011,Boys toys,0.998951416015625,1.0,9799,9799,0,510.939226519337,35,10080,746.1270718232045,288
2014,"Glasses (drink, beer, wine etc)",0.998951416015625,1.0,2430,2430,0,763.4972375690608,551,2204,828.9723756906077,4
2019,Shoe maintenance,0.998951416015625,1.0,1403,1403,0,216.72375690607734,8,1344,148.88397790055248,168
2021,Baskets,0.998951416015625,1.0,4366,4366,0,388.353591160221,62,4464,521.5690607734807,72
2023,Vacuuming,0.998951416015625,1.0,140,140,0,51603.03314917127,0,0,38692.77348066298,675
2024,Toilet accessories,0.998951416015625,0.9669563011352825,15767,15246,521,397.8121546961326,45,15120,466.72375690607737,336
2025,Knives,0.998951416015625,0.993593625498008,62750,62348,402,9652.45856353591,9,54000,23597.09944751381,6000
2030,Ironing board textiles,0.998951416015625,1.0,18520,18520,0,1049.8618784530386,29,19140,3352.5911602209944,660
2035,Bed textile,0.998951416015625,1.0,660,660,0,829.4696132596686,5,240,715.7016574585635,48
2045,Shopping bags and trolleys,0.998951416015625,1.0,6342,6342,0,2828.729281767956,5945,5945,3024.2375690607737,1
2049,Hobby and creative,0.998951416015625,1.0,10656,10656,0,489.30386740331494,335,10720,882.0883977900553,32
2050,Boys toys,0.998951416015625,1.0,2569,2569,0,252.02762430939225,52,2496,411.3425414364641,48
2055,Hobby and creative,0.998951416015625,1.0,5984,5984,0,282.3646408839779,1002,6012,503.5414364640884,6
2062,Hobby and creative,0.998951416015625,1.0,2094,2094,0,390.0939226519337,354,2124,509.3259668508287,6
2069,Hobby and creative,0.998951416015625,0.9942151947551099,2593,2578,15,194.90055248618785,441,2646,285.4585635359116,6
2072,Foodprep,0.998951416015625,1.0,3883,3883,0,739.7734806629834,3834,3834,873.4696132596686,1
2077,Small storage,0.998951416015625,1.0,41641,41641,0,2191.46408839779,10,37800,926.7292817679559,3780
2078,Racks and pockets,0.998951416015625,1.0,23620,23620,0,822.3370165745856,24,23040,1228.2154696132598,960
2082,Waste bins,0.998951416015625,0.9953243717124488,5133,5109,24,106.83977900552486,57,5130,144.1878453038674,90
2085,"Cloths, mops, sponges and brush",0.998951416015625,0.9951100244498777,13906,13838,68,601.4198895027624,29,13920,1882.5082872928176,480
2086,Cutlery,0.998951416015625,1.0,2392,2392,0,822.3977900552486,2,2400,262.5414364640884,1200
2087,Cleaning products,0.998951416015625,1.0,11109,11109,0,400.56353591160223,32,11136,644.8011049723757,348
2088,Cleaning products,0.998951416015625,0.9991503823279524,3531,3528,3,139.8950276243094,20,3480,182.81767955801104,174
2092,Cleaning products,0.998951416015625,1.0,2657,2657,0,121.28729281767956,2820,2820,240.80662983425415,1
2093,Cleaning products,0.998951416015625,1.0,4446,4446,0,564.7458563535912,11,4356,552.4419889502763,396
2094,Wash treatment and accessories,0.998951416015625,1.0,22885,22885,0,16273.104972375691,21455,21455,16250.430939226519,1
2097,Shoe maintenance,0.998951416015625,1.0,6599,6599,0,1470.596685082873,21,5544,1256.7845303867402,264
2099,Store kitchen,0.998951416015625,1.0,2182,2182,0,910.414364640884,1,1152,244.51933701657458,1152
2101,Coffee makers and kettles,0.998951416015625,0.9684880239520958,13360,12939,421,418.5359116022099,222,13320,892.4696132596686,60
2102,Electric personal care,0.998951416015625,0.8815765643394006,44172,38941,5231,2640.6906077348067,1929,38580,4072.988950276243,20
2103,Coffee makers and kettles,0.998951416015625,0.9808510638297873,1880,1844,36,63.0939226519337,38,1900,107.30939226519337,50
2109,Pan sets,0.998951416015625,1.0,3333,3333,0,172.1049723756906,85,3400,280.1270718232044,40
2114,Construction,0.998951416015625,1.0,382,382,0,298.4088397790055,0,0,166.4696132596685,392
2135,Watering cans,0.998951416015625,1.0,6662,6662,0,424.83977900552486,44,6600,600.5469613259669,150
2143,Gift cards,0.998951416015625,1.0,0,0,0,461933.0,0,0,461932.0,1
2150,Construction,0.998951416015625,1.0,81,81,0,1232.232044198895,0,0,833.3812154696133,336
2151,Tableware,0.998951416015625,1.0,2146,2146,0,2388.7624309392263,61,1464,3055.1215469613257,24
2152,Tableware,0.998951416015625,1.0,1109,1109,0,901.5082872928177,86,1548,1405.5580110497237,18
2153,Teletoys,0.998951416015625,1.0,446,446,0,436.121546961326,3,360,386.03867403314916,120
2159,Phones,0.998951416015625,1.0,35,35,0,7.54696132596685,35,35,7.707182320441989,1
2161,Boys toys,0.998951416015625,1.0,830,830,0,260.9337016574586,809,809,290.77348066298345,1
2163,Boys toys,0.998951416015625,0.97781217750258,1938,1895,43,396.56353591160223,2,1440,74.5303867403315,720
2164,Foods,0.998951416015625,1.0,794,794,0,882.707182320442,500,500,886.5193370165746,1
2165,Games,0.998951416015625,1.0,404,404,0,994.414364640884,1,288,840.4972375690608,288
2167,Games,0.998951416015625,1.0,1476,1476,0,128.77900552486187,251,1506,229.6685082872928,6
2170,"Glasses (drink, beer, wine etc)",0.998951416015625,1.0,895,895,0,378.0773480662983,4,864,298.1436464088398,216
2179,Window and squeegees,0.998951416015625,0.9713628228074661,7822,7598,224,447.04419889502765,322,7728,715.8729281767955,24
2182,Cleaning products,0.998951416015625,0.9676060636890833,49145,47553,1592,2495.276243093923,60,47520,2878.9558011049726,792
2183,"Cloths, mops, sponges and brush",0.998951416015625,1.0,8299,8299,0,487.7900552486188,45,8640,1011.0220994475138,192
2185,Special pans,0.998951416015625,1.0,23039,23039,0,9159.977900552487,9,21708,17719.24309392265,2412
2188,Cutlery,0.998951416015625,1.0,4779,4779,0,469.0718232044199,6,4320,279.08839779005524,720
2189,Toilet accessories,0.998951416015625,0.99519722856468,12701,12640,61,384.7292817679558,36,12096,410.8232044198895,336
2190,Window and squeegees,0.998951416015625,0.9986089561821198,56073,55995,78,996.3977900552486,70,55440,1812.2983425414366,792
2192,Clothes hangers,0.998951416015625,1.0,51913,51913,0,25534.955801104974,10,80640,55618.77348066298,8064
2194,Wash treatment and accessories,0.998951416015625,1.0,24294,24294,0,15724.790055248619,3,28800,19988.85635359116,9600
2195,Table textiles,0.998951416015625,1.0,885,885,0,171.28729281767957,3,864,61.39779005524862,288
2196,Table textiles,0.998951416015625,1.0,3060,3060,0,287.2099447513812,10,2880,249.0718232044199,288
2200,Bath textiles and bath mats,0.998951416015625,1.0,14253,14253,0,2921.232044198895,9,11340,5917.53591160221,1260
2202,Bed textile,0.998951416015625,1.0,2926,2926,0,1654.5801104972375,2,2304,1952.6740331491712,1152
2212,Thermos jugs,0.998951416015625,1.0,1159,1159,0,300.70165745856355,2,896,76.29281767955801,448
2218,Tableware,0.998951416015625,1.0,1039,1039,0,127.46408839779005,88,1056,160.1657458563536,12
2219,Thermos jugs,0.998951416015625,0.9524524524524525,1998,1903,95,171.15469613259668,10,1800,102.66298342541437,180
2221,Planks,0.998951416015625,1.0,2424,2424,0,1085.53591160221,2427,2427,1091.7955801104972,1
2223,Cutlery,0.998951416015625,1.0,1504,1504,0,518.6850828729282,1,756,126.43646408839778,756
2224,Personal care,0.998951416015625,1.0,121,121,0,2442.734806629834,2,2,2401.022099447514,1
2225,Personal care,0.998951416015625,1.0,167,167,0,129.353591160221,112,112,131.01657458563537,1
2228,Tableware,0.998951416015625,1.0,7343,7343,0,6603.618784530387,6643,6643,6807.8950276243095,1
2230,"Cloths, mops, sponges and brush",0.998951416015625,1.0,775,775,0,826.767955801105,1,720,518.5414364640884,720
2232,"Cloths, mops, sponges and brush",0.998951416015625,1.0,380,380,0,2051.502762430939,0,0,1040.292817679558,1170
2246,Baby / Toddler,0.998951416015625,1.0,479,479,0,225.95027624309392,486,486,242.83977900552486,1
2256,Baby / Toddler,0.998951416015625,1.0,1235,1235,0,147.0,206,1236,232.98342541436463,6
2264,Personal care,0.998951416015625,1.0,6516,6516,0,1372.2707182320441,2,4448,540.585635359116,2224
2265,Drink & food To Go,0.998951416015625,0.9672309027777778,13824,13371,453,970.292817679558,10,12960,840.5580110497237,1296
2269,Baskets,0.998951416015625,1.0,4362,4362,0,388.23756906077347,63,4536,519.6298342541437,72
2270,Euro articles,0.998951416015625,1.0,1960,1960,0,905.0441988950276,1936,1936,976.8674033149172,1
2271,"Cloths, mops, sponges and brush",0.998951416015625,0.9859118595485489,69775,68792,983,3304.1546961325967,38,57000,9028.734806629835,1500
2273,Tea and coffee,0.998951416015625,1.0,3785,3785,0,184.38674033149172,16,3840,208.97237569060775,240
2282,"Cloths, mops, sponges and brush",0.998951416015625,1.0,1592,1592,0,6453.629834254144,0,0,1552.8011049723757,2880
2283,Ironing board textiles,0.998951416015625,1.0,50860,50860,0,1899.8121546961327,145,52200,9063.60773480663,360
2288,Bed textile,0.998951416015625,0.9581951968949624,12367,11850,517,3040.9171270718234,12,12096,7322.773480662983,1008
2291,Mugs and cups,0.998951416015625,0.9844036697247707,29430,28971,459,8138.806629834254,13,10764,9316.966850828729,828
2330,Store kitchen,0.998951416015625,1.0,3359,3359,0,115.2486187845304,878,3512,241.32044198895028,4
2336,Vacuuming,0.998951416015625,1.0,12394,12394,0,3218.24861878453,2404,14424,8201.889502762431,6
2337,Light bulbs,0.998951416015625,1.0,4048,4048,0,587.4419889502763,14,3850,599.6408839779006,275
2341,Store kitchen,0.998951416015625,1.0,338,338,0,419.52486187845307,325,325,430.353591160221,1
2342,Drink & food To Go,0.998951416015625,0.9766229823407377,19763,19301,462,1127.2762430939226,23,19872,1394.657458563536,864
2344,"Cloths, mops, sponges and brush",0.998951416015625,0.961042317217616,46435,44626,1809,2054.779005524862,113,36612,6062.298342541437,324
2345,Kitchen tools,0.998951416015625,0.9516090584028606,8390,7984,406,276.8674033149171,41,8036,477.585635359116,196
2349,Foods,0.998951416015625,1.0,0,0,0,1872.0,0,0,1866.1381215469614,1
2350,Baskets,0.998951416015625,1.0,11259,11259,0,630.7127071823204,11,10890,317.7790055248619,990
2353,Cleaning products,0.998951416015625,0.9960980177930389,12814,12764,50,383.03314917127074,53,13038,748.3977900552486,246
2354,Cleaning products,0.998951416015625,0.9885960856834644,6489,6415,74,234.060773480663,37,6438,388.5524861878453,174
2355,Suitcases,0.998951416015625,1.0,367,367,0,58.027624309392266,34,340,64.52486187845304,10
2356,Cleaning products,0.998951416015625,0.9995883926733896,4859,4857,2,149.32044198895028,28,4872,248.6685082872928,174
2359,Foods,0.998951416015625,1.0,466,466,0,3149.4475138121547,0,0,2911.1546961325967,1
2361,Cleaning products,0.998951416015625,1.0,34,34,0,924.3977900552486,0,0,325.8232044198895,480
2363,Residential odors,0.998951416015625,1.0,7433,7433,0,1395.171270718232,2,5040,187.5414364640884,2520
2364,Personal care,0.998951416015625,1.0,67167,67167,0,2431.8950276243095,77,66528,3408.0883977900553,864
2369,Window and squeegees,0.998951416015625,0.6670480549199085,1748,1166,582,430.04419889502765,70,1400,242.97237569060775,20
2370,Ironing,0.998951416015625,0.8246966837422486,18545,15294,3251,1381.6132596685084,188,16920,1659.3701657458564,90
2379,Pan sets,0.998951416015625,1.0,5909,5909,0,529.3425414364641,205,6150,742.7900552486187,30
2391,Foods,0.998951416015625,1.0,638,638,0,1340.0276243093922,394,394,1347.1491712707182,1
2392,Foods,0.998951416015625,1.0,29,29,0,3541.1270718232045,0,0,2812.9447513812156,1
2394,Residential odors,0.998951416015625,1.0,10216,10216,0,601.1767955801105,13,9750,448.9226519337017,750
2401,Gift cards,0.998951416015625,1.0,0,0,0,3025.0,0,0,25.0,3000
2402,Baby / Toddler,0.998951416015625,1.0,86,86,0,68.10497237569061,2,72,46.41436464088398,36
2403,Tea and coffee,0.998951416015625,1.0,3035,3035,0,1996.707182320442,19,2736,3173.0055248618783,144
2406,Partyfun,0.998951416015625,1.0,2088,2088,0,2927.8729281767955,0,0,147.85635359116023,3564
2408,Construction,0.998951416015625,1.0,324,324,0,111.8232044198895,34,272,126.79558011049724,8
2410,Construction,0.998951416015625,1.0,446,446,0,179.79005524861878,5,360,165.65193370165747,72
2412,Electric personal care,0.998951416015625,1.0,242,242,0,30.867403314917127,40,240,35.71270718232044,6
2415,Batteries,0.998951416015625,1.0,1114,1114,0,74.32596685082873,56,1120,105.87845303867404,20
2416,Construction,0.998951416015625,1.0,379,379,0,259.2486187845304,1,192,166.1878453038674,192
2417,Tableware,0.998951416015625,1.0,4012,4012,0,4497.348066298343,195,3510,6122.215469613259,18
2421,Ironing,0.998951416015625,0.7598784194528876,1645,1250,395,72.39226519337016,48,1344,96.73480662983425,28
2423,Store kitchen,0.998951416015625,1.0,13821,13821,0,622.0718232044198,3581,14324,1150.5082872928176,4
2430,Baskets,0.998951416015625,1.0,3902,3902,0,353.3425414364641,57,4104,473.78453038674036,72
2435,Vacuuming,0.998951416015625,1.0,258,258,0,39897.441988950275,0,0,29463.088397790056,675
2436,Bakeware,0.998951416015625,0.9923986172545812,53806,53397,409,1516.878453038674,36,51840,4678.237569060773,1440
2437,Knives,0.998951416015625,0.9534597389805467,56854,54208,2646,24394.92817679558,3,34992,33838.4364640884,11664
2441,Window and squeegees,0.998951416015625,1.0,28572,28572,0,1377.745856353591,40,25200,3885.1215469613257,630
2443,Drying racks,0.998951416015625,0.9989516820737635,20986,20964,22,6377.723756906077,3,18000,5161.541436464088,6000
2445,Partyfun,0.998951416015625,1.0,45597,45597,0,3522.027624309392,71,45440,3955.243093922652,640
2449,Tableware,0.998951416015625,0.9914387633769323,42050,41690,360,16692.259668508286,19,38000,34509.91712707182,2000
2451,Mugs and cups,0.998951416015625,0.9791889007470651,14992,14680,312,4052.8011049723755,121,4356,6110.618784530387,36
2454,Tableware,0.998951416015625,0.9891782211701048,11828,11700,128,3532.220994475138,151,5436,5949.834254143647,36
2463,Tableware,0.998951416015625,0.7296482412060301,995,726,269,262.9889502762431,1246,1246,293.77348066298345,1
2465,Tableware,0.998951416015625,0.9380878843184052,7123,6682,441,302.0497237569061,318,7632,565.8729281767955,24
2471,Vases,0.998951416015625,1.0,270,270,0,294.49723756906076,0,0,107.17127071823204,324
2474,Tableware,0.998951416015625,1.0,2818,2818,0,2739.403314917127,52,1872,3545.977900552486,36
2476,Tableware,0.998951416015625,1.0,0,0,0,4833.0,0,0,4761.0,72
2478,Kitchen tools,0.998951416015625,1.0,935,935,0,429.69613259668506,1,648,80.45856353591161,648
2486,Dishwashing articles,0.998951416015625,1.0,169,169,0,3216.497237569061,0,0,1533.6629834254143,1760
2494,Oven dishes,0.998951416015625,1.0,1096,1096,0,1553.8839779005525,0,0,573.0220994475138,1536
2495,Drinks,0.998951416015625,1.0,707,707,0,3260.3646408839777,654,654,3283.1988950276245,1
2497,Table paper,0.998951416015625,1.0,1154,1154,0,337.3646408839779,2,1080,108.80662983425414,540
2498,Thermos jugs,0.998951416015625,0.970722781335773,1093,1061,32,123.04972375690608,5,900,39.646408839779006,180
2499,Foils and bags,0.998951416015625,1.0,133,133,0,1485.9723756906078,9,9,1433.8729281767955,1
2501,Hobby and creative,0.998951416015625,1.0,199,199,0,159.17127071823205,206,206,170.12707182320443,1
2505,Pan sets,0.998951416015625,1.0,102,102,0,25.92817679558011,3,96,11.342541436464089,32
2511,Games,0.998951416015625,0.9996944699052857,3273,3272,1,238.41436464088397,856,3424,380.62983425414365,4
2518,Games,0.998951416015625,1.0,1849,1849,0,439.18232044198896,25,1800,480.6077348066298,72
2519,"Glasses (drink, beer, wine etc)",0.998951416015625,1.0,1498,1498,0,4922.53591160221,365,365,4754.96132596685,1
2525,Table paper,0.998951416015625,0.9826063323821171,7359,7231,128,662.9723756906077,7,7056,407.0662983425414,1008
2526,Table paper,0.998951416015625,1.0,10145,10145,0,660.646408839779,10,10080,544.4861878453039,1008
2529,Store kitchen,0.998951416015625,0.9553270397842212,5932,5667,265,145.21546961325967,78,5616,201.76795580110496,72
2531,Drying racks,0.998951416015625,0.9923175416133163,7029,6975,54,220.14364640883977,48,6912,401.57458563535914,144
2532,Ironing boards,0.998951416015625,1.0,209,209,0,660.2265193370166,5,190,643.3204419889503,38
2544,Mugs and cups,0.998951416015625,0.988940499889405,22605,22355,250,6570.96685082873,183,6588,8319.491712707182,36
2549,Serve and present,0.998951416015625,0.978643464504647,10114,9898,216,450.30386740331494,23,9936,593.6243093922652,432
2579,Coffee makers and kettles,0.998951416015625,0.9918377145600769,16662,16526,136,402.2707182320442,282,16920,1007.1436464088398,60
2580,Vacuuming,0.998951416015625,1.0,35919,35919,0,8023.646408839779,6827,40962,22287.259668508286,6
2584,Store kitchen,0.998951416015625,0.9811936061640364,59182,58069,1113,1600.4364640883978,65,58240,2131.9226519337017,896
2585,Store kitchen,0.998951416015625,0.9872278583605825,35781,35324,457,1586.9005524861877,22,35200,1367.6298342541436,1600
2587,Bathroom accessories,0.998951416015625,1.0,27717,27717,0,1441.2265193370165,11,25344,722.4806629834254,2304
2588,Watering cans,0.998951416015625,1.0,37586,37586,0,940.4364640883978,232,37120,2259.9226519337017,160
2589,Bathroom accessories,0.998951416015625,1.0,4163,4163,0,254.0,16,3840,199.9281767955801,240
2591,Tea and coffee,0.998951416015625,0.9964221824686941,15093,15039,54,7511.259668508287,5,12000,11972.651933701658,2400
2592,Storage boxes,0.998951416015625,1.0,1447,1447,0,502.0828729281768,45,1440,514.8839779005525,32
2594,Cleaning products,0.998951416015625,1.0,4592,4592,0,322.04419889502765,10,4200,281.8453038674033,420
2596,Cleaning products,0.998951416015625,1.0,7201,7201,0,938.2872928176796,5,6800,442.0497237569061,1360
2597,Cleaning products,0.998951416015625,1.0,3028,3028,0,313.3425414364641,6,2988,149.93370165745856,498
2599,Wash treatment and accessories,0.998951416015625,0.9312955056411526,48483,45152,3331,7804.7790055248615,100,48000,8769.795580110498,480
2600,Cleaning products,0.998951416015625,1.0,2342,2342,0,769.0883977900553,3,2160,474.43093922651934,720
2601,Wash treatment and accessories,0.998951416015625,0.7666237666237666,4662,3574,1088,1054.2099447513813,10,3450,757.6353591160221,345
2602,Foils and bags,0.998951416015625,1.0,15789,15789,0,2101.6022099447514,16,15360,2187.1381215469614,960
2604,Cleaning products,0.998951416015625,0.8811126767913992,57483,50649,6834,2673.1104972375692,63,49896,3032.276243093923,792
2605,Vacuuming,0.998951416015625,1.0,124528,124528,0,5645.397790055249,30,129600,17526.07182320442,4320
2606,Personal care,0.998951416015625,0.7537076820505223,134990,101743,33247,5887.712707182321,70,103040,6248.972375690608,1472
2608,Coffee makers and kettles,0.998951416015625,0.9950697576838351,9533,9486,47,344.70165745856355,410,9840,704.4309392265193,24
2613,Cooking pans,0.998951416015625,0.9053680132816824,1807,1636,171,117.45303867403315,14,1792,117.51381215469613,128
2634,Candles & Tealights,0.998951416015625,0.9645970937912813,7570,7302,268,611.7624309392265,12,7200,461.3259668508287,600
2637,Vases,0.998951416015625,1.0,1740,1740,0,195.939226519337,7,1470,154.82872928176795,210
2645,Partyfun,0.998951416015625,0.9827467745629437,13099,12873,226,522.0939226519337,721,14420,1541.585635359116,20
2646,Photo frames & albums,0.998951416015625,1.0,12645,12645,0,722.0497237569061,17,12240,820.3646408839779,720
2649,Gift cards,0.998951416015625,1.0,0,0,0,3150.0,0,0,116.97237569060773,3000
2652,Construction,0.998951416015625,1.0,345,345,0,273.121546961326,1,288,140.31491712707182,288
2654,Tableware,0.998951416015625,0.6271676300578035,3460,2170,1290,285.50276243093924,4607,4607,558.6077348066299,1
2655,Tableware,0.998951416015625,1.0,3563,3563,0,3827.2154696132598,70,3360,5387.7569060773485,48
2658,Fans and electric blankets,0.998951416015625,1.0,536,536,0,232.24861878453038,478,478,246.52486187845304,1
2660,Electric personal care,0.998951416015625,1.0,1660,1660,0,449.3756906077348,1714,1714,511.96132596685084,1
2661,Phones,0.998951416015625,1.0,48,48,0,12.546961325966851,49,49,13.204419889502763,1
2665,Others,0.998951416015625,1.0,1759,1759,0,1369.3812154696132,1,1680,311.48618784530385,1680
2667,Store kitchen,0.998951416015625,1.0,688,688,0,91.2707182320442,9,675,72.43093922651934,75
2668,Tableware,0.998951416015625,1.0,3558,3558,0,2839.24861878453,143,3432,4412.552486187846,24
2671,Games,0.998951416015625,1.0,10032,10032,0,1584.0276243093922,55,10560,1876.1657458563536,192
2672,Tea and coffee,0.998951416015625,1.0,13687,13687,0,1213.9060773480662,14,13440,1231.2265193370165,960
2674,Stuffed animals,0.998951416015625,1.0,2175,2175,0,441.2044198895028,360,2160,515.8839779005525,6
2677,"Glasses (drink, beer, wine etc)",0.998951416015625,0.9498090561920349,1833,1741,92,312.16574585635357,2101,2101,379.1988950276243,1
2680,Drink & food To Go,0.998951416015625,1.0,16441,16441,0,1856.7348066298343,5,15000,879.8729281767955,3000
2686,Kitchen tools,0.998951416015625,0.9817622950819672,4880,4791,89,213.04972375690608,22,4752,281.9779005524862,216
2688,Foils and bags,0.998951416015625,0.9845008508224617,70520,69427,1093,1291.5524861878453,62,71424,3397.9558011049726,1152
2689,Vacuuming,0.998951416015625,1.0,150,150,0,26836.28729281768,0,0,20050.762430939227,675
2690,Gift,0.998951416015625,1.0,37683,37683,0,11393.381215469613,4,33600,12995.259668508288,8400
2691,Toilet accessories,0.998951416015625,1.0,3832,3832,0,257.7513812154696,11,3696,148.9060773480663,336
2694,Bathroom accessories,0.998951416015625,1.0,8885,8885,0,337.3922651933702,29,8352,326.71270718232046,288
2698,Kitchen helpers,0.998951416015625,1.0,5042,5042,0,325.43093922651934,93,5022,676.182320441989,54
2699,Window and squeegees,0.998951416015625,1.0,26092,26092,0,4105.823204419889,36,20160,5360.03867403315,560
2701,Ironing board textiles,0.998951416015625,1.0,23297,23297,0,1097.2154696132598,36,23760,4046.9558011049726,660
2702,Table textiles,0.998951416015625,1.0,533,533,0,190.939226519337,1,288,47.607734806629836,288
2715,Tea and coffee,0.998951416015625,1.0,0,0,0,810.0,0,0,50.0,760
2718,Bathroom accessories,0.998951416015625,1.0,1192,1192,0,163.01657458563537,6,1152,108.04972375690608,192
2719,Light bulbs,0.998951416015625,1.0,4294,4294,0,758.4419889502763,11,4114,740.1546961325967,374
2720,Cleaning products,0.998951416015625,1.0,4467,4467,0,363.6353591160221,10,4320,314.121546961326,432
2730,Kitchen tools,0.998951416015625,0.9492063492063492,1890,1794,96,641.6077348066299,1,1080,155.1657458563536,1080
2732,Cutlery,0.998951416015625,1.0,2954,2954,0,387.89502762430936,12,2880,369.96685082872926,240
2736,Oven dishes,0.998951416015625,1.0,886,886,0,94.61878453038673,12,864,122.75690607734806,72
2745,Stuffed animals,0.998951416015625,0.9771894093686354,2455,2399,56,141.60773480662982,419,2514,256.30939226519337,6
2747,Games,0.998951416015625,1.0,144,144,0,133.1988950276243,125,125,133.58563535911603,1
2748,Stuffed animals,0.998951416015625,1.0,79,79,0,178.47513812154696,0,0,101.99447513812154,96
2758,Baby / Toddler,0.998951416015625,1.0,165,165,0,138.95027624309392,0,0,43.70165745856354,180
2761,Kitchen helpers,0.998951416015625,0.8623115577889447,1990,1716,274,232.09944751381215,8,1680,199.08839779005524,210
2763,Dishwashing articles,0.998951416015625,0.9227931922473716,103294,95319,7975,5993.480662983426,57,71820,13531.21546961326,1260
2764,"Cloths, mops, sponges and brush",0.998951416015625,0.9917729105372126,18354,18203,151,1174.9281767955802,17,17952,2565.1436464088397,1056
2772,Euro articles,0.998951416015625,1.0,15,15,0,696.3480662983426,1,1,611.6243093922652,1
2773,Foils and bags,0.998951416015625,1.0,18944,18944,0,815.2541436464088,22,19008,1109.0718232044198,864
2777,Ironing board textiles,0.998951416015625,1.0,8787,8787,0,1288.8563535911603,5,9000,1535.7845303867402,1800
2778,Kitchen tools,0.998951416015625,1.0,73547,73547,0,31805.138121546963,11,52800,53644.88397790055,4800
2781,Ironing boards,0.998951416015625,0.964469090162251,9738,9392,346,1204.6298342541436,306,9180,1492.0055248618785,30
2783,Drying racks,0.998951416015625,1.0,10981,10981,0,1730.1436464088397,6,10224,1226.3149171270718,1704
2784,Table textiles,0.998951416015625,1.0,1154,1154,0,186.3646408839779,4,1152,77.34254143646409,288
2786,Bed textile,0.998951416015625,0.7836484983314794,12586,9863,2723,2706.497237569061,16,8064,4957.922651933702,504
2787,Bath textiles and bath mats,0.998951416015625,1.0,8616,8616,0,1995.4530386740332,435,12180,5086.375690607735,28
2791,Table textiles,0.998951416015625,1.0,7090,7090,0,4309.099447513812,5,10000,7623.32044198895,2000
2793,Baskets,0.998951416015625,1.0,5909,5909,0,907.8342541436464,14,5880,1875.2099447513813,420
2794,Fans and electric blankets,0.998951416015625,1.0,1860,1860,0,912.4198895027624,1877,1877,951.3149171270718,1
2796,Tableware,0.998951416015625,1.0,5092,5092,0,548.4917127071823,14,5040,570.889502762431,360
2805,Light bulbs,0.998951416015625,1.0,6226,6226,0,667.2707182320441,11,6006,601.9226519337017,546
2817,Foodprep,0.998951416015625,1.0,10476,10476,0,7673.7569060773485,3,10296,10338.651933701658,3432
2823,Batteries,0.998951416015625,1.0,120724,120724,0,61741.60773480663,7,84000,94652.26519337017,12000
2826,Wash treatment and accessories,0.998951416015625,1.0,7714,7714,0,671.2099447513813,18,7776,743.3591160220994,432
2828,Store kitchen,0.998951416015625,0.994221589481618,23882,23744,138,1163.8563535911603,61,23424,2704.3370165745855,384
2829,"Cloths, mops, sponges and brush",0.998951416015625,0.9259080116084777,136452,126342,10110,6947.552486187846,55,99000,17324.88950276243,1800
2832,Window and squeegees,0.998951416015625,0.9893696381947035,16086,15915,171,837.7845303867404,15,15120,883.2817679558011,1008
2833,Racks and pockets,0.998951416015625,0.9956243983547738,34281,34131,150,948.6906077348066,28,33600,1080.745856353591,1200
2835,Clothes hangers,0.998951416015625,0.9787234042553191,50901,49818,1083,3407.060773480663,43,51600,9882.966850828729,1200
2838,Thermos jugs,0.998951416015625,0.9852567361464158,9835,9690,145,4306.596685082873,6,9360,7855.3370165745855,1560
2839,Thermos jugs,0.998951416015625,1.0,8942,8942,0,3912.9226519337017,1,4002,3804.7016574585637,4002
2842,Baskets,0.998951416015625,1.0,9006,9006,0,388.6243093922652,16,8640,264.5193370165746,540
2844,Cleaning products,0.998951416015625,0.994218575158523,10724,10662,62,369.81767955801104,37,10656,627.5082872928177,288
2845,Cleaning products,0.998951416015625,1.0,4523,4523,0,199.67403314917127,16,4512,224.32596685082873,282
2846,Cleaning products,0.998951416015625,0.9683145638480626,5239,5073,166,126.46408839779005,44,5016,263.01657458563534,114
2847,Personal care,0.998951416015625,1.0,11466,11466,0,2516.1160220994475,9411,9411,2700.1767955801106,1
2853,Cleaning products,0.998951416015625,1.0,71,71,0,1553.4198895027625,0,0,947.4696132596686,648
2854,"Cloths, mops, sponges and brush",0.998951416015625,1.0,15206,15206,0,6448.46408839779,10,17280,6038.1270718232045,1728
2855,Window and squeegees,0.998951416015625,1.0,52599,52599,0,4272.729281767955,28,50400,8921.569060773481,1800
2894,Residential odors,0.998951416015625,0.9875092936802974,13450,13282,168,467.7403314917127,2312,13872,763.3701657458563,6
2905,Pan sets,0.998951416015625,0.9075081610446137,2757,2502,255,186.04419889502762,45,2880,344.23204419889504,64
2908,Tableware,0.998951416015625,1.0,5736,5736,0,4184.994475138122,334,6012,7045.370165745856,18
2909,Kitchen tools,0.998951416015625,1.0,490,490,0,553.4033149171271,0,0,58.01657458563536,768
2911,Teletoys,0.998951416015625,1.0,241,241,0,89.74033149171271,1,120,35.32044198895028,120
2912,Construction,0.998951416015625,1.0,84,84,0,132.38121546961327,0,0,35.3756906077348,128
2916,"Glasses (drink, beer, wine etc)",0.998951416015625,1.0,717,717,0,1801.414364640884,755,755,2076.8729281767955,1
2917,Construction,0.998951416015625,1.0,140,140,0,284.23204419889504,0,0,82.47513812154696,258
2918,Batteries,0.998951416015625,1.0,143,143,0,1737.2486187845304,0,0,408.58011049723757,1400
2922,Pan sets,0.998951416015625,1.0,1219,1219,0,575.1436464088398,16,1152,581.6795580110497,72
2923,Tableware,0.998951416015625,1.0,2811,2811,0,2485.060773480663,3696,3696,4138.093922651934,1
2925,Kitchen helpers,0.998951416015625,1.0,765,765,0,5543.67955801105,0,0,1314.1546961325967,4800
2928,Serve and present,0.998951416015625,1.0,5638,5638,0,9664.165745856353,1537,1537,10496.602209944751,1
2929,Thermos jugs,0.998951416015625,0.9862407862407863,4070,4014,56,123.38674033149171,33,3960,220.34254143646407,120
2934,"Glasses (drink, beer, wine etc)",0.998951416015625,1.0,1255,1255,0,112.91160220994475,217,1302,156.30939226519337,6
2938,Personal care,0.998951416015625,1.0,35090,35090,0,1614.8453038674033,185,33300,2064.2983425414363,180
2940,Ironing boards,0.998951416015625,0.8264299802761341,1521,1257,264,172.07734806629836,34,1428,199.5635359116022,42
2943,Knives,0.998951416015625,0.9858962127182976,24107,23767,340,2899.7127071823206,10,24000,7859.182320441989,2400
2947,Kitchen helpers,0.998951416015625,1.0,19958,19958,0,5836.591160220994,11,21120,13214.45856353591,1920
2949,Kitchen textile,0.998951416015625,1.0,6536,6536,0,1751.8950276243095,17,7650,4118.044198895028,450
2950,Kitchen textile,0.998951416015625,1.0,3369,3369,0,1809.1988950276243,2,3072,1950.646408839779,1536
2951,Racks and pockets,0.998951416015625,1.0,16599,16599,0,1609.1988950276243,5,14400,371.9889502762431,2880
2952,Table textiles,0.998951416015625,1.0,419,419,0,206.13812154696132,1,288,38.24309392265194,288
2953,Bath textiles and bath mats,0.998951416015625,0.8595033721643164,32620,28037,4583,6369.049723756906,99,102960,30874.563535911602,1040
2957,Mugs and cups,0.998951416015625,0.9685990338164251,14904,14436,468,3850.6353591160223,300,10800,8252.259668508288,36
2968,Tea and coffee,0.998951416015625,0.9424282255274992,72275,68114,4161,2439.977900552486,369,66420,9715.745856353591,180
2969,Tea and coffee,0.998951416015625,0.9677123243933589,75168,72741,2427,1966.2375690607735,78,74880,4315.867403314917,960
2974,Foils and bags,0.998951416015625,1.0,542,542,0,233.95027624309392,25,500,242.3646408839779,20
2977,Drink & food To Go,0.998951416015625,1.0,377,377,0,793.9944751381215,330,330,800.7016574585635,1
2978,Tools,0.998951416015625,1.0,1633,1633,0,301.50828729281767,5,1590,202.02209944751382,318
2979,Tableware,0.998951416015625,1.0,1158,1158,0,122.41436464088397,49,1176,153.47513812154696,24
2980,Light bulbs,0.998951416015625,1.0,6031,6031,0,573.5248618784531,16,5984,606.7845303867404,374
2985,Cutlery,0.998951416015625,1.0,3224,3224,0,893.8563535911602,2,2400,307.8121546961326,1200
2987,Tableware,0.998951416015625,1.0,4401,4401,0,374.7182320441989,186,4464,529.232044198895,24
2988,Tableware,0.998951416015625,1.0,14,14,0,6340.651933701657,0,0,4857.005524861878,960
2996,Baby / Toddler,0.998951416015625,1.0,4645,4645,0,1004.0220994475138,15,4320,1081.3204419889503,288
2997,Games,0.998951416015625,1.0,1296,1296,0,118.2707182320442,216,1296,148.4585635359116,6
3014,Phones,0.998951416015625,1.0,9792,9792,0,573.0883977900553,69,9936,875.0165745856353,144
3015,Batteries,0.998951416015625,0.9928573519510553,34161,33917,244,1080.5911602209944,26,33800,1700.0386740331492,1300
3021,"Glasses (drink, beer, wine etc)",0.998951416015625,1.0,668,668,0,320.1381215469613,2,480,192.44751381215468,240
3027,Kitchen helpers,0.998951416015625,0.9313344504260401,28049,26123,1926,7025.176795580111,2,20000,6860.165745856353,10000
3030,Vacuuming,0.998951416015625,1.0,183,183,0,2343.6740331491715,0,0,1111.1933701657458,675
3031,Vacuuming,0.998951416015625,1.0,105,105,0,16727.89502762431,0,0,11514.546961325967,675
3033,Kitchen helpers,0.998951416015625,1.0,17842,17842,0,3779.4088397790056,3,14400,2701.9226519337017,4800
3034,Measuring and weighing,0.998951416015625,1.0,39713,39713,0,12440.508287292818,6,9000,17052.1546961326,1500
3036,Ironing boards,0.998951416015625,1.0,20693,20693,0,4478.138121546961,7,21840,7957.176795580111,3120
3037,Drying racks,0.998951416015625,0.8561555581586038,8537,7309,1228,819.0055248618785,64,7168,798.646408839779,112
3042,Bed textile,0.998951416015625,1.0,3261,3261,0,758.1933701657458,216,2592,1698.8729281767955,12
3046,Others,0.998951416015625,1.0,548,548,0,176.69060773480663,556,556,178.01657458563537,1
3047,Bath textiles and bath mats,0.998951416015625,0.780980373565943,21094,16474,4620,3332.403314917127,83,63080,18230.994475138123,760
3055,Tea and coffee,0.998951416015625,1.0,342,342,0,510.83977900552486,5,120,465.09944751381215,24
3058,"Glasses (drink, beer, wine etc)",0.998951416015625,1.0,7658,7658,0,1281.0386740331492,21,8820,1386.9834254143645,420
3059,Games,0.998951416015625,1.0,2181,2181,0,147.41988950276243,183,2196,176.23756906077347,12
3063,Games,0.998951416015625,1.0,94,94,0,49.613259668508285,83,83,49.64088397790055,1
3075,Boys toys,0.998951416015625,1.0,1226,1226,0,106.03314917127072,212,1272,192.060773480663,6
3080,Batteries,0.998951416015625,0.994616607071911,50340,50069,271,3635.828729281768,5154,51540,5536.67955801105,10
3082,Batteries,0.998951416015625,0.9892107596807568,13532,13386,146,342.81767955801104,690,13800,850.6077348066299,20
3083,"Cloths, mops, sponges and brush",0.998951416015625,1.0,57325,57325,0,3316.276243093923,157,60288,7583.4309392265195,384
3087,Coffee makers and kettles,0.998951416015625,1.0,9201,9201,0,3872.4198895027625,550,11000,9070.624309392266,20
3090,Personal care,0.998951416015625,0.8158361673813397,27052,22070,4982,4944.922651933702,118,22656,4492.469613259668,192
3091,"Cloths, mops, sponges and brush",0.998951416015625,1.0,27805,27805,0,1174.8176795580112,27,27540,3721.7624309392263,1020
3092,Cutlery,0.998951416015625,1.0,2866,2866,0,911.5745856353591,2,2400,337.11049723756906,1200
3093,Bathroom accessories,0.998951416015625,0.9882617974863647,8434,8335,99,249.77348066298342,28,8400,423.2099447513812,300
3097,Laundry baskets,0.998951416015625,0.784998991867733,14879,11680,3199,543.7845303867404,183,11712,655.828729281768,64
3098,Baskets,0.998951416015625,0.99667461866551,13833,13787,46,394.9447513812155,36,13824,426.57458563535914,384
3104,Cleaning products,0.998951416015625,0.998030303030303,6600,6587,13,262.8839779005525,23,6486,361.03867403314916,282
3106,Baskets,0.998951416015625,1.0,3698,3698,0,556.6408839779006,48,3840,1292.7348066298343,80
3108,Light bulbs,0.998951416015625,1.0,8382,8382,0,828.7292817679559,23,8280,959.7182320441989,360
3110,Ironing boards,0.998951416015625,0.8278829604130808,2324,1924,400,703.9944751381215,47,1974,633.4751381215469,42
3112,Dishwashing articles,0.998951416015625,0.5233430412143677,11331,5930,5401,527.8618784530387,30,10800,705.9723756906077,360
3114,"Cloths, mops, sponges and brush",0.998951416015625,0.9922894424673784,21918,21749,169,13330.9226519337,3,24000,19829.331491712706,8000
3120,Electric personal care,0.998951416015625,0.9526392835615258,11613,11063,550,356.88950276243094,46,11040,480.78453038674036,240
3121,Electric personal care,0.998951416015625,0.9567145023917862,8571,8200,371,211.61878453038673,416,8320,379.17127071823205,20
3123,Alarm clocks,0.998951416015625,1.0,18502,18502,0,8735.558011049723,6,18000,15460.182320441989,3000
3128,Stationary,0.998951416015625,1.0,32283,32283,0,780.9668508287293,55,33000,1725.767955801105,600
3159,Pan sets,0.998951416015625,0.8454998534154207,3411,2884,527,445.76795580110496,3113,3113,532.4419889502763,1
3161,Tableware,0.998951416015625,1.0,4710,4710,0,5189.005524861878,259,3108,6639.751381215469,12
3162,Kitchen tools,0.998951416015625,1.0,244,244,0,567.3591160220994,0,0,26.414364640883978,672
3163,Tea and coffee,0.998951416015625,1.0,1833,1833,0,1014.7403314917127,1,1800,125.29834254143647,1800
3165,Construction,0.998951416015625,1.0,448,448,0,183.6961325966851,2,400,92.98342541436465,200
3169,Serve and present,0.998951416015625,1.0,1845,1845,0,2120.8784530386743,1487,1487,2738.696132596685,1
3170,Stationary,0.998951416015625,1.0,4116,4116,0,321.1436464088398,4084,4084,476.62983425414365,1
3171,Batteries,0.998951416015625,1.0,1515,1515,0,125.98895027624309,76,1520,172.79558011049724,20
3172,Toilet cleaners and odors,0.998951416015625,1.0,78,78,0,6373.3370165745855,0,0,5788.232044198895,1
3173,Construction,0.998951416015625,1.0,296,296,0,74.40883977900552,39,312,90.42541436464089,8
3176,Girls toys,0.998951416015625,1.0,8,8,0,282.9889502762431,0,0,10.530386740331492,270
3179,Baby / Toddler,0.998951416015625,1.0,12321,12321,0,1063.4917127071824,508,12192,1313.1160220994475,24
3185,Kitchen appliances,0.998951416015625,1.0,8227,8227,0,6842.077348066298,23552,23552,17746.707182320442,1
3188,Personal care,0.998951416015625,1.0,12110,12110,0,6117.154696132597,12073,12073,6550.85635359116,1
3189,Wash treatment and accessories,0.998951416015625,0.7498551564310545,13808,10354,3454,873.1657458563536,19,10032,772.3701657458563,528
3196,"Cloths, mops, sponges and brush",0.998951416015625,1.0,8363,8363,0,584.6740331491712,15,7920,921.2817679558011,528
3201,Oven dishes,0.998951416015625,1.0,2419,2419,0,2654.6740331491715,0,0,532.5966850828729,3360
3205,Partyfun,0.998951416015625,0.9880591694885047,28055,27720,335,1365.8563535911603,23,27600,1199.8232044198894,1200
3210,Knives,0.998951416015625,1.0,57,57,0,40.248618784530386,2,48,21.331491712707184,24
3212,Table textiles,0.998951416015625,1.0,1724,1724,0,200.52486187845304,6,1728,118.35911602209944,288
3218,Mugs and cups,0.998951416015625,0.9943714821763602,20254,20140,114,5528.889502762431,265,6360,8865.419889502762,24
3228,Vases,0.998951416015625,0.9983498349834984,9090,9075,15,389.1270718232044,49,8820,643.3480662983426,180
3229,Tea and coffee,0.998951416015625,0.960996099609961,9999,9609,390,1680.5745856353592,16,9216,1721.3149171270718,576
3230,Hobby and creative,0.998951416015625,1.0,195,195,0,66.2817679558011,3,180,37.32044198895028,60
3235,Cutlery,0.998951416015625,1.0,2192,2192,0,211.11049723756906,61,2196,274.42541436464086,36
3237,Oven dishes,0.998951416015625,1.0,855,855,0,195.3314917127072,11,792,217.22099447513813,72
3238,Large garden,0.998951416015625,1.0,242,242,0,179.2707182320442,2,144,136.88950276243094,72
3244,Serve and present,0.998951416015625,1.0,709,709,0,260.7403314917127,573,573,245.11602209944752,1
3246,Kitchen helpers,0.998951416015625,1.0,779,779,0,315.0552486187845,1,480,62.69060773480663,480
3247,Cutlery,0.998951416015625,1.0,1348,1348,0,130.13812154696132,36,1296,159.5635359116022,36
3249,Shopping bags and trolleys,0.998951416015625,1.0,6110,6110,0,4389.50276243094,5836,5836,6553.082872928177,1
3250,Gift cards,0.998951416015625,1.0,0,0,0,3049.0,0,0,49.0,3000
3251,Laundry baskets,0.998951416015625,1.0,167,167,0,506.4585635359116,0,0,386.939226519337,180
3252,Thermos jugs,0.998951416015625,1.0,1068,1068,0,186.84530386740332,4,992,91.41988950276243,248
3259,Hobby and creative,0.998951416015625,1.0,5394,5394,0,576.4475138121547,19,5472,747.939226519337,288
3264,Hobby and creative,0.998951416015625,1.0,3170,3170,0,165.88397790055248,549,3294,283.585635359116,6
3279,Table textiles,0.998951416015625,1.0,6665,6665,0,759.5690607734807,6,6048,458.8839779005525,1008
3281,Vacuuming,0.998951416015625,1.0,396,396,0,4936.187845303867,0,0,3099.6408839779006,675
3285,Knives,0.998951416015625,1.0,13611,13611,0,4641.618784530387,14,16800,11625.447513812154,1200
3286,Knives,0.998951416015625,1.0,24629,24629,0,8300.298342541437,24,28800,21122.883977900554,1200
3287,Drying racks,0.998951416015625,1.0,10459,10459,0,3686.685082872928,8,11088,3949.486187845304,1386
3288,Bicycle accessories,0.998951416015625,1.0,1823,1823,0,238.34254143646407,27,1782,240.9668508287293,66
3291,Kitchen textile,0.998951416015625,1.0,11083,11083,0,6987.49723756906,1,7990,4989.419889502762,7990
3293,Bed textile,0.998951416015625,1.0,3772,3772,0,1985.7955801104972,3,3600,2329.3756906077347,1200
3295,Mugs and cups,0.998951416015625,0.9841394617589938,21626,21283,343,6196.922651933702,181,6516,8524.790055248619,36
3296,Mugs and cups,0.998951416015625,0.9912329443724146,16197,16055,142,4932.32044198895,169,4056,6663.696132596685,24
3297,Mugs and cups,0.998951416015625,0.9702216066481995,23104,22416,688,6510.519337016574,8,6528,8627.552486187846,816
3298,Mugs and cups,0.998951416015625,0.9796661608497724,13180,12912,268,3419.558011049724,124,4464,5582.541436464088,36
3321,Puzzles,0.998951416015625,1.0,1176,1176,0,108.77900552486187,1128,1128,187.51381215469613,1
3322,Foodprep,0.998951416015625,1.0,7318,7318,0,4058.353591160221,6,7296,6880.276243093923,1216
3329,Baby / Toddler,0.998951416015625,1.0,273,273,0,367.6022099447514,4,240,342.9502762430939,60
3330,Moisture treatment and climate,0.998951416015625,1.0,14282,14282,0,1330.171270718232,40,14000,2184.740331491713,350
3332,Cleaning products,0.998951416015625,1.0,88246,88246,0,4266.353591160221,14,84000,7606.292817679558,6000
3333,Bathroom accessories,0.998951416015625,1.0,3072,3072,0,234.74585635359117,12,2880,150.06629834254144,240
3335,Bathroom accessories,0.998951416015625,1.0,634,634,0,1622.0331491712707,0,0,214.97790055248618,864
3336,Thermos jugs,0.998951416015625,1.0,4674,4674,0,551.6961325966851,58,4872,690.3756906077348,84
3337,Cleaning products,0.998951416015625,0.9371438438957003,11582,10854,728,337.49723756906076,51,11016,637.414364640884,216
3339,Baskets,0.998951416015625,1.0,7856,7856,0,314.1988950276243,22,7920,257.4806629834254,360
3341,Cleaning products,0.998951416015625,0.9619220308250227,4412,4244,168,215.52486187845304,24,4176,289.646408839779,174
3342,Cleaning products,0.998951416015625,1.0,6561,6561,0,393.5303867403315,13,6474,389.8674033149171,498
3343,Cleaning products,0.998951416015625,0.9514683447749809,10488,9979,509,328.10497237569064,57,9918,620.4254143646409,174
3346,Window and squeegees,0.998951416015625,1.0,1143,1143,0,338.23756906077347,2,924,100.4475138121547,462
3348,Wash treatment and accessories,0.998951416015625,0.4767213530119719,31574,15052,16522,9325.734806629835,31,20832,3485.9005524861877,672
3349,Waste bins,0.998951416015625,1.0,2949,2949,0,195.21546961325967,53,2968,278.5911602209945,56
3350,Cleaning products,0.998951416015625,1.0,1938,1938,0,799.0220994475138,3,1800,556.8121546961326,600
3352,Cleaning products,0.998951416015625,0.9760289461781999,4422,4316,106,407.292817679558,6,4104,127.72375690607734,684
3353,Bathroom accessories,0.998951416015625,1.0,42047,42047,0,3905.5303867403313,7,36400,5505.248618784531,5200
3354,Bathroom accessories,0.998951416015625,0.9984266580603518,24788,24749,39,9888.817679558011,7,25200,19615.381215469613,3600
3355,Toilet accessories,0.998951416015625,0.9707372252004132,40666,39476,1190,15968.060773480664,4,28800,25313.237569060773,7200
3356,Residential odors,0.998951416015625,1.0,12863,12863,0,585.7292817679559,29,12528,578.3149171270718,432
3359,Electric personal care,0.998951416015625,0.9862751356527291,6266,6180,86,1099.254143646409,14,5880,909.2983425414365,420
3363,Electric personal care,0.998951416015625,0.9750841750841751,2970,2896,74,90.34806629834254,148,2960,128.31491712707182,20
3366,"TV, Audio & Video",0.998951416015625,1.0,245,245,0,1339.1491712707182,128,128,1336.0497237569061,1
3368,Bathroom scales,0.998951416015625,0.9906057417706298,13306,13181,125,1679.9337016574586,13321,13321,2177.3314917127072,1
3370,Special pans,0.998951416015625,1.0,7773,7773,0,2051.3977900552486,7334,7334,2308.983425414365,1
3387,Candles & Tealights,0.998951416015625,1.0,845,845,0,9093.419889502762,0,0,597.8342541436464,9120
3388,Candles & Tealights,0.998951416015625,1.0,804,804,0,1508.353591160221,0,0,474.71270718232046,1650
3409,Tea and coffee,0.998951416015625,1.0,1730,1730,0,862.414364640884,39,1872,1732.1160220994475,48
3410,Foods,0.998951416015625,1.0,950,950,0,604.5635359116022,658,658,623.8618784530387,1
3411,Construction,0.998951416015625,1.0,393,393,0,195.48618784530387,5,360,181.1988950276243,72
3413,Boys toys,0.998951416015625,1.0,1082,1082,0,318.3259668508287,2,768,162.28729281767957,384
3414,Electric personal care,0.998951416015625,1.0,1671,1671,0,285.8618784530387,1727,1727,350.09944751381215,1
3416,Construction,0.998951416015625,1.0,511,511,0,211.90055248618785,8,576,206.6243093922652,72
3419,Serve and present,0.998951416015625,1.0,966,966,0,1032.5580110497237,920,920,1447.8066298342542,1
3420,Tableware,0.998951416015625,1.0,4055,4055,0,3498.1049723756905,153,3672,5172.889502762431,24
3421,Reading glasses,0.998951416015625,1.0,1720,1720,0,2673.9558011049726,0,0,1229.2983425414366,2500
3422,Reading glasses,0.998951416015625,1.0,1068,1068,0,2759.3480662983425,0,0,673.9723756906077,2500
3428,Store kitchen,0.998951416015625,0.5213313037396635,24307,12672,11635,12398.762430939227,21573,21573,6051.348066298343,1
3429,Sockets and security,0.998951416015625,1.0,1249,1249,0,178.38121546961327,1226,1226,223.9889502762431,1
3436,Toilet cleaners and odors,0.998951416015625,0.8100785694933622,3691,2990,701,524.3425414364641,3036,3036,550.1436464088398,1
3438,Cooking books,0.998951416015625,1.0,9539,9539,0,889.2099447513813,9346,9346,1231.2375690607735,1
3441,"Glasses (drink, beer, wine etc)",0.998951416015625,1.0,4202,4202,0,398.2099447513812,14,4368,554.0331491712707,312
3442,Window and squeegees,0.998951416015625,0.9768224299065421,29425,28743,682,626.3480662983426,161,28980,1616.3204419889503,180
3443,Window and squeegees,0.998951416015625,0.9041174515904903,33103,29929,3174,1647.1160220994475,255,29070,2679.3591160220994,114
3444,Kitchen tools,0.998951416015625,0.9959281687199832,19156,19078,78,7270.027624309392,9,21600,15989.022099447513,2400
3445,Cutlery,0.998951416015625,0.964213094753965,7377,7113,264,439.21546961325964,39,7020,612.2817679558011,180
3453,Ironing board textiles,0.998951416015625,1.0,51921,51921,0,2178.92817679558,158,52140,9365.281767955801,330
3457,Bath textiles and bath mats,0.998951416015625,0.907186309625334,35178,31913,3265,6929.386740331492,209,105336,32985.187845303866,504
3465,Tableware,0.998951416015625,1.0,37656,37656,0,1612.3977900552486,104,37440,5532.674033149171,360
3467,Cutlery,0.998951416015625,1.0,687,687,0,451.9889502762431,0,0,61.24309392265194,756
3468,Tableware,0.998951416015625,1.0,698,698,0,130.9060773480663,58,696,151.04419889502762,12
3469,Baby / Toddler,0.998951416015625,0.8329411764705882,850,708,142,108.12707182320442,5,600,34.70718232044199,120
3471,Cutlery,0.998951416015625,1.0,3263,3263,0,364.1767955801105,27,3240,424.121546961326,120
3473,Serve and present,0.998951416015625,0.9897260273972602,2628,2601,27,135.65745856353593,108,2592,214.87845303867402,24
3474,Cutlery,0.998951416015625,1.0,3624,3624,0,928.0276243093923,3,3600,350.30939226519337,1200
3476,Light bulbs,0.998951416015625,1.0,5182,5182,0,646.2099447513813,13,5005,644.6574585635359,385
3477,Tableware,0.998951416015625,1.0,5323,5323,0,824.9116022099447,223,5352,1015.1491712707183,24
3478,Baskets,0.998951416015625,1.0,2631,2631,0,366.6022099447514,34,2720,874.5138121546961,80
3482,Drink & food To Go,0.998951416015625,1.0,4388,4388,0,1760.889502762431,4,3744,1356.364640883978,936
3483,Light bulbs,0.998951416015625,1.0,4844,4844,0,617.828729281768,10,4480,572.8066298342542,448
3485,Frying pans,0.998951416015625,1.0,1675,1675,0,712.9834254143647,1741,1741,732.585635359116,1
3490,Hobby and creative,0.998951416015625,1.0,5656,5656,0,249.27624309392266,95,5700,431.8453038674033,60
3499,Hobby and creative,0.998951416015625,1.0,62,62,0,114.41436464088397,4,40,109.51933701657458,10
3504,Games,0.998951416015625,1.0,2890,2890,0,189.15469613259668,247,2964,229.32044198895028,12
3514,Drink & food To Go,0.998951416015625,1.0,5723,5723,0,1189.5580110497237,2,3888,396.9779005524862,1944
3517,Measuring and weighing,0.998951416015625,1.0,22004,22004,0,1022.8729281767955,19,21888,1260.1270718232045,1152
3519,"Glasses (drink, beer, wine etc)",0.998951416015625,1.0,411,411,0,265.68508287292815,94,376,276.8011049723757,4
3526,Window and squeegees,0.998951416015625,1.0,2399,2399,0,895.9281767955802,14,2352,888.0165745856353,168
3528,Toilet cleaners and odors,0.998951416015625,0.8076834598573729,4347,3511,836,515.0497237569061,3551,3551,558.0883977900553,1
3529,Kitchen helpers,0.998951416015625,0.9739535733869493,54710,53285,1425,8545.154696132597,6,57600,14010.546961325967,9600
3531,Vacuuming,0.998951416015625,1.0,141,141,0,4277.03867403315,0,0,2528.7734806629833,675
3532,Kitchen tools,0.998951416015625,1.0,39401,39401,0,3543.696132596685,8,36000,6293.795580110497,4500
3533,Tea and coffee,0.998951416015625,1.0,8223,8223,0,3700.276243093923,11894,11894,9250.370165745857,1
3541,"Cloths, mops, sponges and brush",0.998951416015625,1.0,123,123,0,5575.386740331492,0,0,1647.646408839779,2340
3543,Bath textiles and bath mats,0.998951416015625,0.9771936606107461,7761,7584,177,2099.8839779005525,16,12160,4636.276243093923,760
3546,Bed textile,0.998951416015625,1.0,1544,1544,0,1426.8397790055249,1,1152,1051.8563535911603,1152
3549,Mugs and cups,0.998951416015625,0.970594875268089,35436,34394,1042,9730.060773480664,14,11424,15472.806629834255,816
3556,Tea and coffee,0.998951416015625,1.0,11594,11594,0,1272.1049723756905,467,11208,1666.1878453038673,24
3558,Kitchen helpers,0.998951416015625,1.0,1919,1919,0,1683.0497237569061,0,0,298.060773480663,2400
3560,Oven dishes,0.998951416015625,1.0,81,81,0,389.3867403314917,0,0,57.51381215469613,360
3561,Oven dishes,0.998951416015625,1.0,408,408,0,116.69060773480663,2,288,61.69613259668508,144
3570,Foods,0.998951416015625,1.0,0,0,0,2996.0,0,0,2987.1988950276245,1
3576,Hobby and creative,0.998951416015625,0.9977765425236242,1799,1795,4,80.04419889502762,302,1812,122.90055248618785,6
3579,Batteries,0.998951416015625,1.0,9980,9980,0,1412.1933701657458,10151,10151,1790.7403314917126,1
3583,Baby / Toddler,0.998951416015625,1.0,962,962,0,89.46408839779005,166,996,156.65745856353593,6
3587,Bakeware,0.998951416015625,1.0,25737,25737,0,17495.093922651933,2,19200,20109.86740331492,9600
3588,Drink & food To Go,0.998951416015625,1.0,27154,27154,0,1143.2872928176796,47,27072,2856.657458563536,576
3589,Dishwashing articles,0.998951416015625,1.0,98839,98839,0,4630.977900552486,385,110880,26996.60220994475,288
3591,Dishwashing articles,0.998951416015625,0.9315383560343099,94783,88294,6489,32471.044198895026,15,108000,81104.10497237569,7200
3592,"Glasses (drink, beer, wine etc)",0.998951416015625,1.0,1868,1868,0,188.4254143646409,8,1680,143.5303867403315,210
3593,Cleaning products,0.998951416015625,1.0,17337,17337,0,2019.6740331491712,5,15360,2149.7127071823206,3072
3594,Clothes hangers,0.998951416015625,1.0,112663,112663,0,14055.99447513812,371,118720,37304.17679558011,320
3596,Waste bins,0.998951416015625,1.0,0,0,0,861.0,0,0,695.1491712707183,160
3597,Oven dishes,0.998951416015625,1.0,807,807,0,181.94475138121547,4,768,134.4585635359116,192
3601,Personal care,0.998951416015625,1.0,74,74,0,563.9558011049724,0,0,504.55801104972375,1
3602,Wash treatment and accessories,0.998951416015625,1.0,1980,1980,0,1655.756906077348,1464,1464,1697.342541436464,1
3603,Cleaning products,0.998951416015625,0.9705486647376472,54259,52661,1598,1107.4585635359117,123,53136,2898.8729281767955,432
3605,Baskets,0.998951416015625,1.0,2813,2813,0,468.11049723756906,21,2688,968.5635359116022,128
3607,Cleaning products,0.998951416015625,1.0,1537,1537,0,368.0,6,1404,304.6077348066298,234
3611,Wash treatment and accessories,0.998951416015625,1.0,16452,16452,0,618.2541436464088,69,16560,765.1988950276243,240
3612,Dishwashing articles,0.998951416015625,1.0,5264,5264,0,1429.4475138121547,4,5184,789.3259668508288,1296
3616,Cleaning products,0.998951416015625,1.0,7345,7345,0,809.5966850828729,6,6696,356.91160220994476,1116
3619,Ironing,0.998951416015625,1.0,11892,11892,0,1071.1933701657458,520,12480,1521.0165745856355,24
3622,Alarm clocks,0.998951416015625,1.0,20563,20563,0,11240.28729281768,2,6000,11166.580110497238,3000
3623,Electric personal care,0.998951416015625,0.9135304659498208,2232,2039,193,184.5635359116022,2098,2098,182.28729281767957,1
3641,Candles & Tealights,0.998951416015625,1.0,1049,1049,0,1659.1436464088397,0,0,765.9171270718232,1650
3646,Party lights,0.998951416015625,1.0,12601,12601,0,5152.281767955801,7,5586,7870.309392265193,798
3647,Residential odors,0.998951416015625,1.0,9449,9449,0,548.6353591160221,12,9000,370.8508287292818,750
3651,Vases,0.998951416015625,0.9304492314996142,16851,15679,1172,722.2707182320441,130,15600,1238.4530386740332,120
3652,Gift cards,0.998951416015625,1.0,0,0,0,3027.0,0,0,18.29281767955801,3000
3661,Kitchen tools,0.998951416015625,1.0,8058,8058,0,2069.7624309392263,7137,7137,2071.011049723757,1
3662,Serve and present,0.998951416015625,1.0,8111,8111,0,7504.552486187846,7643,7643,11105.602209944751,1
3663,Tea and coffee,0.998951416015625,1.0,1580,1580,0,1833.6795580110497,1534,1534,2509.7624309392263,1
3670,Construction,0.998951416015625,1.0,279,279,0,269.30939226519337,0,0,138.58011049723757,258
3671,Hobby and creative,0.998951416015625,1.0,327,327,0,85.03867403314918,331,331,96.52486187845304,1
3674,Puzzles,0.998951416015625,1.0,231,231,0,792.3314917127071,0,0,618.1767955801105,324
3675,Construction,0.998951416015625,1.0,549,549,0,279.23756906077347,8,576,287.58011049723757,72
3678,Boys toys,0.998951416015625,1.0,34,34,0,490.6353591160221,0,0,16.77900552486188,480
3687,"Glasses (drink, beer, wine etc)",0.998951416015625,1.0,2020,2020,0,654.6961325966851,460,1840,711.7845303867404,4
3690,"Glasses (drink, beer, wine etc)",0.998951416015625,1.0,1354,1354,0,382.0110497237569,105,1260,418.96685082872926,12
3691,"Glasses (drink, beer, wine etc)",0.998951416015625,0.9919935948759008,1249,1239,10,78.98342541436465,214,1284,117.53591160220995,6
3692,Cleaning products,0.998951416015625,1.0,7893,7893,0,725.9226519337017,7,7812,284.17127071823205,1116
3696,Drink & food To Go,0.998951416015625,1.0,453,453,0,669.8232044198895,0,0,88.14364640883979,832
3698,Cooking books,0.998951416015625,1.0,146,146,0,1732.3370165745857,0,0,796.707182320442,1
3700,Clocks,0.998951416015625,1.0,3076,3076,0,176.61325966850828,259,3108,288.1491712707182,12
3705,Ironing,0.998951416015625,1.0,156,156,0,1659.364640883978,0,0,1524.1823204419888,40
3719,Mugs and cups,0.998951416015625,0.9487438199979821,9911,9403,508,2840.453038674033,95,3420,4450.5690607734805,36
3720,Mugs and cups,0.998951416015625,1.0,11289,11289,0,3557.502762430939,166,5976,6139.8729281767955,36
3721,Mugs and cups,0.998951416015625,0.9814378554021121,24620,24163,457,6434.182320441989,261,6264,9349.972375690608,24
3722,Mugs and cups,0.998951416015625,0.9664305770923264,23861,23060,801,6490.270718232045,277,6648,8695.988950276243,24
3733,Oven dishes,0.998951416015625,1.0,163,163,0,239.12154696132598,0,0,78.78453038674033,240
3735,Tableware,0.998951416015625,1.0,1036,1036,0,100.97790055248619,43,1032,128.1657458563536,24
3736,"Cloths, mops, sponges and brush",0.998951416015625,1.0,11383,11383,0,1803.1602209944751,5,11700,1382.9226519337017,2340
3738,Puzzles,0.998951416015625,1.0,3111,3111,0,112.98895027624309,130,3120,150.4585635359116,24
3741,Kitchen helpers,0.998951416015625,0.8202099737532809,762,625,137,91.2486187845304,650,650,85.61325966850829,1
3746,Cutlery,0.998951416015625,1.0,2515,2515,0,325.0552486187845,10,2400,291.4806629834254,240
3752,Cooking books,0.998951416015625,1.0,537,537,0,1240.596685082873,481,481,1257.7127071823204,1
3753,Light bulbs,0.998951416015625,1.0,2303,2303,0,502.57458563535914,3,1800,270.25414364640886,600
3754,Special pans,0.998951416015625,0.9538714991762768,607,579,28,125.13812154696133,33,660,205.5745856353591,20
3755,Personal care,0.998951416015625,1.0,462,462,0,450.7790055248619,444,444,465.8066298342541,1
3756,Wash treatment and accessories,0.998951416015625,1.0,3081,3081,0,950.9558011049724,2483,2483,843.4751381215469,1
3757,Cutlery,0.998951416015625,1.0,1565,1565,0,454.45303867403317,2,1512,148.2707182320442,756
3758,Light bulbs,0.998951416015625,1.0,5072,5072,0,708.3591160220994,13,5005,696.2707182320441,385
3759,Personal care,0.998951416015625,1.0,762,762,0,210.5635359116022,629,629,207.44751381215468,1
3772,"Glasses (drink, beer, wine etc)",0.998951416015625,1.0,773,773,0,571.939226519337,1,624,277.91160220994476,624
3779,Vacuuming,0.998951416015625,1.0,368,368,0,6264.50276243094,0,0,3959.038674033149,675
3782,Ironing boards,0.998951416015625,1.0,4727,4727,0,551.121546961326,130,4680,606.0662983425415,36
3783,Clothes hangers,0.998951416015625,0.9506821578363785,82972,78880,4092,31216.32596685083,9,72576,64636.469613259665,8064
3788,Bath textiles and bath mats,0.998951416015625,0.974439879717081,47222,46015,1207,6662.839779005525,45,81000,28350.2817679558,1800
3797,Vehicles,0.998951416015625,0.9930139720558883,4008,3980,28,155.67955801104972,675,4050,239.11602209944752,6
3803,Hobby and creative,0.998951416015625,1.0,1932,1932,0,252.28729281767957,2002,2002,364.4585635359116,1
3815,Tea and coffee,0.998951416015625,0.976625470177324,3722,3635,87,580.3922651933701,6,3456,349.8674033149171,576
3819,Coffee makers and kettles,0.998951416015625,1.0,391,391,0,677.2983425414365,0,0,394.2044198895028,40
3822,Batteries,0.998951416015625,1.0,93369,93369,0,3431.0883977900553,146,94900,6706.651933701657,650
3827,Personal care,0.998951416015625,1.0,482,482,0,136.939226519337,418,418,138.93370165745856,1
3828,Drink & food To Go,0.998951416015625,0.9683294198499514,17461,16908,553,752.4088397790056,31,17360,1138.4972375690609,560
3831,Baskets,0.998951416015625,0.9927588703837799,12429,12339,90,332.08839779005524,52,12480,417.69060773480663,240
3832,Tools,0.998951416015625,1.0,7314,7314,0,603.6961325966851,407,7326,870.4751381215469,18
3835,Personal care,0.998951416015625,0.9596003475238922,13812,13254,558,862.5801104972376,11,12320,502.3977900552486,1120
3836,Personal care,0.998951416015625,1.0,114,114,0,6312.077348066298,0,0,4265.60773480663,1
3837,Wash treatment and accessories,0.998951416015625,1.0,2881,2881,0,433.56353591160223,4,2400,222.32044198895028,600
3844,Wash treatment and accessories,0.998951416015625,0.7997254678763935,29869,23887,5982,3803.502762430939,35,23520,3194.8839779005525,672
3845,Personal care,0.998951416015625,1.0,19686,19686,0,2881.6408839779006,15,19440,2596.3756906077347,1296
3886,Gift,0.998951416015625,1.0,3367,3367,0,15548.243093922652,0,0,117.30939226519337,17640
3891,Residential odors,0.998951416015625,1.0,6970,6970,0,1117.220994475138,4,6600,419.9337016574586,1650
3909,Construction,0.998951416015625,1.0,226,226,0,194.14917127071823,1,144,106.77900552486187,144
3910,Kitchen tools,0.998951416015625,1.0,1981,1981,0,174.44198895027625,82,1968,236.8342541436464,24
3911,Teletoys,0.998951416015625,1.0,585,585,0,594.8342541436464,4,480,544.0773480662983,120
3912,Hobby and creative,0.998951416015625,1.0,505,505,0,85.7292817679558,511,511,93.01104972375691,1
3913,Serve and present,0.998951416015625,1.0,794,794,0,1477.878453038674,1312,1312,2015.1381215469614,1
3915,Construction,0.998951416015625,1.0,305,305,0,329.1491712707182,1,120,278.3646408839779,120
3918,Special pans,0.998951416015625,1.0,4185,4185,0,400.55801104972375,37,4144,502.45303867403317,112
3920,Games,0.998951416015625,1.0,1919,1919,0,378.25414364640886,6,1728,260.34806629834253,288
3921,Teletoys,0.998951416015625,1.0,355,355,0,98.20994475138122,2,240,46.3756906077348,120
3922,Vehicles,0.998951416015625,1.0,4419,4419,0,303.0,370,4440,393.0110497237569,12
3923,Games,0.998951416015625,1.0,1944,1944,0,141.68508287292818,25,2000,148.40331491712706,80
3925,"Glasses (drink, beer, wine etc)",0.998951416015625,1.0,3405,3405,0,209.72375690607734,576,3456,333.96132596685084,6
3947,Bath textiles and bath mats,0.998951416015625,1.0,13253,13253,0,541.0994475138122,30,12960,808.4419889502763,432
3948,Bath textiles and bath mats,0.998951416015625,1.0,14811,14811,0,652.585635359116,34,14280,976.0662983425415,420
3951,Window and squeegees,0.998951416015625,1.0,60373,60373,0,5499.491712707182,36,69120,17846.734806629833,1920
3959,Special pans,0.998951416015625,1.0,36,36,0,542.3646408839779,0,0,457.70165745856355,84
3965,Oven dishes,0.998951416015625,1.0,248,248,0,64.70165745856353,11,264,86.3646408839779,24
3967,Ironing boards,0.998951416015625,1.0,127,127,0,401.2817679558011,51,51,399.81767955801104,1
3970,Foods,0.998951416015625,1.0,124,124,0,1545.4696132596684,0,0,1449.6408839779006,1
3971,Cleaning products,0.998951416015625,1.0,656,656,0,341.0220994475138,2,576,173.68508287292818,288
3973,Light bulbs,0.998951416015625,1.0,2433,2433,0,482.90055248618785,8,2200,422.3204419889503,275
3975,Table paper,0.998951416015625,1.0,1674,1674,0,669.0165745856353,1,1008,147.73480662983425,1008
3979,Special pans,0.998951416015625,0.9102941176470588,680,619,61,166.86187845303868,5,630,194.92265193370164,126
3980,Drying racks,0.998951416015625,1.0,1,1,0,1255.0607734806629,0,0,1029.9116022099447,1
3984,Drying racks,0.998951416015625,1.0,2,2,0,888.3701657458563,0,0,716.3867403314918,1
3986,Bath textiles and bath mats,0.998951416015625,1.0,0,0,0,703.0,0,0,702.0,1
3987,Travel accessories,0.998951416015625,1.0,1130,1130,0,323.6740331491713,2,1008,81.69613259668509,504
3989,Tea and coffee,0.998951416015625,1.0,13674,13674,0,6891.055248618784,6,9000,10687.14364640884,1500
4006,Hobby and creative,0.998951416015625,1.0,5386,5386,0,581.9834254143647,455,5460,981.3204419889503,12
4016,Hobby and creative,0.998951416015625,1.0,510,510,0,417.55801104972375,511,511,435.7955801104972,1
4028,Window and squeegees,0.998951416015625,0.8630354618198779,68609,59212,9397,1315.657458563536,208,59904,2113.1657458563536,288
4029,Shoe maintenance,0.998951416015625,1.0,3407,3407,0,2134.1104972375692,0,0,168.27624309392266,3570
4036,Vacuuming,0.998951416015625,1.0,164,164,0,3821.292817679558,0,0,2133.425414364641,675
4040,Kitchen textile,0.998951416015625,1.0,12795,12795,0,4926.314917127072,2,6336,6077.14364640884,3168
4042,Window and squeegees,0.998951416015625,0.9677727055937861,14677,14204,473,477.4475138121547,116,13920,1957.8066298342542,120
4043,Table textiles,0.998951416015625,1.0,2570,2570,0,209.9668508287293,9,2592,163.96132596685084,288
4046,Tableware,0.998951416015625,1.0,12066,12066,0,4362.8011049723755,194,4656,6159.580110497238,24
4047,Tableware,0.998951416015625,1.0,15264,15264,0,4282.939226519337,20,16320,10778.795580110498,816
4054,Light bulbs,0.998951416015625,1.0,7689,7689,0,829.8121546961326,17,7616,884.7016574585635,448
4055,Thermos jugs,0.998951416015625,0.996937212863706,1959,1953,6,181.8950276243094,9,1944,107.54143646408839,216
4059,Foods,0.998951416015625,1.0,300,300,0,1970.9005524861877,0,0,1689.4972375690609,1
4068,Baby / Toddler,0.998951416015625,1.0,744,744,0,99.80662983425414,732,732,126.69060773480663,1
4073,Hobby and creative,0.998951416015625,0.998304823547542,6489,6478,11,169.07734806629836,90,6480,306.42541436464086,72
4074,Puzzles,0.998951416015625,1.0,4263,4263,0,135.50828729281767,358,4296,198.96132596685084,12
4076,Vehicles,0.998951416015625,1.0,162,162,0,128.7292817679558,21,126,133.3314917127072,6
4077,Puzzles,0.998951416015625,1.0,4444,4444,0,232.4585635359116,4616,4616,402.49171270718233,1
4079,Foodprep,0.998951416015625,1.0,7093,7093,0,7504.723756906077,1,3024,7039.657458563536,3024
4080,Coffee makers and kettles,0.998951416015625,1.0,2875,2875,0,3191.07182320442,2,2488,3724.1215469613257,1244
4085,Vacuuming,0.998951416015625,0.9058066956686212,5287,4789,498,312.62983425414365,303,4848,480.23756906077347,16
4086,Fans and electric blankets,0.998951416015625,0.9369165913881361,13284,12446,838,2305.3756906077347,152,10944,2781.5690607734805,72
4091,Store kitchen,0.998951416015625,1.0,725,725,0,401.03314917127074,746,746,427.6795580110497,1
4094,Bathroom accessories,0.998951416015625,1.0,2958,2958,0,136.707182320442,19,2850,103.58563535911603,150
4097,Cleaning products,0.998951416015625,0.9990121205212964,26319,26293,26,1013.0331491712707,33,26400,3445.403314917127,800
4098,Cooking pans,0.998951416015625,1.0,79,79,0,37.3756906077348,68,68,40.87292817679558,1
4103,Wash treatment and accessories,0.998951416015625,1.0,2154,2154,0,357.17127071823205,9,2106,314.8066298342541,234
4104,Cleaning products,0.998951416015625,0.9944434154473051,5399,5369,30,240.3977900552486,30,5220,346.02762430939225,174
4105,(Steam) cleaners,0.998951416015625,1.0,156,156,0,79.43093922651934,1,96,23.11049723756906,96
4108,Wash treatment and accessories,0.998951416015625,0.45700283329504554,39177,17904,21273,9762.049723756905,37,24864,3269.961325966851,672
4113,Residential odors,0.998951416015625,1.0,5318,5318,0,1427.6519337016575,2,5040,139.48618784530387,2520
4114,Window and squeegees,0.998951416015625,0.7772380024610336,78016,60637,17379,2472.8011049723755,133,59850,2941.0662983425414,450
4116,Shoe maintenance,0.998951416015625,1.0,2629,2629,0,497.2099447513812,3,1980,205.3314917127072,660
4117,Coffee makers and kettles,0.998951416015625,0.9744986578240961,37998,37029,969,615.2596685082873,780,37440,1410.9613259668508,48
4122,Electric personal care,0.998951416015625,0.9540408644822224,18647,17790,857,560.060773480663,127,18288,873.232044198895,144
4123,Electric personal care,0.998951416015625,0.9900772783392016,21869,21652,217,1147.6187845303868,40,21600,1630.5745856353592,540
4133,Special pans,0.998951416015625,0.969833035441824,22939,22247,692,663.5193370165746,308,22176,1470.0331491712707,72
4134,Frying pans,0.998951416015625,1.0,8230,8230,0,2053.939226519337,9185,9185,2386.011049723757,1
4153,Stationary,0.998951416015625,1.0,37286,37286,0,1049.7955801104972,1924,38480,2495.1878453038676,20
4160,Hobby and creative,0.998951416015625,1.0,7105,7105,0,2691.4364640883978,104,6240,4433.171270718232,60
4164,Kitchen tools,0.998951416015625,1.0,821,821,0,346.3370165745856,1,480,77.08839779005525,480
4166,Girls toys,0.998951416015625,1.0,161,161,0,199.1049723756906,0,0,21.22099447513812,192
4168,Vehicles,0.998951416015625,0.7980419924881473,16241,12961,3280,789.3314917127071,1235,14820,1103.1602209944751,12
4171,"Glasses (drink, beer, wine etc)",0.998951416015625,1.0,2323,2323,0,1405.3038674033148,1,1026,853.707182320442,1026
4172,Tea and coffee,0.998951416015625,0.9830095972815356,21777,21407,370,974.878453038674,30,21600,1394.6298342541436,720
4176,Window and squeegees,0.998951416015625,0.8702268873165312,68404,59527,8877,1260.3977900552486,222,59940,2064.519337016575,270
4187,Knives,0.998951416015625,0.9911679610172073,32835,32545,290,8000.790055248619,3,23760,11972.430939226519,7920
4191,Cutlery,0.998951416015625,1.0,22975,22975,0,10233.171270718232,5,20000,17497.116022099446,4000
4192,Window and squeegees,0.998951416015625,0.9865819932397829,48815,48160,655,1728.3812154696132,37,47952,2117.596685082873,1296
4194,Stairs,0.998951416015625,1.0,3218,3218,0,99.33149171270718,159,3180,209.1988950276243,20
4203,Bed textile,0.998951416015625,1.0,842,842,0,302.35911602209944,2,500,304.5524861878453,250
4206,Mugs and cups,0.998951416015625,1.0,12408,12408,0,3456.524861878453,344,12384,8854.016574585636,36
4215,Tea and coffee,0.998951416015625,1.0,15330,15330,0,4800.265193370165,33,11880,9869.441988950277,360
4216,Tea and coffee,0.998951416015625,1.0,16,16,0,389.02762430939225,0,0,260.2651933701657,24
4217,Tableware,0.998951416015625,1.0,4585,4585,0,593.6243093922652,66,4752,735.8232044198895,72
4221,Large garden,0.998951416015625,1.0,57,57,0,192.19337016574585,0,0,89.11602209944752,72
4223,"Glasses (drink, beer, wine etc)",0.998951416015625,1.0,559,559,0,259.62983425414365,5,480,229.0110497237569,96
4224,Cutlery,0.998951416015625,1.0,628,628,0,459.9944751381216,0,0,49.13812154696133,756
4227,Special pans,0.998951416015625,0.9689554419284149,2738,2653,85,597.3812154696133,2639,2639,695.3370165745856,1
4233,Bakeware,0.998951416015625,1.0,548,548,0,84.28729281767956,28,560,94.25966850828729,20
4239,Baby / Toddler,0.998951416015625,1.0,4329,4329,0,175.61325966850828,371,4452,336.6795580110497,12
4242,Stuffed animals,0.998951416015625,1.0,2371,2371,0,211.11602209944752,13,2496,230.3977900552486,192
4255,Boys toys,0.998951416015625,1.0,7956,7956,0,773.2596685082873,41,8200,1274.4530386740332,200
4261,Foodprep,0.998951416015625,1.0,9502,9502,0,4474.657458563536,11,12408,9447.414364640885,1128
4262,Batteries,0.998951416015625,0.9477140077821011,37008,35073,1935,1216.2596685082874,3614,36140,2573.9337016574586,10
4264,Cooking pans,0.998951416015625,1.0,1274,1274,0,147.55248618784532,6,1152,96.82872928176796,192
4265,Window and squeegees,0.998951416015625,0.9407458460621414,53684,50503,3181,1277.6519337016575,132,50688,2991.723756906077,384
4266,Kitchen helpers,0.998951416015625,1.0,38994,38994,0,16845.11049723757,7,34272,29673.90055248619,4896
4267,Hobby and creative,0.998951416015625,1.0,531,531,0,112.17127071823204,528,528,119.66850828729282,1
4268,"Cloths, mops, sponges and brush",0.998951416015625,1.0,0,0,0,2086.0,0,0,1121.132596685083,960
4279,"Cloths, mops, sponges and brush",0.998951416015625,0.9735875459156901,34302,33396,906,1304.1160220994475,54,29160,4349.972375690608,540
4281,Wash treatment and accessories,0.998951416015625,1.0,3710,3710,0,2086.502762430939,9,3456,1975.4088397790056,384
4282,Bakeware,0.998951416015625,1.0,17999,17999,0,921.1049723756906,21,16800,1249.8066298342542,800
4283,Tea and coffee,0.998951416015625,1.0,8061,8061,0,3419.939226519337,5671,5671,6258.867403314917,1
4284,Cutlery,0.998951416015625,0.8890471800888293,11933,10609,1324,460.95580110497235,135,12150,845.0552486187845,90
4286,Bathroom accessories,0.998951416015625,1.0,11458,11458,0,240.12707182320443,40,11520,283.90055248618785,288
4287,Kitchen textile,0.998951416015625,1.0,5286,5286,0,383.9226519337017,11,5280,347.353591160221,480
4303,"Cloths, mops, sponges and brush",0.998951416015625,1.0,24399,24399,0,1849.7845303867402,29,25056,3295.403314917127,864
4309,Vehicles,0.998951416015625,0.9789337060702875,10016,9805,211,295.90055248618785,138,9936,633.5745856353591,72
4312,Hobby and creative,0.998951416015625,0.9949984689190569,9797,9748,49,295.77348066298345,1662,9972,671.3922651933701,6
4317,Puzzles,0.998951416015625,0.9131022062134174,2221,2028,193,110.5303867403315,168,2016,131.17127071823205,12
4323,Vacuuming,0.998951416015625,1.0,162,162,0,1591.4198895027625,0,0,1475.9613259668508,24
4326,Foodprep,0.998951416015625,0.9975294365012616,19024,18977,47,310.5911602209945,341,19096,702.2872928176796,56
4329,Small storage,0.998951416015625,1.0,47997,47997,0,1609.1933701657458,20,47520,1154.7403314917126,2376
4331,Window and squeegees,0.998951416015625,0.9409550474412817,32145,30247,1898,878.4254143646409,78,29952,1806.9392265193371,384
4332,Tableware,0.998951416015625,1.0,4676,4676,0,711.232044198895,8,4608,910.6132596685082,576
4336,Racks and pockets,0.998951416015625,1.0,25511,25511,0,14443.21546961326,3,18000,18800.60220994475,6000
4337,Racks and pockets,0.998951416015625,1.0,135898,135898,0,52540.97237569061,14,84000,92802.22651933701,6000
4341,Baskets,0.998951416015625,1.0,8912,8912,0,330.76243093922653,23,8832,284.71270718232046,384
4343,Baskets,0.998951416015625,0.9986368062317429,10270,10256,14,322.1878453038674,28,10080,302.69613259668506,360
4345,Wash treatment and accessories,0.998951416015625,1.0,3589,3589,0,306.52486187845307,12,3600,294.08839779005524,300
4346,Wash treatment and accessories,0.998951416015625,1.0,2549,2549,0,452.64088397790056,4,2400,223.2707182320442,600
4347,Wash treatment and accessories,0.998951416015625,1.0,12445,12445,0,1039.9060773480662,16,12288,857.414364640884,768
4348,Cleaning products,0.998951416015625,0.9922566371681416,5424,5382,42,159.28729281767957,47,5358,303.09944751381215,114
4355,Drink & food To Go,0.998951416015625,1.0,11928,11928,0,1074.4972375690609,16,12000,1578.9171270718232,750
4356,Personal care,0.998951416015625,1.0,1187,1187,0,7326.176795580111,1266,1266,7371.436464088398,1
4362,Measuring and weighing,0.998951416015625,0.985092285849503,4226,4163,63,256.7513812154696,30,4200,343.54696132596683,140
4363,Pan sets,0.998951416015625,1.0,47,47,0,736.3149171270718,0,0,674.8508287292817,72
4384,Candles & Tealights,0.998951416015625,1.0,1002,1002,0,9184.226519337017,0,0,791.7348066298342,9120
4389,Vases,0.998951416015625,1.0,5005,5005,0,307.646408839779,26,4992,392.2099447513812,192
4402,Photo frames & albums,0.998951416015625,1.0,3255,3255,0,224.44751381215468,20,3200,263.8674033149171,160
4404,Photo frames & albums,0.998951416015625,1.0,24984,24984,0,1082.4475138121547,29,25056,1580.0883977900553,864
4409,Tableware,0.998951416015625,1.0,3592,3592,0,3652.696132596685,103,3708,5324.762430939227,36
4410,Tableware,0.998951416015625,1.0,5282,5282,0,4768.50276243094,188,4512,6910.2430939226515,24
4411,Construction,0.998951416015625,1.0,204,204,0,134.50828729281767,0,0,49.47513812154696,200
4418,Hobby and creative,0.998951416015625,1.0,1189,1189,0,325.1767955801105,16,1152,318.3922651933702,72
4422,Construction,0.998951416015625,1.0,348,348,0,99.84530386740332,92,368,122.95580110497238,4
4425,Boys toys,0.998951416015625,1.0,7473,7473,0,1099.1160220994475,1919,7676,1422.7182320441989,4
4429,Store kitchen,0.998951416015625,1.0,5989,5989,0,367.2486187845304,1605,6420,603.1270718232045,4
4433,Drink & food To Go,0.998951416015625,0.9794563349476644,12802,12539,263,813.5193370165746,10,12000,689.2596685082873,1200
4437,Wash treatment and accessories,0.998951416015625,0.9621021512139892,31796,30591,1205,906.5303867403314,32,30720,1603.0055248618785,960
4438,Racks and pockets,0.998951416015625,1.0,1609,1609,0,202.87845303867402,1614,1614,258.6795580110497,1
4440,"Cloths, mops, sponges and brush",0.998951416015625,0.9357913117660388,75021,70204,4817,3300.182320441989,52,58240,9390.055248618784,1120
4441,Kitchen helpers,0.998951416015625,0.9134684147794994,8390,7664,726,397.8232044198895,63,7560,450.08839779005524,120
4442,"Cloths, mops, sponges and brush",0.998951416015625,0.9892678965077155,17238,17053,185,1037.132596685083,14,16800,1656.4419889502763,1200
4445,Vacuuming,0.998951416015625,0.98274627720504,13968,13727,241,935.9723756906077,19,12825,2016.1160220994475,675
4447,Store kitchen,0.998951416015625,1.0,8777,8777,0,335.18232044198896,18,8640,225.04972375690608,480
4448,Bakeware,0.998951416015625,0.9955278035608809,23702,23596,106,1269.6408839779006,18,21600,1612.7403314917126,1200
4452,Waste bins,0.998951416015625,0.9165668131185373,22533,20653,1880,2118.6132596685084,43,20124,1873.3204419889503,468
4453,Window and squeegees,0.998951416015625,0.9992306377158489,11698,11689,9,542.0828729281768,80,11520,908.1381215469613,144
4456,"Cloths, mops, sponges and brush",0.998951416015625,1.0,7448,7448,0,605.8232044198895,7,6720,217.13812154696132,960
4471,Gift cards,0.998951416015625,1.0,0,0,0,3079.0,0,0,79.0,3000
4474,Tableware,0.998951416015625,1.0,5096,5096,0,788.9723756906077,214,5136,970.9060773480663,24
4477,Tableware,0.998951416015625,1.0,6219,6219,0,6292.867403314917,5349,5349,6348.298342541437,1
4479,Bicycle accessories,0.998951416015625,1.0,21,21,0,341.2486187845304,0,0,287.3204419889503,1
4480,Others,0.998951416015625,1.0,1513,1513,0,629.3701657458563,2,1344,259.6243093922652,672
4481,"Glasses (drink, beer, wine etc)",0.998951416015625,1.0,414,414,0,782.1988950276243,0,0,112.61878453038673,864
4482,Bed textile,0.998951416015625,1.0,2211,2211,0,564.7900552486187,14,1960,1149.4088397790056,140
4485,Table textiles,0.998951416015625,1.0,72505,72505,0,35111.02209944752,1,43776,25185.707182320442,43776
4489,Vehicles,0.998951416015625,1.0,3311,3311,0,400.10497237569064,3480,3480,659.0773480662983,1
4490,Construction,0.998951416015625,1.0,1460,1460,0,272.2044198895028,31,1550,359.55801104972375,50
4492,Foods,0.998951416015625,1.0,491,491,0,4929.248618784531,85,85,4883.375690607735,1
4496,Hobby and creative,0.998951416015625,1.0,3126,3126,0,170.41988950276243,537,3222,282.7955801104972,6
4499,Cleaning products,0.998951416015625,1.0,4420,4420,0,1595.0441988950276,4169,4169,1753.1546961325967,1
4503,Games,0.998951416015625,1.0,3000,3000,0,310.3370165745856,507,3042,528.8453038674033,6
4513,Measuring and weighing,0.998951416015625,1.0,37116,37116,0,34125.09392265193,4884,29304,49441.044198895026,6
4516,Vacuuming,0.998951416015625,1.0,30461,30461,0,6206.458563535912,5889,35334,18334.35359116022,6
4517,Knives,0.998951416015625,0.9548682341802115,6337,6051,286,1937.8232044198894,2,4800,1968.8729281767955,2400
4518,Foodprep,0.998951416015625,1.0,4625,4625,0,225.83977900552486,1189,4756,404.34806629834253,4
4520,Vacuuming,0.998951416015625,1.0,3260,3260,0,488.8618784530387,278,3336,608.8397790055249,12
4526,Insecticides,0.998951416015625,1.0,124,124,0,3369.0773480662983,0,0,2358.756906077348,1008
4527,Tea and coffee,0.998951416015625,1.0,11301,11301,0,1844.232044198895,3,9600,508.5193370165746,3200
4531,Store kitchen,0.998951416015625,0.9739705468530157,21322,20767,555,741.2707182320441,79,21330,1412.232044198895,270
4535,Laundry baskets,0.998951416015625,1.0,10558,10558,0,557.646408839779,138,10350,685.7790055248619,75
4536,Drying racks,0.998951416015625,0.9648319072963687,14843,14321,522,496.0497237569061,68,14280,929.8121546961326,210
4537,Small storage,0.998951416015625,0.938945222383175,18639,17501,1138,910.3149171270718,15,17550,969.3149171270718,1170
4539,Bathroom accessories,0.998951416015625,1.0,4938,4938,0,5675.314917127072,1,3600,4819.834254143647,3600
4544,Bakeware,0.998951416015625,1.0,503,503,0,75.43646408839778,25,500,84.28729281767956,20
4546,Wash treatment and accessories,0.998951416015625,1.0,1144,1144,0,3179.4696132596687,1061,1061,3211.1215469613257,1
4547,Cleaning products,0.998951416015625,0.9922653832932279,17454,17319,135,1028.1546961325967,39,17550,2722.497237569061,450
4548,Wash treatment and accessories,0.998951416015625,1.0,2291,2291,0,224.9060773480663,38,2280,279.4806629834254,60
4552,Cleaning products,0.998951416015625,0.8621423047177108,10344,8918,1426,411.8508287292818,62,8928,680.4751381215469,144
4556,Euro articles,0.998951416015625,1.0,5133,5133,0,2843.171270718232,1,3744,708.4033149171271,3744
4558,Cleaning products,0.998951416015625,1.0,6892,6892,0,491.1933701657459,14,6720,542.7845303867404,480
4559,Cleaning products,0.998951416015625,1.0,2921,2921,0,900.0055248618785,4,2400,675.6685082872929,600
4560,Waste bins,0.998951416015625,1.0,11524,11524,0,854.2596685082873,758,12128,2147.4088397790056,16
4562,Window and squeegees,0.998951416015625,1.0,540,540,0,4974.740331491713,0,0,4421.49723756906,104
4563,Stationary,0.998951416015625,1.0,81457,81457,0,6671.563535911602,7,73920,6998.259668508287,10560
4564,Residential odors,0.998951416015625,1.0,11759,11759,0,1398.3259668508288,5,9900,535.0441988950276,1980
4566,Personal care,0.998951416015625,1.0,29339,29339,0,6201.016574585636,25,28800,6053.276243093923,1152
4567,Window and squeegees,0.998951416015625,0.7989536826535922,36509,29169,7340,1084.3867403314916,93,29295,1302.375690607735,315
4576,Electric personal care,0.998951416015625,0.9451652618619187,10559,9980,579,399.10497237569064,31,9920,444.6132596685083,320
4581,Measuring and weighing,0.998951416015625,0.8153685674547984,5752,4690,1062,532.9116022099447,5,4000,302.45303867403317,800
4589,Other Holidays,0.998951416015625,0.8444718401245782,15412,13015,2397,2618.9447513812156,6,13200,1614.4917127071824,2200
4596,Personal care,0.998951416015625,1.0,714,714,0,329.0110497237569,756,756,335.51381215469615,1
4620,Candles & Tealights,0.998951416015625,1.0,39765,39765,0,19384.86740331492,3,21600,25783.563535911602,7200
4621,Candles & Tealights,0.998951416015625,1.0,136,136,0,1596.9005524861877,0,0,648.2983425414365,1050
4628,Drinks,0.998951416015625,1.0,1331,1331,0,3895.3591160220994,701,701,3895.92817679558,1
4638,Residential odors,0.998951416015625,0.9900049975012494,12006,11886,120,424.6740331491713,2113,12678,694.8232044198895,6
4652,Photo frames & albums,0.998951416015625,1.0,29513,29513,0,1139.1823204419888,34,29376,1828.7845303867402,864
4654,Photo frames & albums,0.998951416015625,0.999784876841992,9297,9295,2,411.7900552486188,485,9700,767.3425414364641,20
4659,Gift cards,0.998951416015625,1.0,0,0,0,3177.0,0,0,70.23756906077348,3000
4660,Gift cards,0.998951416015625,1.0,0,0,0,3040.0,0,0,40.0,3000
4663,Gift cards,0.998951416015625,1.0,0,0,0,3176.0,0,0,113.92817679558011,3000
4665,Window and squeegees,0.998951416015625,1.0,2433,2433,0,357.89502762430936,5,2310,207.3977900552486,462
4683,Personal care,0.998951416015625,0.9782608695652174,1978,1935,43,316.0773480662983,2266,2266,391.96685082872926,1
4685,Boys toys,0.998951416015625,1.0,17,17,0,354.72375690607737,0,0,20.70718232044199,336
4687,Construction,0.998951416015625,1.0,250,250,0,321.5966850828729,1,180,252.24861878453038,180
4690,Hobby and creative,0.998951416015625,0.9314860367530025,13822,12875,947,159.49171270718233,13371,13371,660.4585635359116,1
4691,Tableware,0.998951416015625,1.0,14790,14790,0,10082.762430939227,13591,13591,16546.96685082873,1
4692,Tableware,0.998951416015625,1.0,5516,5516,0,7691.303867403315,5388,5388,10183.298342541437,1
4701,Residential odors,0.998951416015625,0.9955386528194251,13673,13612,61,613.0331491712707,2391,14346,917.4585635359116,6
4706,Foils and bags,0.998951416015625,0.9262651705976643,4367,4045,322,2107.513812154696,1,2800,553.4475138121547,2800
4707,Boys toys,0.998951416015625,1.0,1379,1379,0,403.5359116022099,11,1320,396.2817679558011,120
4711,"Glasses (drink, beer, wine etc)",0.998951416015625,1.0,5346,5346,0,460.8232044198895,879,5274,652.9447513812155,6
4715,Drink & food To Go,0.998951416015625,1.0,6125,6125,0,714.4861878453039,9,5616,839.3756906077348,624
4716,Wash treatment and accessories,0.998951416015625,1.0,5160,5160,0,289.8011049723757,16,5248,315.03867403314916,328
4718,Window and squeegees,0.998951416015625,0.8477434679334916,21050,17845,3205,1458.0662983425414,71,18176,1831.878453038674,256
4720,Wash treatment and accessories,0.998951416015625,0.9725005566688933,17964,17470,494,460.6353591160221,91,17472,1036.6519337016575,192
4726,Drying racks,0.998951416015625,0.9791155866900175,22840,22363,477,1214.8011049723757,80,20160,4104.850828729282,252
4729,Knives,0.998951416015625,1.0,2520,2520,0,181.32596685082873,2516,2516,272.0055248618784,1
4730,Ironing board textiles,0.998951416015625,1.0,2861,2861,0,256.6353591160221,30,2880,315.6685082872928,96
4731,Mugs and cups,0.998951416015625,0.9768488279265549,27558,26920,638,7620.187845303867,6,12000,13307.762430939227,2000
4742,Light bulbs,0.998951416015625,1.0,2813,2813,0,385.3204419889503,7,2618,291.30386740331494,374
4746,Hobby and creative,0.998951416015625,1.0,135,135,0,85.39779005524862,1,72,47.86740331491713,72
4757,Games,0.998951416015625,1.0,1912,1912,0,288.707182320442,342,2052,430.2486187845304,6
4764,Construction,0.998951416015625,1.0,1014,1014,0,241.87292817679557,4,960,190.24861878453038,240
4770,Vacuuming,0.998951416015625,1.0,9202,9202,0,3264.1988950276245,1444,8664,6441.596685082873,6
4773,Tableware,0.998951416015625,1.0,16644,16644,0,7405.425414364641,6,14688,12710.325966850829,2448
4776,Store kitchen,0.998951416015625,1.0,19440,19440,0,677.646408839779,121,19360,910.7127071823204,160
4782,Thermos jugs,0.998951416015625,0.9376160415893056,13465,12625,840,4888.546961325967,9,14040,10909.524861878454,1560
4783,Baskets,0.998951416015625,1.0,12952,12952,0,369.1878453038674,54,12960,458.4696132596685,240
4784,Tools,0.998951416015625,0.9917513907538845,20852,20680,172,594.0662983425415,108,20736,1274.9447513812154,192
4785,Cleaning products,0.998951416015625,0.9826292933280695,5066,4978,88,197.0331491712707,17,4794,243.04972375690608,282
4786,Personal care,0.998951416015625,1.0,10404,10404,0,2918.0883977900553,8296,8296,2665.657458563536,1
4787,Cleaning products,0.998951416015625,0.9833137485311398,4255,4184,71,159.00552486187846,24,4176,240.86740331491714,174
4788,Cleaning products,0.998951416015625,1.0,3152,3152,0,287.1767955801105,11,3036,274.89502762430936,276
4793,Personal care,0.998951416015625,1.0,13829,13829,0,4031.425414364641,8,12240,3122.9171270718234,1530
4794,Wash treatment and accessories,0.998951416015625,1.0,7814,7814,0,658.0055248618785,18,7776,747.182320441989,432
4797,Cleaning products,0.998951416015625,1.0,5054,5054,0,956.7292817679559,3,4320,290.17127071823205,1440
4798,Wash treatment and accessories,0.998951416015625,0.9359529702970297,3232,3025,207,875.5524861878453,3223,3223,862.2099447513813,1
4806,Electric personal care,0.998951416015625,0.9421239128100505,9313,8774,539,138.73480662983425,440,8800,319.6077348066298,20
4812,Cooking pans,0.998951416015625,0.8612113918973124,2493,2147,346,161.0,13,2496,146.87845303867402,192
4818,Other Holidays,0.998951416015625,0.6256478245148849,8297,5191,3106,1691.2983425414366,575,6900,1315.0828729281768,12
4841,Stationary,0.998951416015625,1.0,10586,10586,0,1516.9447513812154,3,8208,503.2707182320442,2736
4849,Kitchen tools,0.998951416015625,1.0,1784,1784,0,162.9060773480663,74,1776,217.23204419889504,24
4850,Kitchen tools,0.998951416015625,1.0,1093,1093,0,118.28729281767956,31,1116,142.32596685082873,36
4851,Kitchen tools,0.998951416015625,1.0,803,803,0,150.86187845303868,4,768,83.40331491712708,192
4852,Hobby and creative,0.998951416015625,1.0,519,519,0,2702.558011049724,1,288,2579.806629834254,288
4856,Vacuuming,0.998951416015625,1.0,24,24,0,387.0828729281768,0,0,326.8011049723757,16
4857,Hobby and creative,0.998951416015625,1.0,2225,2225,0,437.68508287292815,2279,2279,523.3425414364641,1
4858,Tableware,0.998951416015625,1.0,2241,2241,0,330.45303867403317,18,2016,351.45303867403317,112
4859,Tableware,0.998951416015625,1.0,2130,2130,0,386.89502762430936,4,1728,218.04419889502762,432
4864,"Glasses (drink, beer, wine etc)",0.998951416015625,1.0,490,490,0,102.37016574585635,83,498,117.2707182320442,6
4866,Serve and present,0.998951416015625,1.0,985,985,0,429.23204419889504,1,672,95.69613259668509,672
4873,Toilet cleaners and odors,0.998951416015625,0.9570866278867254,28709,27477,1232,1934.1049723756905,29,27840,2345.745856353591,960
4875,Table paper,0.998951416015625,1.0,4997,4997,0,685.6408839779006,5,5040,353.89502762430936,1008
4876,Moisture treatment and climate,0.998951416015625,0.9950848321561203,27466,27331,135,2220.8674033149173,8,25600,2542.0552486187844,3200
4880,Window and squeegees,0.998951416015625,0.9994372865569698,51536,51507,29,940.6850828729282,55,50820,1586.292817679558,924
4881,Window and squeegees,0.998951416015625,0.9941628069284943,31522,31338,184,662.110497237569,177,31860,1776.5635359116022,180
4882,Stairs,0.998951416015625,1.0,5598,5598,0,187.9668508287293,276,5520,386.21546961325964,20
4886,Kitchen textile,0.998951416015625,1.0,10402,10402,0,2617.6243093922653,24,11520,6338.1988950276245,480
4887,Kitchen textile,0.998951416015625,1.0,15698,15698,0,7040.629834254144,2,15980,6917.375690607735,7990
4892,Ironing board textiles,0.998951416015625,1.0,10387,10387,0,786.3038674033149,16,10560,1861.1767955801106,660
4894,Bed textile,0.998951416015625,1.0,4659,4659,0,1081.3812154696132,166,3320,2164.3646408839777,20
4901,Serve and present,0.998951416015625,1.0,3669,3669,0,180.66298342541435,157,3768,307.3370165745856,24
4902,Tea and coffee,0.998951416015625,1.0,4644,4644,0,467.82872928176795,7,4410,331.91160220994476,630
4903,Tea and coffee,0.998951416015625,1.0,259,259,0,493.3370165745856,3,72,459.3425414364641,24
4904,Light bulbs,0.998951416015625,1.0,4044,4044,0,647.1602209944751,10,3850,606.243093922652,385
4906,Cleaning products,0.998951416015625,1.0,643,643,0,51.13259668508287,660,660,74.08839779005525,1
4907,Tools,0.998951416015625,1.0,26,26,0,32.30386740331492,21,21,31.640883977900554,1
4909,Drink & food To Go,0.998951416015625,1.0,6575,6575,0,4981.972375690608,13183,13183,10682.331491712706,1
4915,Light bulbs,0.998951416015625,1.0,6610,6610,0,834.5966850828729,14,6272,855.8011049723757,448
4917,Personal care,0.998951416015625,1.0,227,227,0,3149.718232044199,0,0,2869.453038674033,1
4918,Tools,0.998951416015625,1.0,72,72,0,135.82872928176795,0,0,17.662983425414364,150
4921,Baskets,0.998951416015625,1.0,2689,2689,0,424.5359116022099,22,2816,914.7900552486187,128
4922,Light bulbs,0.998951416015625,1.0,1322,1322,0,464.83425414364643,2,946,257.21546961325964,473
4930,Kitchen tools,0.998951416015625,1.0,1419,1419,0,459.6629834254144,58,1392,500.585635359116,24
4933,Puzzles,0.998951416015625,1.0,174,174,0,184.00552486187846,1,160,62.80110497237569,160
4951,Games,0.998951416015625,1.0,2569,2569,0,447.4585635359116,2576,2576,627.232044198895,1
4953,Puzzles,0.998951416015625,0.999228593468758,3889,3886,3,127.90055248618785,325,3900,183.44198895027625,12
4962,"Glasses (drink, beer, wine etc)",0.998951416015625,1.0,672,672,0,49.71823204419889,118,708,71.07182320441989,6
4965,"Glasses (drink, beer, wine etc)",0.998951416015625,1.0,658,658,0,219.44198895027625,95,570,235.646408839779,6
4966,Store kitchen,0.998951416015625,1.0,7858,7858,0,263.1878453038674,2054,8216,570.060773480663,4
4970,"Cloths, mops, sponges and brush",0.998951416015625,0.9933861353800931,24494,24332,162,1408.2265193370165,13,20800,2999.9116022099447,1600
4974,Kitchen tools,0.998951416015625,0.9934344862249866,31833,31624,209,12785.0773480663,6,30000,23478.419889502762,5000
4978,Window and squeegees,0.998951416015625,0.9939222357860835,38501,38267,234,867.646408839779,54,37800,1986.8950276243095,700
4982,Ironing board textiles,0.998951416015625,1.0,37696,37696,0,1356.254143646409,177,38940,6708.408839779006,220
4985,Personal care,0.998951416015625,1.0,14144,14144,0,6038.088397790055,17,15300,5930.055248618784,900
5001,Shopping bags and trolleys,0.998951416015625,1.0,5129,5129,0,675.3701657458563,5264,5264,873.1657458563536,1
5008,Measuring and weighing,0.998951416015625,0.8469601677148847,954,808,146,435.52486187845307,1,576,210.59668508287294,576
5015,Construction,0.998951416015625,1.0,841,841,0,106.7182320441989,227,908,166.84530386740332,4
5025,Tea and coffee,0.998951416015625,1.0,12603,12603,0,3763.707182320442,2,10080,3040.022099447514,5040
5027,Small storage,0.998951416015625,0.9939268212020084,33261,33059,202,1018.3093922651934,24,32256,810.9668508287293,1344
5033,Bathroom accessories,0.998951416015625,1.0,5936,5936,0,315.5303867403315,38,6156,461.353591160221,162
5038,Storage boxes,0.998951416015625,1.0,2197,2197,0,284.9447513812155,152,1824,289.57458563535914,12
5039,Baskets,0.998951416015625,0.998333459586395,13201,13179,22,362.82872928176795,37,13320,404.3867403314917,360
5040,Wash treatment and accessories,0.998951416015625,0.8891791857173961,4593,4084,509,799.292817679558,4,3456,491.646408839779,864
5042,Personal care,0.998951416015625,0.9765608994830142,82981,81036,1945,4090.259668508287,70,80640,6416.1270718232045,1152
5045,Cleaning products,0.998951416015625,1.0,22896,22896,0,2677.314917127072,21071,21071,3474.92817679558,1
5047,Cleaning products,0.998951416015625,1.0,7653,7653,0,484.4088397790055,16,7680,575.5027624309392,480
5051,Cleaning products,0.998951416015625,1.0,5931,5931,0,2588.4475138121547,8,5520,2339.060773480663,690
5052,Commercial non-trade goods,0.998951416015625,1.0,72275,72275,0,7006.60773480663,6,63360,6458.055248618784,10560
5057,Foodprep,0.998951416015625,0.9770534550195568,7670,7494,176,239.50828729281767,378,7560,514.8729281767955,20
5062,Electric personal care,0.998951416015625,0.9168053244592346,2404,2204,200,85.77900552486187,110,2200,121.82872928176796,20
5063,Pan sets,0.998951416015625,0.924260011607661,3446,3185,261,206.3646408839779,68,3264,285.76795580110496,48
5066,Bakeware,0.998951416015625,1.0,13569,13569,0,9336.370165745857,5,12000,13503.53038674033,2400
5067,"BBQ, beach and camping",0.998951416015625,0.644615236285002,72603,46801,25802,17997.116022099446,11,52272,9053.690607734807,4752
5068,Other Holidays,0.998951416015625,0.8299058905542,8607,7143,1464,2930.3480662983425,2,5600,839.2541436464088,2800
5082,Candles & Tealights,0.998951416015625,1.0,932,932,0,1073.6132596685084,0,0,710.5359116022099,1050
5088,Residential odors,0.998951416015625,0.9909668128559272,15277,15139,138,623.9668508287293,2585,15510,958.5745856353591,6
5096,Vases,0.998951416015625,0.9742437855645403,3339,3253,86,148.21546961325967,41,3280,233.5635359116022,80
5099,Tea and coffee,0.998951416015625,1.0,5884,5884,0,3313.027624309392,5789,5789,5992.624309392265,1
5101,Small garden,0.998951416015625,1.0,1125,1125,0,608.1933701657458,1141,1141,650.3867403314918,1
5106,Tableware,0.998951416015625,1.0,5054,5054,0,4221.016574585636,332,3984,6151.707182320442,12
5108,Games,0.998951416015625,0.9959183673469387,2450,2440,10,317.6022099447514,9,2592,352.11049723756906,288
5114,"Glasses (drink, beer, wine etc)",0.998951416015625,1.0,902,902,0,402.95580110497235,2,600,244.21546961325967,300
5117,Store kitchen,0.998951416015625,1.0,11318,11318,0,393.0,2985,11940,839.5027624309392,4
5119,Personal care,0.998951416015625,1.0,6790,6790,0,1650.4696132596684,3,6750,583.0994475138122,2250
5121,Wash treatment and accessories,0.998951416015625,0.9412452762281807,11114,10461,653,288.6353591160221,95,10640,640.2541436464088,112
5124,Bakeware,0.998951416015625,0.9610686054867481,47314,45472,1842,1974.3867403314916,268,44220,3681.3756906077347,165
5125,Foils and bags,0.998951416015625,0.9886108757414146,40126,39669,457,3470.585635359116,20,38400,3893.6298342541436,1920
5126,Gift,0.998951416015625,1.0,107362,107362,0,5508.552486187846,70,105000,8684.232044198896,1500
5128,Cutlery,0.998951416015625,1.0,14997,14997,0,882.5138121546961,60,14400,1310.988950276243,240
5129,Cutlery,0.998951416015625,0.9783029833397908,2581,2525,56,119.80662983425414,108,2592,204.1657458563536,24
5134,Kitchen helpers,0.998951416015625,1.0,15008,15008,0,6746.182320441989,8,19584,13738.325966850829,2448
5139,Bed textile,0.998951416015625,1.0,1500,1500,0,511.3259668508287,62,1116,835.6519337016574,18
5142,Bath textiles and bath mats,0.998951416015625,1.0,47167,47167,0,7534.790055248619,54,68040,26238.91712707182,1260
5144,Bed textile,0.998951416015625,1.0,2056,2056,0,1588.2707182320441,1,1200,1323.0718232044198,1200
5152,Gift cards,0.998951416015625,1.0,0,0,0,3041.0,0,0,41.0,3000
5153,Planks,0.998951416015625,1.0,929,929,0,1326.3867403314916,770,770,1354.7016574585634,1
5154,Hobby and creative,0.998951416015625,1.0,0,0,0,60.0,0,0,50.13259668508287,6
5155,Cutlery,0.998951416015625,1.0,4430,4430,0,513.2596685082873,38,4560,624.5966850828729,120
5156,Clocks,0.998951416015625,1.0,133,133,0,558.0165745856353,68,68,557.2154696132596,1
5157,Tableware,0.998951416015625,0.7914884516680923,4676,3701,975,443.6077348066298,51,3672,446.0718232044199,72
5159,Home decoration,0.998951416015625,1.0,370,370,0,264.0662983425414,378,378,276.76795580110496,1
5160,Waste bins,0.998951416015625,1.0,720,720,0,517.0718232044198,10,1600,645.3922651933701,160
5161,Light bulbs,0.998951416015625,1.0,480,480,0,241.33701657458565,1,352,54.790055248618785,352
5162,Baby / Toddler,0.998951416015625,1.0,583,583,0,191.6022099447514,579,579,212.6022099447514,1
5165,Personal care,0.998951416015625,0.8091419406575782,1247,1009,238,558.1270718232045,1270,1270,423.56906077348066,1
5166,Euro articles,0.998951416015625,1.0,0,0,0,2683.0,0,0,2677.171270718232,1
5169,Foods,0.998951416015625,1.0,0,0,0,3126.0,0,0,3114.3204419889503,1
5174,Shopping bags and trolleys,0.998951416015625,1.0,3765,3765,0,11287.834254143647,2014,2014,12347.734806629835,1
5175,Toilet cleaners and odors,0.998951416015625,0.9177110427997163,4229,3881,348,342.16022099447514,12,3600,226.3646408839779,300
5179,Hobby and creative,0.998951416015625,1.0,641,641,0,100.32596685082873,8,576,78.88397790055248,72
5181,Shopping bags and trolleys,0.998951416015625,1.0,6174,6174,0,3079.2375690607737,5950,5950,3288.2983425414363,1
5186,Hobby and creative,0.998951416015625,0.9631481968939195,3799,3659,140,202.87292817679557,354,3540,397.6243093922652,10
5190,Wash treatment and accessories,0.998951416015625,1.0,4126,4126,0,1044.7182320441989,4,3456,731.8011049723757,864
5198,Hobby and creative,0.998951416015625,1.0,190,190,0,628.7845303867404,2,160,593.0331491712707,80
5200,Outdoor toys,0.998951416015625,1.0,745,745,0,288.3922651933702,9,720,261.5966850828729,80
5204,Oven dishes,0.998951416015625,1.0,314,314,0,82.39779005524862,14,336,115.4696132596685,24
5205,Coffee makers and kettles,0.998951416015625,1.0,3772,3772,0,5805.386740331492,7,18774,11188.397790055249,2682
5206,"Glasses (drink, beer, wine etc)",0.998951416015625,0.9870356882738529,6865,6776,89,722.6961325966851,10,6720,608.1491712707183,672
5210,Vacuuming,0.998951416015625,1.0,4550,4550,0,566.4751381215469,283,4528,656.1878453038674,16
5212,Batteries,0.998951416015625,1.0,81361,81361,0,4314.292817679558,55,82500,6676.07182320442,1500
5213,Coffee makers and kettles,0.998951416015625,1.0,3,3,0,12987.801104972375,17,17,12992.834254143647,1
5219,Drink & food To Go,0.998951416015625,0.9846625055108245,43097,42436,661,1705.745856353591,36,43200,2712.6353591160223,1200
5221,Toilet accessories,0.998951416015625,1.0,14478,14478,0,1129.513812154696,58,13920,2937.425414364641,240
5222,Toilet accessories,0.998951416015625,1.0,34827,34827,0,18591.066298342543,2,14400,22172.57458563536,7200
5223,"Glasses (drink, beer, wine etc)",0.998951416015625,1.0,765,765,0,355.414364640884,170,680,425.9226519337017,4
5226,Wash treatment and accessories,0.998951416015625,1.0,3171,3171,0,293.9226519337017,10,3000,270.4640883977901,300
5227,Wash treatment and accessories,0.998951416015625,1.0,1921,1921,0,285.9502762430939,26,1872,320.50276243093924,72
5228,Toilet cleaners and odors,0.998951416015625,0.7776854640495725,57774,44930,12844,4168.044198895028,45,45360,4783.850828729282,1008
5236,Wash treatment and accessories,0.998951416015625,1.0,274,274,0,1034.8011049723757,0,0,244.13812154696132,900
5239,Residential odors,0.998951416015625,1.0,6530,6530,0,1454.5524861878453,2,5040,188.88397790055248,2520
5241,Phones,0.998951416015625,1.0,12802,12802,0,610.1436464088398,32,12096,867.8453038674033,378
5243,Electrical tools,0.998951416015625,0.9073280261277812,14697,13335,1362,821.5414364640884,336,13440,1149.6519337016575,40
5255,Cooking pans,0.998951416015625,1.0,5253,5253,0,761.1988950276243,6,5040,997.5027624309392,840
5271,Candles & Tealights,0.998951416015625,1.0,36006,36006,0,2423.9337016574586,56,36288,2912.0773480662983,648
5273,Candles & Tealights,0.998951416015625,1.0,36715,36715,0,2411.685082872928,12,34560,1670.5635359116022,2880
5275,Candles & Tealights,0.998951416015625,1.0,50,50,0,787.9337016574585,0,0,257.1325966850829,480
5276,Candles & Tealights,0.998951416015625,0.9469313854030093,16017,15167,850,1035.8618784530386,20,15000,992.0939226519337,750
5283,Other Holidays,0.998951416015625,0.6458452254750061,12263,7920,4343,2801.6353591160223,10840,10840,2478.3812154696134,1
5293,Photo frames & albums,0.998951416015625,0.9943449048152295,17860,17759,101,819.3812154696133,24,17280,1137.2486187845304,720
5294,Photo frames & albums,0.998951416015625,1.0,24384,24384,0,970.9613259668508,28,24192,1485.3977900552486,864
5303,Window and squeegees,0.998951416015625,0.9923398328690808,1436,1425,11,192.64088397790056,6,1296,127.88397790055248,216
5311,Drying racks,0.998951416015625,1.0,6568,6568,0,305.939226519337,1660,6640,410.83977900552486,4
5315,Hobby and creative,0.998951416015625,1.0,401,401,0,468.5193370165746,0,0,203.75138121546962,432
5316,Tea and coffee,0.998951416015625,1.0,3075,3075,0,1550.6408839779006,3350,3350,3130.6408839779006,1
5318,Teletoys,0.998951416015625,1.0,360,360,0,466.2209944751381,2,240,402.16022099447514,120
5320,"Cloths, mops, sponges and brush",0.998951416015625,0.9668684466544157,18502,17889,613,2042.2596685082874,7,16800,2126.4309392265195,2400
5321,Tableware,0.998951416015625,1.0,6301,6301,0,4876.745856353591,5443,5443,7413.508287292818,1
5323,Construction,0.998951416015625,1.0,2,2,0,310.1325966850829,0,0,80.41988950276243,210
5330,"Glasses (drink, beer, wine etc)",0.998951416015625,1.0,887,887,0,312.43646408839777,4,768,239.707182320442,192
5335,Commercial non-trade goods,0.998951416015625,1.0,124,124,0,1174.2983425414366,0,0,314.8453038674033,630
5336,Table paper,0.998951416015625,1.0,7275,7275,0,693.4475138121547,7,7056,452.9171270718232,1008
5337,Cutlery,0.998951416015625,1.0,7965,7965,0,678.7237569060774,46,8280,900.0662983425415,180
5341,Drying racks,0.998951416015625,1.0,9953,9953,0,1169.3480662983425,8,9600,441.0828729281768,1200
5343,Kitchen tools,0.998951416015625,1.0,20206,20206,0,2452.232044198895,7,18816,3728.839779005525,2688
5346,Kitchen helpers,0.998951416015625,1.0,243,243,0,1121.7348066298343,0,0,884.767955801105,1
5347,Kitchen helpers,0.998951416015625,0.8499557047605726,21447,18229,3218,911.0828729281768,18233,18233,1551.1823204419888,1
5349,Cutlery,0.998951416015625,1.0,1834,1834,0,447.9171270718232,372,1860,512.4419889502763,5
5353,Bed textile,0.998951416015625,1.0,3577,3577,0,1655.4419889502763,3,3024,2188.828729281768,1008
5360,Mugs and cups,0.998951416015625,0.9642126789366053,15648,15088,560,4262.823204419889,207,4968,6765.436464088398,24
5375,Tea and coffee,0.998951416015625,1.0,2481,2481,0,83.88950276243094,633,2532,177.09944751381215,4
5376,Vehicles,0.998951416015625,1.0,88368,88368,0,3318.519337016575,1234,88848,5229.917127071823,72
5377,Boys toys,0.998951416015625,1.0,1711,1711,0,972.2596685082873,304,1824,1098.0662983425414,6
5394,Foodprep,0.998951416015625,1.0,6430,6430,0,3438.193370165746,1284,5136,6204.618784530387,4
5397,Batteries,0.998951416015625,1.0,60496,60496,0,2464.828729281768,49,61740,4104.96132596685,1260
5400,Coffee makers and kettles,0.998951416015625,0.9229222520107239,32824,30294,2530,985.3370165745856,369,30996,2094.5414364640883,84
5401,Bakeware,0.998951416015625,1.0,4209,4209,0,625.0165745856353,4,4000,299.75690607734805,1000
5403,Store kitchen,0.998951416015625,1.0,370,370,0,424.3922651933702,364,364,436.8618784530387,1
5404,Store kitchen,0.998951416015625,1.0,6919,6919,0,493.6795580110497,42,6720,880.7127071823204,160
5405,"Cloths, mops, sponges and brush",0.998951416015625,0.909311574584088,53557,48700,4857,3032.3370165745855,132,37620,7186.022099447514,285
5408,Others,0.998951416015625,1.0,121,121,0,1639.4530386740332,10,10,1592.6740331491712,1
5411,Cleaning products,0.998951416015625,0.9944444444444445,6120,6086,34,197.5635359116022,53,6042,367.18232044198896,114
5414,Cleaning products,0.998951416015625,0.9387905604719764,1356,1273,83,66.76795580110497,1277,1277,117.50828729281768,1
5415,"Cloths, mops, sponges and brush",0.998951416015625,1.0,10826,10826,0,1013.0276243093923,9,10368,832.8839779005525,1152
5423,Measuring and weighing,0.998951416015625,1.0,1351,1351,0,289.1325966850829,5,1125,220.99447513812154,225
5424,Special pans,0.998951416015625,0.9177957209981297,21921,20119,1802,686.7955801104972,207,19872,1383.3093922651933,96
5440,Candles & Tealights,0.998951416015625,1.0,240,240,0,1224.232044198895,0,0,828.4364640883978,600
5441,Candles & Tealights,0.998951416015625,0.962117246794033,15284,14705,579,1110.5414364640883,19,14250,1025.513812154696,750
5451,Party lights,0.998951416015625,1.0,10105,10105,0,6336.215469613259,1,3170,6026.917127071823,3170
5457,Photo frames & albums,0.998951416015625,1.0,1960,1960,0,142.21546961325967,12,1872,141.11049723756906,156
5458,Stationary,0.998951416015625,1.0,20388,20388,0,1497.4309392265193,8,21120,924.7790055248619,2640
5460,Coffee makers and kettles,0.998951416015625,1.0,1066,1066,0,86.98895027624309,44,1056,114.46408839779005,24
5462,Ironing boards,0.998951416015625,0.4900272635959248,6969,3415,3554,3186.303867403315,5846,5846,882.828729281768,1
5467,Teletoys,0.998951416015625,1.0,442,442,0,591.0441988950276,3,360,539.5414364640884,120
5468,Tea and coffee,0.998951416015625,1.0,2119,2119,0,393.43646408839777,4,1800,221.38674033149172,450
5469,Cooking books,0.998951416015625,1.0,214,214,0,49.0828729281768,209,209,54.248618784530386,1
5470,Serve and present,0.998951416015625,1.0,1526,1526,0,3827.0055248618783,325,325,3902.0055248618783,1
5472,Bath textiles and bath mats,0.998951416015625,0.9397230518598968,3683,3461,222,1029.1767955801106,5,3800,1694.988950276243,760
5474,Hobby and creative,0.998951416015625,0.9900497512437811,2211,2189,22,138.62983425414365,2272,2272,303.9447513812155,1
5484,Wash treatment and accessories,0.998951416015625,0.7255416191562144,8770,6363,2407,758.4475138121547,12,6336,582.9779005524862,528
5488,Bakeware,0.998951416015625,1.0,31413,31413,0,6022.994475138122,4,23232,8368.453038674033,5808
5491,Vacuuming,0.998951416015625,1.0,251,251,0,5053.110497237569,0,0,3405.8563535911603,675
5492,Bakeware,0.998951416015625,0.991514255408055,31111,30847,264,1353.232044198895,20,30000,1954.3701657458564,1500
5494,Kitchen tools,0.998951416015625,1.0,34433,34433,0,1630.6132596685084,23,33120,5652.5690607734805,1440
5495,Kitchen tools,0.998951416015625,1.0,95779,95779,0,4153.558011049724,63,95256,5466.629834254144,1512
5497,Racks and pockets,0.998951416015625,1.0,15302,15302,0,7216.5690607734805,8,19200,14464.906077348067,2400
5498,Cutlery,0.998951416015625,1.0,16818,16818,0,10576.580110497238,4,19584,14896.762430939227,4896
5499,Stairs,0.998951416015625,1.0,4067,4067,0,183.88397790055248,196,3920,321.3977900552486,20
5508,Bath textiles and bath mats,0.998951416015625,0.9561695517088327,18024,17234,790,4276.044198895028,14,25200,10065.723756906078,1800
5515,Tableware,0.998951416015625,1.0,1032,1032,0,724.2817679558011,5,960,1005.7182320441989,192
5516,Mugs and cups,0.998951416015625,0.9703051604638177,30443,29539,904,8421.93370165746,367,8808,10400.872928176796,24
5523,Oven dishes,0.998951416015625,1.0,314,314,0,66.43646408839778,13,312,96.65193370165746,24
5524,Planks,0.998951416015625,1.0,2666,2666,0,402.50828729281767,2614,2614,500.3314917127072,1
5527,Tableware,0.998951416015625,1.0,5551,5551,0,968.6906077348066,234,5616,1154.292817679558,24
5530,Foods,0.998951416015625,1.0,460,460,0,2455.0055248618783,415,415,2469.756906077348,1
5534,Kitchen tools,0.998951416015625,1.0,469,469,0,408.414364640884,488,488,425.51381215469615,1
5535,Stuffed animals,0.998951416015625,1.0,143,143,0,373.55801104972375,49,147,378.43093922651934,3
5536,"Glasses (drink, beer, wine etc)",0.998951416015625,1.0,308,308,0,363.6685082872928,0,0,126.1657458563536,384
5537,Shopping bags and trolleys,0.998951416015625,1.0,1947,1947,0,5369.187845303867,822,822,5805.784530386741,1
5540,Wash treatment and accessories,0.998951416015625,1.0,1461,1461,0,2111.6353591160223,1478,1478,2164.756906077348,1
5547,Games,0.998951416015625,1.0,0,0,0,21.0,0,0,20.0,1
5554,Baby / Toddler,0.998951416015625,1.0,36,36,0,59.93922651933702,21,21,57.9060773480663,1
5562,"Glasses (drink, beer, wine etc)",0.998951416015625,1.0,221,221,0,166.24861878453038,23,138,151.13812154696132,6
5563,Electrical tools,0.998951416015625,0.9660013531799729,5912,5711,201,409.09944751381215,5994,5994,625.0276243093923,1
5566,"Cloths, mops, sponges and brush",0.998951416015625,0.9782349548163815,26005,25439,566,1205.9779005524863,148,22200,3660.0662983425414,150
5568,"Cloths, mops, sponges and brush",0.998951416015625,1.0,12087,12087,0,416.6685082872928,59,12744,1684.486187845304,216
5569,Small storage,0.998951416015625,0.9536476355247981,13872,13229,643,542.5690607734807,19,12768,727.7513812154696,672
5573,Home decoration,0.998951416015625,1.0,19584,19584,0,15951.027624309392,38,20900,23220.944751381216,550
5581,Puzzles,0.998951416015625,1.0,1034,1034,0,792.9558011049724,41,984,792.5027624309392,24
5582,Puzzles,0.998951416015625,1.0,3290,3290,0,176.26519337016575,278,3336,224.5027624309392,12
5583,Hobby and creative,0.998951416015625,0.9050654142905066,2981,2698,283,131.11049723756906,2724,2724,193.06629834254144,1
5588,Batteries,0.998951416015625,0.9881535947712419,78336,77408,928,2660.2983425414363,26,78000,4133.414364640884,3000
5593,Foodprep,0.998951416015625,0.9931652206478996,32042,31823,219,1829.6298342541436,1798,32364,2518.7624309392263,18
5596,Kitchen tools,0.998951416015625,0.8810217342594667,8926,7864,1062,523.6243093922652,61,7320,681.6961325966851,120
5597,Buckets,0.998951416015625,1.0,164,164,0,920.7790055248619,0,0,401.939226519337,240
5598,Window and squeegees,0.998951416015625,0.9997712194005949,17484,17480,4,455.585635359116,48,17280,928.8011049723757,360
5599,Window and squeegees,0.998951416015625,0.9861991547807712,15144,14935,209,623.1988950276243,20,14400,817.9281767955802,720
5602,Cleaning products,0.998951416015625,1.0,14925,14925,0,1568.375690607735,17,14688,1369.1602209944751,864
5603,Bathroom accessories,0.998951416015625,0.9824754564638958,10899,10708,191,368.878453038674,24,10800,538.1767955801105,450
5604,Table textiles,0.998951416015625,1.0,1746,1746,0,384.5193370165746,3,1728,164.15469613259668,576
5605,Foils and bags,0.998951416015625,1.0,208,208,0,1244.7955801104972,119,119,1232.4088397790056,1
5606,Bathroom accessories,0.998951416015625,0.9774881516587678,5908,5775,133,242.65745856353593,34,5712,374.9060773480663,168
5608,Laundry baskets,0.998951416015625,0.7445365853658537,20500,15263,5237,575.646408839779,240,15360,721.0276243093923,64
5609,Storage boxes,0.998951416015625,0.9799681450624846,16324,15997,327,1035.988950276243,224,16128,1350.9337016574586,72
5610,Baskets,0.998951416015625,1.0,13421,13421,0,649.8950276243094,13,12870,369.0939226519337,990
5611,Baskets,0.998951416015625,0.9951069640418753,8788,8745,43,283.3922651933702,24,8640,253.19337016574585,360
5613,Baskets,0.998951416015625,0.9962187318208261,10314,10275,39,292.0220994475138,43,10320,339.50276243093924,240
5614,Baskets,0.998951416015625,1.0,8319,8319,0,266.4640883977901,21,8064,205.3038674033149,384
5615,Drink & food To Go,0.998951416015625,0.8899911426040744,11290,10048,1242,1252.3701657458564,13,10192,1432.2044198895028,784
5616,Personal care,0.998951416015625,0.9327501206899074,68357,63760,4597,2401.9060773480664,62946,62946,4807.403314917127,1
5617,Cleaning products,0.998951416015625,0.9675369288904156,11644,11266,378,570.4917127071823,25,11250,1574.9834254143645,450
5618,Others,0.998951416015625,1.0,4868,4868,0,489.96685082872926,818,4908,670.5414364640884,6
5620,Oven dishes,0.998951416015625,1.0,184,184,0,1365.1436464088397,0,0,129.37016574585635,1296
5621,Personal care,0.998951416015625,1.0,2795,2795,0,458.6629834254144,3041,3041,556.9281767955802,1
5622,Wash treatment and accessories,0.998951416015625,1.0,4894,4894,0,222.91160220994476,21,4914,289.2099447513812,234
5624,Wash treatment and accessories,0.998951416015625,1.0,20,20,0,10620.32044198895,1,1,9457.198895027625,1
5625,Wash treatment and accessories,0.998951416015625,0.8456548484509563,8941,7561,1380,1984.8839779005525,14,7392,1830.585635359116,528
5629,Cleaning products,0.998951416015625,1.0,2749,2749,0,150.939226519337,2861,2861,272.65193370165747,1
5634,Stationary,0.998951416015625,1.0,10037,10037,0,1778.5027624309391,3,9600,515.182320441989,3200
5635,Window and squeegees,0.998951416015625,0.8756459624661809,69857,61170,8687,1539.4530386740332,72,60840,2130.281767955801,845
5638,Electric personal care,0.998951416015625,0.9748369580429367,35727,34828,899,610.8453038674033,96,34560,1189.8397790055249,360
5640,Electric personal care,0.998951416015625,0.784932388924662,3106,2438,668,75.56353591160222,122,2440,102.45303867403315,20
5642,Electric personal care,0.998951416015625,0.9897490059642147,16096,15931,165,382.30386740331494,78,16380,628.292817679558,210
5644,Electric personal care,0.998951416015625,1.0,17241,17241,0,506.292817679558,48,17280,687.9613259668508,360
5650,Pan sets,0.998951416015625,0.6266741071428571,1792,1123,669,80.53591160220995,1739,1739,137.39226519337018,1
5652,Partyfun,0.998951416015625,1.0,23400,23400,0,1267.988950276243,1190,23800,1637.4198895027625,20
5653,Pan sets,0.998951416015625,1.0,1992,1992,0,629.110497237569,1993,1993,695.7900552486187,1
5660,Personal care,0.998951416015625,1.0,1930,1930,0,453.8618784530387,15,1800,411.8066298342541,120
5677,Foods,0.998951416015625,1.0,125,125,0,2624.729281767956,0,0,2060.966850828729,1
5707,Gift cards,0.998951416015625,1.0,0,0,0,3159.0,0,0,113.41988950276243,3000
5709,"TV, Audio & Video",0.998951416015625,0.9736474694589878,5730,5579,151,149.1988950276243,56,5600,186.75690607734808,100
5710,Drink & food To Go,0.998951416015625,0.9287330316742082,7956,7389,567,395.98342541436466,371,7420,936.4972375690608,20
5713,Electric personal care,0.998951416015625,0.8905000481741979,20758,18485,2273,505.16022099447514,941,18820,906.2817679558011,20
5725,"Cloths, mops, sponges and brush",0.998951416015625,0.9744449865820932,16396,15977,419,1589.0883977900553,8,15360,1687.9834254143645,1920
5726,Kitchen helpers,0.998951416015625,1.0,276,276,0,250.292817679558,0,0,47.89502762430939,324
5727,Hobby and creative,0.998951416015625,1.0,806,806,0,149.71823204419888,765,765,172.939226519337,1
5732,Tableware,0.998951416015625,1.0,1820,1820,0,2229.1657458563536,1164,1164,2786.6022099447514,1
5736,Planks,0.998951416015625,1.0,16247,16247,0,9010.67955801105,6,18000,14661.049723756905,3000
5739,Table textiles,0.998951416015625,1.0,5792,5792,0,8100.397790055249,5662,5662,10709.46961325967,1
5742,Storage boxes,0.998951416015625,1.0,3139,3139,0,221.12707182320443,161,2898,257.3204419889503,18
5746,Planks,0.998951416015625,1.0,1069,1069,0,134.1657458563536,261,1044,171.33701657458565,4
5747,Wash treatment and accessories,0.998951416015625,1.0,1501,1501,0,198.54696132596686,8,1392,156.2596685082873,174
5748,Personal care,0.998951416015625,1.0,91,91,0,731.7624309392265,0,0,666.4585635359116,1
5749,Cleaning products,0.998951416015625,0.6685951639222667,20223,13521,6702,2041.1657458563536,30,13500,1529.8839779005525,450
5751,Cleaning products,0.998951416015625,1.0,2492,2492,0,376.3756906077348,10,2340,331.7900552486188,234
5753,Wash treatment and accessories,0.998951416015625,1.0,15747,15747,0,596.8453038674033,66,15840,727.4254143646409,240
5757,Cleaning products,0.998951416015625,0.7945362519467036,46232,36733,9499,5175.834254143647,41099,41099,5326.226519337017,1
5761,Bathroom accessories,0.998951416015625,0.9946502646259476,34955,34768,187,3152.4198895027625,8,35360,4531.248618784531,4420
5772,Foodprep,0.998951416015625,1.0,5605,5605,0,496.45303867403317,185,5550,688.0110497237569,30
5773,Electric personal care,0.998951416015625,0.417541450014716,10193,4256,5937,858.9005524861878,251,5020,460.2209944751381,20
5798,Candles & Tealights,0.998951416015625,1.0,202,202,0,871.6408839779006,0,0,272.9889502762431,660
5799,Candles & Tealights,0.998951416015625,1.0,340,340,0,783.1270718232045,0,0,316.7513812154696,750
5800,Candles & Tealights,0.998951416015625,1.0,902,902,0,1328.254143646409,0,0,935.3370165745856,1050
5804,Others,0.998951416015625,1.0,783,783,0,1104.1381215469614,0,0,593.6961325966851,1050
5805,Candles & Tealights,0.998951416015625,0.9376268290077966,9363,8779,584,761.0220994475138,11,8250,526.6353591160221,750
5807,Drink & food To Go,0.998951416015625,1.0,4519,4519,0,1724.7845303867402,4577,4577,1889.1270718232045,1
5815,Residential odors,0.998951416015625,0.9289536996121176,20367,18920,1447,856.6961325966851,26,19968,886.3977900552486,768
5820,Photo frames & albums,0.998951416015625,1.0,13267,13267,0,703.0165745856353,18,12960,853.3977900552486,720
5821,Photo frames & albums,0.998951416015625,1.0,2988,2988,0,226.09944751381215,11,2904,207.32596685082873,264
5827,Foodprep,0.998951416015625,1.0,2734,2734,0,474.8453038674033,2709,2709,547.6850828729282,1
5837,Drying racks,0.998951416015625,0.888507718696398,2915,2590,325,157.96132596685084,652,2608,194.67955801104972,4
5838,Hobby and creative,0.998951416015625,1.0,10,10,0,411.1878453038674,0,0,11.895027624309392,396
5839,"Cloths, mops, sponges and brush",0.998951416015625,1.0,20371,20371,0,1990.5027624309391,11,20592,2501.806629834254,1872
5840,Construction,0.998951416015625,1.0,406,406,0,231.7403314917127,1,240,123.76795580110497,240
5841,Construction,0.998951416015625,1.0,0,0,0,256.0,0,0,128.0,128
5843,Kitchen tools,0.998951416015625,1.0,1089,1089,0,319.90055248618785,2,960,84.65745856353591,480
5845,Kitchen tools,0.998951416015625,1.0,1017,1017,0,244.4364640883978,3,864,119.6353591160221,288
5848,Bath textiles and bath mats,0.998951416015625,0.9610755441741358,3905,3753,152,844.4419889502763,9,4536,1966.0994475138123,504
5849,Tableware,0.998951416015625,1.0,1811,1811,0,1129.292817679558,76,2736,2049.0552486187844,36
5850,Tableware,0.998951416015625,1.0,1482,1482,0,1682.707182320442,1,1008,1349.8508287292818,1008
5851,Hobby and creative,0.998951416015625,0.9903225806451613,930,921,9,148.5303867403315,3,864,54.25966850828729,288
5857,Bathroom accessories,0.998951416015625,1.0,7208,7208,0,335.7513812154696,15,6840,216.76795580110496,456
5858,Racks and pockets,0.998951416015625,1.0,19847,19847,0,320.5524861878453,182,19656,585.9005524861878,108
5859,Waste bags,0.998951416015625,0.9390687578342353,32709,30716,1993,1094.657458563536,21,30240,864.171270718232,1440
5861,Construction,0.998951416015625,1.0,694,694,0,394.56353591160223,1,392,226.62983425414365,392
5863,Baskets,0.998951416015625,1.0,7560,7560,0,587.646408839779,7,6930,195.353591160221,990
5864,Storage boxes,0.998951416015625,0.7331316187594553,3305,2423,882,1198.0773480662983,14,2520,854.5303867403314,180
5866,Storage boxes,0.998951416015625,1.0,140,140,0,440.55801104972375,0,0,271.97237569060775,20
5867,Storage boxes,0.998951416015625,1.0,6104,6104,0,296.9779005524862,48,6144,328.25414364640886,128
5868,Cleaning products,0.998951416015625,0.9783754871246275,13087,12804,283,370.7182320441989,45,12690,709.3867403314918,282
5869,Cleaning products,0.998951416015625,1.0,3231,3231,0,620.8397790055249,4,2784,270.09944751381215,696
5870,Cleaning products,0.998951416015625,0.8794671177838866,23645,20795,2850,1675.0055248618785,76,21888,1301.2762430939226,288
5871,Cleaning products,0.998951416015625,0.8270667773692326,16862,13946,2916,408.56906077348066,65,14040,833.5524861878453,216
5872,Baskets,0.998951416015625,1.0,3880,3880,0,609.585635359116,48,3840,1347.375690607735,80
5874,Cleaning products,0.998951416015625,1.0,4646,4646,0,874.4254143646409,3,4320,193.6685082872928,1440
5878,Dishwashing articles,0.998951416015625,1.0,88,88,0,811.9613259668508,0,0,195.8011049723757,468
5880,Residential odors,0.998951416015625,1.0,8291,8291,0,898.6132596685082,5,7560,227.52486187845304,1512
5895,Electric personal care,0.998951416015625,1.0,8199,8199,0,196.00552486187846,417,8340,368.02762430939225,20
5896,Electric personal care,0.998951416015625,1.0,4295,4295,0,145.18232044198896,219,4380,229.33701657458565,20
5897,"TV, Audio & Video",0.998951416015625,1.0,235,235,0,758.0,197,197,760.8618784530387,1
5899,Frying pans,0.998951416015625,0.8633514165159735,16590,14323,2267,496.83425414364643,126,14112,949.3204419889503,112
5915,Candles & Tealights,0.998951416015625,0.9990266060999351,18492,18474,18,941.7900552486187,24,18000,929.9005524861878,750
5918,Candles & Tealights,0.998951416015625,0.9880515528506221,22346,22079,267,924.7348066298342,37,21756,1115.6298342541436,588
5919,Residential odors,0.998951416015625,0.9086124401913875,2090,1899,191,88.74033149171271,352,2112,130.44198895027625,6
5922,Drinks,0.998951416015625,1.0,1618,1618,0,4133.276243093923,925,925,4122.718232044199,1
5924,Cooking books,0.998951416015625,1.0,103,103,0,1087.7845303867402,29,29,1067.486187845304,1
5931,Residential odors,0.998951416015625,1.0,8151,8151,0,787.6906077348066,10,7800,578.9558011049724,780
5941,Kitchen helpers,0.998951416015625,1.0,7753,7753,0,559.3756906077348,7909,7909,858.2872928176796,1
5943,Stationary,0.998951416015625,1.0,40808,40808,0,1255.8618784530386,27,40500,2039.475138121547,1500
5946,Clocks,0.998951416015625,0.987813021702838,5990,5917,73,174.8950276243094,56,6048,344.69060773480663,108
5947,Gift cards,0.998951416015625,1.0,0,0,0,3510.0,0,0,428.5414364640884,3000
5948,Stationary,0.998951416015625,1.0,11671,11671,0,9045.104972375691,1175,14100,13923.0,12
5951,Stationary,0.998951416015625,1.0,31596,31596,0,702.7237569060774,228,32832,1876.2983425414366,144
5954,Foodprep,0.998951416015625,1.0,140,140,0,305.0552486187845,0,0,230.87845303867402,80
5955,Racks and pockets,0.998951416015625,0.5868667917448406,2665,1564,1101,491.8729281767956,27,1512,348.69613259668506,56
5956,Coffee makers and kettles,0.998951416015625,1.0,78,78,0,1345.414364640884,1,1,1298.0220994475137,1
5959,Construction,0.998951416015625,0.9938271604938271,972,966,6,67.10497237569061,129,1032,136.2707182320442,8
5971,Construction,0.998951416015625,1.0,340,340,0,124.40883977900552,4,336,93.40331491712708,84
5973,Tea and coffee,0.998951416015625,1.0,794,794,0,470.9337016574586,1021,1021,941.4198895027624,1
5974,Girls toys,0.998951416015625,1.0,657,657,0,127.05524861878453,674,674,140.58011049723757,1
5977,Cleaning products,0.998951416015625,0.9054517727792604,26230,23750,2480,850.2154696132596,19,22800,598.8066298342542,1200
5981,Window and squeegees,0.998951416015625,0.9866975712990023,9923,9791,132,243.66298342541435,262,9432,582.7955801104972,36
5982,"Glasses (drink, beer, wine etc)",0.998951416015625,1.0,503,503,0,244.8232044198895,3,396,185.31491712707182,132
5983,"Glasses (drink, beer, wine etc)",0.998951416015625,1.0,940,940,0,230.74585635359117,3,720,133.98342541436463,240
5987,Baskets,0.998951416015625,1.0,8440,8440,0,295.8839779005525,23,8280,250.6685082872928,360
5989,Baskets,0.998951416015625,0.994457582027786,13532,13457,75,349.0939226519337,56,13440,451.70165745856355,240
5991,Cleaning products,0.998951416015625,1.0,47876,47876,0,1502.0828729281768,42,48384,1690.1988950276243,1152
5992,Cleaning products,0.998951416015625,1.0,28447,28447,0,1063.5635359116022,20,28000,1416.657458563536,1400
5993,Wash treatment and accessories,0.998951416015625,1.0,589,589,0,16061.116022099448,0,0,8232.883977900552,1440
5994,Wash treatment and accessories,0.998951416015625,1.0,3293,3293,0,199.1878453038674,18,3132,234.0110497237569,174
5995,Toilet cleaners and odors,0.998951416015625,1.0,22789,22789,0,1220.0165745856355,82,23616,1973.6519337016575,288
5997,Cleaning products,0.998951416015625,0.9789579158316634,6986,6839,147,205.48618784530387,59,6726,405.56353591160223,114
5998,Thermos jugs,0.998951416015625,1.0,1755,1755,0,454.8839779005525,3,1530,319.2817679558011,510
5999,Cleaning products,0.998951416015625,0.9785272032670267,7591,7428,163,239.6243093922652,77,7392,469.50276243093924,96
6000,Cleaning products,0.998951416015625,1.0,26946,26946,0,4033.977900552486,24289,24289,4889.977900552486,1
6001,Wash treatment and accessories,0.998951416015625,1.0,18385,18385,0,1175.878453038674,111,19314,1821.7237569060774,174
6003,Waste bins,0.998951416015625,0.9708375720583249,2949,2863,86,187.64088397790056,92,2944,278.1988950276243,32
6006,Residential odors,0.998951416015625,1.0,3854,3854,0,956.121546961326,3,3600,419.9447513812155,1200
6009,Cleaning products,0.998951416015625,0.9981695297099409,7102,7089,13,1128.6795580110497,3,5940,176.65193370165747,1980
6010,Personal care,0.998951416015625,1.0,15172,15172,0,4517.414364640884,15947,15947,5076.193370165746,1
6015,Coffee makers and kettles,0.998951416015625,0.988881325164511,4407,4358,49,119.97237569060773,90,4500,264.96685082872926,50
6018,Coffee makers and kettles,0.998951416015625,0.9945461268256609,10818,10759,59,303.83425414364643,367,11010,528.0718232044198,30
6024,Measuring and weighing,0.998951416015625,1.0,41584,41584,0,13091.160220994476,3,10800,16756.911602209944,3600
6029,Partyfun,0.998951416015625,1.0,24657,24657,0,1268.3093922651933,1258,25160,1662.9779005524863,20
6040,Personal care,0.998951416015625,1.0,1830,1830,0,368.707182320442,17,2040,368.8508287292818,120
6041,Personal care,0.998951416015625,1.0,23,23,0,3877.425414364641,0,0,3148.718232044199,1
6052,Candles & Tealights,0.998951416015625,0.9867105474968252,55909,55166,743,2633.1546961325967,83,54780,3507.24861878453,660
6053,Candles & Tealights,0.998951416015625,1.0,74177,74177,0,1613.9668508287293,123,73800,2551.817679558011,600
6069,Clocks,0.998951416015625,0.972488536890371,16793,16331,462,2678.5303867403313,40,16800,8991.895027624309,420
6071,Photo frames & albums,0.998951416015625,1.0,21370,21370,0,1204.2375690607735,25,21600,1589.889502762431,864
6075,Stationary,0.998951416015625,1.0,27641,27641,0,1028.4972375690609,23,27600,1454.4309392265193,1200
6077,Foodprep,0.998951416015625,1.0,174,174,0,207.25414364640883,170,170,211.44751381215468,1
6078,Drink & food To Go,0.998951416015625,1.0,9077,9077,0,649.5524861878453,28,9408,1184.5801104972375,336
6079,Ironing,0.998951416015625,1.0,2,2,0,701.9226519337017,2,2,701.0,1
6080,Drink & food To Go,0.998951416015625,0.9318543323566346,11945,11131,814,814.7348066298342,11,10560,1109.3977900552486,960
6082,Electric personal care,0.998951416015625,0.9976058931860037,5430,5417,13,134.94475138121547,276,5520,243.67403314917127,20
6095,Construction,0.998951416015625,1.0,597,597,0,319.23204419889504,72,576,357.75690607734805,8
6096,"Cloths, mops, sponges and brush",0.998951416015625,1.0,0,0,0,3729.0,0,0,1618.121546961326,2106
6098,Batteries,0.998951416015625,1.0,309,309,0,37.790055248618785,15,300,39.187845303867405,20
6107,Ironing,0.998951416015625,0.6710794297352343,982,659,323,58.889502762430936,27,648,53.86740331491713,24
6108,Ironing,0.998951416015625,0.8969317843312481,3357,3011,346,71.54696132596685,314,3140,184.59116022099448,10
6109,Hobby and creative,0.998951416015625,1.0,1146,1146,0,535.4475138121547,1,720,155.646408839779,720
6139,Foods,0.998951416015625,1.0,795,795,0,1029.0276243093922,675,675,1053.7016574585634,1
6140,Store kitchen,0.998951416015625,1.0,6400,6400,0,382.121546961326,14,6272,618.9005524861878,448
6143,Drink & food To Go,0.998951416015625,0.9506220839813375,12860,12225,635,824.6850828729282,28,12544,1066.8950276243095,448
6144,Bathroom accessories,0.998951416015625,1.0,79927,79927,0,26482.165745856353,22,79200,62622.89502762431,3600
6145,Cooking pans,0.998951416015625,0.9597030752916225,943,905,38,136.13259668508286,51,1020,267.353591160221,20
6152,Storage boxes,0.998951416015625,0.9624728555917481,14736,14183,553,1081.4917127071824,263,14202,1363.8011049723757,54
6154,Thermos jugs,0.998951416015625,1.0,2099,2099,0,166.19337016574585,9,1944,91.78453038674033,216
6155,Storage boxes,0.998951416015625,1.0,6880,6880,0,324.10497237569064,142,6816,407.56906077348066,48
6157,Wash treatment and accessories,0.998951416015625,0.9846435615666385,14196,13978,218,369.4640883977901,44,14080,743.2817679558011,320
6158,Personal care,0.998951416015625,1.0,74272,74272,0,25262.403314917126,19,37620,16286.193370165745,1980
6159,Cleaning products,0.998951416015625,0.9763758389261745,7450,7274,176,342.646408839779,17,7140,401.3370165745856,420
6162,Wash treatment and accessories,0.998951416015625,0.6704935339139615,22734,15243,7491,1643.889502762431,53,17808,1585.7955801104972,336
6168,"Cloths, mops, sponges and brush",0.998951416015625,1.0,10657,10657,0,472.88950276243094,28,10752,659.828729281768,384
6174,Coffee makers and kettles,0.998951416015625,0.9898399014778325,25984,25720,264,674.4972375690608,313,26292,1625.9723756906078,84
6184,Special pans,0.998951416015625,0.86437125748503,13360,11548,1812,572.1546961325967,178,11392,921.8563535911602,64
6190,Bags and backpacks,0.998951416015625,1.0,18716,18716,0,1030.6022099447514,13,17784,616.9834254143647,1368
6215,Vases,0.998951416015625,1.0,2031,2031,0,249.0939226519337,13,1872,246.2596685082873,144
6216,Candles & Tealights,0.998951416015625,1.0,10442,10442,0,7708.436464088398,9,6462,10400.093922651933,718
6227,Clocks,0.998951416015625,0.997438330170778,10540,10513,27,324.0497237569061,44,10560,603.182320441989,240
6233,"Glasses (drink, beer, wine etc)",0.998951416015625,1.0,205,205,0,292.2651933701657,30,180,295.38121546961327,6
6238,Batteries,0.998951416015625,0.9188034188034188,234,215,19,33.3756906077348,10,200,25.92265193370166,20
6239,Cutlery,0.998951416015625,1.0,2751,2751,0,1712.6906077348067,2595,2595,2944.011049723757,1
6245,Storage boxes,0.998951416015625,1.0,410,410,0,376.69613259668506,12,384,369.1160220994475,32
6246,"Glasses (drink, beer, wine etc)",0.998951416015625,1.0,548,548,0,218.41436464088397,128,512,234.060773480663,4
6248,Storage boxes,0.998951416015625,1.0,8281,8281,0,481.76795580110496,125,8000,624.0110497237569,64
6250,Cleaning products,0.998951416015625,0.9954946837267976,5549,5524,25,250.99447513812154,31,5394,367.11049723756906,174
6251,Storage boxes,0.998951416015625,1.0,884,884,0,289.43093922651934,795,795,314.47513812154693,1
6256,Light bulbs,0.998951416015625,1.0,777,777,0,151.83977900552486,7,693,127.45303867403315,99
6257,Wash treatment and accessories,0.998951416015625,0.6900657365173062,29816,20575,9241,2038.0773480662983,72,24192,2145.016574585635,336
6258,Cleaning products,0.998951416015625,1.0,5109,5109,0,890.7237569060774,3,4320,237.95027624309392,1440
6259,Wash treatment and accessories,0.998951416015625,0.860110340215665,47852,41158,6694,2893.038674033149,95,41040,3195.2872928176794,432
6261,Cleaning products,0.998951416015625,1.0,3273,3273,0,660.6795580110497,2,2232,109.12707182320442,1116
6264,Waste bins,0.998951416015625,0.9850528025995126,6155,6063,92,144.39226519337018,228,6156,230.49171270718233,27
6266,Shoe maintenance,0.998951416015625,1.0,2141,2141,0,1140.232044198895,1,1512,187.56906077348066,1512
6267,Residential odors,0.998951416015625,1.0,4928,4928,0,1310.4696132596684,1,2520,121.39226519337016,2520
6268,Residential odors,0.998951416015625,1.0,5989,5989,0,876.5248618784531,3,4536,163.28176795580112,1512
6269,Window and squeegees,0.998951416015625,1.0,74367,74367,0,6645.176795580111,79,68256,13833.906077348067,864
6272,Foodprep,0.998951416015625,0.9262756058488701,58678,54352,4326,1486.6022099447514,979,54824,2629.7016574585637,56
6273,Sockets and security,0.998951416015625,1.0,7321,7321,0,886.8618784530387,9,7290,751.6629834254144,810
6274,Coffee makers and kettles,0.998951416015625,1.0,162,162,0,3701.0773480662983,2,80,3679.027624309392,40
6284,Construction,0.998951416015625,1.0,440,440,0,203.11049723756906,2,360,132.1988950276243,180
6297,Candles & Tealights,0.998951416015625,1.0,6563,6563,0,336.4475138121547,17,6460,291.28729281767954,380
6299,Candles & Tealights,0.998951416015625,1.0,226,226,0,1814.2375690607735,0,0,254.90055248618785,1710
6300,Candles & Tealights,0.998951416015625,1.0,447,447,0,9694.558011049723,0,0,902.2375690607735,9120
6301,Candles & Tealights,0.998951416015625,1.0,784,784,0,1098.7127071823204,0,0,634.2872928176796,1050
6307,Foods,0.998951416015625,1.0,4556,4556,0,1932.596685082873,4214,4214,2076.1049723756905,1
6308,Others,0.998951416015625,0.9493509933774834,18875,17919,956,762.7845303867404,23,17250,742.6961325966851,750
6309,Other Holidays,0.998951416015625,0.31749625436990175,30035,9536,20499,8666.966850828729,19882,19882,6205.955801104972,1
6332,Photo frames & albums,0.998951416015625,1.0,1483,1483,0,146.20441988950276,10,1480,127.43093922651934,148
6334,Photo frames & albums,0.998951416015625,1.0,16563,16563,0,821.0497237569061,23,16560,1084.3812154696132,720
6341,Gift cards,0.998951416015625,1.0,0,0,0,3040.0,0,0,40.0,3000
6347,Window and squeegees,0.998951416015625,1.0,2949,2949,0,185.19337016574585,150,3000,286.30939226519337,20
6348,Vacuuming,0.998951416015625,1.0,541,541,0,386.1436464088398,27,432,387.1436464088398,16
6349,Store kitchen,0.998951416015625,0.9308755760368663,868,808,60,102.8232044198895,7,840,103.90055248618785,120
6351,Tableware,0.998951416015625,0.7900916840920058,6217,4912,1305,613.3812154696133,6985,6985,1075.5524861878453,1
6365,Tableware,0.998951416015625,1.0,2116,2116,0,2193.033149171271,46,1656,2945.3922651933703,36
6367,Store kitchen,0.998951416015625,0.9449838187702265,927,876,51,68.92265193370166,1044,1044,101.92817679558011,1
6369,Drink & food To Go,0.998951416015625,1.0,450,450,0,1313.7955801104972,304,304,1322.8342541436464,1
6371,Thermos jugs,0.998951416015625,0.9918308505526189,2081,2064,17,124.1657458563536,13,2080,120.99447513812154,160
6375,Bathroom scales,0.998951416015625,1.0,1323,1323,0,861.4309392265193,5,1120,770.9723756906077,224
6380,Hobby and creative,0.998951416015625,0.9997793468667255,4532,4531,1,176.34254143646407,763,4578,340.45303867403317,6
6387,Baby / Toddler,0.998951416015625,0.7656,2500,1914,586,293.56353591160223,320,1920,325.3922651933702,6
6395,"Glasses (drink, beer, wine etc)",0.998951416015625,1.0,1085,1085,0,102.40331491712708,184,1104,138.77900552486187,6
6403,Small storage,0.998951416015625,1.0,32297,32297,0,847.5801104972376,26,31200,760.8232044198895,1200
6406,Foils and bags,0.998951416015625,0.964972877227942,45165,43583,1582,2991.646408839779,9,41400,1837.3314917127072,4600
6407,Shoe maintenance,0.998951416015625,1.0,16182,16182,0,7978.8011049723755,7,21000,14960.585635359115,3000
6408,Cleaning products,0.998951416015625,1.0,9609,9609,0,1118.2375690607735,4,7920,245.67955801104972,1980
6411,Buckets,0.998951416015625,0.9825697211155379,30120,29595,525,799.1049723756906,310,29760,1872.4475138121547,96
6414,Baskets,0.998951416015625,1.0,4342,4342,0,187.51933701657458,37,4440,194.6961325966851,120
6417,Wash treatment and accessories,0.998951416015625,0.9995967741935484,4960,4958,2,176.5027624309392,29,5046,276.49723756906076,174
6418,Cleaning products,0.998951416015625,0.9873154501975463,33663,33236,427,669.3204419889503,79,33180,1724.9944751381215,420
6419,Personal care,0.998951416015625,1.0,10361,10361,0,2928.6906077348067,8399,8399,2722.3591160220994,1
6420,Cleaning products,0.998951416015625,0.9850177185663661,22293,21959,334,682.3259668508288,18,21600,445.2044198895028,1200
6421,Cleaning products,0.998951416015625,0.9449927622055534,7599,7181,418,178.44751381215468,62,7068,393.4088397790055,114
6423,Personal care,0.998951416015625,1.0,8314,8314,0,1636.1546961325967,7,7560,1197.3812154696132,1080
6428,Cleaning products,0.998951416015625,0.9892328398384926,5201,5145,56,349.47513812154693,31,5394,448.0055248618784,174
6429,Wash treatment and accessories,0.998951416015625,1.0,16387,16387,0,11505.828729281768,40,15360,11278.082872928177,384
6430,Waste bins,0.998951416015625,0.9936639720340834,4577,4548,29,119.1988950276243,129,4644,175.5303867403315,36
6433,Shoe maintenance,0.998951416015625,1.0,1581,1581,0,1001.0331491712707,1,1440,181.44198895027625,1440
6434,Phones,0.998951416015625,1.0,9897,9897,0,6300.7569060773485,7874,7874,9623.027624309392,1
6437,Electric personal care,0.998951416015625,0.9261260580411125,26464,24509,1955,1469.1602209944751,39,24570,2070.3701657458564,630
6440,Electric personal care,0.998951416015625,0.994551893217107,3671,3651,20,162.7403314917127,57,3591,264.7292817679558,63
6442,Electric personal care,0.998951416015625,0.8984683932052353,17955,16132,1823,527.5745856353591,53,16960,722.4917127071823,320
6498,Gift cards,0.998951416015625,1.0,0,0,0,3033.0,0,0,33.0,3000
6503,"Glasses (drink, beer, wine etc)",0.998951416015625,1.0,555,555,0,178.38674033149172,6,576,165.23204419889504,96
6511,Tableware,0.998951416015625,1.0,3620,3620,0,3959.8674033149173,320,3840,5677.546961325967,12
6512,Construction,0.998951416015625,1.0,1784,1784,0,650.5745856353591,3,1764,450.9171270718232,588
6513,Reading glasses,0.998951416015625,1.0,2979,2979,0,3203.966850828729,1,2500,2074.1657458563536,2500
6515,Construction,0.998951416015625,1.0,393,393,0,313.4806629834254,1,224,188.9281767955801,224
6516,Tea and coffee,0.998951416015625,1.0,6291,6291,0,6168.022099447514,2025,2025,7239.486187845304,1
6517,Ironing,0.998951416015625,0.8646927730022286,6282,5432,850,116.14364640883979,53,5724,275.353591160221,108
6520,Insecticides,0.998951416015625,1.0,46,46,0,54.52486187845304,2,40,35.18232044198895,20
6522,Kitchen tools,0.998951416015625,1.0,801,801,0,98.49723756906077,50,800,119.81767955801105,16
6523,Bathroom accessories,0.998951416015625,1.0,13412,13412,0,1106.243093922652,13168,13168,1610.403314917127,1
6524,Foodprep,0.998951416015625,1.0,13168,13168,0,6129.92817679558,7722,46332,24467.49723756906,6
6526,Batteries,0.998951416015625,1.0,8920,8920,0,434.6629834254144,906,9060,774.3812154696133,10
6527,Batteries,0.998951416015625,0.9935682497104188,32806,32595,211,1269.657458563536,25,32500,1829.9060773480662,1300
6528,Sockets and security,0.998951416015625,0.9138728323699422,25950,23715,2235,966.3204419889503,40,23040,1556.1436464088397,576
6533,Bath textiles and bath mats,0.998951416015625,0.9730400204297545,27411,26672,739,986.1049723756906,74,26640,1233.7182320441989,360
6534,Hobby and creative,0.998951416015625,1.0,613,613,0,167.95027624309392,4,480,121.98342541436465,120
6538,Home decoration,0.998951416015625,1.0,1097,1097,0,147.15469613259668,1217,1217,188.69060773480663,1
6540,Cleaning products,0.998951416015625,0.993108161986672,17557,17436,121,541.767955801105,25,17400,844.6353591160221,696
6541,Personal care,0.998951416015625,1.0,314,314,0,3901.1988950276245,0,0,2838.486187845304,1
6544,Wash treatment and accessories,0.998951416015625,1.0,10465,10465,0,709.9447513812155,18,10368,789.0055248618785,576
6545,Foods,0.998951416015625,1.0,849,849,0,1003.4419889502763,691,691,1028.6795580110497,1
6546,Cleaning products,0.998951416015625,1.0,7365,7365,0,279.88950276243094,43,7482,475.01657458563534,174
6547,Cleaning products,0.998951416015625,0.9400032654701649,79621,74844,4777,5751.116022099448,62,74400,7927.237569060773,1200
6548,Cleaning products,0.998951416015625,1.0,3068,3068,0,317.55801104972375,10,2820,284.31491712707185,282
6549,Cleaning products,0.998951416015625,0.993780348082274,18329,18215,114,687.0939226519337,15,17640,371.0828729281768,1176
6552,Cleaning products,0.998951416015625,0.9985665137614679,3488,3483,5,135.88397790055248,3557,3557,289.37016574585635,1
6553,Cleaning products,0.998951416015625,1.0,8772,8772,0,974.6187845303867,16,8640,1072.3370165745857,540
6558,Cleaning products,0.998951416015625,1.0,2632,2632,0,746.121546961326,4,2400,499.1270718232044,600
6559,Personal care,0.998951416015625,0.9368719402215924,27167,25452,1715,3352.243093922652,15,22950,3487.5524861878453,1530
6562,Shoe maintenance,0.998951416015625,1.0,4917,4917,0,1261.414364640884,15,3960,993.1546961325967,264
6563,Residential odors,0.998951416015625,1.0,22580,22580,0,971.585635359116,22,21780,831.5580110497237,990
6564,Sockets and security,0.998951416015625,1.0,8203,8203,0,4630.944751381216,2,2000,5219.458563535912,1000
6565,Coffee makers and kettles,0.998951416015625,1.0,151,151,0,2506.966850828729,0,0,2226.4198895027625,40
6566,Electric personal care,0.998951416015625,0.9817575083426029,8990,8826,164,339.1878453038674,28,8960,373.9889502762431,320
6567,(Steam) cleaners,0.998951416015625,1.0,369,369,0,71.09944751381215,11,352,67.77348066298343,32
6568,Electric personal care,0.998951416015625,0.9992421781963841,9237,9230,7,420.1767955801105,53,9540,536.0110497237569,180
6578,Frying pans,0.998951416015625,1.0,6815,6815,0,2233.033149171271,70,6720,2403.8674033149173,96
6583,Partyfun,0.998951416015625,0.8480827617227032,8893,7542,1351,2137.2375690607737,3,6600,834.2651933701658,2200
6587,Personal care,0.998951416015625,1.0,93,93,0,3000.171270718232,0,0,2336.160220994475,1
6603,Candles & Tealights,0.998951416015625,1.0,605,605,0,1523.342541436464,3,576,1445.9723756906078,192
6604,Candles & Tealights,0.998951416015625,1.0,1157,1157,0,1546.3093922651933,0,0,729.3922651933701,1650
6619,Candles & Tealights,0.998951416015625,0.9903885169405559,39432,39053,379,1201.6850828729282,82,39360,1600.2983425414366,480
6625,Photo frames & albums,0.998951416015625,0.9954025145430663,10658,10609,49,648.1767955801105,16,10368,730.0220994475138,648
6628,Photo frames & albums,0.998951416015625,0.9961240310077519,1548,1542,6,146.11049723756906,10,1480,129.49171270718233,148
6632,Stationary,0.998951416015625,0.9879976333361508,11831,11689,142,369.414364640884,595,11900,807.6685082872929,20
6633,Clocks,0.998951416015625,1.0,2577,2577,0,2274.9226519337017,5,2880,2907.314917127072,576
6636,Gift cards,0.998951416015625,1.0,0,0,0,3040.0,0,0,40.0,3000
6651,Tableware,0.998951416015625,1.0,2145,2145,0,1881.6906077348067,114,4104,3629.07182320442,36
6654,Hobby and creative,0.998951416015625,1.0,395,395,0,267.30386740331494,1,336,115.38674033149171,336
6657,Serve and present,0.998951416015625,1.0,4051,4051,0,2903.9171270718234,3913,3913,4672.950276243094,1
6658,Tableware,0.998951416015625,1.0,5901,5901,0,5424.845303867403,4491,4491,7541.193370165746,1
6659,Tableware,0.998951416015625,1.0,11140,11140,0,9225.088397790056,11622,11622,14736.917127071823,1
6661,Fans and electric blankets,0.998951416015625,1.0,102,102,0,99.2486187845304,0,0,60.5414364640884,96
6662,Mugs and cups,0.998951416015625,1.0,2036,2036,0,1295.9226519337017,45,2160,2071.1049723756905,48
6663,Others,0.998951416015625,1.0,2163,2163,0,1774.0994475138123,2194,2194,1857.232044198895,1
6665,Tea and coffee,0.998951416015625,1.0,12809,12809,0,571.1546961325967,24,12288,782.1049723756906,512
6668,Waste bags,0.998951416015625,0.9954258733262016,54218,53970,248,1733.7513812154696,23,52992,2593.1381215469614,2304
6673,Baskets,0.998951416015625,0.9950771984784068,8938,8894,44,277.98342541436466,23,8832,221.55801104972375,384
6674,Baskets,0.998951416015625,1.0,6857,6857,0,359.9447513812155,12,6480,200.8950276243094,540
6675,Baskets,0.998951416015625,1.0,6918,6918,0,291.22651933701655,19,6840,220.59116022099448,360
6677,Wash treatment and accessories,0.998951416015625,1.0,915,915,0,581.9447513812155,15,900,584.7790055248619,60
6678,Baby / Toddler,0.998951416015625,1.0,167,167,0,128.6243093922652,0,0,32.966850828729285,180
6682,Cleaning products,0.998951416015625,1.0,15077,15077,0,944.5911602209944,8,13824,327.56906077348066,1728
6683,Cleaning products,0.998951416015625,1.0,3182,3182,0,312.121546961326,7,3150,211.46408839779005,450
6684,Waste bins,0.998951416015625,1.0,7964,7964,0,349.6243093922652,348,8352,1235.9723756906078,24
6686,Waste bins,0.998951416015625,0.9743414300376325,2923,2848,75,153.73480662983425,244,2928,259.03314917127074,12
6688,Drink & food To Go,0.998951416015625,1.0,7695,7695,0,533.0,13,7280,532.5248618784531,560
6690,Cleaning products,0.998951416015625,0.9981164061028442,21236,21196,40,2838.3591160220994,4,20160,526.8674033149172,5040
6692,Electric personal care,0.998951416015625,1.0,39721,39721,0,3640.7127071823206,2140,42800,5220.1988950276245,20
6700,Electric personal care,0.998951416015625,1.0,91,91,0,1761.745856353591,0,0,1400.5524861878453,1
6703,Special pans,0.998951416015625,1.0,152,152,0,2118.2265193370167,0,0,1921.9337016574586,1
6711,Personal care,0.998951416015625,1.0,1354,1354,0,1242.4088397790056,1,1386,180.33701657458565,1386
6720,Candles & Tealights,0.998951416015625,1.0,130,130,0,2362.6740331491715,0,0,817.8729281767955,1650
6721,Candles & Tealights,0.998951416015625,1.0,128,128,0,1947.9392265193371,0,0,326.1160220994475,1710
6735,Vases,0.998951416015625,1.0,51074,51074,0,14254.132596685084,13,42432,29618.447513812156,3264
6743,Wash treatment and accessories,0.998951416015625,0.9985872855701312,4955,4948,7,419.69613259668506,5459,5459,618.0331491712707,1
6751,Cleaning products,0.998951416015625,1.0,39370,39370,0,3797.491712707182,68,39168,4996.944751381216,576
6752,Tableware,0.998951416015625,1.0,3895,3895,0,3004.950276243094,153,3672,4769.701657458563,24
6753,Hobby and creative,0.998951416015625,1.0,1029,1029,0,556.6961325966851,1,720,171.41436464088397,720
6754,Reading glasses,0.998951416015625,1.0,1613,1613,0,2718.8121546961324,0,0,1145.9281767955802,2500
6762,"Cloths, mops, sponges and brush",0.998951416015625,1.0,21892,21892,0,1713.745856353591,11,22528,2304.9005524861877,2048
6763,Planks,0.998951416015625,1.0,1315,1315,0,363.2651933701657,2,960,148.8121546961326,480
6765,Tableware,0.998951416015625,1.0,2417,2417,0,383.060773480663,50,2400,448.08839779005524,48
6768,Store kitchen,0.998951416015625,1.0,27003,27003,0,1361.8397790055249,22,26752,1164.011049723757,1216
6770,Cleaning products,0.998951416015625,1.0,19013,19013,0,1541.2983425414366,22,19008,1406.2044198895028,864
6771,Cleaning products,0.998951416015625,1.0,16897,16897,0,1618.6077348066299,17,16524,1406.2872928176796,972
6772,Thermometers,0.998951416015625,1.0,12532,12532,0,11491.82320441989,1,8000,8083.7790055248615,8000
6773,Measuring and weighing,0.998951416015625,0.9930629442056432,23497,23334,163,829.5193370165746,30,23760,2175.4309392265195,792
6775,Bathroom accessories,0.998951416015625,1.0,1432,1432,0,374.1436464088398,2,1152,106.43093922651934,576
6776,"Cloths, mops, sponges and brush",0.998951416015625,1.0,155,155,0,2968.182320441989,0,0,1164.889502762431,1872
6777,Baby / Toddler,0.998951416015625,1.0,215,215,0,330.353591160221,153,153,331.49171270718233,1
6779,Waste bags,0.998951416015625,0.9833590567811263,86173,84739,1434,10055.701657458563,5,76800,10743.502762430939,15360
6782,Storage boxes,0.998951416015625,1.0,8082,8082,0,679.8453038674033,161,7728,824.121546961326,48
6784,Cleaning products,0.998951416015625,0.9814316469321851,11148,10941,207,445.9226519337017,19,10716,564.9502762430939,564
6786,Cleaning products,0.998951416015625,1.0,5631,5631,0,246.49171270718233,19,5358,303.9281767955801,282
6787,Personal care,0.998951416015625,0.9407051710762152,74762,70329,4433,4538.204419889503,61,70272,6660.50276243094,1152
6791,Cleaning products,0.998951416015625,1.0,21107,21107,0,4288.751381215469,19878,19878,4918.475138121547,1
6792,Window and squeegees,0.998951416015625,1.0,6671,6671,0,644.5193370165746,9,6048,536.1436464088398,672
6794,Cleaning products,0.998951416015625,1.0,8492,8492,0,721.0386740331492,48,8352,957.6408839779006,174
6796,"Cloths, mops, sponges and brush",0.998951416015625,1.0,1716,1716,0,3430.1546961325967,23,1702,3457.524861878453,74
6798,Cleaning products,0.998951416015625,1.0,2066,2066,0,959.7292817679559,3,1800,683.6243093922652,600
6801,Partyfun,0.998951416015625,0.9960244950367919,40498,40337,161,762.2154696132596,72,40320,1131.756906077348,560
6803,Residential odors,0.998951416015625,1.0,13898,13898,0,883.6077348066299,16,12800,694.0276243093923,800
6815,Partyfun,0.998951416015625,0.9943866034814877,84619,84144,475,2285.8618784530386,179,85920,3440.718232044199,480
6830,Candles & Tealights,0.998951416015625,1.0,214,214,0,396.2486187845304,1,66,356.353591160221,66
6833,Residential odors,0.998951416015625,1.0,10611,10611,0,566.828729281768,536,10720,730.8121546961326,20
6838,Greeting cards,0.998951416015625,1.0,3512,3512,0,1154.3038674033148,1,1920,158.35911602209944,1920
6846,Photo frames & albums,0.998951416015625,0.98345947265625,16384,16113,271,594.8397790055249,36,15840,993.8618784530387,440
6848,Photo frames & albums,0.998951416015625,1.0,12640,12640,0,484.6022099447514,28,12320,742.4364640883978,440
6850,Photo frames & albums,0.998951416015625,1.0,2128,2128,0,165.76795580110496,13,2080,166.22651933701658,160
6852,Gift cards,0.998951416015625,1.0,0,0,0,3068.0,0,0,32.05524861878453,3000
6860,Gift cards,0.998951416015625,1.0,0,0,0,3155.0,0,0,88.0828729281768,3000
6864,"Glasses (drink, beer, wine etc)",0.998951416015625,1.0,378,378,0,254.77900552486187,64,384,265.646408839779,6
6872,Drink & food To Go,0.998951416015625,1.0,892,892,0,1421.9281767955802,825,825,1451.6519337016575,1
6873,Reading glasses,0.998951416015625,1.0,1216,1216,0,2615.8011049723755,0,0,847.6132596685082,2500
6874,Tea and coffee,0.998951416015625,1.0,1887,1887,0,1833.646408839779,2089,2089,2777.1104972375692,1
6875,Racks and pockets,0.998951416015625,1.0,2126,2126,0,2438.160220994475,2055,2055,2614.07182320442,1
6879,"Glasses (drink, beer, wine etc)",0.998951416015625,1.0,88,88,0,2284.574585635359,90,90,2285.1381215469614,1
6882,Teletoys,0.998951416015625,1.0,969,969,0,758.4530386740331,7,840,731.6243093922652,120
6883,Electric personal care,0.998951416015625,0.9231502064147349,6298,5814,484,1061.9171270718232,6625,6625,1268.353591160221,1
6884,Batteries,0.998951416015625,1.0,36242,36242,0,26271.96132596685,2,24000,29578.2817679558,12000
6887,Batteries,0.998951416015625,0.9881190762248031,29964,29608,356,995.7237569060774,33,29700,1653.513812154696,900
6893,Serve and present,0.998951416015625,0.9594446474241871,2737,2626,111,149.5414364640884,433,2598,235.0,6
6894,Foods,0.998951416015625,1.0,2,2,0,2549.1988950276245,0,0,2539.3867403314916,1
6896,Store kitchen,0.998951416015625,0.9776453535190852,31045,30351,694,1614.5414364640883,38,29184,3367.7734806629833,768
6897,Store kitchen,0.998951416015625,0.9989296006587073,36435,36396,39,1059.53591160221,60,36480,1340.0055248618785,608
6898,Shoe maintenance,0.998951416015625,1.0,18709,18709,0,13212.381215469613,2,14400,13889.292817679558,7200
6899,Cleaning products,0.998951416015625,0.9871447543160691,18825,18583,242,1616.171270718232,19,18468,1411.988950276243,972
6900,Dishwashing articles,0.998951416015625,1.0,23249,23249,0,2269.0883977900553,8,23040,3276.596685082873,2880
6902,Shoe maintenance,0.998951416015625,1.0,16731,16731,0,12703.806629834255,2,14400,14240.116022099448,7200
6905,Racks and pockets,0.998951416015625,1.0,36135,36135,0,19581.08287292818,12,43200,36778.35359116022,3600
6908,Vacuuming,0.998951416015625,1.0,561,561,0,1926.0883977900553,0,0,885.828729281768,675
6909,Storage boxes,0.998951416015625,1.0,250,250,0,113.29834254143647,14,224,108.52486187845304,16
6910,Baskets,0.998951416015625,1.0,9335,9335,0,396.5966850828729,17,9180,277.95580110497235,540
6911,Baskets,0.998951416015625,0.9982856627266985,11083,11064,19,313.6685082872928,29,11136,303.17127071823205,384
6912,Storage boxes,0.998951416015625,1.0,93,93,0,415.01657458563534,0,0,369.70165745856355,20
6913,Personal care,0.998951416015625,0.726636633758267,20866,15162,5704,1400.0883977900553,16537,16537,1926.0828729281768,1
6915,Hobby and creative,0.998951416015625,1.0,360,360,0,152.48618784530387,338,338,170.72375690607734,1
6916,Cleaning products,0.998951416015625,1.0,2785,2785,0,951.3038674033149,3,2088,602.1491712707183,696
6921,Wash treatment and accessories,0.998951416015625,1.0,23831,23831,0,1876.6961325966852,17,24480,2068.353591160221,1440
6922,Wash treatment and accessories,0.998951416015625,0.6329331046312179,30316,19188,11128,2508.6132596685084,69,23184,2363.049723756906,336
6924,Residential odors,0.998951416015625,1.0,5146,5146,0,885.1491712707183,3,4536,146.20441988950276,1512
6932,Others,0.998951416015625,1.0,1571,1571,0,410.7955801104972,1659,1659,470.23204419889504,1
6934,Cooking pans,0.998951416015625,0.8603874415497662,1497,1288,209,102.69613259668509,13,1456,92.32596685082873,112
6954,Candles & Tealights,0.998951416015625,0.9592007824507475,7157,6865,292,282.4806629834254,30,6840,308.6243093922652,228
6955,Candles & Tealights,0.998951416015625,1.0,78,78,0,830.7955801104972,0,0,139.17127071823205,750
6956,Candles & Tealights,0.998951416015625,1.0,194,194,0,297.3756906077348,0,0,197.292817679558,228
6957,Candles & Tealights,0.998951416015625,1.0,189,189,0,2214.6243093922653,0,0,699.6740331491712,1680
6964,Residential odors,0.998951416015625,0.786267394348087,34997,27517,7480,1491.5414364640883,35,27300,1469.657458563536,780
6969,Gift,0.998951416015625,1.0,22531,22531,0,2039.6077348066299,15,22500,2123.475138121547,1500
6973,Gift,0.998951416015625,1.0,56661,56661,0,3754.342541436464,39,58500,5195.176795580111,1500
6977,Photo frames & albums,0.998951416015625,1.0,4362,4362,0,291.38121546961327,16,4224,320.585635359116,264
6978,Vases,0.998951416015625,0.9988288341043509,17077,17057,20,3990.707182320442,8,15360,8597.54143646409,1920
6985,Storage boxes,0.998951416015625,0.8626253571628663,35698,30794,4904,1205.745856353591,333,31968,2259.1325966850827,96
6987,Store kitchen,0.998951416015625,0.7996026114107295,3523,2817,706,1842.353591160221,40,3840,1570.375690607735,96
6994,Hobby and creative,0.998951416015625,1.0,529,529,0,778.7016574585635,3,432,695.4364640883978,144
6995,Hobby and creative,0.998951416015625,1.0,0,0,0,225.0,0,0,15.0,210
6996,Tableware,0.998951416015625,1.0,5846,5846,0,3474.983425414365,155,5580,6112.49723756906,36
6997,Tableware,0.998951416015625,1.0,2832,2832,0,2994.806629834254,129,3096,4401.093922651934,24
7000,Hobby and creative,0.998951416015625,1.0,357,357,0,357.4033149171271,0,0,73.98895027624309,480
7001,Hobby and creative,0.998951416015625,1.0,454,454,0,342.7513812154696,1,420,152.07734806629836,420
7005,Kitchen tools,0.998951416015625,1.0,1041,1041,0,141.58011049723757,21,1008,155.52486187845304,48
7006,Drinks,0.998951416015625,1.0,3869,3869,0,3732.5690607734805,3154,3154,2463.270718232044,1
7011,Others,0.998951416015625,1.0,3066,3066,0,3330.723756906077,6,6000,5215.03867403315,1000
7020,Bathroom accessories,0.998951416015625,1.0,7966,7966,0,268.49723756906076,27,8100,416.1325966850829,300
7027,Toilet cleaners and odors,0.998951416015625,1.0,5782,5782,0,6176.171270718232,6,5520,5746.900552486188,920
7028,Light bulbs,0.998951416015625,1.0,1793,1793,0,453.91160220994476,4,1496,325.17127071823205,374
7029,Cleaning products,0.998951416015625,1.0,4738,4738,0,317.34806629834253,27,4698,407.48618784530385,174
7030,Cleaning products,0.998951416015625,0.9996350364963503,5480,5478,2,258.25414364640886,31,5394,380.9060773480663,174
7036,"Cloths, mops, sponges and brush",0.998951416015625,1.0,2667,2667,0,1135.5911602209944,6118,6118,3815.5635359116022,1
7050,Phones,0.998951416015625,1.0,8354,8354,0,867.4530386740331,430,8600,1182.6408839779006,20
7055,Electric personal care,0.998951416015625,0.9106924643584522,9820,8943,877,397.3204419889503,1503,9018,726.5690607734807,6
7080,Others,0.998951416015625,0.978554955078999,29051,28428,623,1351.6408839779006,17,28050,1146.7734806629835,1650
7089,Residential odors,0.998951416015625,1.0,66,66,0,1724.9281767955802,0,0,99.1657458563536,1650
7091,Gift,0.998951416015625,1.0,17523,17523,0,2975.403314917127,12,18000,3491.961325966851,1500
7093,Partyfun,0.998951416015625,1.0,5855,5855,0,353.3425414364641,316,6320,791.5966850828729,20
7096,Others,0.998951416015625,0.7233604073220996,8249,5967,2282,3460.3480662983425,8203,8203,3046.016574585635,1
7103,Vases,0.998951416015625,0.9730337078651685,15130,14722,408,438.30386740331494,46,14490,835.7900552486187,315
7106,Gift cards,0.998951416015625,1.0,0,0,0,3048.0,0,0,21.85082872928177,3000
7110,Gift cards,0.998951416015625,1.0,0,0,0,3067.0,0,0,37.91160220994475,3000
7115,Window and squeegees,0.998951416015625,1.0,1697,1697,0,106.0828729281768,87,1740,161.6685082872928,20
7128,Tableware,0.998951416015625,1.0,3462,3462,0,3032.756906077348,104,3744,4767.1270718232045,36
7130,Tea and coffee,0.998951416015625,1.0,4878,4878,0,3715.3922651933703,4571,4571,5829.121546961326,1
7133,Games,0.998951416015625,1.0,138,138,0,27.243093922651934,11,132,23.12707182320442,12
7134,Tableware,0.998951416015625,1.0,3004,3004,0,1551.292817679558,77,2772,2625.5801104972375,36
7135,"Cloths, mops, sponges and brush",0.998951416015625,1.0,21985,21985,0,1534.5414364640883,20,21840,2613.4309392265195,1092
7136,"Cloths, mops, sponges and brush",0.998951416015625,1.0,12591,12591,0,1576.3867403314916,6,12096,1438.2375690607735,2016
7141,Laundry baskets,0.998951416015625,0.8084830043045866,26948,21787,5161,989.243093922652,455,21840,1210.3977900552486,48
7142,Baskets,0.998951416015625,1.0,8946,8946,0,573.7845303867404,9,8910,238.67403314917127,990
7143,Baskets,0.998951416015625,1.0,12453,12453,0,381.8674033149171,32,12288,400.56906077348066,384
7144,Personal care,0.998951416015625,0.8180262215858243,89392,73125,16267,5676.972375690608,21,70560,5196.364640883978,3360
7145,Storage boxes,0.998951416015625,1.0,6963,6963,0,339.878453038674,109,6976,418.98342541436466,64
7146,Storage boxes,0.998951416015625,1.0,6513,6513,0,299.47513812154693,51,6528,339.6132596685083,128
7148,Wash treatment and accessories,0.998951416015625,1.0,3033,3033,0,164.76243093922653,42,3024,243.79005524861878,72
7149,Wash treatment and accessories,0.998951416015625,1.0,1917,1917,0,176.49171270718233,27,1944,211.92265193370164,72
7158,Cleaning products,0.998951416015625,0.9420567920184191,18242,17185,1057,1506.2817679558011,17,16524,1238.7734806629835,972
7161,Bathroom accessories,0.998951416015625,0.9961643612029216,24507,24413,94,9968.475138121546,8,28800,20539.91712707182,3600
7162,Measuring and weighing,0.998951416015625,1.0,12537,12537,0,929.7624309392265,17,12240,1843.988950276243,720
7163,Shoe maintenance,0.998951416015625,1.0,16679,16679,0,1246.0,12,15360,2245.9447513812156,1280
7168,Electric personal care,0.998951416015625,0.9971780781226793,6733,6714,19,147.8011049723757,337,6740,247.21546961325967,20
7177,Moisture treatment and climate,0.998951416015625,0.9594900481332119,38435,36878,1557,1956.0055248618785,175,37800,3277.817679558011,216
7195,Candles & Tealights,0.998951416015625,1.0,210,210,0,760.6850828729282,0,0,235.95580110497238,600
7196,Candles & Tealights,0.998951416015625,1.0,129,129,0,2053.92817679558,0,0,510.1160220994475,1650
7216,Photo frames & albums,0.998951416015625,1.0,13263,13263,0,584.2375690607735,30,13200,863.6519337016574,440
7222,Gift cards,0.998951416015625,1.0,0,0,0,3044.0,0,0,16.80110497237569,3000
7224,Gift cards,0.998951416015625,1.0,0,0,0,3304.0,0,0,299.17127071823205,3000
7225,Storage boxes,0.998951416015625,0.9954619713196587,27545,27420,125,845.9171270718232,398,28656,1892.8618784530386,72
7228,Kitchen helpers,0.998951416015625,1.0,2376,2376,0,111.24309392265194,124,2480,191.29834254143645,20
7230,Construction,0.998951416015625,1.0,1465,1465,0,197.9281767955801,39,1560,284.8121546961326,40
7235,Tableware,0.998951416015625,1.0,3628,3628,0,3347.5911602209944,233,2796,4594.209944751381,12
7236,Boys toys,0.998951416015625,1.0,18,18,0,481.7513812154696,0,0,5.878453038674033,480
7239,"Cloths, mops, sponges and brush",0.998951416015625,1.0,13469,13469,0,1575.2265193370165,14027,14027,2617.276243093923,1
7240,Hobby and creative,0.998951416015625,1.0,226,226,0,145.88950276243094,1,216,66.6353591160221,216
7242,Batteries,0.998951416015625,1.0,6646,6646,0,518.0883977900553,335,6700,762.4696132596686,20
7244,Cleaning products,0.998951416015625,1.0,2,2,0,187.28176795580112,0,0,11.817679558011049,174
7246,"Cloths, mops, sponges and brush",0.998951416015625,1.0,0,0,0,3968.0,0,0,2842.182320441989,1120
